barcode,item,new_desc,price,source
1253744,1253744,Scissor Lift With Operator Protection 19ft (5.7m)  Electric,,
COA~5605991,1257525,Scissor Lift With Operator Protection 19ft (5.7m)  Electric - Greener Choice,,
COA~5325832,1247956,Scissor Lift With Operator Protection 32ft (9.7m)  Electric,,
1280188,1280188,Scissor Lift With Operator Protection 19ft (5.7m)  Electric - Greener Choice,,
1298795,1298795,Trailer Mounted Boom 10.2m Diesel/Electric,,
1298793,1298793,Trailer Mounted Boom 10.2m Diesel/Electric,,
COA~5526425,1221712,Knuckle Boom 130ft (39.5M) - Diesel,,
1312859,1312859,Knuckle Boom 45ft (13.7M) - Diesel,,
1312860,1312860,Knuckle Boom 45ft (13.7M) - Diesel,,
1312869,1312869,Knuckle Boom 61ft (18.6M) - Diesel,,
1313102,1313102,Straight Boom Lift 32.3m (105ft) Diesel,,
1313105,1313105,Straight Boom Lift 32.3m (105ft) Diesel,,
COA~403076,1036936,Air Chipping Hammer,629,https://www.totaltools.com.au/182918-chicago-pneumatic-2500bpm-pistol-grip-air-chipping-hammer-cp7165k
1288789,1288789,Air Chipping Hammer,629,https://www.totaltools.com.au/182918-chicago-pneumatic-2500bpm-pistol-grip-air-chipping-hammer-cp7165k
1288790,1288790,Air Chipping Hammer,629,https://www.totaltools.com.au/182918-chicago-pneumatic-2500bpm-pistol-grip-air-chipping-hammer-cp7165k
COA~145995,1118715,Air Chipping Hammer,629,https://www.totaltools.com.au/182918-chicago-pneumatic-2500bpm-pistol-grip-air-chipping-hammer-cp7165k
COA~5103029,1219260,Breaker - Air - Light,1493.8,https://airtoolswa.com.au/atlas-copco-5-5kg-pneumatic-hammer-tex05p/
COA~255072,1199402,Breaker - Air - Light,1493.8,https://airtoolswa.com.au/atlas-copco-5-5kg-pneumatic-hammer-tex05p/
COA~201443,1041043,Air Needle Gun,561,https://www.totaltools.com.au/120646-sp-air-12-composite-air-needle-scaler-sp2472
1272964,1272964,Scabbler - Air - 3 Head,679.99,https://www.capsshop.com.au/air-tools/air-sanders-polishers-scalers/air-scaling-hammer
COA~156252,1218490,Scabbler - Air - 3 Head,679.99,https://www.capsshop.com.au/air-tools/air-sanders-polishers-scalers/air-scaling-hammer
COA~101355,224664,"1/2"" Drive Air Impact Wrench",499,https://www.totaltools.com.au/22467-chicago-pneumatic-1-2inch-air-impact-wrench-cp734h
1163712,1163712,"1/2"" Drive Air Impact Wrench",499,https://www.totaltools.com.au/22467-chicago-pneumatic-1-2inch-air-impact-wrench-cp734h
1291858,1291858,Air Needle Gun,561,https://www.totaltools.com.au/120646-sp-air-12-composite-air-needle-scaler-sp2472
1269754,1269754,Air Needle Gun,561,https://www.totaltools.com.au/120646-sp-air-12-composite-air-needle-scaler-sp2472
COA~319249,1236788,Air Needle Gun,561,https://www.totaltools.com.au/120646-sp-air-12-composite-air-needle-scaler-sp2472
COA~5397346,1194249,Air Needle Gun,561,https://www.totaltools.com.au/120646-sp-air-12-composite-air-needle-scaler-sp2472
1183515,1183515,Air Needle Gun,561,https://www.totaltools.com.au/120646-sp-air-12-composite-air-needle-scaler-sp2472
COA~402082,1199620,Impact Wrench - Air - 25 mm,2399,https://www.totaltools.com.au/182946-chicago-pneumatic-1inch-drive-air-impact-wrench-cp7776
COA~402494,1170937,Impact Wrench - Air - 25 mm,2399,https://www.totaltools.com.au/182946-chicago-pneumatic-1inch-drive-air-impact-wrench-cp7776
COA~5421938,1163026,Impact Wrench - Air - 25 mm,2399,https://www.totaltools.com.au/182946-chicago-pneumatic-1inch-drive-air-impact-wrench-cp7776
COA~452991,216C,Impact Wrench - Air - 38 mm,3080,https://www.primesupplies.com.au/product/1-1-2-super-duty-impact-wrench/
1176049,1176049,Impact Wrench - Air - 25 mm,2399,https://www.totaltools.com.au/182946-chicago-pneumatic-1inch-drive-air-impact-wrench-cp7776
COA~402083,1199619,Impact Wrench - Air - 25 mm,2399,https://www.totaltools.com.au/182946-chicago-pneumatic-1inch-drive-air-impact-wrench-cp7776
COA~402495,1170936,Impact Wrench - Air - 25 mm,2399,https://www.totaltools.com.au/182946-chicago-pneumatic-1inch-drive-air-impact-wrench-cp7776
COA~402089,1199624,Impact Wrench - Air - 25 mm,2399,https://www.totaltools.com.au/182946-chicago-pneumatic-1inch-drive-air-impact-wrench-cp7776
COA~5540100,1218387,Impact Wrench - Air - 19 mm,486,https://www.totaltools.com.au/150598-itm-3-4-drive-1200nm-4200rpm-pistol-grip-air-impact-wrench-tm340-145
COA~5540096,1218383,Impact Wrench - Air - 19 mm,486,https://www.totaltools.com.au/150598-itm-3-4-drive-1200nm-4200rpm-pistol-grip-air-impact-wrench-tm340-145
1283101,1283101,Impact Wrench - Air - 19 mm,486,https://www.totaltools.com.au/150598-itm-3-4-drive-1200nm-4200rpm-pistol-grip-air-impact-wrench-tm340-145
COA~222090,1218404,Impact Wrench - Air - 19 mm,486,https://www.totaltools.com.au/150598-itm-3-4-drive-1200nm-4200rpm-pistol-grip-air-impact-wrench-tm340-145
COA~5540092,1218391,Impact Wrench - Air - 19 mm,486,https://www.totaltools.com.au/150598-itm-3-4-drive-1200nm-4200rpm-pistol-grip-air-impact-wrench-tm340-145
1163713,1163713,"1/2"" Drive Air Impact Wrench",499,https://www.totaltools.com.au/22467-chicago-pneumatic-1-2inch-air-impact-wrench-cp734h
1240443,1240443,"1/2"" Drive Air Impact Wrench",499,https://www.totaltools.com.au/22467-chicago-pneumatic-1-2inch-air-impact-wrench-cp734h
COA~487599,1236790,Scabbler - Air - 3 Head,679.99,https://www.capsshop.com.au/air-tools/air-sanders-polishers-scalers/air-scaling-hammer
1290411,1290411,Rivet Buster - Air,2889,https://www.totaltools.com.au/200448-chicago-pneumatic-900bpm-air-rivet-buster-cp4608-d
1290410,1290410,Rivet Buster - Air,2889,https://www.totaltools.com.au/200448-chicago-pneumatic-900bpm-air-rivet-buster-cp4608-d
COA~5143625,1183514,Air Needle Gun,561,https://www.totaltools.com.au/120646-sp-air-12-composite-air-needle-scaler-sp2472
COA~156260,1218455,Air Needle Gun,561,https://www.totaltools.com.au/120646-sp-air-12-composite-air-needle-scaler-sp2472
1257957,1257957,Air Needle Gun,561,https://www.totaltools.com.au/120646-sp-air-12-composite-air-needle-scaler-sp2472
1269837,1269837,Air Needle Gun,561,https://www.totaltools.com.au/120646-sp-air-12-composite-air-needle-scaler-sp2472
1297777,1297777,Compressor 185CFM (Diesel),,
AIRHOSEFSUPTHOR-0051,AIRHOSEFSUPTHOR-0051,Minsup Thor Adaptor,46.2,https://www.bruderaustralia.com.au/product/400pmmina-minsup-large-nitto-adaptor/
AIRHOSEFSUPTHOR-0081,AIRHOSEFSUPTHOR-0081,Minsup Thor Adaptor,46.2,https://www.bruderaustralia.com.au/product/400pmmina-minsup-large-nitto-adaptor/
AIRHOSEFSUPTHOR-0405,AIRHOSEFSUPTHOR-0405,Minsup Thor Adaptor,46.2,https://www.bruderaustralia.com.au/product/400pmmina-minsup-large-nitto-adaptor/
AIRHOSEFSUPTHOR-0060,AIRHOSEFSUPTHOR-0060,Minsup Thor Adaptor,46.2,https://www.bruderaustralia.com.au/product/400pmmina-minsup-large-nitto-adaptor/
AIRHOSEFSUPTHOR-0052,AIRHOSEFSUPTHOR-0052,Minsup Thor Adaptor,46.2,https://www.bruderaustralia.com.au/product/400pmmina-minsup-large-nitto-adaptor/
AIRHOSEFSUPTHOR-0312,AIRHOSEFSUPTHOR-0312,Minsup Thor Adaptor,46.2,https://www.bruderaustralia.com.au/product/400pmmina-minsup-large-nitto-adaptor/
AIRHOSEFSUPTHOR-0341,AIRHOSEFSUPTHOR-0341,Minsup Thor Adaptor,46.2,https://www.bruderaustralia.com.au/product/400pmmina-minsup-large-nitto-adaptor/
AIRHOSEFSUPTHOR-0428,AIRHOSEFSUPTHOR-0428,Minsup Thor Adaptor,46.2,https://www.bruderaustralia.com.au/product/400pmmina-minsup-large-nitto-adaptor/
AIRHOSEFSUPTHOR-0078,AIRHOSEFSUPTHOR-0078,Minsup Thor Adaptor,46.2,https://www.bruderaustralia.com.au/product/400pmmina-minsup-large-nitto-adaptor/
AIRHOSEFSUPTHOR-0058,AIRHOSEFSUPTHOR-0058,Minsup Thor Adaptor,46.2,https://www.bruderaustralia.com.au/product/400pmmina-minsup-large-nitto-adaptor/
AIRHOSEFSUPTHOR-0088,AIRHOSEFSUPTHOR-0088,Minsup Thor Adaptor,46.2,https://www.bruderaustralia.com.au/product/400pmmina-minsup-large-nitto-adaptor/
AIRHOSEFSUPTHOR-0086,AIRHOSEFSUPTHOR-0086,Minsup Thor Adaptor,46.2,https://www.bruderaustralia.com.au/product/400pmmina-minsup-large-nitto-adaptor/
AIRHOSEFSUPTHOR-0091,AIRHOSEFSUPTHOR-0091,Minsup Thor Adaptor,46.2,https://www.bruderaustralia.com.au/product/400pmmina-minsup-large-nitto-adaptor/
AIRHOSEFSUPTHOR-0417,AIRHOSEFSUPTHOR-0417,Minsup Thor Adaptor,46.2,https://www.bruderaustralia.com.au/product/400pmmina-minsup-large-nitto-adaptor/
AIRHOSEFSUPTHOR-0423,AIRHOSEFSUPTHOR-0423,Minsup Thor Adaptor,46.2,https://www.bruderaustralia.com.au/product/400pmmina-minsup-large-nitto-adaptor/
AIRHOSEFSUPTHOR-0079,AIRHOSEFSUPTHOR-0079,Minsup Thor Adaptor,46.2,https://www.bruderaustralia.com.au/product/400pmmina-minsup-large-nitto-adaptor/
AIRHOSEFSUPTHOR-0606,AIRHOSEFSUPTHOR-0606,Minsup Thor Adaptor,46.2,https://www.bruderaustralia.com.au/product/400pmmina-minsup-large-nitto-adaptor/
AIRHOSEFSUPTHOR-0050,AIRHOSEFSUPTHOR-0050,Minsup Thor Adaptor,46.2,https://www.bruderaustralia.com.au/product/400pmmina-minsup-large-nitto-adaptor/
AIRHOSEFSUPTHOR-0308,AIRHOSEFSUPTHOR-0308,Minsup Thor Adaptor,46.2,https://www.bruderaustralia.com.au/product/400pmmina-minsup-large-nitto-adaptor/
AIRHOSEFSUPTHOR-0074,AIRHOSEFSUPTHOR-0074,Minsup Thor Adaptor,46.2,https://www.bruderaustralia.com.au/product/400pmmina-minsup-large-nitto-adaptor/
AIRHOSEFSUPTHOR-0077,AIRHOSEFSUPTHOR-0077,Minsup Thor Adaptor,46.2,https://www.bruderaustralia.com.au/product/400pmmina-minsup-large-nitto-adaptor/
AIRHOSEFSUPTHOR-0042,AIRHOSEFSUPTHOR-0042,Minsup Thor Adaptor,46.2,https://www.bruderaustralia.com.au/product/400pmmina-minsup-large-nitto-adaptor/
AIRHOSEFSUPTHOR-0422,AIRHOSEFSUPTHOR-0422,Minsup Thor Adaptor,46.2,https://www.bruderaustralia.com.au/product/400pmmina-minsup-large-nitto-adaptor/
AIRHOSEFSUPTHOR-0084,AIRHOSEFSUPTHOR-0084,Minsup Thor Adaptor,46.2,https://www.bruderaustralia.com.au/product/400pmmina-minsup-large-nitto-adaptor/
AIRHOSEFSUPTHOR-0056,AIRHOSEFSUPTHOR-0056,Minsup Thor Adaptor,46.2,https://www.bruderaustralia.com.au/product/400pmmina-minsup-large-nitto-adaptor/
AIRHOSEFSUPTHOR-0055,AIRHOSEFSUPTHOR-0055,Minsup Thor Adaptor,46.2,https://www.bruderaustralia.com.au/product/400pmmina-minsup-large-nitto-adaptor/
HOSEAIRTA19MM-0140,HOSEAIRTA19MM-0140,19 mm Air Hose,222,https://www.primesupplies.com.au/product/rubber-contractors-air-delivery-hose-assembly-19mm-x-20mt-c-w-minsups/
HOSEAIRTA19MM-0076,HOSEAIRTA19MM-0076,19 mm Air Hose,222,https://www.primesupplies.com.au/product/rubber-contractors-air-delivery-hose-assembly-19mm-x-20mt-c-w-minsups/
HOSEAIRTA13MM-0036,HOSEAIRTA13MM-0036,13 mm Air Hose,115,https://www.peerlessproducts.com.au/products/industrial-green-flexible-air-hose
HOSEAIRTA13MM-0027,HOSEAIRTA13MM-0027,13 mm Air Hose,115,https://www.peerlessproducts.com.au/products/industrial-green-flexible-air-hose
HOSEAIRTA13MM-0018,HOSEAIRTA13MM-0018,13 mm Air Hose,115,https://www.peerlessproducts.com.au/products/industrial-green-flexible-air-hose
HOSEAIR13MINCPG-0057,HOSEAIR13MINCPG-0057,Minsup Thor Adaptor,46.2,https://www.bruderaustralia.com.au/product/400pmmina-minsup-large-nitto-adaptor/
HOSEAIRTA19MM-0079,HOSEAIRTA19MM-0079,19 mm Air Hose,222,https://www.primesupplies.com.au/product/rubber-contractors-air-delivery-hose-assembly-19mm-x-20mt-c-w-minsups/
HOSEAIRTA19MM-0133,HOSEAIRTA19MM-0133,19 mm Air Hose,222,https://www.primesupplies.com.au/product/rubber-contractors-air-delivery-hose-assembly-19mm-x-20mt-c-w-minsups/
HOSEAIRTA19MM-0060,HOSEAIRTA19MM-0060,19 mm Air Hose,222,https://www.primesupplies.com.au/product/rubber-contractors-air-delivery-hose-assembly-19mm-x-20mt-c-w-minsups/
HOSEAIRTA19MM-0102,HOSEAIRTA19MM-0102,19 mm Air Hose,222,https://www.primesupplies.com.au/product/rubber-contractors-air-delivery-hose-assembly-19mm-x-20mt-c-w-minsups/
HOSEAIRTA19MM-0097,HOSEAIRTA19MM-0097,19 mm Air Hose,222,https://www.primesupplies.com.au/product/rubber-contractors-air-delivery-hose-assembly-19mm-x-20mt-c-w-minsups/
HOSEAIRTA19MM-0141,HOSEAIRTA19MM-0141,19 mm Air Hose,222,https://www.primesupplies.com.au/product/rubber-contractors-air-delivery-hose-assembly-19mm-x-20mt-c-w-minsups/
HOSEAIRTA25MM20-0012,HOSEAIRTA25MM20-0012,19 mm Air Hose,222,https://www.primesupplies.com.au/product/rubber-contractors-air-delivery-hose-assembly-19mm-x-20mt-c-w-minsups/
HOSEAIRTA19MM-0050,HOSEAIRTA19MM-0050,19 mm Air Hose,222,https://www.primesupplies.com.au/product/rubber-contractors-air-delivery-hose-assembly-19mm-x-20mt-c-w-minsups/
HOSEAIRTA19MM-0091,HOSEAIRTA19MM-0091,19 mm Air Hose,222,https://www.primesupplies.com.au/product/rubber-contractors-air-delivery-hose-assembly-19mm-x-20mt-c-w-minsups/
HOSEAIRTA19MM-0082,HOSEAIRTA19MM-0082,19 mm Air Hose,222,https://www.primesupplies.com.au/product/rubber-contractors-air-delivery-hose-assembly-19mm-x-20mt-c-w-minsups/
HOSEAIRTA19MM-0099,HOSEAIRTA19MM-0099,19 mm Air Hose,222,https://www.primesupplies.com.au/product/rubber-contractors-air-delivery-hose-assembly-19mm-x-20mt-c-w-minsups/
HOSEAIRTA19MM-0031,HOSEAIRTA19MM-0031,19 mm Air Hose,222,https://www.primesupplies.com.au/product/rubber-contractors-air-delivery-hose-assembly-19mm-x-20mt-c-w-minsups/
HOSEAIRTA19MM-0043,HOSEAIRTA19MM-0043,19 mm Air Hose,222,https://www.primesupplies.com.au/product/rubber-contractors-air-delivery-hose-assembly-19mm-x-20mt-c-w-minsups/
COA~165750,1265441,Manifold - Air - 19 mm,1349,https://airtoolswa.com.au/airquip-air-distribution-manifold-6-port-air-pig-6-litre-capacity-with-minsups-aqm6-min/
1265444,1265444,Manifold - Air - 19 mm,1349,https://airtoolswa.com.au/airquip-air-distribution-manifold-6-port-air-pig-6-litre-capacity-with-minsups-aqm6-min/
COA~166069,1265442,Manifold - Air - 19 mm,1349,https://airtoolswa.com.au/airquip-air-distribution-manifold-6-port-air-pig-6-litre-capacity-with-minsups-aqm6-min/
COA~5657322,1265448,Manifold - Air - 19 mm,1349,https://airtoolswa.com.au/airquip-air-distribution-manifold-6-port-air-pig-6-litre-capacity-with-minsups-aqm6-min/
COA~166584,1265453,Manifold - Air - 19 mm,1349,https://airtoolswa.com.au/airquip-air-distribution-manifold-6-port-air-pig-6-litre-capacity-with-minsups-aqm6-min/
COA~5657338,1265460,Manifold - Air - 19 mm,1349,https://airtoolswa.com.au/airquip-air-distribution-manifold-6-port-air-pig-6-litre-capacity-with-minsups-aqm6-min/
AIRHADMINANITTO-0014,AIRHADMINANITTO-0014,Minsup Thor Adaptor,46.2,https://www.bruderaustralia.com.au/product/400pmmina-minsup-large-nitto-adaptor/
AIRHADMINANITTO-0021,AIRHADMINANITTO-0021,Minsup Thor Adaptor,46.2,https://www.bruderaustralia.com.au/product/400pmmina-minsup-large-nitto-adaptor/
AIRHADMINANITTO-0094,AIRHADMINANITTO-0094,Minsup Thor Adaptor,46.2,https://www.bruderaustralia.com.au/product/400pmmina-minsup-large-nitto-adaptor/
HOSEWHIPWHIPAIR-000244,HOSEWHIPWHIPAIR-000244,Air Hose Whip,105.24,https://www.capsshop.com.au/air-tools/air-hose-and-hose-accessories/1-2bsp-1-5mt-whiphose-3-4-hose-with-claw-coupling
HOSEWHIPWHIPAIR-001036,HOSEWHIPWHIPAIR-001036,Air Hose Whip,105.24,https://www.capsshop.com.au/air-tools/air-hose-and-hose-accessories/1-2bsp-1-5mt-whiphose-3-4-hose-with-claw-coupling
HOSEWHIPWHIPAIR-0023,HOSEWHIPWHIPAIR-0023,Air Hose Whip,105.24,https://www.capsshop.com.au/air-tools/air-hose-and-hose-accessories/1-2bsp-1-5mt-whiphose-3-4-hose-with-claw-coupling
HOSEWHIPWHIPAIR-0142,HOSEWHIPWHIPAIR-0142,Air Hose Whip,105.24,https://www.capsshop.com.au/air-tools/air-hose-and-hose-accessories/1-2bsp-1-5mt-whiphose-3-4-hose-with-claw-coupling
HOSEWHIPWHIPAIR-0167,HOSEWHIPWHIPAIR-0167,Air Hose Whip,105.24,https://www.capsshop.com.au/air-tools/air-hose-and-hose-accessories/1-2bsp-1-5mt-whiphose-3-4-hose-with-claw-coupling
HOSEWHIPWHIPAIR-0675,HOSEWHIPWHIPAIR-0675,Air Hose Whip,105.24,https://www.capsshop.com.au/air-tools/air-hose-and-hose-accessories/1-2bsp-1-5mt-whiphose-3-4-hose-with-claw-coupling
HOSEWHIPWHIPAIR-0676,HOSEWHIPWHIPAIR-0676,Air Hose Whip,105.24,https://www.capsshop.com.au/air-tools/air-hose-and-hose-accessories/1-2bsp-1-5mt-whiphose-3-4-hose-with-claw-coupling
HOSEWHIPWHIPAIR-0677,HOSEWHIPWHIPAIR-0677,Air Hose Whip,105.24,https://www.capsshop.com.au/air-tools/air-hose-and-hose-accessories/1-2bsp-1-5mt-whiphose-3-4-hose-with-claw-coupling
HOSEWHIPWHIPAIR-0678,HOSEWHIPWHIPAIR-0678,Air Hose Whip,105.24,https://www.capsshop.com.au/air-tools/air-hose-and-hose-accessories/1-2bsp-1-5mt-whiphose-3-4-hose-with-claw-coupling
HOSEWHIPWHIPAIR-0679,HOSEWHIPWHIPAIR-0679,Air Hose Whip,105.24,https://www.capsshop.com.au/air-tools/air-hose-and-hose-accessories/1-2bsp-1-5mt-whiphose-3-4-hose-with-claw-coupling
HOSEWHIPWHIPAIR-0681,HOSEWHIPWHIPAIR-0681,Air Hose Whip,105.24,https://www.capsshop.com.au/air-tools/air-hose-and-hose-accessories/1-2bsp-1-5mt-whiphose-3-4-hose-with-claw-coupling
HOSEWHIPWHIPAIR-0686,HOSEWHIPWHIPAIR-0686,Air Hose Whip,105.24,https://www.capsshop.com.au/air-tools/air-hose-and-hose-accessories/1-2bsp-1-5mt-whiphose-3-4-hose-with-claw-coupling
HOSEWHIPWHIPAIR-0692,HOSEWHIPWHIPAIR-0692,Air Hose Whip,105.24,https://www.capsshop.com.au/air-tools/air-hose-and-hose-accessories/1-2bsp-1-5mt-whiphose-3-4-hose-with-claw-coupling
HOSEWHIPWHIPAIR-0695,HOSEWHIPWHIPAIR-0695,Air Hose Whip,105.24,https://www.capsshop.com.au/air-tools/air-hose-and-hose-accessories/1-2bsp-1-5mt-whiphose-3-4-hose-with-claw-coupling
HOSEWHIPWHIPAIR-0696,HOSEWHIPWHIPAIR-0696,Air Hose Whip,105.24,https://www.capsshop.com.au/air-tools/air-hose-and-hose-accessories/1-2bsp-1-5mt-whiphose-3-4-hose-with-claw-coupling
HOSEWHIPWHIPAIR-0697,HOSEWHIPWHIPAIR-0697,Air Hose Whip,105.24,https://www.capsshop.com.au/air-tools/air-hose-and-hose-accessories/1-2bsp-1-5mt-whiphose-3-4-hose-with-claw-coupling
HOSEWHIPWHIPAIR-0698,HOSEWHIPWHIPAIR-0698,Air Hose Whip,105.24,https://www.capsshop.com.au/air-tools/air-hose-and-hose-accessories/1-2bsp-1-5mt-whiphose-3-4-hose-with-claw-coupling
HOSEWHIPWHIPAIR-0699,HOSEWHIPWHIPAIR-0699,Air Hose Whip,105.24,https://www.capsshop.com.au/air-tools/air-hose-and-hose-accessories/1-2bsp-1-5mt-whiphose-3-4-hose-with-claw-coupling
HOSEWHIPWHIPAIR-0715,HOSEWHIPWHIPAIR-0715,Air Hose Whip,105.24,https://www.capsshop.com.au/air-tools/air-hose-and-hose-accessories/1-2bsp-1-5mt-whiphose-3-4-hose-with-claw-coupling
HOSEWHIPWHIPAIR-0721,HOSEWHIPWHIPAIR-0721,Air Hose Whip,105.24,https://www.capsshop.com.au/air-tools/air-hose-and-hose-accessories/1-2bsp-1-5mt-whiphose-3-4-hose-with-claw-coupling
HOSEWHIPWHIPAIR-0723,HOSEWHIPWHIPAIR-0723,Air Hose Whip,105.24,https://www.capsshop.com.au/air-tools/air-hose-and-hose-accessories/1-2bsp-1-5mt-whiphose-3-4-hose-with-claw-coupling
HOSEWHIPWHIPAIR-0726,HOSEWHIPWHIPAIR-0726,Air Hose Whip,105.24,https://www.capsshop.com.au/air-tools/air-hose-and-hose-accessories/1-2bsp-1-5mt-whiphose-3-4-hose-with-claw-coupling
HOSEWHIPWHIPAIR-0728,HOSEWHIPWHIPAIR-0728,Air Hose Whip,105.24,https://www.capsshop.com.au/air-tools/air-hose-and-hose-accessories/1-2bsp-1-5mt-whiphose-3-4-hose-with-claw-coupling
HOSEWHIPWHIPAIR-0730,HOSEWHIPWHIPAIR-0730,Air Hose Whip,105.24,https://www.capsshop.com.au/air-tools/air-hose-and-hose-accessories/1-2bsp-1-5mt-whiphose-3-4-hose-with-claw-coupling
HOSEWHIPWHIPAIR-0731,HOSEWHIPWHIPAIR-0731,Air Hose Whip,105.24,https://www.capsshop.com.au/air-tools/air-hose-and-hose-accessories/1-2bsp-1-5mt-whiphose-3-4-hose-with-claw-coupling
HOSEWHIPWHIPAIR-0732,HOSEWHIPWHIPAIR-0732,Air Hose Whip,105.24,https://www.capsshop.com.au/air-tools/air-hose-and-hose-accessories/1-2bsp-1-5mt-whiphose-3-4-hose-with-claw-coupling
HOSEWHIPWHIPAIR-0937,HOSEWHIPWHIPAIR-0937,Air Hose Whip,105.24,https://www.capsshop.com.au/air-tools/air-hose-and-hose-accessories/1-2bsp-1-5mt-whiphose-3-4-hose-with-claw-coupling
HOSEWHIPWHIPAIR-0938,HOSEWHIPWHIPAIR-0938,Air Hose Whip,105.24,https://www.capsshop.com.au/air-tools/air-hose-and-hose-accessories/1-2bsp-1-5mt-whiphose-3-4-hose-with-claw-coupling
AIRHOSEFSUPTHOR-0604,AIRHOSEFSUPTHOR-0604,Minsup Thor Adaptor,46.2,https://www.bruderaustralia.com.au/product/400pmmina-minsup-large-nitto-adaptor/
AIRHOSEFSUPTHOR-0045,AIRHOSEFSUPTHOR-0045,Minsup Thor Adaptor,46.2,https://www.bruderaustralia.com.au/product/400pmmina-minsup-large-nitto-adaptor/
AIRHOSEFSUPTHOR-0315,AIRHOSEFSUPTHOR-0315,Minsup Thor Adaptor,46.2,https://www.bruderaustralia.com.au/product/400pmmina-minsup-large-nitto-adaptor/
AIRHOSEFSUPTHOR-0041,AIRHOSEFSUPTHOR-0041,Minsup Thor Adaptor,46.2,https://www.bruderaustralia.com.au/product/400pmmina-minsup-large-nitto-adaptor/
AIRHOSEFSUPTHOR-0411,AIRHOSEFSUPTHOR-0411,Minsup Thor Adaptor,46.2,https://www.bruderaustralia.com.au/product/400pmmina-minsup-large-nitto-adaptor/
AIRHOSEFSUPTHOR-0048,AIRHOSEFSUPTHOR-0048,Minsup Thor Adaptor,46.2,https://www.bruderaustralia.com.au/product/400pmmina-minsup-large-nitto-adaptor/
AIRHOSEFSUPTHOR-0066,AIRHOSEFSUPTHOR-0066,Minsup Thor Adaptor,46.2,https://www.bruderaustralia.com.au/product/400pmmina-minsup-large-nitto-adaptor/
AIRHOSEFSUPTHOR-0049,AIRHOSEFSUPTHOR-0049,Minsup Thor Adaptor,46.2,https://www.bruderaustralia.com.au/product/400pmmina-minsup-large-nitto-adaptor/
AIRHOSEFSUPTHOR-0043,AIRHOSEFSUPTHOR-0043,Minsup Thor Adaptor,46.2,https://www.bruderaustralia.com.au/product/400pmmina-minsup-large-nitto-adaptor/
AIRHOSEFSUPTHOR-0426,AIRHOSEFSUPTHOR-0426,Minsup Thor Adaptor,46.2,https://www.bruderaustralia.com.au/product/400pmmina-minsup-large-nitto-adaptor/
AIRHOSEFSUPTHOR-0319,AIRHOSEFSUPTHOR-0319,Minsup Thor Adaptor,46.2,https://www.bruderaustralia.com.au/product/400pmmina-minsup-large-nitto-adaptor/
AIRHOSEFSUPTHOR-0416,AIRHOSEFSUPTHOR-0416,Minsup Thor Adaptor,46.2,https://www.bruderaustralia.com.au/product/400pmmina-minsup-large-nitto-adaptor/
AIRHOSEFSUPTHOR-0431,AIRHOSEFSUPTHOR-0431,Minsup Thor Adaptor,46.2,https://www.bruderaustralia.com.au/product/400pmmina-minsup-large-nitto-adaptor/
AIRHOSEFSUPTHOR-0064,AIRHOSEFSUPTHOR-0064,Minsup Thor Adaptor,46.2,https://www.bruderaustralia.com.au/product/400pmmina-minsup-large-nitto-adaptor/
AIRHOSEFSUPTHOR-0059,AIRHOSEFSUPTHOR-0059,Minsup Thor Adaptor,46.2,https://www.bruderaustralia.com.au/product/400pmmina-minsup-large-nitto-adaptor/
AIRHOSEFSUPTHOR-0065,AIRHOSEFSUPTHOR-0065,Minsup Thor Adaptor,46.2,https://www.bruderaustralia.com.au/product/400pmmina-minsup-large-nitto-adaptor/
AIRHOSEFSUPTHOR-0402,AIRHOSEFSUPTHOR-0402,Minsup Thor Adaptor,46.2,https://www.bruderaustralia.com.au/product/400pmmina-minsup-large-nitto-adaptor/
AIRHADMINANITTO-0037,AIRHADMINANITTO-0037,Minsup Thor Adaptor,46.2,https://www.bruderaustralia.com.au/product/400pmmina-minsup-large-nitto-adaptor/
AIRHADMINANITTO-0013,AIRHADMINANITTO-0013,Minsup Thor Adaptor,46.2,https://www.bruderaustralia.com.au/product/400pmmina-minsup-large-nitto-adaptor/
AIRHADMINANITTO-0030,AIRHADMINANITTO-0030,Minsup Thor Adaptor,46.2,https://www.bruderaustralia.com.au/product/400pmmina-minsup-large-nitto-adaptor/
AIRHADMINANITTO-0028,AIRHADMINANITTO-0028,Minsup Thor Adaptor,46.2,https://www.bruderaustralia.com.au/product/400pmmina-minsup-large-nitto-adaptor/
AIRHADMINANITTO-0035,AIRHADMINANITTO-0035,Minsup Thor Adaptor,46.2,https://www.bruderaustralia.com.au/product/400pmmina-minsup-large-nitto-adaptor/
AIRHADMINANITTO-0040,AIRHADMINANITTO-0040,Minsup Thor Adaptor,46.2,https://www.bruderaustralia.com.au/product/400pmmina-minsup-large-nitto-adaptor/
AIRHADMINANITTO-0038,AIRHADMINANITTO-0038,Minsup Thor Adaptor,46.2,https://www.bruderaustralia.com.au/product/400pmmina-minsup-large-nitto-adaptor/
AIRHADMINANITTO-0045,AIRHADMINANITTO-0045,Minsup Thor Adaptor,46.2,https://www.bruderaustralia.com.au/product/400pmmina-minsup-large-nitto-adaptor/
AIRHADMINANITTO-0047,AIRHADMINANITTO-0047,Minsup Thor Adaptor,46.2,https://www.bruderaustralia.com.au/product/400pmmina-minsup-large-nitto-adaptor/
AIRHADMINANITTO-0009,AIRHADMINANITTO-0009,Minsup Thor Adaptor,46.2,https://www.bruderaustralia.com.au/product/400pmmina-minsup-large-nitto-adaptor/
AIRHADMINANITTO-0043,AIRHADMINANITTO-0043,Minsup Thor Adaptor,46.2,https://www.bruderaustralia.com.au/product/400pmmina-minsup-large-nitto-adaptor/
AIRHOSEFSUPTHOR-0096,AIRHOSEFSUPTHOR-0096,Minsup Thor Adaptor,46.2,https://www.bruderaustralia.com.au/product/400pmmina-minsup-large-nitto-adaptor/
AIRHOSEFSUPTHOR-0098,AIRHOSEFSUPTHOR-0098,Minsup Thor Adaptor,46.2,https://www.bruderaustralia.com.au/product/400pmmina-minsup-large-nitto-adaptor/
AIRHOSEFSUPTHOR-0099,AIRHOSEFSUPTHOR-0099,Minsup Thor Adaptor,46.2,https://www.bruderaustralia.com.au/product/400pmmina-minsup-large-nitto-adaptor/
AIRHOSEFSUPTHOR-0100,AIRHOSEFSUPTHOR-0100,Minsup Thor Adaptor,46.2,https://www.bruderaustralia.com.au/product/400pmmina-minsup-large-nitto-adaptor/
AIRHOSEFSUPTHOR-0106,AIRHOSEFSUPTHOR-0106,Minsup Thor Adaptor,46.2,https://www.bruderaustralia.com.au/product/400pmmina-minsup-large-nitto-adaptor/
AIRHOSEFSUPTHOR-0111,AIRHOSEFSUPTHOR-0111,Minsup Thor Adaptor,46.2,https://www.bruderaustralia.com.au/product/400pmmina-minsup-large-nitto-adaptor/
AIRHOSEFSUPTHOR-0113,AIRHOSEFSUPTHOR-0113,Minsup Thor Adaptor,46.2,https://www.bruderaustralia.com.au/product/400pmmina-minsup-large-nitto-adaptor/
AIRHOSEFSUPTHOR-0115,AIRHOSEFSUPTHOR-0115,Minsup Thor Adaptor,46.2,https://www.bruderaustralia.com.au/product/400pmmina-minsup-large-nitto-adaptor/
AIRHOSEFSUPTHOR-0119,AIRHOSEFSUPTHOR-0119,Minsup Thor Adaptor,46.2,https://www.bruderaustralia.com.au/product/400pmmina-minsup-large-nitto-adaptor/
AIRHOSEFSUPTHOR-0122,AIRHOSEFSUPTHOR-0122,Minsup Thor Adaptor,46.2,https://www.bruderaustralia.com.au/product/400pmmina-minsup-large-nitto-adaptor/
AIRHOSEFSUPTHOR-0123,AIRHOSEFSUPTHOR-0123,Minsup Thor Adaptor,46.2,https://www.bruderaustralia.com.au/product/400pmmina-minsup-large-nitto-adaptor/
AIRHOSEFSUPTHOR-0129,AIRHOSEFSUPTHOR-0129,Minsup Thor Adaptor,46.2,https://www.bruderaustralia.com.au/product/400pmmina-minsup-large-nitto-adaptor/
AIRHOSEFSUPTHOR-0131,AIRHOSEFSUPTHOR-0131,Minsup Thor Adaptor,46.2,https://www.bruderaustralia.com.au/product/400pmmina-minsup-large-nitto-adaptor/
AIRHOSEFSUPTHOR-0134,AIRHOSEFSUPTHOR-0134,Minsup Thor Adaptor,46.2,https://www.bruderaustralia.com.au/product/400pmmina-minsup-large-nitto-adaptor/
AIRHOSEFSUPTHOR-0137,AIRHOSEFSUPTHOR-0137,Minsup Thor Adaptor,46.2,https://www.bruderaustralia.com.au/product/400pmmina-minsup-large-nitto-adaptor/
AIRHOSEFSUPTHOR-0143,AIRHOSEFSUPTHOR-0143,Minsup Thor Adaptor,46.2,https://www.bruderaustralia.com.au/product/400pmmina-minsup-large-nitto-adaptor/
AIRHOSEFSUPTHOR-0207,AIRHOSEFSUPTHOR-0207,Minsup Thor Adaptor,46.2,https://www.bruderaustralia.com.au/product/400pmmina-minsup-large-nitto-adaptor/
AIRHOSEFSUPTHOR-0208,AIRHOSEFSUPTHOR-0208,Minsup Thor Adaptor,46.2,https://www.bruderaustralia.com.au/product/400pmmina-minsup-large-nitto-adaptor/
AIRHOSEFSUPTHOR-0210,AIRHOSEFSUPTHOR-0210,Minsup Thor Adaptor,46.2,https://www.bruderaustralia.com.au/product/400pmmina-minsup-large-nitto-adaptor/
AIRHOSEFSUPTHOR-0211,AIRHOSEFSUPTHOR-0211,Minsup Thor Adaptor,46.2,https://www.bruderaustralia.com.au/product/400pmmina-minsup-large-nitto-adaptor/
AIRHOSEFSUPTHOR-0212,AIRHOSEFSUPTHOR-0212,Minsup Thor Adaptor,46.2,https://www.bruderaustralia.com.au/product/400pmmina-minsup-large-nitto-adaptor/
AIRHOSEFSUPTHOR-0213,AIRHOSEFSUPTHOR-0213,Minsup Thor Adaptor,46.2,https://www.bruderaustralia.com.au/product/400pmmina-minsup-large-nitto-adaptor/
AIRHOSEFSUPTHOR-0214,AIRHOSEFSUPTHOR-0214,Minsup Thor Adaptor,46.2,https://www.bruderaustralia.com.au/product/400pmmina-minsup-large-nitto-adaptor/
AIRHOSEFSUPTHOR-0215,AIRHOSEFSUPTHOR-0215,Minsup Thor Adaptor,46.2,https://www.bruderaustralia.com.au/product/400pmmina-minsup-large-nitto-adaptor/
AIRHOSEFSUPTHOR-0216,AIRHOSEFSUPTHOR-0216,Minsup Thor Adaptor,46.2,https://www.bruderaustralia.com.au/product/400pmmina-minsup-large-nitto-adaptor/
AIRHOSEFSUPTHOR-0217,AIRHOSEFSUPTHOR-0217,Minsup Thor Adaptor,46.2,https://www.bruderaustralia.com.au/product/400pmmina-minsup-large-nitto-adaptor/
AIRHOSEFSUPTHOR-0218,AIRHOSEFSUPTHOR-0218,Minsup Thor Adaptor,46.2,https://www.bruderaustralia.com.au/product/400pmmina-minsup-large-nitto-adaptor/
AIRHOSEFSUPTHOR-0219,AIRHOSEFSUPTHOR-0219,Minsup Thor Adaptor,46.2,https://www.bruderaustralia.com.au/product/400pmmina-minsup-large-nitto-adaptor/
AIRHOSEFSUPTHOR-0220,AIRHOSEFSUPTHOR-0220,Minsup Thor Adaptor,46.2,https://www.bruderaustralia.com.au/product/400pmmina-minsup-large-nitto-adaptor/
AIRHOSEFSUPTHOR-0221,AIRHOSEFSUPTHOR-0221,Minsup Thor Adaptor,46.2,https://www.bruderaustralia.com.au/product/400pmmina-minsup-large-nitto-adaptor/
AIRHOSEFSUPTHOR-0222,AIRHOSEFSUPTHOR-0222,Minsup Thor Adaptor,46.2,https://www.bruderaustralia.com.au/product/400pmmina-minsup-large-nitto-adaptor/
AIRHOSEFSUPTHOR-0223,AIRHOSEFSUPTHOR-0223,Minsup Thor Adaptor,46.2,https://www.bruderaustralia.com.au/product/400pmmina-minsup-large-nitto-adaptor/
AIRHOSEFSUPTHOR-0224,AIRHOSEFSUPTHOR-0224,Minsup Thor Adaptor,46.2,https://www.bruderaustralia.com.au/product/400pmmina-minsup-large-nitto-adaptor/
AIRHOSEFSUPTHOR-0225,AIRHOSEFSUPTHOR-0225,Minsup Thor Adaptor,46.2,https://www.bruderaustralia.com.au/product/400pmmina-minsup-large-nitto-adaptor/
AIRHOSEFSUPTHOR-0226,AIRHOSEFSUPTHOR-0226,Minsup Thor Adaptor,46.2,https://www.bruderaustralia.com.au/product/400pmmina-minsup-large-nitto-adaptor/
AIRHOSEFSUPTHOR-0227,AIRHOSEFSUPTHOR-0227,Minsup Thor Adaptor,46.2,https://www.bruderaustralia.com.au/product/400pmmina-minsup-large-nitto-adaptor/
AIRHOSEFSUPTHOR-0228,AIRHOSEFSUPTHOR-0228,Minsup Thor Adaptor,46.2,https://www.bruderaustralia.com.au/product/400pmmina-minsup-large-nitto-adaptor/
AIRHOSEFSUPTHOR-0229,AIRHOSEFSUPTHOR-0229,Minsup Thor Adaptor,46.2,https://www.bruderaustralia.com.au/product/400pmmina-minsup-large-nitto-adaptor/
AIRHOSEFSUPTHOR-0230,AIRHOSEFSUPTHOR-0230,Minsup Thor Adaptor,46.2,https://www.bruderaustralia.com.au/product/400pmmina-minsup-large-nitto-adaptor/
AIRHOSEFSUPTHOR-0231,AIRHOSEFSUPTHOR-0231,Minsup Thor Adaptor,46.2,https://www.bruderaustralia.com.au/product/400pmmina-minsup-large-nitto-adaptor/
AIRHOSEFSUPTHOR-0232,AIRHOSEFSUPTHOR-0232,Minsup Thor Adaptor,46.2,https://www.bruderaustralia.com.au/product/400pmmina-minsup-large-nitto-adaptor/
AIRHOSEFSUPTHOR-0233,AIRHOSEFSUPTHOR-0233,Minsup Thor Adaptor,46.2,https://www.bruderaustralia.com.au/product/400pmmina-minsup-large-nitto-adaptor/
AIRHOSEFSUPTHOR-0234,AIRHOSEFSUPTHOR-0234,Minsup Thor Adaptor,46.2,https://www.bruderaustralia.com.au/product/400pmmina-minsup-large-nitto-adaptor/
AIRHOSEFSUPTHOR-0235,AIRHOSEFSUPTHOR-0235,Minsup Thor Adaptor,46.2,https://www.bruderaustralia.com.au/product/400pmmina-minsup-large-nitto-adaptor/
AIRHOSEFSUPTHOR-0236,AIRHOSEFSUPTHOR-0236,Minsup Thor Adaptor,46.2,https://www.bruderaustralia.com.au/product/400pmmina-minsup-large-nitto-adaptor/
AIRHOSEFSUPTHOR-0237,AIRHOSEFSUPTHOR-0237,Minsup Thor Adaptor,46.2,https://www.bruderaustralia.com.au/product/400pmmina-minsup-large-nitto-adaptor/
AIRHOSEFSUPTHOR-0238,AIRHOSEFSUPTHOR-0238,Minsup Thor Adaptor,46.2,https://www.bruderaustralia.com.au/product/400pmmina-minsup-large-nitto-adaptor/
AIRHOSEFSUPTHOR-0239,AIRHOSEFSUPTHOR-0239,Minsup Thor Adaptor,46.2,https://www.bruderaustralia.com.au/product/400pmmina-minsup-large-nitto-adaptor/
AIRHOSEFSUPTHOR-0240,AIRHOSEFSUPTHOR-0240,Minsup Thor Adaptor,46.2,https://www.bruderaustralia.com.au/product/400pmmina-minsup-large-nitto-adaptor/
AIRHOSEFSUPTHOR-0241,AIRHOSEFSUPTHOR-0241,Minsup Thor Adaptor,46.2,https://www.bruderaustralia.com.au/product/400pmmina-minsup-large-nitto-adaptor/
AIRHOSEFSUPTHOR-0242,AIRHOSEFSUPTHOR-0242,Minsup Thor Adaptor,46.2,https://www.bruderaustralia.com.au/product/400pmmina-minsup-large-nitto-adaptor/
AIRHOSEFSUPTHOR-0243,AIRHOSEFSUPTHOR-0243,Minsup Thor Adaptor,46.2,https://www.bruderaustralia.com.au/product/400pmmina-minsup-large-nitto-adaptor/
AIRHOSEFSUPTHOR-0244,AIRHOSEFSUPTHOR-0244,Minsup Thor Adaptor,46.2,https://www.bruderaustralia.com.au/product/400pmmina-minsup-large-nitto-adaptor/
AIRHOSEFSUPTHOR-0245,AIRHOSEFSUPTHOR-0245,Minsup Thor Adaptor,46.2,https://www.bruderaustralia.com.au/product/400pmmina-minsup-large-nitto-adaptor/
AIRHOSEFSUPTHOR-0246,AIRHOSEFSUPTHOR-0246,Minsup Thor Adaptor,46.2,https://www.bruderaustralia.com.au/product/400pmmina-minsup-large-nitto-adaptor/
AIRHOSEFSUPTHOR-0247,AIRHOSEFSUPTHOR-0247,Minsup Thor Adaptor,46.2,https://www.bruderaustralia.com.au/product/400pmmina-minsup-large-nitto-adaptor/
AIRHOSEFSUPTHOR-0248,AIRHOSEFSUPTHOR-0248,Minsup Thor Adaptor,46.2,https://www.bruderaustralia.com.au/product/400pmmina-minsup-large-nitto-adaptor/
AIRHOSEFSUPTHOR-0249,AIRHOSEFSUPTHOR-0249,Minsup Thor Adaptor,46.2,https://www.bruderaustralia.com.au/product/400pmmina-minsup-large-nitto-adaptor/
AIRHOSEFSUPTHOR-0250,AIRHOSEFSUPTHOR-0250,Minsup Thor Adaptor,46.2,https://www.bruderaustralia.com.au/product/400pmmina-minsup-large-nitto-adaptor/
AIRHOSEFSUPTHOR-0251,AIRHOSEFSUPTHOR-0251,Minsup Thor Adaptor,46.2,https://www.bruderaustralia.com.au/product/400pmmina-minsup-large-nitto-adaptor/
AIRHOSEFSUPTHOR-0252,AIRHOSEFSUPTHOR-0252,Minsup Thor Adaptor,46.2,https://www.bruderaustralia.com.au/product/400pmmina-minsup-large-nitto-adaptor/
AIRHOSEFSUPTHOR-0253,AIRHOSEFSUPTHOR-0253,Minsup Thor Adaptor,46.2,https://www.bruderaustralia.com.au/product/400pmmina-minsup-large-nitto-adaptor/
AIRHOSEFSUPTHOR-0254,AIRHOSEFSUPTHOR-0254,Minsup Thor Adaptor,46.2,https://www.bruderaustralia.com.au/product/400pmmina-minsup-large-nitto-adaptor/
AIRHOSEFSUPTHOR-0255,AIRHOSEFSUPTHOR-0255,Minsup Thor Adaptor,46.2,https://www.bruderaustralia.com.au/product/400pmmina-minsup-large-nitto-adaptor/
AIRHOSEFSUPTHOR-0256,AIRHOSEFSUPTHOR-0256,Minsup Thor Adaptor,46.2,https://www.bruderaustralia.com.au/product/400pmmina-minsup-large-nitto-adaptor/
AIRHOSEFSUPTHOR-0257,AIRHOSEFSUPTHOR-0257,Minsup Thor Adaptor,46.2,https://www.bruderaustralia.com.au/product/400pmmina-minsup-large-nitto-adaptor/
AIRHOSEFSUPTHOR-0258,AIRHOSEFSUPTHOR-0258,Minsup Thor Adaptor,46.2,https://www.bruderaustralia.com.au/product/400pmmina-minsup-large-nitto-adaptor/
AIRHOSEFSUPTHOR-0259,AIRHOSEFSUPTHOR-0259,Minsup Thor Adaptor,46.2,https://www.bruderaustralia.com.au/product/400pmmina-minsup-large-nitto-adaptor/
AIRHOSEFSUPTHOR-0260,AIRHOSEFSUPTHOR-0260,Minsup Thor Adaptor,46.2,https://www.bruderaustralia.com.au/product/400pmmina-minsup-large-nitto-adaptor/
AIRHOSEFSUPTHOR-0261,AIRHOSEFSUPTHOR-0261,Minsup Thor Adaptor,46.2,https://www.bruderaustralia.com.au/product/400pmmina-minsup-large-nitto-adaptor/
AIRHOSEFSUPTHOR-0262,AIRHOSEFSUPTHOR-0262,Minsup Thor Adaptor,46.2,https://www.bruderaustralia.com.au/product/400pmmina-minsup-large-nitto-adaptor/
AIRHOSEFSUPTHOR-0263,AIRHOSEFSUPTHOR-0263,Minsup Thor Adaptor,46.2,https://www.bruderaustralia.com.au/product/400pmmina-minsup-large-nitto-adaptor/
AIRHOSEFSUPTHOR-0264,AIRHOSEFSUPTHOR-0264,Minsup Thor Adaptor,46.2,https://www.bruderaustralia.com.au/product/400pmmina-minsup-large-nitto-adaptor/
AIRHOSEFSUPTHOR-0265,AIRHOSEFSUPTHOR-0265,Minsup Thor Adaptor,46.2,https://www.bruderaustralia.com.au/product/400pmmina-minsup-large-nitto-adaptor/
AIRHOSEFSUPTHOR-0266,AIRHOSEFSUPTHOR-0266,Minsup Thor Adaptor,46.2,https://www.bruderaustralia.com.au/product/400pmmina-minsup-large-nitto-adaptor/
AIRHOSEFSUPTHOR-0267,AIRHOSEFSUPTHOR-0267,Minsup Thor Adaptor,46.2,https://www.bruderaustralia.com.au/product/400pmmina-minsup-large-nitto-adaptor/
AIRHOSEFSUPTHOR-0268,AIRHOSEFSUPTHOR-0268,Minsup Thor Adaptor,46.2,https://www.bruderaustralia.com.au/product/400pmmina-minsup-large-nitto-adaptor/
AIRHOSEFSUPTHOR-0269,AIRHOSEFSUPTHOR-0269,Minsup Thor Adaptor,46.2,https://www.bruderaustralia.com.au/product/400pmmina-minsup-large-nitto-adaptor/
AIRHOSEFSUPTHOR-0270,AIRHOSEFSUPTHOR-0270,Minsup Thor Adaptor,46.2,https://www.bruderaustralia.com.au/product/400pmmina-minsup-large-nitto-adaptor/
AIRHOSEFSUPTHOR-0271,AIRHOSEFSUPTHOR-0271,Minsup Thor Adaptor,46.2,https://www.bruderaustralia.com.au/product/400pmmina-minsup-large-nitto-adaptor/
AIRHOSEFSUPTHOR-0272,AIRHOSEFSUPTHOR-0272,Minsup Thor Adaptor,46.2,https://www.bruderaustralia.com.au/product/400pmmina-minsup-large-nitto-adaptor/
AIRHOSEFSUPTHOR-0273,AIRHOSEFSUPTHOR-0273,Minsup Thor Adaptor,46.2,https://www.bruderaustralia.com.au/product/400pmmina-minsup-large-nitto-adaptor/
AIRHOSEFSUPTHOR-0274,AIRHOSEFSUPTHOR-0274,Minsup Thor Adaptor,46.2,https://www.bruderaustralia.com.au/product/400pmmina-minsup-large-nitto-adaptor/
AIRHOSEFSUPTHOR-0275,AIRHOSEFSUPTHOR-0275,Minsup Thor Adaptor,46.2,https://www.bruderaustralia.com.au/product/400pmmina-minsup-large-nitto-adaptor/
AIRHOSEFSUPTHOR-0276,AIRHOSEFSUPTHOR-0276,Minsup Thor Adaptor,46.2,https://www.bruderaustralia.com.au/product/400pmmina-minsup-large-nitto-adaptor/
AIRHOSEFSUPTHOR-0277,AIRHOSEFSUPTHOR-0277,Minsup Thor Adaptor,46.2,https://www.bruderaustralia.com.au/product/400pmmina-minsup-large-nitto-adaptor/
AIRHOSEFSUPTHOR-0278,AIRHOSEFSUPTHOR-0278,Minsup Thor Adaptor,46.2,https://www.bruderaustralia.com.au/product/400pmmina-minsup-large-nitto-adaptor/
AIRHOSEFSUPTHOR-0279,AIRHOSEFSUPTHOR-0279,Minsup Thor Adaptor,46.2,https://www.bruderaustralia.com.au/product/400pmmina-minsup-large-nitto-adaptor/
AIRHOSEFSUPTHOR-0280,AIRHOSEFSUPTHOR-0280,Minsup Thor Adaptor,46.2,https://www.bruderaustralia.com.au/product/400pmmina-minsup-large-nitto-adaptor/
AIRHOSEFSUPTHOR-0281,AIRHOSEFSUPTHOR-0281,Minsup Thor Adaptor,46.2,https://www.bruderaustralia.com.au/product/400pmmina-minsup-large-nitto-adaptor/
AIRHOSEFSUPTHOR-0282,AIRHOSEFSUPTHOR-0282,Minsup Thor Adaptor,46.2,https://www.bruderaustralia.com.au/product/400pmmina-minsup-large-nitto-adaptor/
AIRHOSEFSUPTHOR-0283,AIRHOSEFSUPTHOR-0283,Minsup Thor Adaptor,46.2,https://www.bruderaustralia.com.au/product/400pmmina-minsup-large-nitto-adaptor/
AIRHOSEFSUPTHOR-0284,AIRHOSEFSUPTHOR-0284,Minsup Thor Adaptor,46.2,https://www.bruderaustralia.com.au/product/400pmmina-minsup-large-nitto-adaptor/
AIRHOSEFSUPTHOR-0285,AIRHOSEFSUPTHOR-0285,Minsup Thor Adaptor,46.2,https://www.bruderaustralia.com.au/product/400pmmina-minsup-large-nitto-adaptor/
AIRHOSEFSUPTHOR-0286,AIRHOSEFSUPTHOR-0286,Minsup Thor Adaptor,46.2,https://www.bruderaustralia.com.au/product/400pmmina-minsup-large-nitto-adaptor/
AIRHOSEFSUPTHOR-0287,AIRHOSEFSUPTHOR-0287,Minsup Thor Adaptor,46.2,https://www.bruderaustralia.com.au/product/400pmmina-minsup-large-nitto-adaptor/
AIRHOSEFSUPTHOR-0288,AIRHOSEFSUPTHOR-0288,Minsup Thor Adaptor,46.2,https://www.bruderaustralia.com.au/product/400pmmina-minsup-large-nitto-adaptor/
AIRHOSEFSUPTHOR-0289,AIRHOSEFSUPTHOR-0289,Minsup Thor Adaptor,46.2,https://www.bruderaustralia.com.au/product/400pmmina-minsup-large-nitto-adaptor/
AIRHOSEFSUPTHOR-0290,AIRHOSEFSUPTHOR-0290,Minsup Thor Adaptor,46.2,https://www.bruderaustralia.com.au/product/400pmmina-minsup-large-nitto-adaptor/
AIRHOSEFSUPTHOR-0291,AIRHOSEFSUPTHOR-0291,Minsup Thor Adaptor,46.2,https://www.bruderaustralia.com.au/product/400pmmina-minsup-large-nitto-adaptor/
AIRHOSEFSUPTHOR-0292,AIRHOSEFSUPTHOR-0292,Minsup Thor Adaptor,46.2,https://www.bruderaustralia.com.au/product/400pmmina-minsup-large-nitto-adaptor/
AIRHOSEFSUPTHOR-0293,AIRHOSEFSUPTHOR-0293,Minsup Thor Adaptor,46.2,https://www.bruderaustralia.com.au/product/400pmmina-minsup-large-nitto-adaptor/
HOSEAIRTA25MM20-0013,HOSEAIRTA25MM20-0013,19 mm Air Hose,222,https://www.primesupplies.com.au/product/rubber-contractors-air-delivery-hose-assembly-19mm-x-20mt-c-w-minsups/
HOSEAIRTA25MM20-0014,HOSEAIRTA25MM20-0014,19 mm Air Hose,222,https://www.primesupplies.com.au/product/rubber-contractors-air-delivery-hose-assembly-19mm-x-20mt-c-w-minsups/
HOSEAIRTA25MM20-0015,HOSEAIRTA25MM20-0015,19 mm Air Hose,222,https://www.primesupplies.com.au/product/rubber-contractors-air-delivery-hose-assembly-19mm-x-20mt-c-w-minsups/
HOSEAIRTA25MM20-0010,HOSEAIRTA25MM20-0010,19 mm Air Hose,222,https://www.primesupplies.com.au/product/rubber-contractors-air-delivery-hose-assembly-19mm-x-20mt-c-w-minsups/
HOSEAIRTA19MM-0126,HOSEAIRTA19MM-0126,19 mm Air Hose,222,https://www.primesupplies.com.au/product/rubber-contractors-air-delivery-hose-assembly-19mm-x-20mt-c-w-minsups/
COA~5102271,1142988,Bull Hose Std - 50MM (2in) - 7.5Mtr,,
COA~5204569,1142981,Bull Hose Std - 50MM (2in) - 7.5Mtr,,
COA~5204554,1142982,Bull Hose Std - 50MM (2in) - 7.5Mtr,,
COA~5204483,1224327,Bull Hose Std - 50MM (2in) - 7.5Mtr,,
HOSEAIRTA13MM-0005,HOSEAIRTA13MM-0005,13 mm Air Hose,115,https://www.peerlessproducts.com.au/products/industrial-green-flexible-air-hose
HOSEAIRTA13MM-0002,HOSEAIRTA13MM-0002,13 mm Air Hose,115,https://www.peerlessproducts.com.au/products/industrial-green-flexible-air-hose
HOSEAIRTA13MM-0003,HOSEAIRTA13MM-0003,13 mm Air Hose,115,https://www.peerlessproducts.com.au/products/industrial-green-flexible-air-hose
HOSEAIRTA13MM-0001,HOSEAIRTA13MM-0001,13 mm Air Hose,115,https://www.peerlessproducts.com.au/products/industrial-green-flexible-air-hose
1220928,1220928,Bull Hose Std - 50MM (2in) - 7.5Mtr,,
COA~5513923,1189303,Compressor 1050CFM (Diesel),,
1267952,1267952,"Concrete Floor Scarifier -  8"" Electric",,
1267951,1267951,"Concrete Floor Scarifier -  8"" Electric",,
COA~5530607,1217099,Heavy-Duty Wheelbarrow,369,https://www.gasweld.com.au/wheelbarrow-heavy-trade-steel-tray-100-lite-4-8-flat-free-wheel
COA~465819,1240624,Heavy-Duty Wheelbarrow,369,https://www.gasweld.com.au/wheelbarrow-heavy-trade-steel-tray-100-lite-4-8-flat-free-wheel
COA~5280743,1167105,Heavy-Duty Wheelbarrow,369,https://www.gasweld.com.au/wheelbarrow-heavy-trade-steel-tray-100-lite-4-8-flat-free-wheel
COA~5280727,1167104,Heavy-Duty Wheelbarrow,369,https://www.gasweld.com.au/wheelbarrow-heavy-trade-steel-tray-100-lite-4-8-flat-free-wheel
COA~497437,1167112,Heavy-Duty Wheelbarrow,369,https://www.gasweld.com.au/wheelbarrow-heavy-trade-steel-tray-100-lite-4-8-flat-free-wheel
COA~497438,1167113,Heavy-Duty Wheelbarrow,369,https://www.gasweld.com.au/wheelbarrow-heavy-trade-steel-tray-100-lite-4-8-flat-free-wheel
COA~5280745,1167117,Heavy-Duty Wheelbarrow,369,https://www.gasweld.com.au/wheelbarrow-heavy-trade-steel-tray-100-lite-4-8-flat-free-wheel
COA~5280726,1167119,Heavy-Duty Wheelbarrow,369,https://www.gasweld.com.au/wheelbarrow-heavy-trade-steel-tray-100-lite-4-8-flat-free-wheel
COA~5327017,1217089,Heavy-Duty Wheelbarrow,369,https://www.gasweld.com.au/wheelbarrow-heavy-trade-steel-tray-100-lite-4-8-flat-free-wheel
COA~5327018,1217090,Heavy-Duty Wheelbarrow,369,https://www.gasweld.com.au/wheelbarrow-heavy-trade-steel-tray-100-lite-4-8-flat-free-wheel
COA~5327015,1217091,Heavy-Duty Wheelbarrow,369,https://www.gasweld.com.au/wheelbarrow-heavy-trade-steel-tray-100-lite-4-8-flat-free-wheel
COA~5327016,1217093,Heavy-Duty Wheelbarrow,369,https://www.gasweld.com.au/wheelbarrow-heavy-trade-steel-tray-100-lite-4-8-flat-free-wheel
COA~5327013,1217094,Heavy-Duty Wheelbarrow,369,https://www.gasweld.com.au/wheelbarrow-heavy-trade-steel-tray-100-lite-4-8-flat-free-wheel
COA~5641292,1252734,Breaker Drill - Electric - Small - 0 to 5.5 kg,699,https://www.totaltools.com.au/69356-bosch-900w-sds-3-mode-4-7kg-rotary-hammer-0611332141
COA~5522541,1253445,Breaker - Electric - Small - 0 to 7.9 kg,1039,https://www.totaltools.com.au/42114-bosch-1150w-6kg-sds-max-demolition-hammer-0611321040
COA~5558421,1220765,Breaker Drill - Electric - Small - 0 to 5.5 kg,699,https://www.totaltools.com.au/69356-bosch-900w-sds-3-mode-4-7kg-rotary-hammer-0611332141
1296652,1296652,Breaker Drill - Electric - Medium - 5.6 kg to 7.5 kg,989,https://www.totaltools.com.au/95216-makita-40mm-1100w-2-mode-rotary-hammer-hr4003c
COA~221828,1253403,Breaker Drill - Electric - Small - 0 to 5.5 kg,699,https://www.totaltools.com.au/69356-bosch-900w-sds-3-mode-4-7kg-rotary-hammer-0611332141
COA~5519416,1215100,Breaker Drill - Electric - Small - 0 to 5.5 kg,699,https://www.totaltools.com.au/69356-bosch-900w-sds-3-mode-4-7kg-rotary-hammer-0611332141
COA~5522540,1253442,Breaker - Electric - Small - 0 to 7.9 kg,1039,https://www.totaltools.com.au/42114-bosch-1150w-6kg-sds-max-demolition-hammer-0611321040
1296651,1296651,Breaker Drill - Electric - Medium - 5.6 kg to 7.5 kg,989,https://www.totaltools.com.au/95216-makita-40mm-1100w-2-mode-rotary-hammer-hr4003c
COA~5517310,1229501,Excavator Bucket 450mm,,
COA~5517313,1229487,Excavator Mud Bucket 1000mm,,
COA~5598623,1203928,Excavator Bucket 300mm,,
COA~5341046,1226186,Mini Excavator 1.7t,,
1288079,1288079,Skid Steer Loader 2.6t,,
COA~5529587,1231552,Water Blaster - 3000 PSI Mobile On Trailer (Diesel),,
1313742,1313742,Water Blaster - 3000 PSI Hot / Cold on Trailer (Diesel),,
1285098,1285098,Water Blaster - 3000 PSI Cold - Petrol,,
COA~5323188,1199534,Vacuum Cleaner 30 L Electric,849,https://www.totaltools.com.au/203842-metabo-1200w-30l-m-class-wet-dry-vacuum-602087190
COA~5249032,1199533,Vacuum Cleaner 30 L Electric,849,https://www.totaltools.com.au/203842-metabo-1200w-30l-m-class-wet-dry-vacuum-602087190
COA~156291,1216123,Vacuum Cleaner 30 L Electric,849,https://www.totaltools.com.au/203842-metabo-1200w-30l-m-class-wet-dry-vacuum-602087190
DIALINDI0-25-0)-0002,DIALINDI0-25-0)-0002,Dial Gauge,120,Mitutoyo via Sydney Tools
DIALINDI0-25-0)-0016,DIALINDI0-25-0)-0016,Dial Gauge,120,Mitutoyo via Sydney Tools
DIALINDI0-25-0)-0018,DIALINDI0-25-0)-0018,Dial Gauge,120,Mitutoyo via Sydney Tools
DIALINDI-100-0)-0030,DIALINDI-100-0)-0030,Dial Gauge,107.69,Starrett via General Tools
SPIRITLEEL200MM-0034,SPIRITLEEL200MM-0034,Spirit Level 200 mm,35,Stabila via Total Tools
SPIRITLEEL200MM-0035,SPIRITLEEL200MM-0035,Spirit Level 200 mm,35,Stabila via Total Tools
SPIRITLEEL200MM-0036,SPIRITLEEL200MM-0036,Spirit Level 200 mm,35,Stabila via Total Tools
SPIRITLEEL200MM-0041,SPIRITLEEL200MM-0041,Spirit Level 200 mm,35,Stabila via Total Tools
SPIRITLEEL600MM-0018,SPIRITLEEL600MM-0018,Spirit Level 600 mm,45,Stanley via Bunnings
SPIRITLEEL600MM-0019,SPIRITLEEL600MM-0019,Spirit Level 600 mm,45,Stanley via Bunnings
SPIRITLEEL900MM-000701,SPIRITLEEL900MM-000701,Spirit Level 900 mm,85,Stabila via Total Tools
SPIRITLEEL900MM-0012,SPIRITLEEL900MM-0012,Spirit Level 900 mm,85,Stabila via Total Tools
SPIRITLEEL900MM-0013,SPIRITLEEL900MM-0013,Spirit Level 900 mm,85,Stabila via Total Tools
SPIRITLEEL900MM-0014,SPIRITLEEL900MM-0014,Spirit Level 900 mm,85,Stabila via Total Tools
SPIRIT600ELEC-0012,SPIRIT600ELEC-0012,Level - Electronic - 600 mm,150,Estimated trade quality
SPIRIT600ELEC-0015,SPIRIT600ELEC-0015,Level - Electronic - 600 mm,150,Estimated trade quality
PURGEMONMONITOR-0027W,PURGEMONMONITOR-0027,Purge Monitor,925.65,https://orbimax.com.au/products/orbimax-purge-1000-oxygen-analyser-set
PURGEMONMONITOR-0017W,PURGEMONMONITOR-0017,Purge Monitor,925.65,https://orbimax.com.au/products/orbimax-purge-1000-oxygen-analyser-set
COA~5476617,1215837,Ladder - Platform Step Fibreglass 1.2 m,674,https://www.bunnings.com.au/bailey-1-2m-150kg-p150-fibreglass-platform-ladder_p0430294
COA~5445922,1165743,Ladder - Platform Step Fibreglass 0.86 m,614,https://www.bunnings.com.au/bailey-0-9m-150kg-p150-fibreglass-platform-ladder_p0430291
COA~5445918,1165748,Ladder - Platform Step Fibreglass 0.86 m,614,https://www.bunnings.com.au/bailey-0-9m-150kg-p150-fibreglass-platform-ladder_p0430291
COA~5445909,1165734,Ladder - Platform Step Fibreglass 0.86 m,614,https://www.bunnings.com.au/bailey-0-9m-150kg-p150-fibreglass-platform-ladder_p0430291
COA~5445893,1165815,Ladder - Step Fibreglass 1.8 m,335,https://www.bunnings.com.au/indalex-1-8m-industrial-fibreglass-180kg-pro-series-single-sided-step-ladder_p0860775
HAMMERSSDGE10LB-0004,HAMMERSSDGE10LB-0004,Hammer - Sledge 10 lb,65,Estimated based on typical trade quality
HAMMERSSDGE10LB-0006,HAMMERSSDGE10LB-0006,Hammer - Sledge 10 lb,65,Estimated based on typical trade quality
HAMMERSSDGE10LB-0021,HAMMERSSDGE10LB-0021,Hammer - Sledge 10 lb,65,Estimated based on typical trade quality
HAMMERSSDGE10LB-0022,HAMMERSSDGE10LB-0022,Hammer - Sledge 10 lb,65,Estimated based on typical trade quality
WATERHOSMMX20MM-0013,WATERHOSMMX20MM-0013,Water Hose 20 mm × 20 m,187,https://www.hillsirrigation.com.au/shop/pipes-hoses-and-fittings/hoses/chemical-hose/powaflex-20mm-x-20m-safety-yellow-general-purpose-pressure-hose/
SHOVELLHSQMTH-0017,SHOVELLHSQMTH-0017,Shovel - Long Handle - Square Mouth,35,Cyclone via Bunnings
SHOVELLHSQMTH-0019,SHOVELLHSQMTH-0019,Shovel - Long Handle - Square Mouth,35,Cyclone via Bunnings
SHOVELSHSQMTH-0014,SHOVELSHSQMTH-0014,Shovel - Short Handle - Square Mouth,35,Cyclone via Bunnings
1230089,1230089,32 V Light,327.1,https://www.schnap.com.au/compact-led-flood-light-20w-24-32vac-1800lm-ip65-repelec-ver168619.html
1303355,1303355,Milwaukee 500 lm LED Battery Light,1318.9,RENTAL_STOCK_22_07_2026_CANONICAL.xlsx / REPLACEMENT_COSTS
1303356,1303356,Milwaukee 500 lm LED Battery Light,1318.9,RENTAL_STOCK_22_07_2026_CANONICAL.xlsx / REPLACEMENT_COSTS
1303359,1303359,Milwaukee 500 lm LED Battery Light,1318.9,RENTAL_STOCK_22_07_2026_CANONICAL.xlsx / REPLACEMENT_COSTS
1303364,1303364,Milwaukee 500 lm LED Battery Light,1318.9,RENTAL_STOCK_22_07_2026_CANONICAL.xlsx / REPLACEMENT_COSTS
1303368,1303368,Milwaukee 500 lm LED Battery Light,1318.9,RENTAL_STOCK_22_07_2026_CANONICAL.xlsx / REPLACEMENT_COSTS
1303370,1303370,Milwaukee 500 lm LED Battery Light,1318.9,RENTAL_STOCK_22_07_2026_CANONICAL.xlsx / REPLACEMENT_COSTS
1303371,1303371,Milwaukee 500 lm LED Battery Light,1318.9,RENTAL_STOCK_22_07_2026_CANONICAL.xlsx / REPLACEMENT_COSTS
1303353,1303353,Milwaukee 500 lm LED Battery Light,1318.9,RENTAL_STOCK_22_07_2026_CANONICAL.xlsx / REPLACEMENT_COSTS
1303369,1303369,Milwaukee 500 lm LED Battery Light,1318.9,RENTAL_STOCK_22_07_2026_CANONICAL.xlsx / REPLACEMENT_COSTS
1302190,1302190,"Milwaukee 1,500 lm Magnetic LED Battery Light",328.9,RENTAL_STOCK_22_07_2026_CANONICAL.xlsx / REPLACEMENT_COSTS
1302189,1302189,"Milwaukee 1,500 lm Magnetic LED Battery Light",328.9,RENTAL_STOCK_22_07_2026_CANONICAL.xlsx / REPLACEMENT_COSTS
1303407,1303407,"Milwaukee 5,400 lm Telescopic LED Battery Light - 1.65 m",603.9,RENTAL_STOCK_22_07_2026_CANONICAL.xlsx / REPLACEMENT_COSTS
1303403,1303403,"Milwaukee 5,400 lm Telescopic LED Battery Light - 1.65 m",603.9,RENTAL_STOCK_22_07_2026_CANONICAL.xlsx / REPLACEMENT_COSTS
1303376,1303376,"Milwaukee 2,500 lm Telescopic LED Battery Light - 2.10 m",471.9,RENTAL_STOCK_22_07_2026_CANONICAL.xlsx / REPLACEMENT_COSTS
1269799,1269799,"Milwaukee 2,500 lm Telescopic LED Battery Light - 2.10 m",471.9,RENTAL_STOCK_22_07_2026_CANONICAL.xlsx / REPLACEMENT_COSTS
COA~5664866,1263413,"Milwaukee 3,000 lm Telescopic LED Battery Light - 2.10 m",713.9,RENTAL_STOCK_22_07_2026_CANONICAL.xlsx / REPLACEMENT_COSTS
1263625,1263625,"Milwaukee 5,400 lm Telescopic LED Battery Light - 1.65 m",603.9,RENTAL_STOCK_22_07_2026_CANONICAL.xlsx / REPLACEMENT_COSTS
1269849,1269849,"Milwaukee 5,400 lm Telescopic LED Battery Light - 1.65 m",603.9,RENTAL_STOCK_22_07_2026_CANONICAL.xlsx / REPLACEMENT_COSTS
1303392,1303392,"Milwaukee 5,400 lm Telescopic LED Battery Light - 1.65 m",603.9,RENTAL_STOCK_22_07_2026_CANONICAL.xlsx / REPLACEMENT_COSTS
COA~5664855,1263424,"Milwaukee 3,000 lm Telescopic LED Battery Light - 2.10 m",713.9,RENTAL_STOCK_22_07_2026_CANONICAL.xlsx / REPLACEMENT_COSTS
1303375,1303375,"Milwaukee 2,500 lm Telescopic LED Battery Light - 2.10 m",471.9,RENTAL_STOCK_22_07_2026_CANONICAL.xlsx / REPLACEMENT_COSTS
1303398,1303398,"Milwaukee 5,400 lm Telescopic LED Battery Light - 1.65 m",603.9,RENTAL_STOCK_22_07_2026_CANONICAL.xlsx / REPLACEMENT_COSTS
COA~5664850,1263419,"Milwaukee 3,000 lm Telescopic LED Battery Light - 2.10 m",713.9,RENTAL_STOCK_22_07_2026_CANONICAL.xlsx / REPLACEMENT_COSTS
1269796,1269796,"Milwaukee 2,500 lm Telescopic LED Battery Light - 2.10 m",471.9,RENTAL_STOCK_22_07_2026_CANONICAL.xlsx / REPLACEMENT_COSTS
1303373,1303373,"Milwaukee 2,500 lm Telescopic LED Battery Light - 2.10 m",471.9,RENTAL_STOCK_22_07_2026_CANONICAL.xlsx / REPLACEMENT_COSTS
1263621,1263621,"Milwaukee 5,400 lm Telescopic LED Battery Light - 1.65 m",603.9,RENTAL_STOCK_22_07_2026_CANONICAL.xlsx / REPLACEMENT_COSTS
1303399,1303399,"Milwaukee 5,400 lm Telescopic LED Battery Light - 1.65 m",603.9,RENTAL_STOCK_22_07_2026_CANONICAL.xlsx / REPLACEMENT_COSTS
1269769,1269769,"Milwaukee 5,400 lm Telescopic LED Battery Light - 1.65 m",603.9,RENTAL_STOCK_22_07_2026_CANONICAL.xlsx / REPLACEMENT_COSTS
1269771,1269771,"Milwaukee 5,400 lm Telescopic LED Battery Light - 1.65 m",603.9,RENTAL_STOCK_22_07_2026_CANONICAL.xlsx / REPLACEMENT_COSTS
1303410,1303410,"Milwaukee 5,400 lm Telescopic LED Battery Light - 1.65 m",603.9,RENTAL_STOCK_22_07_2026_CANONICAL.xlsx / REPLACEMENT_COSTS
1303406,1303406,"Milwaukee 5,400 lm Telescopic LED Battery Light - 1.65 m",603.9,RENTAL_STOCK_22_07_2026_CANONICAL.xlsx / REPLACEMENT_COSTS
1269765,1269765,"Milwaukee 5,400 lm Telescopic LED Battery Light - 1.65 m",603.9,RENTAL_STOCK_22_07_2026_CANONICAL.xlsx / REPLACEMENT_COSTS
1269797,1269797,"Milwaukee 2,500 lm Telescopic LED Battery Light - 2.10 m",471.9,RENTAL_STOCK_22_07_2026_CANONICAL.xlsx / REPLACEMENT_COSTS
1303384,1303384,"Milwaukee 2,500 lm Telescopic LED Battery Light - 2.10 m",471.9,RENTAL_STOCK_22_07_2026_CANONICAL.xlsx / REPLACEMENT_COSTS
1269881,1269881,"Milwaukee 2,500 lm Telescopic LED Battery Light - 2.10 m",471.9,RENTAL_STOCK_22_07_2026_CANONICAL.xlsx / REPLACEMENT_COSTS
1269883,1269883,"Milwaukee 2,500 lm Telescopic LED Battery Light - 2.10 m",471.9,RENTAL_STOCK_22_07_2026_CANONICAL.xlsx / REPLACEMENT_COSTS
1263591,1263591,"Milwaukee 2,500 lm Telescopic LED Battery Light - 2.10 m",471.9,RENTAL_STOCK_22_07_2026_CANONICAL.xlsx / REPLACEMENT_COSTS
1257960,1257960,"Milwaukee 4,400 lm LED Battery Light",438.9,RENTAL_STOCK_22_07_2026_CANONICAL.xlsx / REPLACEMENT_COSTS
1234797,1234797,Intrinsically Safe 12 V LED Battery Light,1210.35,https://www.henchman.com.au/XPR_dash_5592GX/Nightstick-Intrinsically-Safe-Scene-Light-Rechargeable-Green/pd.php
1234796,1234796,Intrinsically Safe 12 V LED Battery Light,1210.35,https://www.henchman.com.au/XPR_dash_5592GX/Nightstick-Intrinsically-Safe-Scene-Light-Rechargeable-Green/pd.php
1271517,1271517,"Milwaukee 4,400 lm LED Battery Light",438.9,RENTAL_STOCK_22_07_2026_CANONICAL.xlsx / REPLACEMENT_COSTS
COA~222016,1219880,Twin Head LED Floodlight - 2 × 20 W,149,https://www.lasoo.com.au/products/kg-group/945777/ultracharge-2x-20w-led-twin-floodlight-outdoor-workflood-light-w-16m-stand
COA~222024,1219879,Twin Head LED Floodlight - 2 × 20 W,149,https://www.lasoo.com.au/products/kg-group/945777/ultracharge-2x-20w-led-twin-floodlight-outdoor-workflood-light-w-16m-stand
COA~222023,1219876,Twin Head LED Floodlight - 2 × 20 W,149,https://www.lasoo.com.au/products/kg-group/945777/ultracharge-2x-20w-led-twin-floodlight-outdoor-workflood-light-w-16m-stand
COA~222007,1219874,Twin Head LED Floodlight - 2 × 20 W,149,https://www.lasoo.com.au/products/kg-group/945777/ultracharge-2x-20w-led-twin-floodlight-outdoor-workflood-light-w-16m-stand
COA~222011,1219869,Twin Head LED Floodlight - 2 × 20 W,149,https://www.lasoo.com.au/products/kg-group/945777/ultracharge-2x-20w-led-twin-floodlight-outdoor-workflood-light-w-16m-stand
COA~222022,1219881,Twin Head LED Floodlight - 2 × 20 W,149,https://www.lasoo.com.au/products/kg-group/945777/ultracharge-2x-20w-led-twin-floodlight-outdoor-workflood-light-w-16m-stand
COA~222017,1219882,Twin Head LED Floodlight - 2 × 20 W,149,https://www.lasoo.com.au/products/kg-group/945777/ultracharge-2x-20w-led-twin-floodlight-outdoor-workflood-light-w-16m-stand
COA~222019,1219885,Twin Head LED Floodlight - 2 × 20 W,149,https://www.lasoo.com.au/products/kg-group/945777/ultracharge-2x-20w-led-twin-floodlight-outdoor-workflood-light-w-16m-stand
COA~222021,1219889,Twin Head LED Floodlight - 2 × 20 W,149,https://www.lasoo.com.au/products/kg-group/945777/ultracharge-2x-20w-led-twin-floodlight-outdoor-workflood-light-w-16m-stand
COA~361698,1219855,Twin Head LED Floodlight - 2 × 20 W,149,https://www.lasoo.com.au/products/kg-group/945777/ultracharge-2x-20w-led-twin-floodlight-outdoor-workflood-light-w-16m-stand
COA~361677,1219846,Twin Head LED Floodlight - 2 × 20 W,149,https://www.lasoo.com.au/products/kg-group/945777/ultracharge-2x-20w-led-twin-floodlight-outdoor-workflood-light-w-16m-stand
COA~361684,1219839,Twin Head LED Floodlight - 2 × 20 W,149,https://www.lasoo.com.au/products/kg-group/945777/ultracharge-2x-20w-led-twin-floodlight-outdoor-workflood-light-w-16m-stand
COA~361694,1219834,Twin Head LED Floodlight - 2 × 20 W,149,https://www.lasoo.com.au/products/kg-group/945777/ultracharge-2x-20w-led-twin-floodlight-outdoor-workflood-light-w-16m-stand
1263600,1263600,"Milwaukee 1,500 lm Magnetic LED Battery Light",328.9,RENTAL_STOCK_22_07_2026_CANONICAL.xlsx / REPLACEMENT_COSTS
1261923,1261923,32 V Light,327.1,https://www.schnap.com.au/compact-led-flood-light-20w-24-32vac-1800lm-ip65-repelec-ver168619.html
1261936,1261936,32 V Light,327.1,https://www.schnap.com.au/compact-led-flood-light-20w-24-32vac-1800lm-ip65-repelec-ver168619.html
1261948,1261948,32 V Light,327.1,https://www.schnap.com.au/compact-led-flood-light-20w-24-32vac-1800lm-ip65-repelec-ver168619.html
1190872,1190872,32 V Light,327.1,https://www.schnap.com.au/compact-led-flood-light-20w-24-32vac-1800lm-ip65-repelec-ver168619.html
1176246,1176246,Fluorescent Lead Light 240 V,92.5,https://www.autolinkparts.com.au/exelite-led-lead-light-240v-12vdc-108-led-800-lume
1208237,1208237,Intrinsically Safe 12 V LED Battery Light,1210.35,https://www.henchman.com.au/XPR_dash_5592GX/Nightstick-Intrinsically-Safe-Scene-Light-Rechargeable-Green/pd.php
1208232,1208232,Intrinsically Safe 12 V LED Battery Light,1210.35,https://www.henchman.com.au/XPR_dash_5592GX/Nightstick-Intrinsically-Safe-Scene-Light-Rechargeable-Green/pd.php
1230001,1230001,32 V Light,327.1,https://www.schnap.com.au/compact-led-flood-light-20w-24-32vac-1800lm-ip65-repelec-ver168619.html
1257237,1257237,32 V Light,327.1,https://www.schnap.com.au/compact-led-flood-light-20w-24-32vac-1800lm-ip65-repelec-ver168619.html
1270839,1270839,Light Telescopic 4 Head LED 27000lm (3m) - Hybrid,,
1270837,1270837,Light Telescopic 4 Head LED 27000lm (3m) - Hybrid,,
1304744,1304744,Light Telescopic 4 Head LED 27000lm (3m) - Hybrid,,
COA~5629834,1229366,Lighting Tower LED 170-240k Lumens Mine Spec,,
COA~5621716,1229297,Lighting Tower LED 170-240k Lumens Mine Spec,,
COA~5525366,1219222,Lighting Tower POD Metro,,
COA~5525368,1219218,Lighting Tower POD Metro,,
1295773,1295773,Lighting Tower LED 170-240k Lumens Mine Spec,,
1295771,1295771,Lighting Tower LED 170-240k Lumens Mine Spec,,
COA~310432,1226154,Lighting Tower LED Cube Diesel,,
1276086,1276086,Lighting Tower LED Metro,,
1276093,1276093,Lighting Tower LED Metro,,
1281595,1281595,Lighting Tower LED 170-240k Lumens Mine Spec,,
1288659,1288659,Girder Trolley - 1 t,179,https://www.refast.com.au/itm-push-girder-trolley-1-tonne-64-203mm-beam-widt
1288660,1288660,Girder Trolley - 1 t,179,https://www.refast.com.au/itm-push-girder-trolley-1-tonne-64-203mm-beam-widt
1287758,1287758,Girder Trolley - 1 t,179,https://www.refast.com.au/itm-push-girder-trolley-1-tonne-64-203mm-beam-widt
1290420,1290420,Girder Trolley - 3 t,219,https://www.toolex.com.au/products/534106
1290421,1290421,Girder Trolley - 3 t,219,https://www.toolex.com.au/products/534106
1290423,1290423,Girder Trolley - 3 t,219,https://www.toolex.com.au/products/534106
SHACKBWSP3.25-0204,SHACKBWSP3.25-0204,Shackle - Bow - Safety Pin - 3.25 t,8.4,https://www.primesupplies.com.au/product/bow-shackle-3-2t-grade-s-safety-pin/
1267393,1267393,Girder Clamp - 5 t - 90–320 mm,269.5,https://www.toolmart.com.au/garrick-ggc050-girder-clamp-5t
SLINGROUND1T2M-0330,SLINGROUND1T2M-0330,Sling - Round - 1 t - 2 m,6.95,https://www.primesupplies.com.au/product-category/lifting-and-materials-handling/slings/fibre-soft-slings/round-slings/
SLINGROUND1T2M-0331,SLINGROUND1T2M-0331,Sling - Round - 1 t - 2 m,6.95,https://www.primesupplies.com.au/product-category/lifting-and-materials-handling/slings/fibre-soft-slings/round-slings/
SLINGROUND1T2M-0332,SLINGROUND1T2M-0332,Sling - Round - 1 t - 2 m,6.95,https://www.primesupplies.com.au/product-category/lifting-and-materials-handling/slings/fibre-soft-slings/round-slings/
SLINGROUND1T2M-0333,SLINGROUND1T2M-0333,Sling - Round - 1 t - 2 m,6.95,https://www.primesupplies.com.au/product-category/lifting-and-materials-handling/slings/fibre-soft-slings/round-slings/
SLINGROUND1T1M-0390,SLINGROUND1T1M-0390,Sling - Round - 1 t - 1 m,3.45,https://www.primesupplies.com.au/product-category/lifting-and-materials-handling/slings/fibre-soft-slings/round-slings/
SLINGROUND1T1M-0391,SLINGROUND1T1M-0391,Sling - Round - 1 t - 1 m,3.45,https://www.primesupplies.com.au/product-category/lifting-and-materials-handling/slings/fibre-soft-slings/round-slings/
SLINGROUND1T1M-0392,SLINGROUND1T1M-0392,Sling - Round - 1 t - 1 m,3.45,https://www.primesupplies.com.au/product-category/lifting-and-materials-handling/slings/fibre-soft-slings/round-slings/
SLINGROUND1T1M-0393,SLINGROUND1T1M-0393,Sling - Round - 1 t - 1 m,3.45,https://www.primesupplies.com.au/product-category/lifting-and-materials-handling/slings/fibre-soft-slings/round-slings/
SLINGROUND1T1M-0394,SLINGROUND1T1M-0394,Sling - Round - 1 t - 1 m,3.45,https://www.primesupplies.com.au/product-category/lifting-and-materials-handling/slings/fibre-soft-slings/round-slings/
SLINGROUND1T1M-0395,SLINGROUND1T1M-0395,Sling - Round - 1 t - 1 m,3.45,https://www.primesupplies.com.au/product-category/lifting-and-materials-handling/slings/fibre-soft-slings/round-slings/
SLINGROUND1T1M-0396,SLINGROUND1T1M-0396,Sling - Round - 1 t - 1 m,3.45,https://www.primesupplies.com.au/product-category/lifting-and-materials-handling/slings/fibre-soft-slings/round-slings/
SLINGROUND1T1M-0397,SLINGROUND1T1M-0397,Sling - Round - 1 t - 1 m,3.45,https://www.primesupplies.com.au/product-category/lifting-and-materials-handling/slings/fibre-soft-slings/round-slings/
SLINGROUND1T1M-0398,SLINGROUND1T1M-0398,Sling - Round - 1 t - 1 m,3.45,https://www.primesupplies.com.au/product-category/lifting-and-materials-handling/slings/fibre-soft-slings/round-slings/
SLINGROUND1T1M-0399,SLINGROUND1T1M-0399,Sling - Round - 1 t - 1 m,3.45,https://www.primesupplies.com.au/product-category/lifting-and-materials-handling/slings/fibre-soft-slings/round-slings/
SLINGROUND1T1M-0400,SLINGROUND1T1M-0400,Sling - Round - 1 t - 1 m,3.45,https://www.primesupplies.com.au/product-category/lifting-and-materials-handling/slings/fibre-soft-slings/round-slings/
SLINGROUND1T1M-0401,SLINGROUND1T1M-0401,Sling - Round - 1 t - 1 m,3.45,https://www.primesupplies.com.au/product-category/lifting-and-materials-handling/slings/fibre-soft-slings/round-slings/
SLINGROUND1T1M-0402,SLINGROUND1T1M-0402,Sling - Round - 1 t - 1 m,3.45,https://www.primesupplies.com.au/product-category/lifting-and-materials-handling/slings/fibre-soft-slings/round-slings/
SLINGROUND1T1M-0403,SLINGROUND1T1M-0403,Sling - Round - 1 t - 1 m,3.45,https://www.primesupplies.com.au/product-category/lifting-and-materials-handling/slings/fibre-soft-slings/round-slings/
SLINGROUND1T1M-0404,SLINGROUND1T1M-0404,Sling - Round - 1 t - 1 m,3.45,https://www.primesupplies.com.au/product-category/lifting-and-materials-handling/slings/fibre-soft-slings/round-slings/
SLINGROUND1T1M-0405,SLINGROUND1T1M-0405,Sling - Round - 1 t - 1 m,3.45,https://www.primesupplies.com.au/product-category/lifting-and-materials-handling/slings/fibre-soft-slings/round-slings/
SLINGROUND1T3M-0173,SLINGROUND1T3M-0173,Sling - Round - 1 t - 3 m,9.95,https://www.primesupplies.com.au/product/sling-round-fibre-1t-x-3m/
SLINGROUND2T0.5-0028,SLINGROUND2T0.5-0028,Sling - Round - 2 t - 0.5 m,4.3,https://www.primesupplies.com.au/product/sling-round-fibre-2t-x-0-5m/
SLINGROUND2T0.5-0029,SLINGROUND2T0.5-0029,Sling - Round - 2 t - 0.5 m,4.3,https://www.primesupplies.com.au/product/sling-round-fibre-2t-x-0-5m/
SLINGROUND2T0.5-0030,SLINGROUND2T0.5-0030,Sling - Round - 2 t - 0.5 m,4.3,https://www.primesupplies.com.au/product/sling-round-fibre-2t-x-0-5m/
SLINGROUND2T0.5-0031,SLINGROUND2T0.5-0031,Sling - Round - 2 t - 0.5 m,4.3,https://www.primesupplies.com.au/product/sling-round-fibre-2t-x-0-5m/
SLINGROUND2T0.5-0032,SLINGROUND2T0.5-0032,Sling - Round - 2 t - 0.5 m,4.3,https://www.primesupplies.com.au/product/sling-round-fibre-2t-x-0-5m/
SLINGROUND2T0.5-0033,SLINGROUND2T0.5-0033,Sling - Round - 2 t - 0.5 m,4.3,https://www.primesupplies.com.au/product/sling-round-fibre-2t-x-0-5m/
SLINGROUND2T0.5-0034,SLINGROUND2T0.5-0034,Sling - Round - 2 t - 0.5 m,4.3,https://www.primesupplies.com.au/product/sling-round-fibre-2t-x-0-5m/
SLINGROUND2T0.5-0035,SLINGROUND2T0.5-0035,Sling - Round - 2 t - 0.5 m,4.3,https://www.primesupplies.com.au/product/sling-round-fibre-2t-x-0-5m/
1278323,1278323,Girder Clamp - 1 t,119,https://www.gasweld.com.au/beaver-beaver-girder-clamp-75-230mm-270010y-bea
1278327,1278327,Girder Clamp - 1 t,119,https://www.gasweld.com.au/beaver-beaver-girder-clamp-75-230mm-270010y-bea
1278328,1278328,Girder Clamp - 1 t,119,https://www.gasweld.com.au/beaver-beaver-girder-clamp-75-230mm-270010y-bea
1278330,1278330,Girder Clamp - 1 t,119,https://www.gasweld.com.au/beaver-beaver-girder-clamp-75-230mm-270010y-bea
SLINGROUND1T1.5-0062,SLINGROUND1T1.5-0062,Sling - Round - 1 t - 1.5 m,4.95,https://www.primesupplies.com.au/product-category/lifting-and-materials-handling/slings/fibre-soft-slings/round-slings/
SLINGROUND1T1.5-0063,SLINGROUND1T1.5-0063,Sling - Round - 1 t - 1.5 m,4.95,https://www.primesupplies.com.au/product-category/lifting-and-materials-handling/slings/fibre-soft-slings/round-slings/
SLINGROUND1T1.5-0064,SLINGROUND1T1.5-0064,Sling - Round - 1 t - 1.5 m,4.95,https://www.primesupplies.com.au/product-category/lifting-and-materials-handling/slings/fibre-soft-slings/round-slings/
SLINGROUND1T1.5-0065,SLINGROUND1T1.5-0065,Sling - Round - 1 t - 1.5 m,4.95,https://www.primesupplies.com.au/product-category/lifting-and-materials-handling/slings/fibre-soft-slings/round-slings/
SLINGROUND2T1M-0269,SLINGROUND2T1M-0269,Sling - Round - 2 t - 1 m,6,https://www.primesupplies.com.au/product-category/lifting-and-materials-handling/slings/fibre-soft-slings/round-slings/
SLINGROUND2T1M-0270,SLINGROUND2T1M-0270,Sling - Round - 2 t - 1 m,6,https://www.primesupplies.com.au/product-category/lifting-and-materials-handling/slings/fibre-soft-slings/round-slings/
SLINGROUND2T1M-0271,SLINGROUND2T1M-0271,Sling - Round - 2 t - 1 m,6,https://www.primesupplies.com.au/product-category/lifting-and-materials-handling/slings/fibre-soft-slings/round-slings/
SLINGROUND2T1M-0272,SLINGROUND2T1M-0272,Sling - Round - 2 t - 1 m,6,https://www.primesupplies.com.au/product-category/lifting-and-materials-handling/slings/fibre-soft-slings/round-slings/
SLINGROUND2T1M-0273,SLINGROUND2T1M-0273,Sling - Round - 2 t - 1 m,6,https://www.primesupplies.com.au/product-category/lifting-and-materials-handling/slings/fibre-soft-slings/round-slings/
SLINGROUND2T1M-0274,SLINGROUND2T1M-0274,Sling - Round - 2 t - 1 m,6,https://www.primesupplies.com.au/product-category/lifting-and-materials-handling/slings/fibre-soft-slings/round-slings/
SLINGROUND2T1M-0275,SLINGROUND2T1M-0275,Sling - Round - 2 t - 1 m,6,https://www.primesupplies.com.au/product-category/lifting-and-materials-handling/slings/fibre-soft-slings/round-slings/
SLINGROUND2T1M-0276,SLINGROUND2T1M-0276,Sling - Round - 2 t - 1 m,6,https://www.primesupplies.com.au/product-category/lifting-and-materials-handling/slings/fibre-soft-slings/round-slings/
BOWSHACKALL6 T-0019N,BOWSHACKALL6 T-0019,Shackle - Bow - Alloy - 6 t,16.35,https://www.primesupplies.com.au/product/bow-shackle-6-5t-grade-s/
BOWSHACKALL6 T-0133,BOWSHACKALL6 T-0133,Shackle - Bow - Alloy - 6 t,16.35,https://www.primesupplies.com.au/product/bow-shackle-6-5t-grade-s/
BOWSHACKALL6 T-0134,BOWSHACKALL6 T-0134,Shackle - Bow - Alloy - 6 t,16.35,https://www.primesupplies.com.au/product/bow-shackle-6-5t-grade-s/
BOWSHACKALL6 T-0135,BOWSHACKALL6 T-0135,Shackle - Bow - Alloy - 6 t,16.35,https://www.primesupplies.com.au/product/bow-shackle-6-5t-grade-s/
BOWSHACKALL6 T-0137,BOWSHACKALL6 T-0137,Shackle - Bow - Alloy - 6 t,16.35,https://www.primesupplies.com.au/product/bow-shackle-6-5t-grade-s/
BOWSHACKALL6 T-0138,BOWSHACKALL6 T-0138,Shackle - Bow - Alloy - 6 t,16.35,https://www.primesupplies.com.au/product/bow-shackle-6-5t-grade-s/
BOWSHACKALL6 T-0139,BOWSHACKALL6 T-0139,Shackle - Bow - Alloy - 6 t,16.35,https://www.primesupplies.com.au/product/bow-shackle-6-5t-grade-s/
BOWSHACKALL6 T-0140,BOWSHACKALL6 T-0140,Shackle - Bow - Alloy - 6 t,16.35,https://www.primesupplies.com.au/product/bow-shackle-6-5t-grade-s/
BOWSHACKALL6 T-0141,BOWSHACKALL6 T-0141,Shackle - Bow - Alloy - 6 t,16.35,https://www.primesupplies.com.au/product/bow-shackle-6-5t-grade-s/
BOWSHACKALL6 T-0142,BOWSHACKALL6 T-0142,Shackle - Bow - Alloy - 6 t,16.35,https://www.primesupplies.com.au/product/bow-shackle-6-5t-grade-s/
BOWSHACKALL6 T-0143,BOWSHACKALL6 T-0143,Shackle - Bow - Alloy - 6 t,16.35,https://www.primesupplies.com.au/product/bow-shackle-6-5t-grade-s/
BOWSHACKALL6 T-0144,BOWSHACKALL6 T-0144,Shackle - Bow - Alloy - 6 t,16.35,https://www.primesupplies.com.au/product/bow-shackle-6-5t-grade-s/
BOWSHACKALL6 T-0145,BOWSHACKALL6 T-0145,Shackle - Bow - Alloy - 6 t,16.35,https://www.primesupplies.com.au/product/bow-shackle-6-5t-grade-s/
BOWSHACKALL6 T-0146,BOWSHACKALL6 T-0146,Shackle - Bow - Alloy - 6 t,16.35,https://www.primesupplies.com.au/product/bow-shackle-6-5t-grade-s/
BOWSHACKALL6 T-0147,BOWSHACKALL6 T-0147,Shackle - Bow - Alloy - 6 t,16.35,https://www.primesupplies.com.au/product/bow-shackle-6-5t-grade-s/
BOWSHACKALL6 T-0148,BOWSHACKALL6 T-0148,Shackle - Bow - Alloy - 6 t,16.35,https://www.primesupplies.com.au/product/bow-shackle-6-5t-grade-s/
BOWSHACKALL6 T-0149,BOWSHACKALL6 T-0149,Shackle - Bow - Alloy - 6 t,16.35,https://www.primesupplies.com.au/product/bow-shackle-6-5t-grade-s/
BOWSHACKALL6 T-0150,BOWSHACKALL6 T-0150,Shackle - Bow - Alloy - 6 t,16.35,https://www.primesupplies.com.au/product/bow-shackle-6-5t-grade-s/
BOWSHACKALL6 T-0151,BOWSHACKALL6 T-0151,Shackle - Bow - Alloy - 6 t,16.35,https://www.primesupplies.com.au/product/bow-shackle-6-5t-grade-s/
BOWSHACKALL6 T-0152,BOWSHACKALL6 T-0152,Shackle - Bow - Alloy - 6 t,16.35,https://www.primesupplies.com.au/product/bow-shackle-6-5t-grade-s/
BOWSHACKALL9 T-0078,BOWSHACKALL9 T-0078,Shackle - Bow - Alloy - 9 t,36.2,https://www.primesupplies.com.au/product/bow-shackle-9-5t-grade-s/
BOWSHACKALL9 T-0085,BOWSHACKALL9 T-0085,Shackle - Bow - Alloy - 9 t,36.2,https://www.primesupplies.com.au/product/bow-shackle-9-5t-grade-s/
1211192,1211192,Girder Clamp - 1 t,119,https://www.gasweld.com.au/beaver-beaver-girder-clamp-75-230mm-270010y-bea
BOWSHACKAL3.25T-0663,BOWSHACKAL3.25T-0663,Shackle - Bow - Alloy - 3.25 t,6.7,https://www.primesupplies.com.au/product/bow-shackle-3-2t-grade-s/
BOWSHACKAL3.25T-0664,BOWSHACKAL3.25T-0664,Shackle - Bow - Alloy - 3.25 t,6.7,https://www.primesupplies.com.au/product/bow-shackle-3-2t-grade-s/
BOWSHACKAL3.25T-0665,BOWSHACKAL3.25T-0665,Shackle - Bow - Alloy - 3.25 t,6.7,https://www.primesupplies.com.au/product/bow-shackle-3-2t-grade-s/
BOWSHACKAL3.25T-0666,BOWSHACKAL3.25T-0666,Shackle - Bow - Alloy - 3.25 t,6.7,https://www.primesupplies.com.au/product/bow-shackle-3-2t-grade-s/
BOWSHACKAL3.25T-0667,BOWSHACKAL3.25T-0667,Shackle - Bow - Alloy - 3.25 t,6.7,https://www.primesupplies.com.au/product/bow-shackle-3-2t-grade-s/
BOWSHACKAL3.25T-0668,BOWSHACKAL3.25T-0668,Shackle - Bow - Alloy - 3.25 t,6.7,https://www.primesupplies.com.au/product/bow-shackle-3-2t-grade-s/
BOWSHACKAL3.25T-0653,BOWSHACKAL3.25T-0653,Shackle - Bow - Alloy - 3.25 t,6.7,https://www.primesupplies.com.au/product/bow-shackle-3-2t-grade-s/
BOWSHACKAL3.25T-0654,BOWSHACKAL3.25T-0654,Shackle - Bow - Alloy - 3.25 t,6.7,https://www.primesupplies.com.au/product/bow-shackle-3-2t-grade-s/
BOWSHACKAL3.25T-0655,BOWSHACKAL3.25T-0655,Shackle - Bow - Alloy - 3.25 t,6.7,https://www.primesupplies.com.au/product/bow-shackle-3-2t-grade-s/
BOWSHACKAL3.25T-0656,BOWSHACKAL3.25T-0656,Shackle - Bow - Alloy - 3.25 t,6.7,https://www.primesupplies.com.au/product/bow-shackle-3-2t-grade-s/
BOWSHACKAL3.25T-0657,BOWSHACKAL3.25T-0657,Shackle - Bow - Alloy - 3.25 t,6.7,https://www.primesupplies.com.au/product/bow-shackle-3-2t-grade-s/
BOWSHACKAL3.25T-0659,BOWSHACKAL3.25T-0659,Shackle - Bow - Alloy - 3.25 t,6.7,https://www.primesupplies.com.au/product/bow-shackle-3-2t-grade-s/
BOWSHACKAL3.25T-0660,BOWSHACKAL3.25T-0660,Shackle - Bow - Alloy - 3.25 t,6.7,https://www.primesupplies.com.au/product/bow-shackle-3-2t-grade-s/
BOWSHACKALL12T-0020,BOWSHACKALL12T-0020,Shackle - Bow - Alloy - 12 t,45.75,https://www.primesupplies.com.au/product/bow-shackle-12t-grade-s/
BOWSHACKALL12T-0021,BOWSHACKALL12T-0021,Shackle - Bow - Alloy - 12 t,45.75,https://www.primesupplies.com.au/product/bow-shackle-12t-grade-s/
BOWSHACKALL12T-0023,BOWSHACKALL12T-0023,Shackle - Bow - Alloy - 12 t,45.75,https://www.primesupplies.com.au/product/bow-shackle-12t-grade-s/
BOWSHACKALL1 T-0027N,BOWSHACKALL1 T-0044,Shackle - Bow - Alloy - 1 t,2.95,https://www.primesupplies.com.au/product-category/lifting-and-materials-handling/shackles/
BOWSHACKALL1 T-0024N,BOWSHACKALL1 T-0045,Shackle - Bow - Alloy - 1 t,2.95,https://www.primesupplies.com.au/product-category/lifting-and-materials-handling/shackles/
BOWSHACKALL1 T-0020N,BOWSHACKALL1 T-0046,Shackle - Bow - Alloy - 1 t,2.95,https://www.primesupplies.com.au/product-category/lifting-and-materials-handling/shackles/
BOWSHACKALL1 T-0026N,BOWSHACKALL1 T-0047,Shackle - Bow - Alloy - 1 t,2.95,https://www.primesupplies.com.au/product-category/lifting-and-materials-handling/shackles/
BOWSHACKALL1 T-0004N,BOWSHACKALL1 T-0048,Shackle - Bow - Alloy - 1 t,2.95,https://www.primesupplies.com.au/product-category/lifting-and-materials-handling/shackles/
BOWSHACKALL1 T-0005N,BOWSHACKALL1 T-0049,Shackle - Bow - Alloy - 1 t,2.95,https://www.primesupplies.com.au/product-category/lifting-and-materials-handling/shackles/
BOWSHACKALL1 T-0021N,BOWSHACKALL1 T-0051,Shackle - Bow - Alloy - 1 t,2.95,https://www.primesupplies.com.au/product-category/lifting-and-materials-handling/shackles/
BOWSHACKALL1 T-0007N,BOWSHACKALL1 T-0052,Shackle - Bow - Alloy - 1 t,2.95,https://www.primesupplies.com.au/product-category/lifting-and-materials-handling/shackles/
BOWSHACKALL1 T-0009N,BOWSHACKALL1 T-0053,Shackle - Bow - Alloy - 1 t,2.95,https://www.primesupplies.com.au/product-category/lifting-and-materials-handling/shackles/
BOWSHACKALL1 T-0018N,BOWSHACKALL1 T-0054,Shackle - Bow - Alloy - 1 t,2.95,https://www.primesupplies.com.au/product-category/lifting-and-materials-handling/shackles/
BOWSHACKALL1 T-0022N,BOWSHACKALL1 T-0055,Shackle - Bow - Alloy - 1 t,2.95,https://www.primesupplies.com.au/product-category/lifting-and-materials-handling/shackles/
BOWSHACKALL1 T-0023N,BOWSHACKALL1 T-0056,Shackle - Bow - Alloy - 1 t,2.95,https://www.primesupplies.com.au/product-category/lifting-and-materials-handling/shackles/
BOWSHACKALL1 T-0003N,BOWSHACKALL1 T-0057,Shackle - Bow - Alloy - 1 t,2.95,https://www.primesupplies.com.au/product-category/lifting-and-materials-handling/shackles/
BOWSHACKALL1 T-0028N,BOWSHACKALL1 T-0058,Shackle - Bow - Alloy - 1 t,2.95,https://www.primesupplies.com.au/product-category/lifting-and-materials-handling/shackles/
BOWSHACKALL1 T-0025N,BOWSHACKALL1 T-0060,Shackle - Bow - Alloy - 1 t,2.95,https://www.primesupplies.com.au/product-category/lifting-and-materials-handling/shackles/
BOWSHACKALL1 T-0040N,BOWSHACKALL1 T-0061,Shackle - Bow - Alloy - 1 t,2.95,https://www.primesupplies.com.au/product-category/lifting-and-materials-handling/shackles/
BOWSHACKALL1 T-0038N,BOWSHACKALL1 T-0062,Shackle - Bow - Alloy - 1 t,2.95,https://www.primesupplies.com.au/product-category/lifting-and-materials-handling/shackles/
BOWSHACKALL1 T-0039N,BOWSHACKALL1 T-0063,Shackle - Bow - Alloy - 1 t,2.95,https://www.primesupplies.com.au/product-category/lifting-and-materials-handling/shackles/
BOWSHACKALL1 T-0037N,BOWSHACKALL1 T-0064,Shackle - Bow - Alloy - 1 t,2.95,https://www.primesupplies.com.au/product-category/lifting-and-materials-handling/shackles/
BOWSHACKALL1 T-0035N,BOWSHACKALL1 T-0065,Shackle - Bow - Alloy - 1 t,2.95,https://www.primesupplies.com.au/product-category/lifting-and-materials-handling/shackles/
BOWSHACKALL1 T-0034N,BOWSHACKALL1 T-0066,Shackle - Bow - Alloy - 1 t,2.95,https://www.primesupplies.com.au/product-category/lifting-and-materials-handling/shackles/
BOWSHACKALL1 T-0036N,BOWSHACKALL1 T-0067,Shackle - Bow - Alloy - 1 t,2.95,https://www.primesupplies.com.au/product-category/lifting-and-materials-handling/shackles/
BOWSHACKALL1 T-0032N,BOWSHACKALL1 T-0068,Shackle - Bow - Alloy - 1 t,2.95,https://www.primesupplies.com.au/product-category/lifting-and-materials-handling/shackles/
BOWSHACKALL1 T-0031N,BOWSHACKALL1 T-0069,Shackle - Bow - Alloy - 1 t,2.95,https://www.primesupplies.com.au/product-category/lifting-and-materials-handling/shackles/
BOWSHACKALL1 T-0033N,BOWSHACKALL1 T-0070,Shackle - Bow - Alloy - 1 t,2.95,https://www.primesupplies.com.au/product-category/lifting-and-materials-handling/shackles/
BOWSHACKALL1 T-0071,BOWSHACKALL1 T-0071,Shackle - Bow - Alloy - 1 t,2.95,https://www.primesupplies.com.au/product-category/lifting-and-materials-handling/shackles/
BOWSHACKALL1 T-0072,BOWSHACKALL1 T-0072,Shackle - Bow - Alloy - 1 t,2.95,https://www.primesupplies.com.au/product-category/lifting-and-materials-handling/shackles/
BOWSHACKALL1 T-0073,BOWSHACKALL1 T-0073,Shackle - Bow - Alloy - 1 t,2.95,https://www.primesupplies.com.au/product-category/lifting-and-materials-handling/shackles/
BOWSHACKALL1 T-0075,BOWSHACKALL1 T-0075,Shackle - Bow - Alloy - 1 t,2.95,https://www.primesupplies.com.au/product-category/lifting-and-materials-handling/shackles/
BOWSHACKALL1 T-0076,BOWSHACKALL1 T-0076,Shackle - Bow - Alloy - 1 t,2.95,https://www.primesupplies.com.au/product-category/lifting-and-materials-handling/shackles/
BOWSHACKALL1 T-0077,BOWSHACKALL1 T-0077,Shackle - Bow - Alloy - 1 t,2.95,https://www.primesupplies.com.au/product-category/lifting-and-materials-handling/shackles/
BOWSHACKALL1 T-0078,BOWSHACKALL1 T-0078,Shackle - Bow - Alloy - 1 t,2.95,https://www.primesupplies.com.au/product-category/lifting-and-materials-handling/shackles/
BOWSHACKALL1 T-0079,BOWSHACKALL1 T-0079,Shackle - Bow - Alloy - 1 t,2.95,https://www.primesupplies.com.au/product-category/lifting-and-materials-handling/shackles/
BOWSHACKALL1 T-0080,BOWSHACKALL1 T-0080,Shackle - Bow - Alloy - 1 t,2.95,https://www.primesupplies.com.au/product-category/lifting-and-materials-handling/shackles/
BOWSHACKALL1 T-0081,BOWSHACKALL1 T-0081,Shackle - Bow - Alloy - 1 t,2.95,https://www.primesupplies.com.au/product-category/lifting-and-materials-handling/shackles/
BOWSHACKALL1 T-0082,BOWSHACKALL1 T-0082,Shackle - Bow - Alloy - 1 t,2.95,https://www.primesupplies.com.au/product-category/lifting-and-materials-handling/shackles/
BOWSHACKALL1 T-0083,BOWSHACKALL1 T-0083,Shackle - Bow - Alloy - 1 t,2.95,https://www.primesupplies.com.au/product-category/lifting-and-materials-handling/shackles/
BOWSHACKALL2 T-0211,BOWSHACKALL2 T-0211,Shackle - Bow - Alloy - 2 t,4.4,https://www.primesupplies.com.au/product-category/lifting-and-materials-handling/shackles/
BOWSHACKALL2 T-0212,BOWSHACKALL2 T-0212,Shackle - Bow - Alloy - 2 t,4.4,https://www.primesupplies.com.au/product-category/lifting-and-materials-handling/shackles/
BOWSHACKALL2 T-0213,BOWSHACKALL2 T-0213,Shackle - Bow - Alloy - 2 t,4.4,https://www.primesupplies.com.au/product-category/lifting-and-materials-handling/shackles/
BOWSHACKALL2 T-0214,BOWSHACKALL2 T-0214,Shackle - Bow - Alloy - 2 t,4.4,https://www.primesupplies.com.au/product-category/lifting-and-materials-handling/shackles/
BOWSHACKALL2 T-0215,BOWSHACKALL2 T-0215,Shackle - Bow - Alloy - 2 t,4.4,https://www.primesupplies.com.au/product-category/lifting-and-materials-handling/shackles/
BOWSHACKALL2 T-0216,BOWSHACKALL2 T-0216,Shackle - Bow - Alloy - 2 t,4.4,https://www.primesupplies.com.au/product-category/lifting-and-materials-handling/shackles/
BOWSHACKALL2 T-0217,BOWSHACKALL2 T-0217,Shackle - Bow - Alloy - 2 t,4.4,https://www.primesupplies.com.au/product-category/lifting-and-materials-handling/shackles/
BOWSHACKALL2 T-0218,BOWSHACKALL2 T-0218,Shackle - Bow - Alloy - 2 t,4.4,https://www.primesupplies.com.au/product-category/lifting-and-materials-handling/shackles/
BOWSHACKALL2 T-0219,BOWSHACKALL2 T-0219,Shackle - Bow - Alloy - 2 t,4.4,https://www.primesupplies.com.au/product-category/lifting-and-materials-handling/shackles/
BOWSHACKALL2 T-0220,BOWSHACKALL2 T-0220,Shackle - Bow - Alloy - 2 t,4.4,https://www.primesupplies.com.au/product-category/lifting-and-materials-handling/shackles/
BOWSHACKALL2 T-0221,BOWSHACKALL2 T-0221,Shackle - Bow - Alloy - 2 t,4.4,https://www.primesupplies.com.au/product-category/lifting-and-materials-handling/shackles/
BOWSHACKALL2 T-0222,BOWSHACKALL2 T-0222,Shackle - Bow - Alloy - 2 t,4.4,https://www.primesupplies.com.au/product-category/lifting-and-materials-handling/shackles/
BOWSHACKALL2 T-0223,BOWSHACKALL2 T-0223,Shackle - Bow - Alloy - 2 t,4.4,https://www.primesupplies.com.au/product-category/lifting-and-materials-handling/shackles/
BOWSHACKALL2 T-0224,BOWSHACKALL2 T-0224,Shackle - Bow - Alloy - 2 t,4.4,https://www.primesupplies.com.au/product-category/lifting-and-materials-handling/shackles/
BOWSHACKALL2 T-0225,BOWSHACKALL2 T-0225,Shackle - Bow - Alloy - 2 t,4.4,https://www.primesupplies.com.au/product-category/lifting-and-materials-handling/shackles/
BOWSHACKALL2 T-0226,BOWSHACKALL2 T-0226,Shackle - Bow - Alloy - 2 t,4.4,https://www.primesupplies.com.au/product-category/lifting-and-materials-handling/shackles/
BOWSHACKALL2 T-0227,BOWSHACKALL2 T-0227,Shackle - Bow - Alloy - 2 t,4.4,https://www.primesupplies.com.au/product-category/lifting-and-materials-handling/shackles/
BOWSHACKALL2 T-0228,BOWSHACKALL2 T-0228,Shackle - Bow - Alloy - 2 t,4.4,https://www.primesupplies.com.au/product-category/lifting-and-materials-handling/shackles/
BOWSHACKALL2 T-0229,BOWSHACKALL2 T-0229,Shackle - Bow - Alloy - 2 t,4.4,https://www.primesupplies.com.au/product-category/lifting-and-materials-handling/shackles/
BOWSHACKALL2 T-0230,BOWSHACKALL2 T-0230,Shackle - Bow - Alloy - 2 t,4.4,https://www.primesupplies.com.au/product-category/lifting-and-materials-handling/shackles/
BOWSHACKALL2 T-0231,BOWSHACKALL2 T-0231,Shackle - Bow - Alloy - 2 t,4.4,https://www.primesupplies.com.au/product-category/lifting-and-materials-handling/shackles/
BOWSHACKALL2 T-0232,BOWSHACKALL2 T-0232,Shackle - Bow - Alloy - 2 t,4.4,https://www.primesupplies.com.au/product-category/lifting-and-materials-handling/shackles/
BOWSHACKALL2 T-0233,BOWSHACKALL2 T-0233,Shackle - Bow - Alloy - 2 t,4.4,https://www.primesupplies.com.au/product-category/lifting-and-materials-handling/shackles/
BOWSHACKALL2 T-0234,BOWSHACKALL2 T-0234,Shackle - Bow - Alloy - 2 t,4.4,https://www.primesupplies.com.au/product-category/lifting-and-materials-handling/shackles/
BOWSHACKALL2 T-0235,BOWSHACKALL2 T-0235,Shackle - Bow - Alloy - 2 t,4.4,https://www.primesupplies.com.au/product-category/lifting-and-materials-handling/shackles/
BOWSHACKALL2 T-0236,BOWSHACKALL2 T-0236,Shackle - Bow - Alloy - 2 t,4.4,https://www.primesupplies.com.au/product-category/lifting-and-materials-handling/shackles/
BOWSHACKALL2 T-0237,BOWSHACKALL2 T-0237,Shackle - Bow - Alloy - 2 t,4.4,https://www.primesupplies.com.au/product-category/lifting-and-materials-handling/shackles/
BOWSHACKALL2 T-0238,BOWSHACKALL2 T-0238,Shackle - Bow - Alloy - 2 t,4.4,https://www.primesupplies.com.au/product-category/lifting-and-materials-handling/shackles/
BOWSHACKALL2 T-0239,BOWSHACKALL2 T-0239,Shackle - Bow - Alloy - 2 t,4.4,https://www.primesupplies.com.au/product-category/lifting-and-materials-handling/shackles/
BOWSHACKALL2 T-0240,BOWSHACKALL2 T-0240,Shackle - Bow - Alloy - 2 t,4.4,https://www.primesupplies.com.au/product-category/lifting-and-materials-handling/shackles/
BOWSHACKALL2 T-0241,BOWSHACKALL2 T-0241,Shackle - Bow - Alloy - 2 t,4.4,https://www.primesupplies.com.au/product-category/lifting-and-materials-handling/shackles/
BOWSHACKALL2 T-0242,BOWSHACKALL2 T-0242,Shackle - Bow - Alloy - 2 t,4.4,https://www.primesupplies.com.au/product-category/lifting-and-materials-handling/shackles/
BOWSHACKALL2 T-0243,BOWSHACKALL2 T-0243,Shackle - Bow - Alloy - 2 t,4.4,https://www.primesupplies.com.au/product-category/lifting-and-materials-handling/shackles/
BOWSHACKALL2 T-0244,BOWSHACKALL2 T-0244,Shackle - Bow - Alloy - 2 t,4.4,https://www.primesupplies.com.au/product-category/lifting-and-materials-handling/shackles/
BOWSHACKALL2 T-0245,BOWSHACKALL2 T-0245,Shackle - Bow - Alloy - 2 t,4.4,https://www.primesupplies.com.au/product-category/lifting-and-materials-handling/shackles/
BOWSHACKALL2 T-0246,BOWSHACKALL2 T-0246,Shackle - Bow - Alloy - 2 t,4.4,https://www.primesupplies.com.au/product-category/lifting-and-materials-handling/shackles/
BOWSHACKALL2 T-0247,BOWSHACKALL2 T-0247,Shackle - Bow - Alloy - 2 t,4.4,https://www.primesupplies.com.au/product-category/lifting-and-materials-handling/shackles/
BOWSHACKALL2 T-0248,BOWSHACKALL2 T-0248,Shackle - Bow - Alloy - 2 t,4.4,https://www.primesupplies.com.au/product-category/lifting-and-materials-handling/shackles/
BOWSHACKALL2 T-0249,BOWSHACKALL2 T-0249,Shackle - Bow - Alloy - 2 t,4.4,https://www.primesupplies.com.au/product-category/lifting-and-materials-handling/shackles/
BOWSHACKALL2 T-0250,BOWSHACKALL2 T-0250,Shackle - Bow - Alloy - 2 t,4.4,https://www.primesupplies.com.au/product-category/lifting-and-materials-handling/shackles/
BOWSHACKALL2 T-0251,BOWSHACKALL2 T-0251,Shackle - Bow - Alloy - 2 t,4.4,https://www.primesupplies.com.au/product-category/lifting-and-materials-handling/shackles/
BOWSHACKALL2 T-0252,BOWSHACKALL2 T-0252,Shackle - Bow - Alloy - 2 t,4.4,https://www.primesupplies.com.au/product-category/lifting-and-materials-handling/shackles/
BOWSHACKALL2 T-0253,BOWSHACKALL2 T-0253,Shackle - Bow - Alloy - 2 t,4.4,https://www.primesupplies.com.au/product-category/lifting-and-materials-handling/shackles/
BOWSHACKALL2 T-0254,BOWSHACKALL2 T-0254,Shackle - Bow - Alloy - 2 t,4.4,https://www.primesupplies.com.au/product-category/lifting-and-materials-handling/shackles/
BOWSHACKALL2 T-0255,BOWSHACKALL2 T-0255,Shackle - Bow - Alloy - 2 t,4.4,https://www.primesupplies.com.au/product-category/lifting-and-materials-handling/shackles/
BOWSHACKALL2 T-0256,BOWSHACKALL2 T-0256,Shackle - Bow - Alloy - 2 t,4.4,https://www.primesupplies.com.au/product-category/lifting-and-materials-handling/shackles/
BOWSHACKALL2 T-0257,BOWSHACKALL2 T-0257,Shackle - Bow - Alloy - 2 t,4.4,https://www.primesupplies.com.au/product-category/lifting-and-materials-handling/shackles/
BOWSHACKALL2 T-0258,BOWSHACKALL2 T-0258,Shackle - Bow - Alloy - 2 t,4.4,https://www.primesupplies.com.au/product-category/lifting-and-materials-handling/shackles/
BOWSHACKALL2 T-0259,BOWSHACKALL2 T-0259,Shackle - Bow - Alloy - 2 t,4.4,https://www.primesupplies.com.au/product-category/lifting-and-materials-handling/shackles/
BOWSHACKALL4 T-0088,BOWSHACKALL4 T-0088,Shackle - Bow - Alloy - 4 t,11,https://www.primesupplies.com.au/product-category/lifting-and-materials-handling/shackles/
BOWSHACKALL4 T-0089,BOWSHACKALL4 T-0089,Shackle - Bow - Alloy - 4 t,11,https://www.primesupplies.com.au/product-category/lifting-and-materials-handling/shackles/
BOWSHACKALL4 T-0090,BOWSHACKALL4 T-0090,Shackle - Bow - Alloy - 4 t,11,https://www.primesupplies.com.au/product-category/lifting-and-materials-handling/shackles/
BOWSHACKALL4 T-0091,BOWSHACKALL4 T-0091,Shackle - Bow - Alloy - 4 t,11,https://www.primesupplies.com.au/product-category/lifting-and-materials-handling/shackles/
BOWSHACKALL4 T-0092,BOWSHACKALL4 T-0092,Shackle - Bow - Alloy - 4 t,11,https://www.primesupplies.com.au/product-category/lifting-and-materials-handling/shackles/
BOWSHACKALL4 T-0080,BOWSHACKALL4 T-0080,Shackle - Bow - Alloy - 4 t,11,https://www.primesupplies.com.au/product-category/lifting-and-materials-handling/shackles/
BOWSHACKALL8 T-0080,BOWSHACKALL8 T-0080,Shackle - Bow - Alloy - 8 t,24.15,https://www.primesupplies.com.au/product/bow-shackle-8-5t-grade-s/
BOWSHACKALL8 T-0061,BOWSHACKALL8 T-0061,Shackle - Bow - Alloy - 8 t,24.15,https://www.primesupplies.com.au/product/bow-shackle-8-5t-grade-s/
BOWSHACKALL8 T-0064,BOWSHACKALL8 T-0064,Shackle - Bow - Alloy - 8 t,24.15,https://www.primesupplies.com.au/product/bow-shackle-8-5t-grade-s/
BOWSHACKALL8 T-0065,BOWSHACKALL8 T-0065,Shackle - Bow - Alloy - 8 t,24.15,https://www.primesupplies.com.au/product/bow-shackle-8-5t-grade-s/
BOWSHACKALL8 T-0067,BOWSHACKALL8 T-0067,Shackle - Bow - Alloy - 8 t,24.15,https://www.primesupplies.com.au/product/bow-shackle-8-5t-grade-s/
BOWSHACKALL8 T-0068,BOWSHACKALL8 T-0068,Shackle - Bow - Alloy - 8 t,24.15,https://www.primesupplies.com.au/product/bow-shackle-8-5t-grade-s/
BOWSHACKALL8 T-0069,BOWSHACKALL8 T-0069,Shackle - Bow - Alloy - 8 t,24.15,https://www.primesupplies.com.au/product/bow-shackle-8-5t-grade-s/
BOWSHACKALL8 T-0070,BOWSHACKALL8 T-0070,Shackle - Bow - Alloy - 8 t,24.15,https://www.primesupplies.com.au/product/bow-shackle-8-5t-grade-s/
BOWSHACKALL8 T-0071,BOWSHACKALL8 T-0071,Shackle - Bow - Alloy - 8 t,24.15,https://www.primesupplies.com.au/product/bow-shackle-8-5t-grade-s/
1268760,1268760,Girder Clamp - 1 t - 75–220 mm,119,https://www.gasweld.com.au/beaver-beaver-girder-clamp-75-230mm-270010y-bea
COA~463882,1115202,Girder Clamp - 3 t,215,https://www.totaltools.com.au/210114-ozblok-3-tonne-girder-clamp-gcoz030
COA~463896,1115201,Girder Clamp - 3 t,215,https://www.totaltools.com.au/210114-ozblok-3-tonne-girder-clamp-gcoz030
1229549,1229549,Conveyor 240V 4M,,
RUBCHUTEFRAME-0030,RUBCHUTEFRAME-0030,Rubbish Chute Frame,,
RUBCHUTEFRAME-0031,RUBCHUTEFRAME-0031,Rubbish Chute Frame,,
RUBCHUTEFRAME-0032,RUBCHUTEFRAME-0032,Rubbish Chute Frame,,
RUBCHUTEFRAME-0033,RUBCHUTEFRAME-0033,Rubbish Chute Frame,,
RUBCHUTEFRAME-0034,RUBCHUTEFRAME-0034,Rubbish Chute Frame,,
RUBCHUTEFRAME-0035,RUBCHUTEFRAME-0035,Rubbish Chute Frame,,
RUBCHUTEFRAME-0036,RUBCHUTEFRAME-0036,Rubbish Chute Frame,,
RUBCHUTEFRAME-0037,RUBCHUTEFRAME-0037,Rubbish Chute Frame,,
RUBCHUTE1M-0327,RUBCHUTE1M-0327,Rubbish Chute 1M,,
RUBCHUTE1M-0328,RUBCHUTE1M-0328,Rubbish Chute 1M,,
RUBCHUTE1M-0329,RUBCHUTE1M-0329,Rubbish Chute 1M,,
RUBCHUTE1M-0330,RUBCHUTE1M-0330,Rubbish Chute 1M,,
RUBCHUTE1M-0331,RUBCHUTE1M-0331,Rubbish Chute 1M,,
RUBCHUTE1M-0332,RUBCHUTE1M-0332,Rubbish Chute 1M,,
RUBCHUTE1M-0333,RUBCHUTE1M-0333,Rubbish Chute 1M,,
RUBCHUTE1M-0334,RUBCHUTE1M-0334,Rubbish Chute 1M,,
RUBCHUTE1M-0335,RUBCHUTE1M-0335,Rubbish Chute 1M,,
RUBCHUTE1M-0336,RUBCHUTE1M-0336,Rubbish Chute 1M,,
RUBCHUTE1M-0337,RUBCHUTE1M-0337,Rubbish Chute 1M,,
RUBCHUTE1M-0338,RUBCHUTE1M-0338,Rubbish Chute 1M,,
RUBCHUTE1M-0339,RUBCHUTE1M-0339,Rubbish Chute 1M,,
RUBCHUTE1M-0340,RUBCHUTE1M-0340,Rubbish Chute 1M,,
RUBCHUTE1M-0341,RUBCHUTE1M-0341,Rubbish Chute 1M,,
RUBCHUTE1M-0342,RUBCHUTE1M-0342,Rubbish Chute 1M,,
RUBCHUTE1M-0343,RUBCHUTE1M-0343,Rubbish Chute 1M,,
RUBCHUTE1M-0344,RUBCHUTE1M-0344,Rubbish Chute 1M,,
RUBCHUTE1M-0345,RUBCHUTE1M-0345,Rubbish Chute 1M,,
RUBCHUTE1M-0346,RUBCHUTE1M-0346,Rubbish Chute 1M,,
RUBCHUTE1M-0347,RUBCHUTE1M-0347,Rubbish Chute 1M,,
RUBCHUTE1M-0348,RUBCHUTE1M-0348,Rubbish Chute 1M,,
RUBCHUTE1M-0349,RUBCHUTE1M-0349,Rubbish Chute 1M,,
RUBCHUTE1M-0350,RUBCHUTE1M-0350,Rubbish Chute 1M,,
RUBCHUTE1M-0351,RUBCHUTE1M-0351,Rubbish Chute 1M,,
RUBCHUTE1M-0352,RUBCHUTE1M-0352,Rubbish Chute 1M,,
RUBCHUTE1M-0353,RUBCHUTE1M-0353,Rubbish Chute 1M,,
RUBCHUTE1M-0354,RUBCHUTE1M-0354,Rubbish Chute 1M,,
RUBCHUTE1M-0355,RUBCHUTE1M-0355,Rubbish Chute 1M,,
RUBCHUTE1M-0356,RUBCHUTE1M-0356,Rubbish Chute 1M,,
RUBCHUTE1M-0357,RUBCHUTE1M-0357,Rubbish Chute 1M,,
RUBCHUTE1M-0358,RUBCHUTE1M-0358,Rubbish Chute 1M,,
RUBCHUTE1M-0359,RUBCHUTE1M-0359,Rubbish Chute 1M,,
RUBCHUTE1M-0360,RUBCHUTE1M-0360,Rubbish Chute 1M,,
RUBCHUTE1M-0361,RUBCHUTE1M-0361,Rubbish Chute 1M,,
RUBCHUTE1M-0362,RUBCHUTE1M-0362,Rubbish Chute 1M,,
RUBCHUTE1M-0363,RUBCHUTE1M-0363,Rubbish Chute 1M,,
RUBCHUTE1M-0364,RUBCHUTE1M-0364,Rubbish Chute 1M,,
RUBCHUTE1M-0365,RUBCHUTE1M-0365,Rubbish Chute 1M,,
RUBCHUTE1M-0366,RUBCHUTE1M-0366,Rubbish Chute 1M,,
RUBCHUTE1M-0367,RUBCHUTE1M-0367,Rubbish Chute 1M,,
RUBCHUTE1M-0368,RUBCHUTE1M-0368,Rubbish Chute 1M,,
RUBCHUTE1M-0369,RUBCHUTE1M-0369,Rubbish Chute 1M,,
RUBCHUTE1M-0370,RUBCHUTE1M-0370,Rubbish Chute 1M,,
RUBCHUTE1M-0371,RUBCHUTE1M-0371,Rubbish Chute 1M,,
RUBCHUTE1M-0372,RUBCHUTE1M-0372,Rubbish Chute 1M,,
RUBCHUTE1M-0373,RUBCHUTE1M-0373,Rubbish Chute 1M,,
RUBCHUTE1M-0374,RUBCHUTE1M-0374,Rubbish Chute 1M,,
RUBCHUTE1M-0375,RUBCHUTE1M-0375,Rubbish Chute 1M,,
RUBCHUTE1M-0376,RUBCHUTE1M-0376,Rubbish Chute 1M,,
RUBCHUTE1M-0377,RUBCHUTE1M-0377,Rubbish Chute 1M,,
RUBCHUTE1M-0378,RUBCHUTE1M-0378,Rubbish Chute 1M,,
RUBCHUTE1M-0379,RUBCHUTE1M-0379,Rubbish Chute 1M,,
RUBCHUTE1M-0380,RUBCHUTE1M-0380,Rubbish Chute 1M,,
RUBCHUTE1M-0381,RUBCHUTE1M-0381,Rubbish Chute 1M,,
RUBCHUTE1M-0382,RUBCHUTE1M-0382,Rubbish Chute 1M,,
RUBCHUTE1M-0383,RUBCHUTE1M-0383,Rubbish Chute 1M,,
RUBCHUTE1M-0384,RUBCHUTE1M-0384,Rubbish Chute 1M,,
RUBCHUTE1M-0385,RUBCHUTE1M-0385,Rubbish Chute 1M,,
RUBCHUTE1M-0386,RUBCHUTE1M-0386,Rubbish Chute 1M,,
RUBCHUTE1M-0387,RUBCHUTE1M-0387,Rubbish Chute 1M,,
RUBCHUTE1M-0388,RUBCHUTE1M-0388,Rubbish Chute 1M,,
RUBCHUTE1M-0389,RUBCHUTE1M-0389,Rubbish Chute 1M,,
RUBCHUTE1M-0390,RUBCHUTE1M-0390,Rubbish Chute 1M,,
RUBCHUTE1M-0391,RUBCHUTE1M-0391,Rubbish Chute 1M,,
RUBCHUTE1M-0392,RUBCHUTE1M-0392,Rubbish Chute 1M,,
RUBCHUTE1M-0393,RUBCHUTE1M-0393,Rubbish Chute 1M,,
RUBCHUTE1M-0394,RUBCHUTE1M-0394,Rubbish Chute 1M,,
RUBCHUTE1M-0395,RUBCHUTE1M-0395,Rubbish Chute 1M,,
RUBCHUTE1M-0396,RUBCHUTE1M-0396,Rubbish Chute 1M,,
RUBCHUTETOPHOPP-0031,RUBCHUTETOPHOPP-0031,Rubbish Chute Top Hopper,,
RUBCHUTETOPHOPP-0032,RUBCHUTETOPHOPP-0032,Rubbish Chute Top Hopper,,
RUBCHUTETOPHOPP-0033,RUBCHUTETOPHOPP-0033,Rubbish Chute Top Hopper,,
RUBCHUTETOPHOPP-0034,RUBCHUTETOPHOPP-0034,Rubbish Chute Top Hopper,,
RUBCHUTETOPHOPP-0035,RUBCHUTETOPHOPP-0035,Rubbish Chute Top Hopper,,
RUBCHUTETOPHOPP-0036,RUBCHUTETOPHOPP-0036,Rubbish Chute Top Hopper,,
RUBCHUTETOPHOPP-0037,RUBCHUTETOPHOPP-0037,Rubbish Chute Top Hopper,,
RUBCHUTETOPHOPP-0038,RUBCHUTETOPHOPP-0038,Rubbish Chute Top Hopper,,
1285575,1285575,Hydraulic Cylinder Pump Single Acting Electric,4787,https://www.primesupplies.com.au/product/pump-electric-hyd-enerpac-puj1200e/
1292440,1292440,Hydraulic Torque Pump - Electric 240 V - TQ700E,26126.85,https://www.raptorsupplies.com.au/pd/enerpac/tq700e
1302549,1302549,Hydraulic Cylinder Pump Single Acting Electric,4787,https://www.primesupplies.com.au/product/pump-electric-hyd-enerpac-puj1200e/
COA~264651,1258492,Hydraulic Cylinder - General Purpose Cylinder - 10 t - 105 mm Stroke,831,https://www.primesupplies.com.au/product/cylinder-ram-10t-x-4-stroke-enerpac/
COA~264762,1258598,Hydraulic Cylinder Pump - Hand Pump 2 Speed - P80,1481,https://www.primesupplies.com.au/product/hand-pump-steel-enerpac-p80/
COA~264779,1258586,Hydraulic Cylinder - Low Height Cylinder - 20 t - 45 mm Stroke,986,https://www.primesupplies.com.au/product/cylinder-ram-20t-low-height-enerpac/
COA~264781,1258585,Hydraulic Cylinder - Low Height Cylinder - 20 t - 45 mm Stroke,986,https://www.primesupplies.com.au/product/cylinder-ram-20t-low-height-enerpac/
COA~465797,1237841,Hydraulic Cylinder Pump - Hand Pump 2 Speed - P80,1481,https://www.primesupplies.com.au/product/hand-pump-steel-enerpac-p80/
COA~462721,201688,Hydraulic Cylinder - General Purpose Cylinder 25 t,1262,https://www.primesupplies.com.au/product/cylinder-ram-25t-x-2-stroke-enerpac/
COA~499743,203826,Hydraulic Cylinder - Flat Jack Cylinder - 90 t - 16 mm Stroke,3707,https://waltan.com.au/product/hydraulic-cylinder-single-acting-extra-low-height-90-ton-16-mm-stroke-length-rsm-1000-flat-jac-enerpac/
COA~176056,1076756,Hydraulic Cylinder - General Purpose Cylinder 25 t,1262,https://www.primesupplies.com.au/product/cylinder-ram-25t-x-2-stroke-enerpac/
1239398,1239398,Hydraulic Cylinder - General Purpose Cylinder - 10 t - 203 mm Stroke,1083,https://www.primesupplies.com.au/product/cylinder-ram-10t-x-8-stroke-enerpac/
1239385,1239385,Hydraulic Cylinder - General Purpose Cylinder - 10 t - 203 mm Stroke,1083,https://www.primesupplies.com.au/product/cylinder-ram-10t-x-8-stroke-enerpac/
COA~176046,460876,Hydraulic Cylinder - General Purpose Cylinder - 10 t - 105 mm Stroke,831,https://www.primesupplies.com.au/product/cylinder-ram-10t-x-4-stroke-enerpac/
COA~462433,460273,Hydraulic Cylinder - General Purpose Cylinder - 10 t - 105 mm Stroke,831,https://www.primesupplies.com.au/product/cylinder-ram-10t-x-4-stroke-enerpac/
COA~265996,463834,Hydraulic Cylinder - Low Height Cylinder 20 t,986,https://www.primesupplies.com.au/product/cylinder-ram-20t-low-height-enerpac/
COA~264685,1258627,Load Holding Valve - V66,373,https://www.primesupplies.com.au/product/check-valve-manually-operated-with-built-in-relief-valve-enerpac/
COA~264783,1258582,Hydraulic Cylinder - Low Height Cylinder - 10 t - 38 mm Stroke,746,https://www.primesupplies.com.au/product/cylinder-ram-10t-low-height-enerpac/
COA~264812,1258606,Hydraulic Wedge Cylinder 0.75 t,772,https://www.primesupplies.com.au/product/wedge-hydraulic-1t-wr-5-enerpac/
COA~264785,1258523,Hydraulic Cylinder - General Purpose Cylinder 10 t,309,https://www.primesupplies.com.au/product/cylinder-ram-10t-x-1-stroke-enerpac/
COA~385533,1258499,Hydraulic Cylinder - General Purpose Cylinder 10 t,309,https://www.primesupplies.com.au/product/cylinder-ram-10t-x-1-stroke-enerpac/
COA~264644,1258592,Hydraulic Cylinder - Low Height Cylinder - 45 t - 60 mm Stroke,1199,https://www.primesupplies.com.au/product/50t-single-acting-ram-pancake-style-60mm-stroke/
COA~264645,1258587,Hydraulic Cylinder - Low Height Cylinder - 30 t - 62 mm Stroke,1156,https://www.primesupplies.com.au/product/cylinder-ram-30t-x-2-stroke-low-height-enerpac/
COA~5155659,1118370,Hydraulic Cylinder Pump - Electric 240 V - Zu4408je,9000,https://www.primesupplies.com.au/product/electric-hydraulic-pump-standard-3-3-manual-valve-with-pendant-enerpac/
COA~265786,402585,Hydraulic Cylinder - 10 t,309,https://www.primesupplies.com.au/product/cylinder-ram-10t-x-1-stroke-enerpac/
COA~226051,460590,Hydraulic Cylinder - 20 t,986,https://www.primesupplies.com.au/product/cylinder-ram-20t-low-height-enerpac/
COA~265692,1198347,Hydraulic Cylinder Pump - Hand Pump 2 Speed - P80,1481,https://www.primesupplies.com.au/product/hand-pump-steel-enerpac-p80/
COA~265776,1198334,Hydraulic Cylinder Pump - Hand Pump 2 Speed - P80,1481,https://www.primesupplies.com.au/product/hand-pump-steel-enerpac-p80/
COA~5137271,1120272,Hydraulic Cylinder - Flat Jack Cylinder - 90 t - 16 mm Stroke,3707,https://waltan.com.au/product/hydraulic-cylinder-single-acting-extra-low-height-90-ton-16-mm-stroke-length-rsm-1000-flat-jac-enerpac/
COA~5135788,1250580,Hydraulic Cylinder - General Purpose Cylinder - 10 t - 257 mm Stroke,1171,https://www.primesupplies.com.au/product/cylinder-ram-10t-x-10-stroke-enerpac/
COA~332607,403072,Hydraulic Cylinder - Low Height Cylinder - 10 t - 38 mm Stroke,746,https://www.primesupplies.com.au/product/cylinder-ram-10t-low-height-enerpac/
COA~5067823,872448,Hydraulic Cylinder - Flat Jack Cylinder - 30 t - 13 mm Stroke,1374,https://www.primesupplies.com.au/product/cylinder-ram-30t-low-height-enerpac/
COA~463735,872468,Hydraulic Cylinder - Flat Jack Cylinder - 30 t - 13 mm Stroke,1374,https://www.primesupplies.com.au/product/cylinder-ram-30t-low-height-enerpac/
COA~5352771,1246368,Hydraulic Cylinder - Pancake Cylinder - 100 t - 50 mm Stroke,8279.49,https://www.atom.com.au/cylinder-hydraulic-aluminium-double-acting-50mm-stroke-100t-enerpac
COA~5352768,1246367,Hydraulic Cylinder - Pancake Cylinder - 100 t - 50 mm Stroke,8279.49,https://www.atom.com.au/cylinder-hydraulic-aluminium-double-acting-50mm-stroke-100t-enerpac
COA~196125,460819,Hydraulic Cylinder - 10 t,309,https://www.primesupplies.com.au/product/cylinder-ram-10t-x-1-stroke-enerpac/
COA~60593,306054,Hydraulic Cylinder - Low Height Cylinder - 45 t - 60 mm Stroke,1199,https://www.primesupplies.com.au/product/50t-single-acting-ram-pancake-style-60mm-stroke/
COA~5135119,1120363,Hydraulic Cylinder - Low Height Cylinder - 90 t - 57 mm Stroke,5090.83,https://www.raptorsupplies.com.au/pd/enerpac/rcs-1002
COA~5135117,1120360,Hydraulic Cylinder - Low Height Cylinder - 90 t - 57 mm Stroke,5090.83,https://www.raptorsupplies.com.au/pd/enerpac/rcs-1002
COA~5155283,1120347,Hydraulic Cylinder - Low Height Cylinder - 45 t - 60 mm Stroke,1199,https://www.primesupplies.com.au/product/50t-single-acting-ram-pancake-style-60mm-stroke/
HOSESHYDRAULIC-0273,HOSESHYDRAULIC-0273,Hydraulic Hoses,487,https://www.primesupplies.com.au/product/hose-hydraulic-3-8-nptf-ch604-x-1-8m-with-burst-protection-enerpac/
HOSESHYDRAULIC-0274,HOSESHYDRAULIC-0274,Hydraulic Hoses,487,https://www.primesupplies.com.au/product/hose-hydraulic-3-8-nptf-ch604-x-1-8m-with-burst-protection-enerpac/
HOSESHYDRAULIC-0275,HOSESHYDRAULIC-0275,Hydraulic Hoses,487,https://www.primesupplies.com.au/product/hose-hydraulic-3-8-nptf-ch604-x-1-8m-with-burst-protection-enerpac/
HOSESHYDRAULIC-0276,HOSESHYDRAULIC-0276,Hydraulic Hoses,487,https://www.primesupplies.com.au/product/hose-hydraulic-3-8-nptf-ch604-x-1-8m-with-burst-protection-enerpac/
HOSESHYDRAULIC-0277,HOSESHYDRAULIC-0277,Hydraulic Hoses,487,https://www.primesupplies.com.au/product/hose-hydraulic-3-8-nptf-ch604-x-1-8m-with-burst-protection-enerpac/
HOSESHYDRAULIC-0278,HOSESHYDRAULIC-0278,Hydraulic Hoses,487,https://www.primesupplies.com.au/product/hose-hydraulic-3-8-nptf-ch604-x-1-8m-with-burst-protection-enerpac/
HOSESHYDRAULIC-0267,HOSESHYDRAULIC-0267,Hydraulic Hoses,487,https://www.primesupplies.com.au/product/hose-hydraulic-3-8-nptf-ch604-x-1-8m-with-burst-protection-enerpac/
HOSESHYDRAULIC-0271,HOSESHYDRAULIC-0271,Hydraulic Hoses,487,https://www.primesupplies.com.au/product/hose-hydraulic-3-8-nptf-ch604-x-1-8m-with-burst-protection-enerpac/
HOSESHYDRAULIC-0272,HOSESHYDRAULIC-0272,Hydraulic Hoses,487,https://www.primesupplies.com.au/product/hose-hydraulic-3-8-nptf-ch604-x-1-8m-with-burst-protection-enerpac/
HOSESHYDRAULIC-0270,HOSESHYDRAULIC-0270,Hydraulic Hoses,487,https://www.primesupplies.com.au/product/hose-hydraulic-3-8-nptf-ch604-x-1-8m-with-burst-protection-enerpac/
HOSESHYDRAULIC-0269,HOSESHYDRAULIC-0269,Hydraulic Hoses,487,https://www.primesupplies.com.au/product/hose-hydraulic-3-8-nptf-ch604-x-1-8m-with-burst-protection-enerpac/
HOSESHYDRAULIC-0266,HOSESHYDRAULIC-0266,Hydraulic Hoses,487,https://www.primesupplies.com.au/product/hose-hydraulic-3-8-nptf-ch604-x-1-8m-with-burst-protection-enerpac/
HOSESHYDRAULIC-0268,HOSESHYDRAULIC-0268,Hydraulic Hoses,487,https://www.primesupplies.com.au/product/hose-hydraulic-3-8-nptf-ch604-x-1-8m-with-burst-protection-enerpac/
HOSESHYDRAULIC-0242,HOSESHYDRAULIC-0242,Hydraulic Hoses,487,https://www.primesupplies.com.au/product/hose-hydraulic-3-8-nptf-ch604-x-1-8m-with-burst-protection-enerpac/
HOSESHYDRAULIC-0218,HOSESHYDRAULIC-0218,Hydraulic Hoses,487,https://www.primesupplies.com.au/product/hose-hydraulic-3-8-nptf-ch604-x-1-8m-with-burst-protection-enerpac/
COA~5135857,1249608,Hydraulic Cylinder - General Purpose Cylinder - 10 t - 257 mm Stroke,1171,https://www.primesupplies.com.au/product/cylinder-ram-10t-x-10-stroke-enerpac/
COA~5258947,1214759,Hydraulic Cylinder - Pancake Cylinder - 100 t - 50 mm Stroke,8279.49,https://www.atom.com.au/cylinder-hydraulic-aluminium-double-acting-50mm-stroke-100t-enerpac
COA~264763,1258503,Hydraulic Cylinder - General Purpose Cylinder - 25 t - 102 mm Stroke,1619.75,https://au.rs-online.com/web/p/high-pressure-hydraulic-cylinders/7502711
COA~264655,1258501,Hydraulic Cylinder - General Purpose Cylinder - 25 t - 102 mm Stroke,1619.75,https://au.rs-online.com/web/p/high-pressure-hydraulic-cylinders/7502711
1277796,1277796,Chain Block - Air Operated - 2 t - 10 m Drop,18000,https://www.machines4u.com.au/view/advert/NIPPON-NPK-RHL-1000-Air-Powered-Pneumatic-Chain-Hoist-1000kg-Winch/1125533/
COA~265519,1158285,Chain Block - Air Operated - 1 t - 10 m Drop,11000,https://www.machines4u.com.au/view/advert/NIPPON-NPK-RHL-1000-Air-Powered-Pneumatic-Chain-Hoist-1000kg-Winch/1125533/
COA~5054539,1158307,Chain Block - Air Operated - 2 t,16000,https://www.machines4u.com.au/view/advert/NIPPON-NPK-RHL-1000-Air-Powered-Pneumatic-Chain-Hoist-1000kg-Winch/1125533/
COA~5358721,1125370,Chain Block - Air Operated - 6 t - 15 m Drop,32000,https://www.gumtree.com.au/web/listing/power-tools/1332015798
COA~181819,1000244,Chain Block - Air Operated - 6 t - 15 m Drop,32000,https://www.gumtree.com.au/web/listing/power-tools/1332015798
1258162,1258162,Chain Block - Manual - 1 t - 3 m Drop,235.25,https://www.colliermiller.com.au/be503103-manual-chain-block-1t-x-3m-beaver-3s-series-violet-standard-lift-3m
1258168,1258168,Chain Block - Manual - 1 t - 3 m Drop,235.25,https://www.colliermiller.com.au/be503103-manual-chain-block-1t-x-3m-beaver-3s-series-violet-standard-lift-3m
1258164,1258164,Chain Block - Manual - 1 t - 3 m Drop,235.25,https://www.colliermiller.com.au/be503103-manual-chain-block-1t-x-3m-beaver-3s-series-violet-standard-lift-3m
1258163,1258163,Chain Block - Manual - 1 t - 3 m Drop,235.25,https://www.colliermiller.com.au/be503103-manual-chain-block-1t-x-3m-beaver-3s-series-violet-standard-lift-3m
COA~446162,1016353,Chain Block - Manual - 5 t - 3 m Drop,609,https://www.gasweld.com.au/chain-block-5-tonne-3-meter-503503-bea
1177419,1177419,Chain Block - Manual - 1 t - 3 m Drop,235.25,https://www.colliermiller.com.au/be503103-manual-chain-block-1t-x-3m-beaver-3s-series-violet-standard-lift-3m
1177417,1177417,Chain Block - Manual - 1 t - 3 m Drop,235.25,https://www.colliermiller.com.au/be503103-manual-chain-block-1t-x-3m-beaver-3s-series-violet-standard-lift-3m
1177414,1177414,Chain Block - Manual - 1 t - 3 m Drop,235.25,https://www.colliermiller.com.au/be503103-manual-chain-block-1t-x-3m-beaver-3s-series-violet-standard-lift-3m
1178757,1178757,Chain Block - Manual - 1 t - 6 m Drop,249,https://www.discounttrader.com.au/product/beaver-503106-3s-industrial-manual-chain-block-violet-1000kg-6m/
1178758,1178758,Chain Block - Manual - 1 t - 6 m Drop,249,https://www.discounttrader.com.au/product/beaver-503106-3s-industrial-manual-chain-block-violet-1000kg-6m/
COA~5357440,1178759,Chain Block - Manual - 1 t - 6 m Drop,249,https://www.discounttrader.com.au/product/beaver-503106-3s-industrial-manual-chain-block-violet-1000kg-6m/
1178760,1178760,Chain Block - Manual - 1 t - 6 m Drop,249,https://www.discounttrader.com.au/product/beaver-503106-3s-industrial-manual-chain-block-violet-1000kg-6m/
1178762,1178762,Chain Block - Manual - 1 t - 6 m Drop,249,https://www.discounttrader.com.au/product/beaver-503106-3s-industrial-manual-chain-block-violet-1000kg-6m/
1178788,1178788,Chain Block - Manual - 5 t - 6 m Drop,883,https://www.totaltools.com.au/114317-beaver-3s-industrial-manual-chain-block-red-503506
1177482,1177482,Chain Block - Manual - 5 t - 6 m Drop,883,https://www.totaltools.com.au/114317-beaver-3s-industrial-manual-chain-block-red-503506
COA~5370557,1177484,Chain Block - Manual - 5 t - 6 m Drop,883,https://www.totaltools.com.au/114317-beaver-3s-industrial-manual-chain-block-red-503506
215933,215933,Chain Block - Manual - 3 t - 3 m Drop,399,https://www.discounttrader.com.au/product/beaver-503303-3s-industrial-manual-chain-block-yellow-3000kg-3m/
1263991,1263991,Chain Block - Manual - 3 t - 3 m Drop,399,https://www.discounttrader.com.au/product/beaver-503303-3s-industrial-manual-chain-block-yellow-3000kg-3m/
1161648,1161648,Chain Block - Manual - 3 t - 3 m Drop,399,https://www.discounttrader.com.au/product/beaver-503303-3s-industrial-manual-chain-block-yellow-3000kg-3m/
COA~5137722,463358,Chain Block - Manual - 5 t - 3 m Drop,609,https://www.gasweld.com.au/chain-block-5-tonne-3-meter-503503-bea
COA~5483904,1235752,Chain Block - Manual - 2 t - 6 m Drop,399,https://www.totaltools.com.au/114313-beaver-3s-industrial-manual-chain-block-2000kg-6m-503206
COA~5483903,1235754,Chain Block - Manual - 2 t - 6 m Drop,399,https://www.totaltools.com.au/114313-beaver-3s-industrial-manual-chain-block-2000kg-6m-503206
COA~5483902,1235750,Chain Block - Manual - 2 t - 6 m Drop,399,https://www.totaltools.com.au/114313-beaver-3s-industrial-manual-chain-block-2000kg-6m-503206
COA~5483905,1235755,Chain Block - Manual - 2 t - 6 m Drop,399,https://www.totaltools.com.au/114313-beaver-3s-industrial-manual-chain-block-2000kg-6m-503206
1268750,1268750,Chain Block - Manual - 3 t - 3 m Drop,399,https://www.discounttrader.com.au/product/beaver-503303-3s-industrial-manual-chain-block-yellow-3000kg-3m/
COA~182280,1014037,Chain Block - Manual - 10 t - 6 m Drop,1399,https://www.gasweld.com.au/garrick-herbert-gcbll1006-industrial-chain-block-load-limited-10t-6m
COA~158344,1013884,Chain Block - Manual - 10 t - 6 m Drop,1399,https://www.gasweld.com.au/garrick-herbert-gcbll1006-industrial-chain-block-load-limited-10t-6m
1268625,1268625,Chain Block - Manual - 2 t - 6 m Drop,399,https://www.totaltools.com.au/114313-beaver-3s-industrial-manual-chain-block-2000kg-6m-503206
1178768,1178768,Chain Block - Manual - 1 t - 6 m Drop,249,https://www.discounttrader.com.au/product/beaver-503106-3s-industrial-manual-chain-block-violet-1000kg-6m/
1178765,1178765,Chain Block - Manual - 1 t - 6 m Drop,249,https://www.discounttrader.com.au/product/beaver-503106-3s-industrial-manual-chain-block-violet-1000kg-6m/
COA~5374943,1161663,Chain Block - Manual - 5 t - 3 m Drop,609,https://www.gasweld.com.au/chain-block-5-tonne-3-meter-503503-bea
COA~5658974,1267303,Chain Block - Manual - 5 t - 6 m Drop,883,https://www.totaltools.com.au/114317-beaver-3s-industrial-manual-chain-block-red-503506
COA~5658975,1267304,Chain Block - Manual - 5 t - 6 m Drop,883,https://www.totaltools.com.au/114317-beaver-3s-industrial-manual-chain-block-red-503506
1177448,1177448,Chain Block - Manual - 1 t - 6 m Drop,249,https://www.discounttrader.com.au/product/beaver-503106-3s-industrial-manual-chain-block-violet-1000kg-6m/
1177445,1177445,Chain Block - Manual - 1 t - 6 m Drop,249,https://www.discounttrader.com.au/product/beaver-503106-3s-industrial-manual-chain-block-violet-1000kg-6m/
1177444,1177444,Chain Block - Manual - 1 t - 6 m Drop,249,https://www.discounttrader.com.au/product/beaver-503106-3s-industrial-manual-chain-block-violet-1000kg-6m/
1177440,1177440,Chain Block - Manual - 1 t - 6 m Drop,249,https://www.discounttrader.com.au/product/beaver-503106-3s-industrial-manual-chain-block-violet-1000kg-6m/
1177439,1177439,Chain Block - Manual - 1 t - 6 m Drop,249,https://www.discounttrader.com.au/product/beaver-503106-3s-industrial-manual-chain-block-violet-1000kg-6m/
COA~5258927,1177438,Chain Block - Manual - 1 t - 6 m Drop,249,https://www.discounttrader.com.au/product/beaver-503106-3s-industrial-manual-chain-block-violet-1000kg-6m/
1177437,1177437,Chain Block - Manual - 1 t - 6 m Drop,249,https://www.discounttrader.com.au/product/beaver-503106-3s-industrial-manual-chain-block-violet-1000kg-6m/
COA~5357441,1177433,Chain Block - Manual - 1 t - 6 m Drop,249,https://www.discounttrader.com.au/product/beaver-503106-3s-industrial-manual-chain-block-violet-1000kg-6m/
COA~158342,874304,Chain Block - Manual - 10 t - 6 m Drop,1399,https://www.gasweld.com.au/garrick-herbert-gcbll1006-industrial-chain-block-load-limited-10t-6m
1240445,1240445,Chain Block - Manual - 1 t - 3 m Drop,235.25,https://www.colliermiller.com.au/be503103-manual-chain-block-1t-x-3m-beaver-3s-series-violet-standard-lift-3m
1240448,1240448,Chain Block - Manual - 1 t - 3 m Drop,235.25,https://www.colliermiller.com.au/be503103-manual-chain-block-1t-x-3m-beaver-3s-series-violet-standard-lift-3m
1240449,1240449,Chain Block - Manual - 1 t - 3 m Drop,235.25,https://www.colliermiller.com.au/be503103-manual-chain-block-1t-x-3m-beaver-3s-series-violet-standard-lift-3m
1240452,1240452,Chain Block - Manual - 1 t - 3 m Drop,235.25,https://www.colliermiller.com.au/be503103-manual-chain-block-1t-x-3m-beaver-3s-series-violet-standard-lift-3m
1240454,1240454,Chain Block - Manual - 1 t - 3 m Drop,235.25,https://www.colliermiller.com.au/be503103-manual-chain-block-1t-x-3m-beaver-3s-series-violet-standard-lift-3m
1240458,1240458,Chain Block - Manual - 1 t - 3 m Drop,235.25,https://www.colliermiller.com.au/be503103-manual-chain-block-1t-x-3m-beaver-3s-series-violet-standard-lift-3m
1240465,1240465,Chain Block - Manual - 1 t - 3 m Drop,235.25,https://www.colliermiller.com.au/be503103-manual-chain-block-1t-x-3m-beaver-3s-series-violet-standard-lift-3m
1240456,1240456,Chain Block - Manual - 1 t - 3 m Drop,235.25,https://www.colliermiller.com.au/be503103-manual-chain-block-1t-x-3m-beaver-3s-series-violet-standard-lift-3m
1146879,1146879,Chain Block - Manual - 1 t - 3 m Drop,235.25,https://www.colliermiller.com.au/be503103-manual-chain-block-1t-x-3m-beaver-3s-series-violet-standard-lift-3m
1253825,1253825,Chain Block - Manual - 3 t - 3 m Drop,399,https://www.discounttrader.com.au/product/beaver-503303-3s-industrial-manual-chain-block-yellow-3000kg-3m/
1253819,1253819,Chain Block - Manual - 3 t - 3 m Drop,399,https://www.discounttrader.com.au/product/beaver-503303-3s-industrial-manual-chain-block-yellow-3000kg-3m/
1259508,1259508,Chain Block - Manual - 3 t - 3 m Drop,399,https://www.discounttrader.com.au/product/beaver-503303-3s-industrial-manual-chain-block-yellow-3000kg-3m/
1252545,1252545,Chain Block - Manual - 1 t - 6 m Drop,249,https://www.discounttrader.com.au/product/beaver-503106-3s-industrial-manual-chain-block-violet-1000kg-6m/
1252546,1252546,Chain Block - Manual - 1 t - 6 m Drop,249,https://www.discounttrader.com.au/product/beaver-503106-3s-industrial-manual-chain-block-violet-1000kg-6m/
1252547,1252547,Chain Block - Manual - 1 t - 6 m Drop,249,https://www.discounttrader.com.au/product/beaver-503106-3s-industrial-manual-chain-block-violet-1000kg-6m/
1252554,1252554,Chain Block - Manual - 1 t - 6 m Drop,249,https://www.discounttrader.com.au/product/beaver-503106-3s-industrial-manual-chain-block-violet-1000kg-6m/
1252538,1252538,Chain Block - Manual - 1 t - 6 m Drop,249,https://www.discounttrader.com.au/product/beaver-503106-3s-industrial-manual-chain-block-violet-1000kg-6m/
1252560,1252560,Chain Block - Manual - 1 t - 6 m Drop,249,https://www.discounttrader.com.au/product/beaver-503106-3s-industrial-manual-chain-block-violet-1000kg-6m/
1252562,1252562,Chain Block - Manual - 1 t - 6 m Drop,249,https://www.discounttrader.com.au/product/beaver-503106-3s-industrial-manual-chain-block-violet-1000kg-6m/
1252565,1252565,Chain Block - Manual - 1 t - 6 m Drop,249,https://www.discounttrader.com.au/product/beaver-503106-3s-industrial-manual-chain-block-violet-1000kg-6m/
1252540,1252540,Chain Block - Manual - 1 t - 6 m Drop,249,https://www.discounttrader.com.au/product/beaver-503106-3s-industrial-manual-chain-block-violet-1000kg-6m/
1252513,1252513,Chain Block - Manual - 1 t - 6 m Drop,249,https://www.discounttrader.com.au/product/beaver-503106-3s-industrial-manual-chain-block-violet-1000kg-6m/
1252515,1252515,Chain Block - Manual - 1 t - 6 m Drop,249,https://www.discounttrader.com.au/product/beaver-503106-3s-industrial-manual-chain-block-violet-1000kg-6m/
1252490,1252490,Chain Block - Manual - 1 t - 6 m Drop,249,https://www.discounttrader.com.au/product/beaver-503106-3s-industrial-manual-chain-block-violet-1000kg-6m/
1252533,1252533,Chain Block - Manual - 1 t - 6 m Drop,249,https://www.discounttrader.com.au/product/beaver-503106-3s-industrial-manual-chain-block-violet-1000kg-6m/
1252514,1252514,Chain Block - Manual - 1 t - 6 m Drop,249,https://www.discounttrader.com.au/product/beaver-503106-3s-industrial-manual-chain-block-violet-1000kg-6m/
1252531,1252531,Chain Block - Manual - 1 t - 6 m Drop,249,https://www.discounttrader.com.au/product/beaver-503106-3s-industrial-manual-chain-block-violet-1000kg-6m/
1253872,1253872,Chain Block - Manual - 3 t - 6 m Drop,567,https://www.totaltools.com.au/114315-beaver-3s-industrial-manual-chain-block-3000kg-6m-503306
1252609,1252609,Chain Block - Manual - 1 t - 3 m Drop,235.25,https://www.colliermiller.com.au/be503103-manual-chain-block-1t-x-3m-beaver-3s-series-violet-standard-lift-3m
1252567,1252567,Chain Block - Manual - 1 t - 3 m Drop,235.25,https://www.colliermiller.com.au/be503103-manual-chain-block-1t-x-3m-beaver-3s-series-violet-standard-lift-3m
1252626,1252626,Chain Block - Manual - 1 t - 3 m Drop,235.25,https://www.colliermiller.com.au/be503103-manual-chain-block-1t-x-3m-beaver-3s-series-violet-standard-lift-3m
COA~182279,874274,Chain Block - Manual - 10 t - 6 m Drop,1399,https://www.gasweld.com.au/garrick-herbert-gcbll1006-industrial-chain-block-load-limited-10t-6m
1163544,1163544,Chain Block - Manual - 1 t - 3 m Drop,235.25,https://www.colliermiller.com.au/be503103-manual-chain-block-1t-x-3m-beaver-3s-series-violet-standard-lift-3m
1163548,1163548,Chain Block - Manual - 1 t - 3 m Drop,235.25,https://www.colliermiller.com.au/be503103-manual-chain-block-1t-x-3m-beaver-3s-series-violet-standard-lift-3m
1163554,1163554,Chain Block - Manual - 1 t - 3 m Drop,235.25,https://www.colliermiller.com.au/be503103-manual-chain-block-1t-x-3m-beaver-3s-series-violet-standard-lift-3m
1253811,1253811,Chain Block - Manual - 2 t - 6 m Drop,399,https://www.totaltools.com.au/114313-beaver-3s-industrial-manual-chain-block-2000kg-6m-503206
1253892,1253892,Chain Block - Manual - 3 t - 6 m Drop,567,https://www.totaltools.com.au/114315-beaver-3s-industrial-manual-chain-block-3000kg-6m-503306
1282085,1282085,Chain Block - Manual - 2 t - 6 m Drop,399,https://www.totaltools.com.au/114313-beaver-3s-industrial-manual-chain-block-2000kg-6m-503206
1284899,1284899,Chain Block - Manual - 2 t - 6 m Drop,399,https://www.totaltools.com.au/114313-beaver-3s-industrial-manual-chain-block-2000kg-6m-503206
1282089,1282089,Chain Block - Manual - 2 t - 6 m Drop,399,https://www.totaltools.com.au/114313-beaver-3s-industrial-manual-chain-block-2000kg-6m-503206
1282088,1282088,Chain Block - Manual - 2 t - 6 m Drop,399,https://www.totaltools.com.au/114313-beaver-3s-industrial-manual-chain-block-2000kg-6m-503206
1284896,1284896,Chain Block - Manual - 2 t - 6 m Drop,399,https://www.totaltools.com.au/114313-beaver-3s-industrial-manual-chain-block-2000kg-6m-503206
1282116,1282116,Chain Block - Manual - 5 t - 6 m Drop,883,https://www.totaltools.com.au/114317-beaver-3s-industrial-manual-chain-block-red-503506
1282117,1282117,Chain Block - Manual - 5 t - 6 m Drop,883,https://www.totaltools.com.au/114317-beaver-3s-industrial-manual-chain-block-red-503506
1294221,1294221,Chain Block - Manual - 2 t - 6 m Drop,399,https://www.totaltools.com.au/114313-beaver-3s-industrial-manual-chain-block-2000kg-6m-503206
1294027,1294027,3.2 t Lever Block - 1.5 m,439,https://www.discounttrader.com.au/product/beaver-506320-3s-heavy-duty-industrial-manual-lever-block-3200kg-1-5m-yellow/
1296369,1296369,0.5 t Lever Block,229,https://www.discounttrader.com.au/woo-feed-brand/beaver/
1296364,1296364,0.5 t Lever Block,229,https://www.discounttrader.com.au/woo-feed-brand/beaver/
1296385,1296385,0.8 t Lever Block - 1.5 m,188.08,https://aimsindustrial.com.au/austlift-industrial-lever-block-al-4-w-limit-load~469455318
1296392,1296392,0.8 t Lever Block - 1.5 m,188.08,https://aimsindustrial.com.au/austlift-industrial-lever-block-al-4-w-limit-load~469455318
1296394,1296394,0.8 t Lever Block - 1.5 m,188.08,https://aimsindustrial.com.au/austlift-industrial-lever-block-al-4-w-limit-load~469455318
1296391,1296391,0.8 t Lever Block - 1.5 m,188.08,https://aimsindustrial.com.au/austlift-industrial-lever-block-al-4-w-limit-load~469455318
1296384,1296384,0.8 t Lever Block - 1.5 m,188.08,https://aimsindustrial.com.au/austlift-industrial-lever-block-al-4-w-limit-load~469455318
1296379,1296379,0.8 t Lever Block - 1.5 m,188.08,https://aimsindustrial.com.au/austlift-industrial-lever-block-al-4-w-limit-load~469455318
1296376,1296376,0.8 t Lever Block - 1.5 m,188.08,https://aimsindustrial.com.au/austlift-industrial-lever-block-al-4-w-limit-load~469455318
1296383,1296383,0.8 t Lever Block - 1.5 m,188.08,https://aimsindustrial.com.au/austlift-industrial-lever-block-al-4-w-limit-load~469455318
1296403,1296403,6.3 t Lever Block - 1.5 m,524.7,https://www.aceworkwear.com.au/products/lever-block-6-3tx1-5m
1296400,1296400,6.3 t Lever Block - 1.5 m,524.7,https://www.aceworkwear.com.au/products/lever-block-6-3tx1-5m
1296404,1296404,6.3 t Lever Block - 1.5 m,524.7,https://www.aceworkwear.com.au/products/lever-block-6-3tx1-5m
1296405,1296405,6.3 t Lever Block - 1.5 m,524.7,https://www.aceworkwear.com.au/products/lever-block-6-3tx1-5m
1296406,1296406,6.3 t Lever Block - 1.5 m,524.7,https://www.aceworkwear.com.au/products/lever-block-6-3tx1-5m
1296402,1296402,6.3 t Lever Block - 1.5 m,524.7,https://www.aceworkwear.com.au/products/lever-block-6-3tx1-5m
1296401,1296401,6.3 t Lever Block - 1.5 m,524.7,https://www.aceworkwear.com.au/products/lever-block-6-3tx1-5m
1296399,1296399,6.3 t Lever Block - 1.5 m,524.7,https://www.aceworkwear.com.au/products/lever-block-6-3tx1-5m
1296408,1296408,6.3 t Lever Block - 1.5 m,524.7,https://www.aceworkwear.com.au/products/lever-block-6-3tx1-5m
1296397,1296397,6.3 t Lever Block - 1.5 m,524.7,https://www.aceworkwear.com.au/products/lever-block-6-3tx1-5m
1296396,1296396,6.3 t Lever Block - 1.5 m,524.7,https://www.aceworkwear.com.au/products/lever-block-6-3tx1-5m
1296395,1296395,6.3 t Lever Block - 1.5 m,524.7,https://www.aceworkwear.com.au/products/lever-block-6-3tx1-5m
1296407,1296407,6.3 t Lever Block - 1.5 m,524.7,https://www.aceworkwear.com.au/products/lever-block-6-3tx1-5m
1285000,1285000,3.2 t Lever Block - 1.5 m,439,https://www.discounttrader.com.au/product/beaver-506320-3s-heavy-duty-industrial-manual-lever-block-3200kg-1-5m-yellow/
1279017,1279017,1.5 t Lever Block - 1.5 m,289,https://www.refast.com.au/itm-lever-hoist-heavy-duty-1.5-tonne-1.5-meter-lif
1279030,1279030,1.5 t Lever Block - 1.5 m,289,https://www.refast.com.au/itm-lever-hoist-heavy-duty-1.5-tonne-1.5-meter-lif
1279028,1279028,1.5 t Lever Block - 1.5 m,289,https://www.refast.com.au/itm-lever-hoist-heavy-duty-1.5-tonne-1.5-meter-lif
1279026,1279026,1.5 t Lever Block - 1.5 m,289,https://www.refast.com.au/itm-lever-hoist-heavy-duty-1.5-tonne-1.5-meter-lif
1279027,1279027,1.5 t Lever Block - 1.5 m,289,https://www.refast.com.au/itm-lever-hoist-heavy-duty-1.5-tonne-1.5-meter-lif
1279018,1279018,1.5 t Lever Block - 1.5 m,289,https://www.refast.com.au/itm-lever-hoist-heavy-duty-1.5-tonne-1.5-meter-lif
1279031,1279031,1.5 t Lever Block - 1.5 m,289,https://www.refast.com.au/itm-lever-hoist-heavy-duty-1.5-tonne-1.5-meter-lif
1279023,1279023,1.5 t Lever Block - 1.5 m,289,https://www.refast.com.au/itm-lever-hoist-heavy-duty-1.5-tonne-1.5-meter-lif
1274307,1274307,1.5 t Lever Block - 1.5 m,289,https://www.refast.com.au/itm-lever-hoist-heavy-duty-1.5-tonne-1.5-meter-lif
1274306,1274306,1.5 t Lever Block - 1.5 m,289,https://www.refast.com.au/itm-lever-hoist-heavy-duty-1.5-tonne-1.5-meter-lif
1274304,1274304,1.5 t Lever Block - 1.5 m,289,https://www.refast.com.au/itm-lever-hoist-heavy-duty-1.5-tonne-1.5-meter-lif
1274300,1274300,0.8 t Lever Block - 1.5 m,188.08,https://aimsindustrial.com.au/austlift-industrial-lever-block-al-4-w-limit-load~469455318
1274301,1274301,0.8 t Lever Block - 1.5 m,188.08,https://aimsindustrial.com.au/austlift-industrial-lever-block-al-4-w-limit-load~469455318
1274303,1274303,0.8 t Lever Block - 1.5 m,188.08,https://aimsindustrial.com.au/austlift-industrial-lever-block-al-4-w-limit-load~469455318
1284986,1284986,3.2 t Lever Block - 1.5 m,439,https://www.discounttrader.com.au/product/beaver-506320-3s-heavy-duty-industrial-manual-lever-block-3200kg-1-5m-yellow/
1253863,1253863,0.8 t Lever Block - 1.5 m,188.08,https://aimsindustrial.com.au/austlift-industrial-lever-block-al-4-w-limit-load~469455318
1253864,1253864,0.8 t Lever Block - 1.5 m,188.08,https://aimsindustrial.com.au/austlift-industrial-lever-block-al-4-w-limit-load~469455318
1253862,1253862,0.8 t Lever Block - 1.5 m,188.08,https://aimsindustrial.com.au/austlift-industrial-lever-block-al-4-w-limit-load~469455318
1253857,1253857,0.8 t Lever Block - 1.5 m,188.08,https://aimsindustrial.com.au/austlift-industrial-lever-block-al-4-w-limit-load~469455318
COA~322953,1177525,6 t Lever Block,524.7,https://www.aceworkwear.com.au/products/lever-block-6-3tx1-5m
1258180,1258180,0.8 t Lever Block - 1.5 m,188.08,https://aimsindustrial.com.au/austlift-industrial-lever-block-al-4-w-limit-load~469455318
1258178,1258178,0.8 t Lever Block - 1.5 m,188.08,https://aimsindustrial.com.au/austlift-industrial-lever-block-al-4-w-limit-load~469455318
1258182,1258182,0.8 t Lever Block - 1.5 m,188.08,https://aimsindustrial.com.au/austlift-industrial-lever-block-al-4-w-limit-load~469455318
1258184,1258184,0.8 t Lever Block - 1.5 m,188.08,https://aimsindustrial.com.au/austlift-industrial-lever-block-al-4-w-limit-load~469455318
1258185,1258185,0.8 t Lever Block - 1.5 m,188.08,https://aimsindustrial.com.au/austlift-industrial-lever-block-al-4-w-limit-load~469455318
1255479,1255479,3 t Lever Block,245,https://www.bunnings.com.au/gorilla-3000kg-lever-block-with-1-5m-lift_p4211281
1255478,1255478,3 t Lever Block,245,https://www.bunnings.com.au/gorilla-3000kg-lever-block-with-1-5m-lift_p4211281
1255477,1255477,3 t Lever Block,245,https://www.bunnings.com.au/gorilla-3000kg-lever-block-with-1-5m-lift_p4211281
1255480,1255480,3 t Lever Block,245,https://www.bunnings.com.au/gorilla-3000kg-lever-block-with-1-5m-lift_p4211281
1258195,1258195,3 t Lever Block - 1.5 m,245,https://www.bunnings.com.au/gorilla-3000kg-lever-block-with-1-5m-lift_p4211281
1258196,1258196,3 t Lever Block - 1.5 m,245,https://www.bunnings.com.au/gorilla-3000kg-lever-block-with-1-5m-lift_p4211281
1258197,1258197,3 t Lever Block - 1.5 m,245,https://www.bunnings.com.au/gorilla-3000kg-lever-block-with-1-5m-lift_p4211281
1258194,1258194,3 t Lever Block - 1.5 m,245,https://www.bunnings.com.au/gorilla-3000kg-lever-block-with-1-5m-lift_p4211281
1253933,1253933,6 t Lever Block,524.7,https://www.aceworkwear.com.au/products/lever-block-6-3tx1-5m
1148218,1148218,1.5 t Lever Block,289,https://www.refast.com.au/itm-lever-hoist-heavy-duty-1.5-tonne-1.5-meter-lif
COA~243477,1163572,0.75 t Lever Block,125,https://www.bunnings.com.au/gorilla-750kg-lever-block-with-1-5m-lift_p4211278
1177486,1177486,0.75 t Lever Block,125,https://www.bunnings.com.au/gorilla-750kg-lever-block-with-1-5m-lift_p4211278
1059404,1059404,0.75 t Lever Block,125,https://www.bunnings.com.au/gorilla-750kg-lever-block-with-1-5m-lift_p4211278
COA~265494,1178813,3 t Lever Block,245,https://www.bunnings.com.au/gorilla-3000kg-lever-block-with-1-5m-lift_p4211281
1178812,1178812,3 t Lever Block,245,https://www.bunnings.com.au/gorilla-3000kg-lever-block-with-1-5m-lift_p4211281
1178811,1178811,3 t Lever Block,245,https://www.bunnings.com.au/gorilla-3000kg-lever-block-with-1-5m-lift_p4211281
COA~265493,1178810,3 t Lever Block,245,https://www.bunnings.com.au/gorilla-3000kg-lever-block-with-1-5m-lift_p4211281
COA~265233,1178809,3 t Lever Block,245,https://www.bunnings.com.au/gorilla-3000kg-lever-block-with-1-5m-lift_p4211281
1178807,1178807,3 t Lever Block,245,https://www.bunnings.com.au/gorilla-3000kg-lever-block-with-1-5m-lift_p4211281
1178803,1178803,3 t Lever Block,245,https://www.bunnings.com.au/gorilla-3000kg-lever-block-with-1-5m-lift_p4211281
COA~5423350,1161826,0.75 t Lever Block,125,https://www.bunnings.com.au/gorilla-750kg-lever-block-with-1-5m-lift_p4211278
1161835,1161835,0.75 t Lever Block,125,https://www.bunnings.com.au/gorilla-750kg-lever-block-with-1-5m-lift_p4211278
1253896,1253896,1.5 t Lever Block,289,https://www.refast.com.au/itm-lever-hoist-heavy-duty-1.5-tonne-1.5-meter-lif
1253904,1253904,1.5 t Lever Block,289,https://www.refast.com.au/itm-lever-hoist-heavy-duty-1.5-tonne-1.5-meter-lif
COA~462739,200195,0.75 t Lever Block,125,https://www.bunnings.com.au/gorilla-750kg-lever-block-with-1-5m-lift_p4211278
1253912,1253912,1.5 t Lever Block,289,https://www.refast.com.au/itm-lever-hoist-heavy-duty-1.5-tonne-1.5-meter-lif
216039,216039,1.5 t Lever Block,289,https://www.refast.com.au/itm-lever-hoist-heavy-duty-1.5-tonne-1.5-meter-lif
1267764,1267764,0.8 t Lever Block - 1.5 m,188.08,https://aimsindustrial.com.au/austlift-industrial-lever-block-al-4-w-limit-load~469455318
1267766,1267766,0.8 t Lever Block - 1.5 m,188.08,https://aimsindustrial.com.au/austlift-industrial-lever-block-al-4-w-limit-load~469455318
1178794,1178794,1.5 t Lever Block,289,https://www.refast.com.au/itm-lever-hoist-heavy-duty-1.5-tonne-1.5-meter-lif
1178798,1178798,1.5 t Lever Block,289,https://www.refast.com.au/itm-lever-hoist-heavy-duty-1.5-tonne-1.5-meter-lif
1267768,1267768,1.5 t Lever Block - 1.5 m,289,https://www.refast.com.au/itm-lever-hoist-heavy-duty-1.5-tonne-1.5-meter-lif
1268759,1268759,1.5 t Lever Block - 1.5 m,289,https://www.refast.com.au/itm-lever-hoist-heavy-duty-1.5-tonne-1.5-meter-lif
1267767,1267767,1.5 t Lever Block - 1.5 m,289,https://www.refast.com.au/itm-lever-hoist-heavy-duty-1.5-tonne-1.5-meter-lif
1177517,1177517,3 t Lever Block,245,https://www.bunnings.com.au/gorilla-3000kg-lever-block-with-1-5m-lift_p4211281
1177520,1177520,3 t Lever Block,245,https://www.bunnings.com.au/gorilla-3000kg-lever-block-with-1-5m-lift_p4211281
1258193,1258193,1.5 t Lever Block - 1.5 m,289,https://www.refast.com.au/itm-lever-hoist-heavy-duty-1.5-tonne-1.5-meter-lif
1258188,1258188,1.5 t Lever Block - 1.5 m,289,https://www.refast.com.au/itm-lever-hoist-heavy-duty-1.5-tonne-1.5-meter-lif
1258189,1258189,1.5 t Lever Block - 1.5 m,289,https://www.refast.com.au/itm-lever-hoist-heavy-duty-1.5-tonne-1.5-meter-lif
1258187,1258187,1.5 t Lever Block - 1.5 m,289,https://www.refast.com.au/itm-lever-hoist-heavy-duty-1.5-tonne-1.5-meter-lif
COA~5445645,1201889,Tirfor Winch - 3.2 t,3900,https://www.winchesonline.com.au/tractel-tu-series-tirfor-winch-3200kg.html
COA~5445688,1200663,Tirfor Winch - 3.2 t,3900,https://www.winchesonline.com.au/tractel-tu-series-tirfor-winch-3200kg.html
TROLLEYMULTIPUR-0037,TROLLEYMULTIPUR-0037,Trolley - Multi Purpose,1683,https://www.equipmentwarehouse.com.au/multi-purpose-trolley-200kg-wll
COA~5080826,1172006,Grout Kibble 1m3,,
COA~5259111,872940,Crane Brick/Block Cage 1240mm - 1290mm,,
COA~5564082,1235477,Forklift 2.5t Container Diesel,,
1297533,1297533,Forklift - Reach - Walk Behind 1.5t Electric - Greener Choice,,
1297534,1297534,Forklift - Reach - Walk Behind 1.5t Electric - Greener Choice,,
1297566,1297566,Pallet Truck 1.8t Electric,,
1272150,1272150,Forklift 2.5t Container Diesel,,
1280585,1280585,Pallet Truck 1.8t Electric,,
1280586,1280586,Pallet Truck 1.8t Electric,,
1280598,1280598,Pallet Truck 1.8t Electric,,
1280596,1280596,Pallet Truck 1.8t Electric,,
1280591,1280591,Pallet Truck 1.8t Electric,,
1312691,1312691,Forklift 2.5t Container Diesel,,
1312690,1312690,Forklift 2.5t Container Diesel,,
1312732,1312732,Forklift Container Mast 3.5t Diesel,,
1312655,1312655,Forklift Rough Terrain 2.5t 4WD Diesel,,
1312731,1312731,Forklift Container Mast 3.5t Diesel,,
1312687,1312687,Forklift 2t - 2.6t Diesel,,
1312686,1312686,Forklift 2t - 2.6t Diesel,,
1312654,1312654,Forklift Rough Terrain 2.5t 4WD Diesel,,
1282765,1282765,Telehandler 3.0t (6.8m),,
1312610,1312610,Forklift - With Rotator 2.5t Diesel,,
1276457,1276457,Generator - 100kVA (Diesel),,
1276463,1276463,Generator - 100kVA (Diesel),,
1276459,1276459,Generator - 100kVA (Diesel),,
1276414,1276414,Generator - Diesel - 80kVA,,
1276461,1276461,Generator - 100kVA (Diesel),,
1276462,1276462,Generator - 100kVA (Diesel),,
1276454,1276454,Generator - 100kVA (Diesel),,
1320990,1320990,Generator - 20kVA (Diesel),,
1320991,1320991,Generator - 20kVA (Diesel),,
1320825,1320825,Generator - 60kVA (Diesel),,
1320977,1320977,Generator - 30kVA (Diesel),,
1261233,1261233,Generator - 500kVA (Diesel),,
1276549,1276549,Generator - 160kVA (Diesel),,
1276557,1276557,Generator - 160kVA (Diesel),,
COA~5525980,1207042,Distribution Board Lifeguard 17,,
COA~5525982,1207043,Distribution Board Lifeguard 17,,
COA~5525987,1207045,Distribution Board Lifeguard 17,,
COA~5525985,1207049,Distribution Board Lifeguard 17,,
COA~5315155,1207019,Distribution Board Lifeguard 17,,
COA~5433377,1206954,Lifeguard 16,,
COA~5456218,1155277,Distribution Board Lifeguard 17,,
COA~171787,1180409,"Distrubution Outlet Board - 32 A Plug 6x15, 4x10, 1x20 A, Single Phase",,
COA~5495970,1200718,Lifeguard 16,,
COA~305143,1200726,Lifeguard 16,,
COA~5467990,1200744,Lifeguard 16,,
COA~5467987,1200747,Lifeguard 16,,
COA~5525388,1217884,Distribution Board Lifeguard 17,,
COA~5212136,1217882,Distribution Board Lifeguard 17,,
COA~5525389,1217883,Distribution Board Lifeguard 17,,
COA~5212137,1217879,Distribution Board Lifeguard 17,,
COA~383148,535217,Lifeguard 16,,
1185294,1185294,Distribution Board Lifeguard 6 10 A,802.92,https://www.atom.com.au/rcd-earth-leakage-unit-6-way-outlet-10a-spinefex
COA~5374962,1089485,Distribution Board Lifeguard 4 15 A,854.12,https://www.atom.com.au/powerboard-4-outlet-15a-lifeguard-4-spinefex
1240714,1240714,Distribution Board Lifeguard 4 10 A,741.9,https://www.atom.com.au/rcd-earth-leakage-unit-4-way-outlet-10a-spinefex
1094058,1094058,Distribution Board Lifeguard 4 10 A,741.9,https://www.atom.com.au/rcd-earth-leakage-unit-4-way-outlet-10a-spinefex
COA~5567266,1217835,Distribution Board Lifeguard 4 10 A,741.9,https://www.atom.com.au/rcd-earth-leakage-unit-4-way-outlet-10a-spinefex
1005644,1005644,Distribution Board Lifeguard 6 15 A,915.14,https://www.spinefex.com.au/product/lifeguard-6/
COA~402307,1185334,Distribution Board Lifeguard 6 10 A,802.92,https://www.atom.com.au/rcd-earth-leakage-unit-6-way-outlet-10a-spinefex
COA~402305,1185336,Distribution Board Lifeguard 6 10 A,802.92,https://www.atom.com.au/rcd-earth-leakage-unit-6-way-outlet-10a-spinefex
1159718,1159718,Distribution Board Lifeguard 4 15 A,854.12,https://www.atom.com.au/powerboard-4-outlet-15a-lifeguard-4-spinefex
COA~5403744,1166931,Distribution Board Lifeguard 6 15 A,915.14,https://www.spinefex.com.au/product/lifeguard-6/
COA~5504086,1206829,Distribution Board Lifeguard 6 15 A,915.14,https://www.spinefex.com.au/product/lifeguard-6/
1259557,1259557,Distribution Board Lifeguard 4 15 A,854.12,https://www.atom.com.au/powerboard-4-outlet-15a-lifeguard-4-spinefex
1259569,1259569,Distribution Board Lifeguard 4 15 A,854.12,https://www.atom.com.au/powerboard-4-outlet-15a-lifeguard-4-spinefex
1259571,1259571,Distribution Board Lifeguard 4 15 A,854.12,https://www.atom.com.au/powerboard-4-outlet-15a-lifeguard-4-spinefex
COA~221979,1217818,Distribution Board Lifeguard 4 10 A,741.9,https://www.atom.com.au/rcd-earth-leakage-unit-4-way-outlet-10a-spinefex
COA~305020,1206803,Distribution Board Lifeguard 4 10 A,741.9,https://www.atom.com.au/rcd-earth-leakage-unit-4-way-outlet-10a-spinefex
1139615,1139615,Distribution Board Lifeguard 4 10 A,741.9,https://www.atom.com.au/rcd-earth-leakage-unit-4-way-outlet-10a-spinefex
COA~156215,1217815,Distribution Board Lifeguard 4 10 A,741.9,https://www.atom.com.au/rcd-earth-leakage-unit-4-way-outlet-10a-spinefex
COA~5377503,1206790,Distribution Board Lifeguard 4 10 A,741.9,https://www.atom.com.au/rcd-earth-leakage-unit-4-way-outlet-10a-spinefex
1234593,1234593,Distribution Board Lifeguard 4 10 A,741.9,https://www.atom.com.au/rcd-earth-leakage-unit-4-way-outlet-10a-spinefex
COA~130443,1206762,Distribution Board Lifeguard 4 10 A,741.9,https://www.atom.com.au/rcd-earth-leakage-unit-4-way-outlet-10a-spinefex
COA~402308,1185333,Distribution Board Lifeguard 6 10 A,802.92,https://www.atom.com.au/rcd-earth-leakage-unit-6-way-outlet-10a-spinefex
1259556,1259556,Distribution Board Lifeguard 4 15 A,854.12,https://www.atom.com.au/powerboard-4-outlet-15a-lifeguard-4-spinefex
COA~5542476,1217802,Distribution Board Lifeguard 4 10 A,741.9,https://www.atom.com.au/rcd-earth-leakage-unit-4-way-outlet-10a-spinefex
COA~5377518,1206776,Distribution Board Lifeguard 4 10 A,741.9,https://www.atom.com.au/rcd-earth-leakage-unit-4-way-outlet-10a-spinefex
COA~5377502,1206791,Distribution Board Lifeguard 4 10 A,741.9,https://www.atom.com.au/rcd-earth-leakage-unit-4-way-outlet-10a-spinefex
COA~130447,1206769,Distribution Board Lifeguard 4 10 A,741.9,https://www.atom.com.au/rcd-earth-leakage-unit-4-way-outlet-10a-spinefex
1092583,1092583,Distribution Board Lifeguard 4 10 A,741.9,https://www.atom.com.au/rcd-earth-leakage-unit-4-way-outlet-10a-spinefex
COA~402368,1182839,Distribution Board Lifeguard 6 10 A,802.92,https://www.atom.com.au/rcd-earth-leakage-unit-6-way-outlet-10a-spinefex
1172894,1172894,Distribution Board Lifeguard 6 15 A,915.14,https://www.spinefex.com.au/product/lifeguard-6/
COA~156218,1217814,Distribution Board Lifeguard 4 10 A,741.9,https://www.atom.com.au/rcd-earth-leakage-unit-4-way-outlet-10a-spinefex
COA~5315178,1206756,Distribution Board Lifeguard 4 10 A,741.9,https://www.atom.com.au/rcd-earth-leakage-unit-4-way-outlet-10a-spinefex
1206749,1206749,Distribution Board Lifeguard 4 10 A,741.9,https://www.atom.com.au/rcd-earth-leakage-unit-4-way-outlet-10a-spinefex
COA~221974,1217825,Distribution Board Lifeguard 4 10 A,741.9,https://www.atom.com.au/rcd-earth-leakage-unit-4-way-outlet-10a-spinefex
COA~305059,1206794,Distribution Board Lifeguard 4 10 A,741.9,https://www.atom.com.au/rcd-earth-leakage-unit-4-way-outlet-10a-spinefex
COA~171388,1206748,Distribution Board Lifeguard 4 10 A,741.9,https://www.atom.com.au/rcd-earth-leakage-unit-4-way-outlet-10a-spinefex
COA~130445,1206771,Distribution Board Lifeguard 4 10 A,741.9,https://www.atom.com.au/rcd-earth-leakage-unit-4-way-outlet-10a-spinefex
COA~156219,1217813,Distribution Board Lifeguard 4 10 A,741.9,https://www.atom.com.au/rcd-earth-leakage-unit-4-way-outlet-10a-spinefex
COA~221981,1217821,Distribution Board Lifeguard 4 10 A,741.9,https://www.atom.com.au/rcd-earth-leakage-unit-4-way-outlet-10a-spinefex
COA~156216,1217816,Distribution Board Lifeguard 4 10 A,741.9,https://www.atom.com.au/rcd-earth-leakage-unit-4-way-outlet-10a-spinefex
COA~5542464,1217783,Distribution Board Lifeguard 4 10 A,741.9,https://www.atom.com.au/rcd-earth-leakage-unit-4-way-outlet-10a-spinefex
COA~156217,1217817,Distribution Board Lifeguard 4 10 A,741.9,https://www.atom.com.au/rcd-earth-leakage-unit-4-way-outlet-10a-spinefex
COA~130441,1206770,Distribution Board Lifeguard 4 10 A,741.9,https://www.atom.com.au/rcd-earth-leakage-unit-4-way-outlet-10a-spinefex
COA~5504087,1206831,Distribution Board Lifeguard 6 15 A,915.14,https://www.spinefex.com.au/product/lifeguard-6/
COA~5482801,1172893,Distribution Board Lifeguard 6 15 A,915.14,https://www.spinefex.com.au/product/lifeguard-6/
COA~5403738,1166925,Distribution Board Lifeguard 6 15 A,915.14,https://www.spinefex.com.au/product/lifeguard-6/
1206814,1206814,Distribution Board Lifeguard 6 15 A,915.14,https://www.spinefex.com.au/product/lifeguard-6/
1206818,1206818,Distribution Board Lifeguard 6 15 A,915.14,https://www.spinefex.com.au/product/lifeguard-6/
1005636,1005636,Distribution Board Lifeguard 6 15 A,915.14,https://www.spinefex.com.au/product/lifeguard-6/
COA~5403734,1166921,Distribution Board Lifeguard 6 15 A,915.14,https://www.spinefex.com.au/product/lifeguard-6/
COA~120511,1159745,Distribution Board Lifeguard 6 15 A,915.14,https://www.spinefex.com.au/product/lifeguard-6/
COA~156212,1217811,Distribution Board Lifeguard 4 10 A,741.9,https://www.atom.com.au/rcd-earth-leakage-unit-4-way-outlet-10a-spinefex
COA~305055,1206806,Distribution Board Lifeguard 4 10 A,741.9,https://www.atom.com.au/rcd-earth-leakage-unit-4-way-outlet-10a-spinefex
COA~5374995,1159691,Distribution Board Lifeguard 4 15 A,854.12,https://www.atom.com.au/powerboard-4-outlet-15a-lifeguard-4-spinefex
COA~130446,1206773,Distribution Board Lifeguard 4 10 A,741.9,https://www.atom.com.au/rcd-earth-leakage-unit-4-way-outlet-10a-spinefex
1301456,1301456,HVAC Cable - Screened - 16mm2 - Ceeform - 63A - 25m,,
1301457,1301457,HVAC Cable - Screened - 16mm2 - Ceeform - 63A - 25m,,
COA~5438048,1189073,Distribution Board Lifeguard 17,,
COA~5438046,1189072,Distribution Board Lifeguard 17,,
COA~5360439,1189060,Distribution Board Lifeguard 17,,
COA~5504063,1207010,Lifeguard 16,,
COA~5504058,1207017,Lifeguard 16,,
COA~5504077,1207018,Lifeguard 16,,
COA~5504076,1207008,Lifeguard 16,,
COA~495390,1058029,Toilet Portable - Fresh Water Flush,,
COA~5008478,1127069,Toilet Portable - Fresh Water Flush,,
COA~5049408,1037236,Site Storage Box - 1.2 m (1200 mm × 750 mm × 850 mm),3795,https://brickcage.com.au/site-box-1200x750x850mm
COA~5161408,1037217,Site Storage Box - 1.2 m (1200 mm × 750 mm × 850 mm),3795,https://brickcage.com.au/site-box-1200x750x850mm
COA~5135033,1037216,Site Storage Box - 1.2 m (1200 mm × 750 mm × 850 mm),3795,https://brickcage.com.au/site-box-1200x750x850mm
COA~5302053,1087282,Site Storage Box - 1.2 m (1200 mm × 750 mm × 850 mm),3795,https://brickcage.com.au/site-box-1200x750x850mm
COA~5057336,1015032,Site Storage Box - 1.2 m (1200 mm × 750 mm × 850 mm),3795,https://brickcage.com.au/site-box-1200x750x850mm
COA~246349,1023858,Site Storage Box - 1.2 m (1200 mm × 750 mm × 850 mm),3795,https://brickcage.com.au/site-box-1200x750x850mm
COA~5058233,1000762,Site Storage Box - 1.2 m (1200 mm × 750 mm × 850 mm),3795,https://brickcage.com.au/site-box-1200x750x850mm
EXTNLEAD240V10A-0241,EXTNLEAD240V10A-0241,10 A Extension Lead,74.9,https://housetradesupplies.com.au/hpm-20m-10a-extension-lead-construction-r2920.html
EXTNLEAD240V10A-0478,EXTNLEAD240V10A-0478,10 A Extension Lead,74.9,https://housetradesupplies.com.au/hpm-20m-10a-extension-lead-construction-r2920.html
EXTNLEAD240V10A-0273,EXTNLEAD240V10A-0273,10 A Extension Lead,74.9,https://housetradesupplies.com.au/hpm-20m-10a-extension-lead-construction-r2920.html
LEADSTANDWATERF-0198,LEADSTANDWATERF-0198,Water-Filled Extension Lead Stand,146.66,https://www.atom.com.au/safehook-plastic-fibreglass-non-conductive-lead-stand-yellow
LEADSTANDWATERF-0239,LEADSTANDWATERF-0239,Water-Filled Extension Lead Stand,146.66,https://www.atom.com.au/safehook-plastic-fibreglass-non-conductive-lead-stand-yellow
LEADSTANDWATERF-0235,LEADSTANDWATERF-0235,Water-Filled Extension Lead Stand,146.66,https://www.atom.com.au/safehook-plastic-fibreglass-non-conductive-lead-stand-yellow
LEADSTANDWATERF-0223,LEADSTANDWATERF-0223,Water-Filled Extension Lead Stand,146.66,https://www.atom.com.au/safehook-plastic-fibreglass-non-conductive-lead-stand-yellow
LEADSTANDWATERF-1157,LEADSTANDWATERF-1157,Water-Filled Extension Lead Stand,146.66,https://www.atom.com.au/safehook-plastic-fibreglass-non-conductive-lead-stand-yellow
LEADSTANDWATERF-0158,LEADSTANDWATERF-0158,Water-Filled Extension Lead Stand,146.66,https://www.atom.com.au/safehook-plastic-fibreglass-non-conductive-lead-stand-yellow
LEADSTANDWATERF-0219,LEADSTANDWATERF-0219,Water-Filled Extension Lead Stand,146.66,https://www.atom.com.au/safehook-plastic-fibreglass-non-conductive-lead-stand-yellow
LEADSTANDWATERF-0141,LEADSTANDWATERF-0141,Water-Filled Extension Lead Stand,146.66,https://www.atom.com.au/safehook-plastic-fibreglass-non-conductive-lead-stand-yellow
LEADSTANDWATERF-0770,LEADSTANDWATERF-0770,Water-Filled Extension Lead Stand,146.66,https://www.atom.com.au/safehook-plastic-fibreglass-non-conductive-lead-stand-yellow
LEADSTANDWATERF-0176,LEADSTANDWATERF-0176,Water-Filled Extension Lead Stand,146.66,https://www.atom.com.au/safehook-plastic-fibreglass-non-conductive-lead-stand-yellow
LEADSTANDWATERF-0237,LEADSTANDWATERF-0237,Water-Filled Extension Lead Stand,146.66,https://www.atom.com.au/safehook-plastic-fibreglass-non-conductive-lead-stand-yellow
LEADSTANDWATERF-0135,LEADSTANDWATERF-0135,Water-Filled Extension Lead Stand,146.66,https://www.atom.com.au/safehook-plastic-fibreglass-non-conductive-lead-stand-yellow
LEADSTANDWATERF-0172,LEADSTANDWATERF-0172,Water-Filled Extension Lead Stand,146.66,https://www.atom.com.au/safehook-plastic-fibreglass-non-conductive-lead-stand-yellow
LEADSTANDWATERF-0744,LEADSTANDWATERF-0744,Water-Filled Extension Lead Stand,146.66,https://www.atom.com.au/safehook-plastic-fibreglass-non-conductive-lead-stand-yellow
LEADSTANDWATERF-0107,LEADSTANDWATERF-0107,Water-Filled Extension Lead Stand,146.66,https://www.atom.com.au/safehook-plastic-fibreglass-non-conductive-lead-stand-yellow
LEADSTANDWATERF-0112,LEADSTANDWATERF-0112,Water-Filled Extension Lead Stand,146.66,https://www.atom.com.au/safehook-plastic-fibreglass-non-conductive-lead-stand-yellow
LEADSTANDWATERF-0165,LEADSTANDWATERF-0165,Water-Filled Extension Lead Stand,146.66,https://www.atom.com.au/safehook-plastic-fibreglass-non-conductive-lead-stand-yellow
COA~5264979,1189611,32 A 415 V Adaptor - 5 Pin - Ceeform to Clipsal,199,https://www.electrotraders.com.au/product/adapter-lead-5-pin-32-amp-cee-form-plug-to-5-pin-3
LEADEXT240V10AM-0068,LEADEXT240V10AM-0068,10 A Extension Lead,74.9,https://housetradesupplies.com.au/hpm-20m-10a-extension-lead-construction-r2920.html
CABLEHOOKPMAG-0026,CABLEHOOKPMAG-0026,Cable Hook - Plastic - Magnetic,37.12,https://aimsindustrial.com.au/products/msa-magnetic-cable-buddy-magnetic-lead-holder-yellow-plastic
CABLEHOOKPMAG-0065,CABLEHOOKPMAG-0065,Cable Hook - Plastic - Magnetic,37.12,https://aimsindustrial.com.au/products/msa-magnetic-cable-buddy-magnetic-lead-holder-yellow-plastic
COA~466213,1189600,32 A 415 V Adaptor - 5 Pin - Ceeform to Clipsal,199,https://www.electrotraders.com.au/product/adapter-lead-5-pin-32-amp-cee-form-plug-to-5-pin-3
COA~5264982,1189608,32 A 415 V Adaptor - 5 Pin - Ceeform to Clipsal,199,https://www.electrotraders.com.au/product/adapter-lead-5-pin-32-amp-cee-form-plug-to-5-pin-3
COA~5264966,1189624,32 A 415 V Adaptor - 5 Pin - Clipsal to Ceeform,199,https://www.resourceelectrical.com.au/products/adapter-32-amp-5-pin-to-ceeform-32-amp-5-pin-three-phase-extension-lead
EXTNLEAD240V15A-0147,EXTNLEAD240V15A-0147,15 A Extension Lead,121.95,https://www.jettindustrial.com.au/extension-lead-heavy-duty-25mm-15-amp-x-20m
EXTNLEAD240V15A-0163,EXTNLEAD240V15A-0163,15 A Extension Lead,121.95,https://www.jettindustrial.com.au/extension-lead-heavy-duty-25mm-15-amp-x-20m
EXTNLEAD240V15A-0172,EXTNLEAD240V15A-0172,15 A Extension Lead,121.95,https://www.jettindustrial.com.au/extension-lead-heavy-duty-25mm-15-amp-x-20m
EXTNLEAD240V15A-0183,EXTNLEAD240V15A-0183,15 A Extension Lead,121.95,https://www.jettindustrial.com.au/extension-lead-heavy-duty-25mm-15-amp-x-20m
EXTNLEAD240V15A-0302,EXTNLEAD240V15A-0302,15 A Extension Lead,121.95,https://www.jettindustrial.com.au/extension-lead-heavy-duty-25mm-15-amp-x-20m
EXTNLEAD240V15A-0370,EXTNLEAD240V15A-0370,15 A Extension Lead,121.95,https://www.jettindustrial.com.au/extension-lead-heavy-duty-25mm-15-amp-x-20m
EXTNLEAD240V15A-0399,EXTNLEAD240V15A-0399,15 A Extension Lead,121.95,https://www.jettindustrial.com.au/extension-lead-heavy-duty-25mm-15-amp-x-20m
EXTNLEAD240V15A-0405,EXTNLEAD240V15A-0405,15 A Extension Lead,121.95,https://www.jettindustrial.com.au/extension-lead-heavy-duty-25mm-15-amp-x-20m
EXTNLEAD240V15A-0407,EXTNLEAD240V15A-0407,15 A Extension Lead,121.95,https://www.jettindustrial.com.au/extension-lead-heavy-duty-25mm-15-amp-x-20m
LEADSTANDMAG-0088,LEADSTANDMAG-0088,Lead Stand - Magnetic,72.93,https://www.adeptdirect.com.au/product/heavy-duty-cable-hanger-magnetic/
LEADSTANDMAG-0039,LEADSTANDMAG-0039,Lead Stand - Magnetic,72.93,https://www.adeptdirect.com.au/product/heavy-duty-cable-hanger-magnetic/
LEADSTANDMAG-0046,LEADSTANDMAG-0046,Lead Stand - Magnetic,72.93,https://www.adeptdirect.com.au/product/heavy-duty-cable-hanger-magnetic/
LEADSTANDMAG-0048,LEADSTANDMAG-0048,Lead Stand - Magnetic,72.93,https://www.adeptdirect.com.au/product/heavy-duty-cable-hanger-magnetic/
LEADSTANDMAG-0052,LEADSTANDMAG-0052,Lead Stand - Magnetic,72.93,https://www.adeptdirect.com.au/product/heavy-duty-cable-hanger-magnetic/
LEADSTANDMAG-0711,LEADSTANDMAG-0711,Lead Stand - Magnetic,72.93,https://www.adeptdirect.com.au/product/heavy-duty-cable-hanger-magnetic/
1303176,1303176,Earth Leakage Power Pack Device - 10 A,79.5,https://www.wagneronline.com.au/portable-rcd-safety-power-cube-rv-10a-15a/ac-power-rcd/power-electrical/power-lighting/ur100-rv-107446/963195/pd/
1303177,1303177,Earth Leakage Power Pack Device - 10 A,79.5,https://www.wagneronline.com.au/portable-rcd-safety-power-cube-rv-10a-15a/ac-power-rcd/power-electrical/power-lighting/ur100-rv-107446/963195/pd/
1303179,1303179,Earth Leakage Power Pack Device - 10 A,79.5,https://www.wagneronline.com.au/portable-rcd-safety-power-cube-rv-10a-15a/ac-power-rcd/power-electrical/power-lighting/ur100-rv-107446/963195/pd/
1303180,1303180,Earth Leakage Power Pack Device - 10 A,79.5,https://www.wagneronline.com.au/portable-rcd-safety-power-cube-rv-10a-15a/ac-power-rcd/power-electrical/power-lighting/ur100-rv-107446/963195/pd/
1303182,1303182,Earth Leakage Power Pack Device - 10 A,79.5,https://www.wagneronline.com.au/portable-rcd-safety-power-cube-rv-10a-15a/ac-power-rcd/power-electrical/power-lighting/ur100-rv-107446/963195/pd/
1303187,1303187,Earth Leakage Power Pack Device - 10 A,79.5,https://www.wagneronline.com.au/portable-rcd-safety-power-cube-rv-10a-15a/ac-power-rcd/power-electrical/power-lighting/ur100-rv-107446/963195/pd/
1303189,1303189,Earth Leakage Power Pack Device - 10 A,79.5,https://www.wagneronline.com.au/portable-rcd-safety-power-cube-rv-10a-15a/ac-power-rcd/power-electrical/power-lighting/ur100-rv-107446/963195/pd/
1303196,1303196,Earth Leakage Power Pack Device - 10 A,79.5,https://www.wagneronline.com.au/portable-rcd-safety-power-cube-rv-10a-15a/ac-power-rcd/power-electrical/power-lighting/ur100-rv-107446/963195/pd/
1303199,1303199,Earth Leakage Power Pack Device - 10 A,79.5,https://www.wagneronline.com.au/portable-rcd-safety-power-cube-rv-10a-15a/ac-power-rcd/power-electrical/power-lighting/ur100-rv-107446/963195/pd/
1303205,1303205,Earth Leakage Power Pack Device - 10 A,79.5,https://www.wagneronline.com.au/portable-rcd-safety-power-cube-rv-10a-15a/ac-power-rcd/power-electrical/power-lighting/ur100-rv-107446/963195/pd/
1303217,1303217,Earth Leakage Power Pack Device - 15 A,79.95,https://www.wagneronline.com.au/PORTABLE-RCD-SAFETY-POWER-CUBE-15A/power-rcd-range/powerboards-accessories-apr-2025/new-products/UR115-R-107447/994705/pd/
1303218,1303218,Earth Leakage Power Pack Device - 15 A,79.95,https://www.wagneronline.com.au/PORTABLE-RCD-SAFETY-POWER-CUBE-15A/power-rcd-range/powerboards-accessories-apr-2025/new-products/UR115-R-107447/994705/pd/
1303220,1303220,Earth Leakage Power Pack Device - 15 A,79.95,https://www.wagneronline.com.au/PORTABLE-RCD-SAFETY-POWER-CUBE-15A/power-rcd-range/powerboards-accessories-apr-2025/new-products/UR115-R-107447/994705/pd/
1303226,1303226,Earth Leakage Power Pack Device - 15 A,79.95,https://www.wagneronline.com.au/PORTABLE-RCD-SAFETY-POWER-CUBE-15A/power-rcd-range/powerboards-accessories-apr-2025/new-products/UR115-R-107447/994705/pd/
1303227,1303227,Earth Leakage Power Pack Device - 15 A,79.95,https://www.wagneronline.com.au/PORTABLE-RCD-SAFETY-POWER-CUBE-15A/power-rcd-range/powerboards-accessories-apr-2025/new-products/UR115-R-107447/994705/pd/
1303229,1303229,Earth Leakage Power Pack Device - 15 A,79.95,https://www.wagneronline.com.au/PORTABLE-RCD-SAFETY-POWER-CUBE-15A/power-rcd-range/powerboards-accessories-apr-2025/new-products/UR115-R-107447/994705/pd/
1303242,1303242,Earth Leakage Power Pack Device - 15 A,79.95,https://www.wagneronline.com.au/PORTABLE-RCD-SAFETY-POWER-CUBE-15A/power-rcd-range/powerboards-accessories-apr-2025/new-products/UR115-R-107447/994705/pd/
1269774,1269774,Earth Leakage Power Pack Device - 10 A,79.5,https://www.wagneronline.com.au/portable-rcd-safety-power-cube-rv-10a-15a/ac-power-rcd/power-electrical/power-lighting/ur100-rv-107446/963195/pd/
1257989,1257989,Earth Leakage Power Pack Device - 10 A,79.5,https://www.wagneronline.com.au/portable-rcd-safety-power-cube-rv-10a-15a/ac-power-rcd/power-electrical/power-lighting/ur100-rv-107446/963195/pd/
EXTNLEAD240V10A-0270,EXTNLEAD240V10A-0270,10 A Extension Lead,74.9,https://housetradesupplies.com.au/hpm-20m-10a-extension-lead-construction-r2920.html
EXTNLEAD240V15A-0088,EXTNLEAD240V15A-0088,15 A Extension Lead,121.95,https://www.jettindustrial.com.au/extension-lead-heavy-duty-25mm-15-amp-x-20m
EXTNLEAD240V10A-0311,EXTNLEAD240V10A-0311,10 A Extension Lead,74.9,https://housetradesupplies.com.au/hpm-20m-10a-extension-lead-construction-r2920.html
COA~493196,1038297,Transformer 32 V,233.3,https://www.schnap.com.au/dual-outlet-transformer-100va-240v-32v-ip20-repelec-vertrf100va240-32v.html
EXTNLEAD240V15A-0253,EXTNLEAD240V15A-0253,15 A Extension Lead,121.95,https://www.jettindustrial.com.au/extension-lead-heavy-duty-25mm-15-amp-x-20m
EXTNLEAD240V10A-0281,EXTNLEAD240V10A-0281,10 A Extension Lead,74.9,https://housetradesupplies.com.au/hpm-20m-10a-extension-lead-construction-r2920.html
COA~5143442,1075999,Transformer 32 V,233.3,https://www.schnap.com.au/dual-outlet-transformer-100va-240v-32v-ip20-repelec-vertrf100va240-32v.html
COA~5198983,1078169,Transformer 32 V,233.3,https://www.schnap.com.au/dual-outlet-transformer-100va-240v-32v-ip20-repelec-vertrf100va240-32v.html
1229028,1229028,Transformer 32 V,233.3,https://www.schnap.com.au/dual-outlet-transformer-100va-240v-32v-ip20-repelec-vertrf100va240-32v.html
1229035,1229035,Transformer 32 V,233.3,https://www.schnap.com.au/dual-outlet-transformer-100va-240v-32v-ip20-repelec-vertrf100va240-32v.html
1229039,1229039,Transformer 32 V,233.3,https://www.schnap.com.au/dual-outlet-transformer-100va-240v-32v-ip20-repelec-vertrf100va240-32v.html
1229040,1229040,Transformer 32 V,233.3,https://www.schnap.com.au/dual-outlet-transformer-100va-240v-32v-ip20-repelec-vertrf100va240-32v.html
1233099,1233099,Earth Leakage Power Pack Device - 10 A,79.5,https://www.wagneronline.com.au/portable-rcd-safety-power-cube-rv-10a-15a/ac-power-rcd/power-electrical/power-lighting/ur100-rv-107446/963195/pd/
1269862,1269862,Earth Leakage Power Pack Device - 10 A,79.5,https://www.wagneronline.com.au/portable-rcd-safety-power-cube-rv-10a-15a/ac-power-rcd/power-electrical/power-lighting/ur100-rv-107446/963195/pd/
1302138,1302138,Earth Leakage Power Pack Device - 10 A,79.5,https://www.wagneronline.com.au/portable-rcd-safety-power-cube-rv-10a-15a/ac-power-rcd/power-electrical/power-lighting/ur100-rv-107446/963195/pd/
1302142,1302142,Earth Leakage Power Pack Device - 10 A,79.5,https://www.wagneronline.com.au/portable-rcd-safety-power-cube-rv-10a-15a/ac-power-rcd/power-electrical/power-lighting/ur100-rv-107446/963195/pd/
1302143,1302143,Earth Leakage Power Pack Device - 10 A,79.5,https://www.wagneronline.com.au/portable-rcd-safety-power-cube-rv-10a-15a/ac-power-rcd/power-electrical/power-lighting/ur100-rv-107446/963195/pd/
1302144,1302144,Earth Leakage Power Pack Device - 10 A,79.5,https://www.wagneronline.com.au/portable-rcd-safety-power-cube-rv-10a-15a/ac-power-rcd/power-electrical/power-lighting/ur100-rv-107446/963195/pd/
1302145,1302145,Earth Leakage Power Pack Device - 10 A,79.5,https://www.wagneronline.com.au/portable-rcd-safety-power-cube-rv-10a-15a/ac-power-rcd/power-electrical/power-lighting/ur100-rv-107446/963195/pd/
1302147,1302147,Earth Leakage Power Pack Device - 10 A,79.5,https://www.wagneronline.com.au/portable-rcd-safety-power-cube-rv-10a-15a/ac-power-rcd/power-electrical/power-lighting/ur100-rv-107446/963195/pd/
1302149,1302149,Earth Leakage Power Pack Device - 10 A,79.5,https://www.wagneronline.com.au/portable-rcd-safety-power-cube-rv-10a-15a/ac-power-rcd/power-electrical/power-lighting/ur100-rv-107446/963195/pd/
1302153,1302153,Earth Leakage Power Pack Device - 15 A,79.95,https://www.wagneronline.com.au/PORTABLE-RCD-SAFETY-POWER-CUBE-15A/power-rcd-range/powerboards-accessories-apr-2025/new-products/UR115-R-107447/994705/pd/
1302155,1302155,Earth Leakage Power Pack Device - 15 A,79.95,https://www.wagneronline.com.au/PORTABLE-RCD-SAFETY-POWER-CUBE-15A/power-rcd-range/powerboards-accessories-apr-2025/new-products/UR115-R-107447/994705/pd/
1302156,1302156,Earth Leakage Power Pack Device - 15 A,79.95,https://www.wagneronline.com.au/PORTABLE-RCD-SAFETY-POWER-CUBE-15A/power-rcd-range/powerboards-accessories-apr-2025/new-products/UR115-R-107447/994705/pd/
1302157,1302157,Earth Leakage Power Pack Device - 15 A,79.95,https://www.wagneronline.com.au/PORTABLE-RCD-SAFETY-POWER-CUBE-15A/power-rcd-range/powerboards-accessories-apr-2025/new-products/UR115-R-107447/994705/pd/
EXTNLEAD240V15A-0325,EXTNLEAD240V15A-0325,15 A Extension Lead,121.95,https://www.jettindustrial.com.au/extension-lead-heavy-duty-25mm-15-amp-x-20m
EXTNLEAD240V15A-0386,EXTNLEAD240V15A-0386,15 A Extension Lead,121.95,https://www.jettindustrial.com.au/extension-lead-heavy-duty-25mm-15-amp-x-20m
EXTNLEAD240V15A-0126,EXTNLEAD240V15A-0126,15 A Extension Lead,121.95,https://www.jettindustrial.com.au/extension-lead-heavy-duty-25mm-15-amp-x-20m
EXTNLEAD240V15A-0194,EXTNLEAD240V15A-0194,15 A Extension Lead,121.95,https://www.jettindustrial.com.au/extension-lead-heavy-duty-25mm-15-amp-x-20m
EXTNLEAD240V15A-0078,EXTNLEAD240V15A-0078,15 A Extension Lead,121.95,https://www.jettindustrial.com.au/extension-lead-heavy-duty-25mm-15-amp-x-20m
EXTNLEAD240V15A-0237,EXTNLEAD240V15A-0237,15 A Extension Lead,121.95,https://www.jettindustrial.com.au/extension-lead-heavy-duty-25mm-15-amp-x-20m
EXTNLEAD240V15A-0890E,EXTNLEAD240V15A-0890,15 A Extension Lead,121.95,https://www.jettindustrial.com.au/extension-lead-heavy-duty-25mm-15-amp-x-20m
EXTNLEAD240V15A-0071,EXTNLEAD240V15A-0071,15 A Extension Lead,121.95,https://www.jettindustrial.com.au/extension-lead-heavy-duty-25mm-15-amp-x-20m
EXTNLEAD240V15A-0299,EXTNLEAD240V15A-0299,15 A Extension Lead,121.95,https://www.jettindustrial.com.au/extension-lead-heavy-duty-25mm-15-amp-x-20m
EXTNLEAD240V10A-0534,EXTNLEAD240V10A-0534,10 A Extension Lead,74.9,https://housetradesupplies.com.au/hpm-20m-10a-extension-lead-construction-r2920.html
EXTNLEAD240V15A-0346,EXTNLEAD240V15A-0346,15 A Extension Lead,121.95,https://www.jettindustrial.com.au/extension-lead-heavy-duty-25mm-15-amp-x-20m
EXTNLEAD240V10A-0413,EXTNLEAD240V10A-0413,10 A Extension Lead,74.9,https://housetradesupplies.com.au/hpm-20m-10a-extension-lead-construction-r2920.html
EXTNLEAD240V10A-0499,EXTNLEAD240V10A-0499,10 A Extension Lead,74.9,https://housetradesupplies.com.au/hpm-20m-10a-extension-lead-construction-r2920.html
EXTNLEAD240V10A-0206,EXTNLEAD240V10A-0206,10 A Extension Lead,74.9,https://housetradesupplies.com.au/hpm-20m-10a-extension-lead-construction-r2920.html
EXTNLEAD240V10A-0290,EXTNLEAD240V10A-0290,10 A Extension Lead,74.9,https://housetradesupplies.com.au/hpm-20m-10a-extension-lead-construction-r2920.html
EXTNLEAD240V10A-0623,EXTNLEAD240V10A-0623,10 A Extension Lead,74.9,https://housetradesupplies.com.au/hpm-20m-10a-extension-lead-construction-r2920.html
EXTNLEAD240V10A-0593,EXTNLEAD240V10A-0593,10 A Extension Lead,74.9,https://housetradesupplies.com.au/hpm-20m-10a-extension-lead-construction-r2920.html
EXTNLEAD240V10A-0756,EXTNLEAD240V10A-0756,10 A Extension Lead,74.9,https://housetradesupplies.com.au/hpm-20m-10a-extension-lead-construction-r2920.html
EXTNLEAD240V10A-0209,EXTNLEAD240V10A-0209,10 A Extension Lead,74.9,https://housetradesupplies.com.au/hpm-20m-10a-extension-lead-construction-r2920.html
EXTNLEAD240V10A-0282,EXTNLEAD240V10A-0282,10 A Extension Lead,74.9,https://housetradesupplies.com.au/hpm-20m-10a-extension-lead-construction-r2920.html
EXTNLEAD240V10A-0210,EXTNLEAD240V10A-0210,10 A Extension Lead,74.9,https://housetradesupplies.com.au/hpm-20m-10a-extension-lead-construction-r2920.html
EXTNLEAD240V15A-0192,EXTNLEAD240V15A-0192,15 A Extension Lead,121.95,https://www.jettindustrial.com.au/extension-lead-heavy-duty-25mm-15-amp-x-20m
EXTNLEAD240V10A-0162,EXTNLEAD240V10A-0162,10 A Extension Lead,74.9,https://housetradesupplies.com.au/hpm-20m-10a-extension-lead-construction-r2920.html
EXTNLEAD240V10A-0481,EXTNLEAD240V10A-0481,10 A Extension Lead,74.9,https://housetradesupplies.com.au/hpm-20m-10a-extension-lead-construction-r2920.html
EXTNLEAD240V10A-0679,EXTNLEAD240V10A-0679,10 A Extension Lead,74.9,https://housetradesupplies.com.au/hpm-20m-10a-extension-lead-construction-r2920.html
EXTNLEAD240V10A-0502,EXTNLEAD240V10A-0502,10 A Extension Lead,74.9,https://housetradesupplies.com.au/hpm-20m-10a-extension-lead-construction-r2920.html
EXTNLEAD240V10A-0769,EXTNLEAD240V10A-0769,10 A Extension Lead,74.9,https://housetradesupplies.com.au/hpm-20m-10a-extension-lead-construction-r2920.html
EXTNLEAD240V10A-0710,EXTNLEAD240V10A-0710,10 A Extension Lead,74.9,https://housetradesupplies.com.au/hpm-20m-10a-extension-lead-construction-r2920.html
EXTNLEAD240V10A-0223,EXTNLEAD240V10A-0223,10 A Extension Lead,74.9,https://housetradesupplies.com.au/hpm-20m-10a-extension-lead-construction-r2920.html
LEADEXT240V10AM-0015,LEADEXT240V10AM-0015,10 A Extension Lead,74.9,https://housetradesupplies.com.au/hpm-20m-10a-extension-lead-construction-r2920.html
EXTNLEAD240V10A-0638,EXTNLEAD240V10A-0638,10 A Extension Lead,74.9,https://housetradesupplies.com.au/hpm-20m-10a-extension-lead-construction-r2920.html
EXTNLEAD240V10A-0692,EXTNLEAD240V10A-0692,10 A Extension Lead,74.9,https://housetradesupplies.com.au/hpm-20m-10a-extension-lead-construction-r2920.html
EXTNLEAD240V10A-0453,EXTNLEAD240V10A-0453,10 A Extension Lead,74.9,https://housetradesupplies.com.au/hpm-20m-10a-extension-lead-construction-r2920.html
EXTNLEAD240V10A-0687,EXTNLEAD240V10A-0687,10 A Extension Lead,74.9,https://housetradesupplies.com.au/hpm-20m-10a-extension-lead-construction-r2920.html
EXTNLEAD240V10A-0705,EXTNLEAD240V10A-0705,10 A Extension Lead,74.9,https://housetradesupplies.com.au/hpm-20m-10a-extension-lead-construction-r2920.html
EXTNLEAD240V10A-0339,EXTNLEAD240V10A-0339,10 A Extension Lead,74.9,https://housetradesupplies.com.au/hpm-20m-10a-extension-lead-construction-r2920.html
EXTNLEAD240V10A-0612,EXTNLEAD240V10A-0612,10 A Extension Lead,74.9,https://housetradesupplies.com.au/hpm-20m-10a-extension-lead-construction-r2920.html
EXTNLEAD240V10A-0578,EXTNLEAD240V10A-0578,10 A Extension Lead,74.9,https://housetradesupplies.com.au/hpm-20m-10a-extension-lead-construction-r2920.html
EXTNLEAD240V10A-0781,EXTNLEAD240V10A-0781,10 A Extension Lead,74.9,https://housetradesupplies.com.au/hpm-20m-10a-extension-lead-construction-r2920.html
EXTNLEAD240V10A-0155,EXTNLEAD240V10A-0155,10 A Extension Lead,74.9,https://housetradesupplies.com.au/hpm-20m-10a-extension-lead-construction-r2920.html
EXTNLEAD240V10A-0342,EXTNLEAD240V10A-0342,10 A Extension Lead,74.9,https://housetradesupplies.com.au/hpm-20m-10a-extension-lead-construction-r2920.html
EXTNLEAD240V10A-0730,EXTNLEAD240V10A-0730,10 A Extension Lead,74.9,https://housetradesupplies.com.au/hpm-20m-10a-extension-lead-construction-r2920.html
EXTNLEAD240V10A-0664,EXTNLEAD240V10A-0664,10 A Extension Lead,74.9,https://housetradesupplies.com.au/hpm-20m-10a-extension-lead-construction-r2920.html
EXTNLEAD240V10A-0244,EXTNLEAD240V10A-0244,10 A Extension Lead,74.9,https://housetradesupplies.com.au/hpm-20m-10a-extension-lead-construction-r2920.html
EXTNLEAD240V10A-0737,EXTNLEAD240V10A-0737,10 A Extension Lead,74.9,https://housetradesupplies.com.au/hpm-20m-10a-extension-lead-construction-r2920.html
EXTNLEAD240V10A-0247,EXTNLEAD240V10A-0247,10 A Extension Lead,74.9,https://housetradesupplies.com.au/hpm-20m-10a-extension-lead-construction-r2920.html
EXTNLEAD240V10A-0637,EXTNLEAD240V10A-0637,10 A Extension Lead,74.9,https://housetradesupplies.com.au/hpm-20m-10a-extension-lead-construction-r2920.html
EXTNLEAD240V10A-0640,EXTNLEAD240V10A-0640,10 A Extension Lead,74.9,https://housetradesupplies.com.au/hpm-20m-10a-extension-lead-construction-r2920.html
EXTNLEAD240V10A-0340,EXTNLEAD240V10A-0340,10 A Extension Lead,74.9,https://housetradesupplies.com.au/hpm-20m-10a-extension-lead-construction-r2920.html
EXTNLEAD240V10A-0344,EXTNLEAD240V10A-0344,10 A Extension Lead,74.9,https://housetradesupplies.com.au/hpm-20m-10a-extension-lead-construction-r2920.html
EXTNLEAD240V10A-0267,EXTNLEAD240V10A-0267,10 A Extension Lead,74.9,https://housetradesupplies.com.au/hpm-20m-10a-extension-lead-construction-r2920.html
EXTNLEAD240V10A-0629,EXTNLEAD240V10A-0629,10 A Extension Lead,74.9,https://housetradesupplies.com.au/hpm-20m-10a-extension-lead-construction-r2920.html
EXTNLEAD240V10A-0783,EXTNLEAD240V10A-0783,10 A Extension Lead,74.9,https://housetradesupplies.com.au/hpm-20m-10a-extension-lead-construction-r2920.html
EXTNLEAD240V10A-0335,EXTNLEAD240V10A-0335,10 A Extension Lead,74.9,https://housetradesupplies.com.au/hpm-20m-10a-extension-lead-construction-r2920.html
EXTNLEAD240V10A-0765,EXTNLEAD240V10A-0765,10 A Extension Lead,74.9,https://housetradesupplies.com.au/hpm-20m-10a-extension-lead-construction-r2920.html
EXTNLEAD240V10A-0356,EXTNLEAD240V10A-0356,10 A Extension Lead,74.9,https://housetradesupplies.com.au/hpm-20m-10a-extension-lead-construction-r2920.html
EXTNLEAD240V10A-0420,EXTNLEAD240V10A-0420,10 A Extension Lead,74.9,https://housetradesupplies.com.au/hpm-20m-10a-extension-lead-construction-r2920.html
EXTNLEAD240V10A-0743,EXTNLEAD240V10A-0743,10 A Extension Lead,74.9,https://housetradesupplies.com.au/hpm-20m-10a-extension-lead-construction-r2920.html
EXTNLEAD240V10A-0767,EXTNLEAD240V10A-0767,10 A Extension Lead,74.9,https://housetradesupplies.com.au/hpm-20m-10a-extension-lead-construction-r2920.html
EXTNLEAD240V10A-0698,EXTNLEAD240V10A-0698,10 A Extension Lead,74.9,https://housetradesupplies.com.au/hpm-20m-10a-extension-lead-construction-r2920.html
EXTNLEAD240V10A-0714,EXTNLEAD240V10A-0714,10 A Extension Lead,74.9,https://housetradesupplies.com.au/hpm-20m-10a-extension-lead-construction-r2920.html
EXTNLEAD240V10A-0585,EXTNLEAD240V10A-0585,10 A Extension Lead,74.9,https://housetradesupplies.com.au/hpm-20m-10a-extension-lead-construction-r2920.html
EXTNLEAD240V10A-0271,EXTNLEAD240V10A-0271,10 A Extension Lead,74.9,https://housetradesupplies.com.au/hpm-20m-10a-extension-lead-construction-r2920.html
EXTNLEAD240V10A-0319,EXTNLEAD240V10A-0319,10 A Extension Lead,74.9,https://housetradesupplies.com.au/hpm-20m-10a-extension-lead-construction-r2920.html
EXTNLEAD240V10A-0575,EXTNLEAD240V10A-0575,10 A Extension Lead,74.9,https://housetradesupplies.com.au/hpm-20m-10a-extension-lead-construction-r2920.html
EXTNLEAD240V10A-0650,EXTNLEAD240V10A-0650,10 A Extension Lead,74.9,https://housetradesupplies.com.au/hpm-20m-10a-extension-lead-construction-r2920.html
EXTNLEAD240V10A-0668,EXTNLEAD240V10A-0668,10 A Extension Lead,74.9,https://housetradesupplies.com.au/hpm-20m-10a-extension-lead-construction-r2920.html
EXTNLEAD240V10A-0768,EXTNLEAD240V10A-0768,10 A Extension Lead,74.9,https://housetradesupplies.com.au/hpm-20m-10a-extension-lead-construction-r2920.html
EXTNLEAD240V10A-0221,EXTNLEAD240V10A-0221,10 A Extension Lead,74.9,https://housetradesupplies.com.au/hpm-20m-10a-extension-lead-construction-r2920.html
EXTNLEAD240V10A-0238,EXTNLEAD240V10A-0238,10 A Extension Lead,74.9,https://housetradesupplies.com.au/hpm-20m-10a-extension-lead-construction-r2920.html
EXTNLEAD240V10A-0577,EXTNLEAD240V10A-0577,10 A Extension Lead,74.9,https://housetradesupplies.com.au/hpm-20m-10a-extension-lead-construction-r2920.html
EXTNLEAD240V10A-0708,EXTNLEAD240V10A-0708,10 A Extension Lead,74.9,https://housetradesupplies.com.au/hpm-20m-10a-extension-lead-construction-r2920.html
EXTNLEAD240V10A-0571,EXTNLEAD240V10A-0571,10 A Extension Lead,74.9,https://housetradesupplies.com.au/hpm-20m-10a-extension-lead-construction-r2920.html
EXTNLEAD240V10A-0600,EXTNLEAD240V10A-0600,10 A Extension Lead,74.9,https://housetradesupplies.com.au/hpm-20m-10a-extension-lead-construction-r2920.html
EXTNLEAD240V10A-0352,EXTNLEAD240V10A-0352,10 A Extension Lead,74.9,https://housetradesupplies.com.au/hpm-20m-10a-extension-lead-construction-r2920.html
EXTNLEAD240V10A-0338,EXTNLEAD240V10A-0338,10 A Extension Lead,74.9,https://housetradesupplies.com.au/hpm-20m-10a-extension-lead-construction-r2920.html
EXTNLEAD240V10A-0569,EXTNLEAD240V10A-0569,10 A Extension Lead,74.9,https://housetradesupplies.com.au/hpm-20m-10a-extension-lead-construction-r2920.html
EXTNLEAD240V10A-0674,EXTNLEAD240V10A-0674,10 A Extension Lead,74.9,https://housetradesupplies.com.au/hpm-20m-10a-extension-lead-construction-r2920.html
EXTNLEAD240V10A-0709,EXTNLEAD240V10A-0709,10 A Extension Lead,74.9,https://housetradesupplies.com.au/hpm-20m-10a-extension-lead-construction-r2920.html
EXTNLEAD240V15A-0433,EXTNLEAD240V15A-0433,15 A Extension Lead,121.95,https://www.jettindustrial.com.au/extension-lead-heavy-duty-25mm-15-amp-x-20m
EXTNLEAD240V10A-0426,EXTNLEAD240V10A-0426,10 A Extension Lead,74.9,https://housetradesupplies.com.au/hpm-20m-10a-extension-lead-construction-r2920.html
EXTNLEAD240V10A-0590,EXTNLEAD240V10A-0590,10 A Extension Lead,74.9,https://housetradesupplies.com.au/hpm-20m-10a-extension-lead-construction-r2920.html
EXTNLEAD240V10A-0633,EXTNLEAD240V10A-0633,10 A Extension Lead,74.9,https://housetradesupplies.com.au/hpm-20m-10a-extension-lead-construction-r2920.html
EXTNLEAD240V10A-0592,EXTNLEAD240V10A-0592,10 A Extension Lead,74.9,https://housetradesupplies.com.au/hpm-20m-10a-extension-lead-construction-r2920.html
EXTNLEAD240V10A-0701,EXTNLEAD240V10A-0701,10 A Extension Lead,74.9,https://housetradesupplies.com.au/hpm-20m-10a-extension-lead-construction-r2920.html
EXTNLEAD240V10A-0683,EXTNLEAD240V10A-0683,10 A Extension Lead,74.9,https://housetradesupplies.com.au/hpm-20m-10a-extension-lead-construction-r2920.html
EXTNLEAD240V10A-0299,EXTNLEAD240V10A-0299,10 A Extension Lead,74.9,https://housetradesupplies.com.au/hpm-20m-10a-extension-lead-construction-r2920.html
EXTNLEAD240V10A-0603,EXTNLEAD240V10A-0603,10 A Extension Lead,74.9,https://housetradesupplies.com.au/hpm-20m-10a-extension-lead-construction-r2920.html
EXTNLEAD240V10A-0661,EXTNLEAD240V10A-0661,10 A Extension Lead,74.9,https://housetradesupplies.com.au/hpm-20m-10a-extension-lead-construction-r2920.html
EXTNLEAD240V10A-0615,EXTNLEAD240V10A-0615,10 A Extension Lead,74.9,https://housetradesupplies.com.au/hpm-20m-10a-extension-lead-construction-r2920.html
EXTNLEAD240V10A-0776,EXTNLEAD240V10A-0776,10 A Extension Lead,74.9,https://housetradesupplies.com.au/hpm-20m-10a-extension-lead-construction-r2920.html
EXTNLEAD240V10A-0242,EXTNLEAD240V10A-0242,10 A Extension Lead,74.9,https://housetradesupplies.com.au/hpm-20m-10a-extension-lead-construction-r2920.html
1019411,1019411,Earth Leakage Power Pack Device - 10 A,79.5,https://www.wagneronline.com.au/portable-rcd-safety-power-cube-rv-10a-15a/ac-power-rcd/power-electrical/power-lighting/ur100-rv-107446/963195/pd/
1303174,1303174,Earth Leakage Power Pack Device - 10 A,79.5,https://www.wagneronline.com.au/portable-rcd-safety-power-cube-rv-10a-15a/ac-power-rcd/power-electrical/power-lighting/ur100-rv-107446/963195/pd/
1302139,1302139,Earth Leakage Power Pack Device - 10 A,79.5,https://www.wagneronline.com.au/portable-rcd-safety-power-cube-rv-10a-15a/ac-power-rcd/power-electrical/power-lighting/ur100-rv-107446/963195/pd/
1302140,1302140,Earth Leakage Power Pack Device - 10 A,79.5,https://www.wagneronline.com.au/portable-rcd-safety-power-cube-rv-10a-15a/ac-power-rcd/power-electrical/power-lighting/ur100-rv-107446/963195/pd/
COA~5144133,1052524,Earth Leakage Power Pack Device - 10 A,79.5,https://www.wagneronline.com.au/portable-rcd-safety-power-cube-rv-10a-15a/ac-power-rcd/power-electrical/power-lighting/ur100-rv-107446/963195/pd/
1233150,1233150,Earth Leakage Power Pack Device - 10 A,79.5,https://www.wagneronline.com.au/portable-rcd-safety-power-cube-rv-10a-15a/ac-power-rcd/power-electrical/power-lighting/ur100-rv-107446/963195/pd/
1303203,1303203,Earth Leakage Power Pack Device - 10 A,79.5,https://www.wagneronline.com.au/portable-rcd-safety-power-cube-rv-10a-15a/ac-power-rcd/power-electrical/power-lighting/ur100-rv-107446/963195/pd/
1303237,1303237,Earth Leakage Power Pack Device - 15 A,79.95,https://www.wagneronline.com.au/PORTABLE-RCD-SAFETY-POWER-CUBE-15A/power-rcd-range/powerboards-accessories-apr-2025/new-products/UR115-R-107447/994705/pd/
1303236,1303236,Earth Leakage Power Pack Device - 15 A,79.95,https://www.wagneronline.com.au/PORTABLE-RCD-SAFETY-POWER-CUBE-15A/power-rcd-range/powerboards-accessories-apr-2025/new-products/UR115-R-107447/994705/pd/
1303222,1303222,Earth Leakage Power Pack Device - 15 A,79.95,https://www.wagneronline.com.au/PORTABLE-RCD-SAFETY-POWER-CUBE-15A/power-rcd-range/powerboards-accessories-apr-2025/new-products/UR115-R-107447/994705/pd/
1303231,1303231,Earth Leakage Power Pack Device - 15 A,79.95,https://www.wagneronline.com.au/PORTABLE-RCD-SAFETY-POWER-CUBE-15A/power-rcd-range/powerboards-accessories-apr-2025/new-products/UR115-R-107447/994705/pd/
1303241,1303241,Earth Leakage Power Pack Device - 15 A,79.95,https://www.wagneronline.com.au/PORTABLE-RCD-SAFETY-POWER-CUBE-15A/power-rcd-range/powerboards-accessories-apr-2025/new-products/UR115-R-107447/994705/pd/
1303224,1303224,Earth Leakage Power Pack Device - 15 A,79.95,https://www.wagneronline.com.au/PORTABLE-RCD-SAFETY-POWER-CUBE-15A/power-rcd-range/powerboards-accessories-apr-2025/new-products/UR115-R-107447/994705/pd/
1303235,1303235,Earth Leakage Power Pack Device - 15 A,79.95,https://www.wagneronline.com.au/PORTABLE-RCD-SAFETY-POWER-CUBE-15A/power-rcd-range/powerboards-accessories-apr-2025/new-products/UR115-R-107447/994705/pd/
1269869,1269869,Earth Leakage Power Pack Device - 15 A,79.95,https://www.wagneronline.com.au/PORTABLE-RCD-SAFETY-POWER-CUBE-15A/power-rcd-range/powerboards-accessories-apr-2025/new-products/UR115-R-107447/994705/pd/
1269871,1269871,Earth Leakage Power Pack Device - 15 A,79.95,https://www.wagneronline.com.au/PORTABLE-RCD-SAFETY-POWER-CUBE-15A/power-rcd-range/powerboards-accessories-apr-2025/new-products/UR115-R-107447/994705/pd/
1303234,1303234,Earth Leakage Power Pack Device - 15 A,79.95,https://www.wagneronline.com.au/PORTABLE-RCD-SAFETY-POWER-CUBE-15A/power-rcd-range/powerboards-accessories-apr-2025/new-products/UR115-R-107447/994705/pd/
1303216,1303216,Earth Leakage Power Pack Device - 15 A,79.95,https://www.wagneronline.com.au/PORTABLE-RCD-SAFETY-POWER-CUBE-15A/power-rcd-range/powerboards-accessories-apr-2025/new-products/UR115-R-107447/994705/pd/
1303228,1303228,Earth Leakage Power Pack Device - 15 A,79.95,https://www.wagneronline.com.au/PORTABLE-RCD-SAFETY-POWER-CUBE-15A/power-rcd-range/powerboards-accessories-apr-2025/new-products/UR115-R-107447/994705/pd/
1269788,1269788,Earth Leakage Power Pack Device - 15 A,79.95,https://www.wagneronline.com.au/PORTABLE-RCD-SAFETY-POWER-CUBE-15A/power-rcd-range/powerboards-accessories-apr-2025/new-products/UR115-R-107447/994705/pd/
COA~464138,1093374,Earth Leakage Power Pack Device - 10 A,79.5,https://www.wagneronline.com.au/portable-rcd-safety-power-cube-rv-10a-15a/ac-power-rcd/power-electrical/power-lighting/ur100-rv-107446/963195/pd/
1269872,1269872,Earth Leakage Power Pack Device - 15 A,79.95,https://www.wagneronline.com.au/PORTABLE-RCD-SAFETY-POWER-CUBE-15A/power-rcd-range/powerboards-accessories-apr-2025/new-products/UR115-R-107447/994705/pd/
1269867,1269867,Earth Leakage Power Pack Device - 15 A,79.95,https://www.wagneronline.com.au/PORTABLE-RCD-SAFETY-POWER-CUBE-15A/power-rcd-range/powerboards-accessories-apr-2025/new-products/UR115-R-107447/994705/pd/
1177983,1177983,Earth Leakage Power Pack Device - 15 A,79.95,https://www.wagneronline.com.au/PORTABLE-RCD-SAFETY-POWER-CUBE-15A/power-rcd-range/powerboards-accessories-apr-2025/new-products/UR115-R-107447/994705/pd/
EXTNLEAD240V15A-0395,EXTNLEAD240V15A-0395,15 A Extension Lead,121.95,https://www.jettindustrial.com.au/extension-lead-heavy-duty-25mm-15-amp-x-20m
EXTNLEAD240V15A-0374,EXTNLEAD240V15A-0374,15 A Extension Lead,121.95,https://www.jettindustrial.com.au/extension-lead-heavy-duty-25mm-15-amp-x-20m
EXTNLEAD240V15A-0303,EXTNLEAD240V15A-0303,15 A Extension Lead,121.95,https://www.jettindustrial.com.au/extension-lead-heavy-duty-25mm-15-amp-x-20m
EXTNLEAD240V15A-0321,EXTNLEAD240V15A-0321,15 A Extension Lead,121.95,https://www.jettindustrial.com.au/extension-lead-heavy-duty-25mm-15-amp-x-20m
EXTNLEAD240V15A-0412,EXTNLEAD240V15A-0412,15 A Extension Lead,121.95,https://www.jettindustrial.com.au/extension-lead-heavy-duty-25mm-15-amp-x-20m
EXTNLEAD240V15A-0337,EXTNLEAD240V15A-0337,15 A Extension Lead,121.95,https://www.jettindustrial.com.au/extension-lead-heavy-duty-25mm-15-amp-x-20m
EXTNLEAD240V15A-0323,EXTNLEAD240V15A-0323,15 A Extension Lead,121.95,https://www.jettindustrial.com.au/extension-lead-heavy-duty-25mm-15-amp-x-20m
EXTNLEAD240V15A-0335,EXTNLEAD240V15A-0335,15 A Extension Lead,121.95,https://www.jettindustrial.com.au/extension-lead-heavy-duty-25mm-15-amp-x-20m
EXTNLEAD240V15A-0317,EXTNLEAD240V15A-0317,15 A Extension Lead,121.95,https://www.jettindustrial.com.au/extension-lead-heavy-duty-25mm-15-amp-x-20m
EXTNLEAD240V15A-0307,EXTNLEAD240V15A-0307,15 A Extension Lead,121.95,https://www.jettindustrial.com.au/extension-lead-heavy-duty-25mm-15-amp-x-20m
EXTNLEAD240V15A-0415,EXTNLEAD240V15A-0415,15 A Extension Lead,121.95,https://www.jettindustrial.com.au/extension-lead-heavy-duty-25mm-15-amp-x-20m
EXTNLEAD240V15A-0400,EXTNLEAD240V15A-0400,15 A Extension Lead,121.95,https://www.jettindustrial.com.au/extension-lead-heavy-duty-25mm-15-amp-x-20m
EXTNLEAD240V15A-0406,EXTNLEAD240V15A-0406,15 A Extension Lead,121.95,https://www.jettindustrial.com.au/extension-lead-heavy-duty-25mm-15-amp-x-20m
EXTNLEAD240V15A-0333,EXTNLEAD240V15A-0333,15 A Extension Lead,121.95,https://www.jettindustrial.com.au/extension-lead-heavy-duty-25mm-15-amp-x-20m
EXTNLEAD240V15A-0410,EXTNLEAD240V15A-0410,15 A Extension Lead,121.95,https://www.jettindustrial.com.au/extension-lead-heavy-duty-25mm-15-amp-x-20m
EXTNLEAD240V15A-0322,EXTNLEAD240V15A-0322,15 A Extension Lead,121.95,https://www.jettindustrial.com.au/extension-lead-heavy-duty-25mm-15-amp-x-20m
EXTNLEAD240V15A-0250,EXTNLEAD240V15A-0250,15 A Extension Lead,121.95,https://www.jettindustrial.com.au/extension-lead-heavy-duty-25mm-15-amp-x-20m
EXTNLEAD240V15A-0416,EXTNLEAD240V15A-0416,15 A Extension Lead,121.95,https://www.jettindustrial.com.au/extension-lead-heavy-duty-25mm-15-amp-x-20m
EXTNLEAD240V15A-0411,EXTNLEAD240V15A-0411,15 A Extension Lead,121.95,https://www.jettindustrial.com.au/extension-lead-heavy-duty-25mm-15-amp-x-20m
EXTNLEAD240V15A-0270,EXTNLEAD240V15A-0270,15 A Extension Lead,121.95,https://www.jettindustrial.com.au/extension-lead-heavy-duty-25mm-15-amp-x-20m
EXTNLEAD240V15A-0316,EXTNLEAD240V15A-0316,15 A Extension Lead,121.95,https://www.jettindustrial.com.au/extension-lead-heavy-duty-25mm-15-amp-x-20m
EXTNLEAD240V15A-0334,EXTNLEAD240V15A-0334,15 A Extension Lead,121.95,https://www.jettindustrial.com.au/extension-lead-heavy-duty-25mm-15-amp-x-20m
EXTNLEAD240V15A-0403,EXTNLEAD240V15A-0403,15 A Extension Lead,121.95,https://www.jettindustrial.com.au/extension-lead-heavy-duty-25mm-15-amp-x-20m
EXTNLEAD240V15A-0409,EXTNLEAD240V15A-0409,15 A Extension Lead,121.95,https://www.jettindustrial.com.au/extension-lead-heavy-duty-25mm-15-amp-x-20m
EXTNLEAD240V15A-0414,EXTNLEAD240V15A-0414,15 A Extension Lead,121.95,https://www.jettindustrial.com.au/extension-lead-heavy-duty-25mm-15-amp-x-20m
EXTNLEAD240V15A-0336,EXTNLEAD240V15A-0336,15 A Extension Lead,121.95,https://www.jettindustrial.com.au/extension-lead-heavy-duty-25mm-15-amp-x-20m
EXTNLEAD240V15A-0339,EXTNLEAD240V15A-0339,15 A Extension Lead,121.95,https://www.jettindustrial.com.au/extension-lead-heavy-duty-25mm-15-amp-x-20m
EXTNLEAD240V15A-0320,EXTNLEAD240V15A-0320,15 A Extension Lead,121.95,https://www.jettindustrial.com.au/extension-lead-heavy-duty-25mm-15-amp-x-20m
EXTNLEAD240V15A-0301,EXTNLEAD240V15A-0301,15 A Extension Lead,121.95,https://www.jettindustrial.com.au/extension-lead-heavy-duty-25mm-15-amp-x-20m
EXTNLEAD240V15A-0058,EXTNLEAD240V15A-0058,15 A Extension Lead,121.95,https://www.jettindustrial.com.au/extension-lead-heavy-duty-25mm-15-amp-x-20m
EXTNLEAD240V15A-0310,EXTNLEAD240V15A-0310,15 A Extension Lead,121.95,https://www.jettindustrial.com.au/extension-lead-heavy-duty-25mm-15-amp-x-20m
EXTNLEAD240V15A-0113,EXTNLEAD240V15A-0113,15 A Extension Lead,121.95,https://www.jettindustrial.com.au/extension-lead-heavy-duty-25mm-15-amp-x-20m
EXTNLEAD240V15A-0143,EXTNLEAD240V15A-0143,15 A Extension Lead,121.95,https://www.jettindustrial.com.au/extension-lead-heavy-duty-25mm-15-amp-x-20m
EXTNLEAD240V15A-0265,EXTNLEAD240V15A-0265,15 A Extension Lead,121.95,https://www.jettindustrial.com.au/extension-lead-heavy-duty-25mm-15-amp-x-20m
EXTNLEAD240V15A-0331,EXTNLEAD240V15A-0331,15 A Extension Lead,121.95,https://www.jettindustrial.com.au/extension-lead-heavy-duty-25mm-15-amp-x-20m
EXTNLEAD240V15A-0231,EXTNLEAD240V15A-0231,15 A Extension Lead,121.95,https://www.jettindustrial.com.au/extension-lead-heavy-duty-25mm-15-amp-x-20m
EXTNLEAD240V15A-0161,EXTNLEAD240V15A-0161,15 A Extension Lead,121.95,https://www.jettindustrial.com.au/extension-lead-heavy-duty-25mm-15-amp-x-20m
EXTNLEAD240V10A-0901,EXTNLEAD240V10A-0901,10 A Extension Lead,74.9,https://housetradesupplies.com.au/hpm-20m-10a-extension-lead-construction-r2920.html
EXTNLEAD240V15A-0379,EXTNLEAD240V15A-0379,15 A Extension Lead,121.95,https://www.jettindustrial.com.au/extension-lead-heavy-duty-25mm-15-amp-x-20m
EXTNLEAD240V15A-0389,EXTNLEAD240V15A-0389,15 A Extension Lead,121.95,https://www.jettindustrial.com.au/extension-lead-heavy-duty-25mm-15-amp-x-20m
COA~305081,1200964,Extension Lead - 415V 5 Pin 32A 25M,,
COA~305089,1200961,Extension Lead - 415V 5 Pin 32A 25M,,
COA~5366653,1207169,Extension Lead - 415V 5 Pin 32A 20M - Braided,,
COA~304973,1207148,Extension Lead - 415V 5 Pin 32A 20M - Braided,,
COA~305018,1207147,Extension Lead - 415V 5 Pin 32A 20M - Braided,,
COA~304993,1207218,Extension Lead - 415V 5 Pin 32A 20M - Braided,,
COA~304996,1207216,Extension Lead - 415V 5 Pin 32A 20M - Braided,,
COA~305038,1207259,Extension Lead - 415V 63A,,
COA~305066,1207262,Extension Lead - 415V 63A,,
COA~256870,1099976,Extension Lead - 415V 5 Pin 32A 25M,,
COA~310683,1128726,Extension Lead - 415V 5 Pin 32A 25M,,
COA~310596,1128738,Extension Lead - 415V 5 Pin 32A 25M,,
COA~304856,1232776,Extension Lead - 415V 63A,,
COA~304818,1234134,Extension Lead - 415V 5 Pin 32A 20M - Braided,,
COA~305120,1200729,Extension Lead - 415V 5 Pin 32A 25M,,
COA~305128,1200734,Extension Lead - 415V 5 Pin 32A 25M,,
COA~50640,1052180,Extension Lead - 415V 5 Pin 32A 25M,,
10307,10307,Extension Lead - 415V 5 Pin 50A 25M,,
COA~5254310,1166232,Extension Lead - 415V 63A,,
COA~304741,1234140,Extension Lead - 415V 63A,,
COA~304678,1234141,Extension Lead - 415V 63A,,
COA~304829,1234146,Extension Lead - 415V 63A,,
1303233,1303233,Earth Leakage Power Pack Device - 15 A,79.95,https://www.wagneronline.com.au/PORTABLE-RCD-SAFETY-POWER-CUBE-15A/power-rcd-range/powerboards-accessories-apr-2025/new-products/UR115-R-107447/994705/pd/
COA~490091,1148350,Extension Lead - 415V 63A,,
1311559,1311559,Extension Lead - 415V 63A,,
1284817,1284817,Extension Lead - 415V 5 Pin 32A 25M,,
1283968,1283968,Extension Lead - 415V 63A,,
1291615,1291615,Extension Lead - 415V 5 Pin 32A 25M,,
1291613,1291613,Extension Lead - 415V 5 Pin 32A 25M,,
1291607,1291607,Extension Lead - 415V 5 Pin 32A 25M,,
1291630,1291630,Extension Lead - 415V 5 Pin 32A 25M,,
COA~5182739,1167307,Extension Lead - 415V 5 Pin 32A 25M,,
COA~5099173,1220664,Extension Lead - 415V 5 Pin 32A 25M,,
1280798,1280798,Lanyard - Retractable,280,https://www.primesupplies.com.au/product/self-retracting-lanyard-2m-with-swivel-steel-scaff-hook/
1280764,1280764,Lanyard - Retractable,280,https://www.primesupplies.com.au/product/self-retracting-lanyard-2m-with-swivel-steel-scaff-hook/
LANYARDTTRACT2M-0010,LANYARDTTRACT2M-0010,Lanyard - Twin - Retractable 2 m,1075,https://btechonline.com.au/products/twin-self-retracting-lifelines
LANYARDTTRACT2M-0022,LANYARDTTRACT2M-0022,Lanyard - Twin - Retractable 2 m,1075,https://btechonline.com.au/products/twin-self-retracting-lifelines
LANYARDTTRACT2M-0047,LANYARDTTRACT2M-0047,Lanyard - Twin - Retractable 2 m,1075,https://btechonline.com.au/products/twin-self-retracting-lifelines
LANYARDTTRACT2M-0026,LANYARDTTRACT2M-0026,Lanyard - Twin - Retractable 2 m,1075,https://btechonline.com.au/products/twin-self-retracting-lifelines
LANYARDTTRACT2M-0029,LANYARDTTRACT2M-0029,Lanyard - Twin - Retractable 2 m,1075,https://btechonline.com.au/products/twin-self-retracting-lifelines
LANYARDTTRACT2M-0011,LANYARDTTRACT2M-0011,Lanyard - Twin - Retractable 2 m,1075,https://btechonline.com.au/products/twin-self-retracting-lifelines
LANYARDTTRACT2M-0043,LANYARDTTRACT2M-0043,Lanyard - Twin - Retractable 2 m,1075,https://btechonline.com.au/products/twin-self-retracting-lifelines
LANYARDTTRACT2M-0015,LANYARDTTRACT2M-0015,Lanyard - Twin - Retractable 2 m,1075,https://btechonline.com.au/products/twin-self-retracting-lifelines
LANYARDTTRACT2M-0057,LANYARDTTRACT2M-0057,Lanyard - Twin - Retractable 2 m,1075,https://btechonline.com.au/products/twin-self-retracting-lifelines
LANYARDTTRACT2M-0041,LANYARDTTRACT2M-0041,Lanyard - Twin - Retractable 2 m,1075,https://btechonline.com.au/products/twin-self-retracting-lifelines
LANYARDTTRACT2M-0006,LANYARDTTRACT2M-0006,Lanyard - Twin - Retractable 2 m,1075,https://btechonline.com.au/products/twin-self-retracting-lifelines
LANYARDTTRACT2M-0024,LANYARDTTRACT2M-0024,Lanyard - Twin - Retractable 2 m,1075,https://btechonline.com.au/products/twin-self-retracting-lifelines
LANYARDTTRACT2M-0017,LANYARDTTRACT2M-0017,Lanyard - Twin - Retractable 2 m,1075,https://btechonline.com.au/products/twin-self-retracting-lifelines
LANYARDTTRACT2M-0052,LANYARDTTRACT2M-0052,Lanyard - Twin - Retractable 2 m,1075,https://btechonline.com.au/products/twin-self-retracting-lifelines
LANYARDTTRACT2M-0034,LANYARDTTRACT2M-0034,Lanyard - Twin - Retractable 2 m,1075,https://btechonline.com.au/products/twin-self-retracting-lifelines
LANYARDTTRACT2M-0042,LANYARDTTRACT2M-0042,Lanyard - Twin - Retractable 2 m,1075,https://btechonline.com.au/products/twin-self-retracting-lifelines
LANYARDTTRACT2M-0060,LANYARDTTRACT2M-0060,Lanyard - Twin - Retractable 2 m,1075,https://btechonline.com.au/products/twin-self-retracting-lifelines
LANYARDTTRACT2M-0027,LANYARDTTRACT2M-0027,Lanyard - Twin - Retractable 2 m,1075,https://btechonline.com.au/products/twin-self-retracting-lifelines
LANYARDTTRACT2M-0054,LANYARDTTRACT2M-0054,Lanyard - Twin - Retractable 2 m,1075,https://btechonline.com.au/products/twin-self-retracting-lifelines
LANYARDTTRACT2M-0036,LANYARDTTRACT2M-0036,Lanyard - Twin - Retractable 2 m,1075,https://btechonline.com.au/products/twin-self-retracting-lifelines
LANYARDTTRACT2M-0012,LANYARDTTRACT2M-0012,Lanyard - Twin - Retractable 2 m,1075,https://btechonline.com.au/products/twin-self-retracting-lifelines
LANYARDTTRACT2M-0018,LANYARDTTRACT2M-0018,Lanyard - Twin - Retractable 2 m,1075,https://btechonline.com.au/products/twin-self-retracting-lifelines
LANYARDTTRACT2M-0035,LANYARDTTRACT2M-0035,Lanyard - Twin - Retractable 2 m,1075,https://btechonline.com.au/products/twin-self-retracting-lifelines
LANYARDTTRACT2M-0004,LANYARDTTRACT2M-0004,Lanyard - Twin - Retractable 2 m,1075,https://btechonline.com.au/products/twin-self-retracting-lifelines
SAFETYHOOKFLOGG-0900N,SAFETYHOOKFLOGG-0005,Safety Holder - Flogger,35,Estimated based on standard safety holders
SAFETYHOOKFLOGG-0495N,SAFETYHOOKFLOGG-0006,Safety Holder - Flogger,35,Estimated based on standard safety holders
SAFETYHOOKFLOGG-0947N,SAFETYHOOKFLOGG-0007,Safety Holder - Flogger,35,Estimated based on standard safety holders
SAFETYHOOKFLOGG-0946N,SAFETYHOOKFLOGG-0011,Safety Holder - Flogger,35,Estimated based on standard safety holders
SAFETYHOOKFLOGG-0948N,SAFETYHOOKFLOGG-0012,Safety Holder - Flogger,35,Estimated based on standard safety holders
SAFETYHOOKFLOGG-0936N,SAFETYHOOKFLOGG-0013,Safety Holder - Flogger,35,Estimated based on standard safety holders
SAFETYHOOKFLOGG-0022,SAFETYHOOKFLOGG-0022,Safety Holder - Flogger,35,Estimated based on standard safety holders
SAFETYHOOKFLOGG-0025,SAFETYHOOKFLOGG-0025,Safety Holder - Flogger,35,Estimated based on standard safety holders
SAFETYHOOKFLOGG-0026,SAFETYHOOKFLOGG-0026,Safety Holder - Flogger,35,Estimated based on standard safety holders
SAFETYHOOKFLOGG-0052,SAFETYHOOKFLOGG-0052,Safety Holder - Flogger,35,Estimated based on standard safety holders
SAFETYHOOKFLOGG-0053,SAFETYHOOKFLOGG-0053,Safety Holder - Flogger,35,Estimated based on standard safety holders
SAFETYHOOKFLOGG-0055,SAFETYHOOKFLOGG-0055,Safety Holder - Flogger,35,Estimated based on standard safety holders
SAFETYHOOKFLOGG-0056,SAFETYHOOKFLOGG-0056,Safety Holder - Flogger,35,Estimated based on standard safety holders
SAFETYHOOKFLOGG-0058,SAFETYHOOKFLOGG-0058,Safety Holder - Flogger,35,Estimated based on standard safety holders
SAFETYLAARDTWIN-0066,SAFETYLAARDTWIN-0066,Safety Lanyard - Twin,152,https://rissafety.com.au/product/twin-lanyard-with-scaffold-hooks/
SAFETYLAARDTWIN-0018,SAFETYLAARDTWIN-0018,Safety Lanyard - Twin,152,https://rissafety.com.au/product/twin-lanyard-with-scaffold-hooks/
SAFETYLAARDTWIN-0008,SAFETYLAARDTWIN-0008,Safety Lanyard - Twin,152,https://rissafety.com.au/product/twin-lanyard-with-scaffold-hooks/
SAFETYLAARDTWIN-0019,SAFETYLAARDTWIN-0019,Safety Lanyard - Twin,152,https://rissafety.com.au/product/twin-lanyard-with-scaffold-hooks/
SAFETYLAARDTWIN-0014,SAFETYLAARDTWIN-0014,Safety Lanyard - Twin,152,https://rissafety.com.au/product/twin-lanyard-with-scaffold-hooks/
SAFETYLAARDTWIN-0012,SAFETYLAARDTWIN-0012,Safety Lanyard - Twin,152,https://rissafety.com.au/product/twin-lanyard-with-scaffold-hooks/
SAFETYLAARDTWIN-0005,SAFETYLAARDTWIN-0005,Safety Lanyard - Twin,152,https://rissafety.com.au/product/twin-lanyard-with-scaffold-hooks/
SAFETYLAARDTWIN-0024,SAFETYLAARDTWIN-0024,Safety Lanyard - Twin,152,https://rissafety.com.au/product/twin-lanyard-with-scaffold-hooks/
SAFETYLAARDTWIN-0013,SAFETYLAARDTWIN-0013,Safety Lanyard - Twin,152,https://rissafety.com.au/product/twin-lanyard-with-scaffold-hooks/
SAFEHARNESSCS-0093,SAFEHARNESSCS-0093,Safety Harness Confined Space,139.95,https://www.safetydirect.com.au/products/maxisafe-confined-space-harness
SAFEHARNESSCS-0056,SAFEHARNESSCS-0056,Safety Harness Confined Space,139.95,https://www.safetydirect.com.au/products/maxisafe-confined-space-harness
SAFEHARNESSCS-0061,SAFEHARNESSCS-0061,Safety Harness Confined Space,139.95,https://www.safetydirect.com.au/products/maxisafe-confined-space-harness
SAFEHARNESSCS-0070,SAFEHARNESSCS-0070,Safety Harness Confined Space,139.95,https://www.safetydirect.com.au/products/maxisafe-confined-space-harness
SAFEHARNESSCS-0054,SAFEHARNESSCS-0054,Safety Harness Confined Space,139.95,https://www.safetydirect.com.au/products/maxisafe-confined-space-harness
SAFEHARNESSCS-0068,SAFEHARNESSCS-0068,Safety Harness Confined Space,139.95,https://www.safetydirect.com.au/products/maxisafe-confined-space-harness
SAFEHARNESSCS-0083,SAFEHARNESSCS-0083,Safety Harness Confined Space,139.95,https://www.safetydirect.com.au/products/maxisafe-confined-space-harness
SAFEHARNESSCS-0074,SAFEHARNESSCS-0074,Safety Harness Confined Space,139.95,https://www.safetydirect.com.au/products/maxisafe-confined-space-harness
SAFEHARNESSCS-0095,SAFEHARNESSCS-0095,Safety Harness Confined Space,139.95,https://www.safetydirect.com.au/products/maxisafe-confined-space-harness
SAFEHARNESSCS-0085,SAFEHARNESSCS-0085,Safety Harness Confined Space,139.95,https://www.safetydirect.com.au/products/maxisafe-confined-space-harness
SAFEHARNESSCS-0090,SAFEHARNESSCS-0090,Safety Harness Confined Space,139.95,https://www.safetydirect.com.au/products/maxisafe-confined-space-harness
SAFEHARNESSCS-0078,SAFEHARNESSCS-0078,Safety Harness Confined Space,139.95,https://www.safetydirect.com.au/products/maxisafe-confined-space-harness
SAFEHARNESSCS-0073,SAFEHARNESSCS-0073,Safety Harness Confined Space,139.95,https://www.safetydirect.com.au/products/maxisafe-confined-space-harness
SAFEHARNESSCS-0100,SAFEHARNESSCS-0100,Safety Harness Confined Space,139.95,https://www.safetydirect.com.au/products/maxisafe-confined-space-harness
SAFEHARNESSCS-0084,SAFEHARNESSCS-0084,Safety Harness Confined Space,139.95,https://www.safetydirect.com.au/products/maxisafe-confined-space-harness
SAFEHARNESSCS-0099,SAFEHARNESSCS-0099,Safety Harness Confined Space,139.95,https://www.safetydirect.com.au/products/maxisafe-confined-space-harness
SAFEHARNESSCS-0092,SAFEHARNESSCS-0092,Safety Harness Confined Space,139.95,https://www.safetydirect.com.au/products/maxisafe-confined-space-harness
SAFEHARNESSCS-0063,SAFEHARNESSCS-0063,Safety Harness Confined Space,139.95,https://www.safetydirect.com.au/products/maxisafe-confined-space-harness
SAFEHARNESSCS-0094,SAFEHARNESSCS-0094,Safety Harness Confined Space,139.95,https://www.safetydirect.com.au/products/maxisafe-confined-space-harness
SAFETYSTEP-0036,SAFETYSTEP-0036,Safety Step,109.99,https://www.rsea.com.au/workplace-safety/material-handling/safety-step-safety-step-250kg-orange-ssr002
SAFETYSTETYSTEP-0978,SAFETYSTETYSTEP-0978,Safety Step,109.99,https://www.rsea.com.au/workplace-safety/material-handling/safety-step-safety-step-250kg-orange-ssr002
SAFETYSTETYSTEP-0960,SAFETYSTETYSTEP-0960,Safety Step,109.99,https://www.rsea.com.au/workplace-safety/material-handling/safety-step-safety-step-250kg-orange-ssr002
SAFETYSTETYSTEP-1052,SAFETYSTETYSTEP-1052,Safety Step,109.99,https://www.rsea.com.au/workplace-safety/material-handling/safety-step-safety-step-250kg-orange-ssr002
SAFETYSTETYSTEP-1051,SAFETYSTETYSTEP-1051,Safety Step,109.99,https://www.rsea.com.au/workplace-safety/material-handling/safety-step-safety-step-250kg-orange-ssr002
SAFETYSTETYSTEP-0996,SAFETYSTETYSTEP-0996,Safety Step,109.99,https://www.rsea.com.au/workplace-safety/material-handling/safety-step-safety-step-250kg-orange-ssr002
SAFETYSTETYSTEP-0968,SAFETYSTETYSTEP-0968,Safety Step,109.99,https://www.rsea.com.au/workplace-safety/material-handling/safety-step-safety-step-250kg-orange-ssr002
SAFETYSTETYSTEP-1005,SAFETYSTETYSTEP-1005,Safety Step,109.99,https://www.rsea.com.au/workplace-safety/material-handling/safety-step-safety-step-250kg-orange-ssr002
ROPELANSINGTAIL-0016,ROPELANSINGTAIL-0016,Rope Lanyard - Single Tail,302.5,https://www.heightsafetycentral.com.au/products/skylotec-bfd-sk12-rope-lanyard-adjustable-single-leg
ROPELANSINGTAIL-0015,ROPELANSINGTAIL-0015,Rope Lanyard - Single Tail,302.5,https://www.heightsafetycentral.com.au/products/skylotec-bfd-sk12-rope-lanyard-adjustable-single-leg
ROPELANSINGTAIL-0019,ROPELANSINGTAIL-0019,Rope Lanyard - Single Tail,302.5,https://www.heightsafetycentral.com.au/products/skylotec-bfd-sk12-rope-lanyard-adjustable-single-leg
ROPELANSINGTAIL-0011,ROPELANSINGTAIL-0011,Rope Lanyard - Single Tail,302.5,https://www.heightsafetycentral.com.au/products/skylotec-bfd-sk12-rope-lanyard-adjustable-single-leg
ROPELANSINGTAIL-0012,ROPELANSINGTAIL-0012,Rope Lanyard - Single Tail,302.5,https://www.heightsafetycentral.com.au/products/skylotec-bfd-sk12-rope-lanyard-adjustable-single-leg
ROPELANSINGTAIL-0017,ROPELANSINGTAIL-0017,Rope Lanyard - Single Tail,302.5,https://www.heightsafetycentral.com.au/products/skylotec-bfd-sk12-rope-lanyard-adjustable-single-leg
ROPELANSINGTAIL-0018,ROPELANSINGTAIL-0018,Rope Lanyard - Single Tail,302.5,https://www.heightsafetycentral.com.au/products/skylotec-bfd-sk12-rope-lanyard-adjustable-single-leg
ROPELANSINGTAIL-0020,ROPELANSINGTAIL-0020,Rope Lanyard - Single Tail,302.5,https://www.heightsafetycentral.com.au/products/skylotec-bfd-sk12-rope-lanyard-adjustable-single-leg
ROPELANSINGTAIL-0013,ROPELANSINGTAIL-0013,Rope Lanyard - Single Tail,302.5,https://www.heightsafetycentral.com.au/products/skylotec-bfd-sk12-rope-lanyard-adjustable-single-leg
ROPELANSINGTAIL-0014,ROPELANSINGTAIL-0014,Rope Lanyard - Single Tail,302.5,https://www.heightsafetycentral.com.au/products/skylotec-bfd-sk12-rope-lanyard-adjustable-single-leg
1280757,1280757,Lanyard - Retractable,280,https://www.primesupplies.com.au/product/self-retracting-lanyard-2m-with-swivel-steel-scaff-hook/
1280788,1280788,Lanyard - Retractable,280,https://www.primesupplies.com.au/product/self-retracting-lanyard-2m-with-swivel-steel-scaff-hook/
SAFETYSTETYSTEP-1004,SAFETYSTETYSTEP-1004,Safety Step,109.99,https://www.rsea.com.au/workplace-safety/material-handling/safety-step-safety-step-250kg-orange-ssr002
678231,678231,Pipe Clamp Stainless - 254 mm - 915 mm - Dearmon,250,Dearman via Specialized Retailer
1238325,1238325,Pipe Clamp Stainless - 254 mm - 915 mm - Dearmon,250,Dearman via Specialized Retailer
1238328,1238328,Pipe Clamp Stainless - 254 mm - 915 mm - Dearmon,250,Dearman via Specialized Retailer
1289729,1289729,Exhaust Fan - Electric - 300 mm,297.7,https://www.fanmaster.com.au/product/masterfans-portable-ventilator/
1289734,1289734,Exhaust Fan - Electric - 300 mm,297.7,https://www.fanmaster.com.au/product/masterfans-portable-ventilator/
COA~5180082,1148455,Exhaust Fan - Electric - 300 mm,297.7,https://www.fanmaster.com.au/product/masterfans-portable-ventilator/
1274318,1274318,Exhaust Fan - Electric - 300 mm,297.7,https://www.fanmaster.com.au/product/masterfans-portable-ventilator/
COA~5328580,1134546,Exhaust Fan - Electric - 300 mm,297.7,https://www.fanmaster.com.au/product/masterfans-portable-ventilator/
COA~5154084,1132464,Exhaust Fan - Electric - 300 mm,297.7,https://www.fanmaster.com.au/product/masterfans-portable-ventilator/
1274312,1274312,Exhaust Fan - Electric - 300 mm,297.7,https://www.fanmaster.com.au/product/masterfans-portable-ventilator/
1300373,1300373,Exhaust Fan - Electric - 300 mm,297.7,https://www.fanmaster.com.au/product/masterfans-portable-ventilator/
COA~498327,1027915,Exhaust Fan - Electric - 300 mm,297.7,https://www.fanmaster.com.au/product/masterfans-portable-ventilator/
1274319,1274319,Exhaust Fan - Electric - 300 mm,297.7,https://www.fanmaster.com.au/product/masterfans-portable-ventilator/
COA~292519,1038438,Exhaust Fan - Electric - 300 mm,297.7,https://www.fanmaster.com.au/product/masterfans-portable-ventilator/
COA~5608242,1242393,Exhaust Fan - Electric - 300 mm,297.7,https://www.fanmaster.com.au/product/masterfans-portable-ventilator/
COA~5568942,1242377,Exhaust Fan - Electric - 300 mm,297.7,https://www.fanmaster.com.au/product/masterfans-portable-ventilator/
COA~5651409,1242308,Exhaust Fan - Electric - 300 mm,297.7,https://www.fanmaster.com.au/product/masterfans-portable-ventilator/
1290178,1290178,Exhaust Fan - Electric - 300 mm,297.7,https://www.fanmaster.com.au/product/masterfans-portable-ventilator/
COA~5401573,1226846,Exhaust Fan - Electric - 300 mm,297.7,https://www.fanmaster.com.au/product/masterfans-portable-ventilator/
COA~5604372,1242388,Exhaust Fan - Electric - 300 mm,297.7,https://www.fanmaster.com.au/product/masterfans-portable-ventilator/
1289725,1289725,Exhaust Fan - Electric - 300 mm,297.7,https://www.fanmaster.com.au/product/masterfans-portable-ventilator/
1289161,1289161,Exhaust Fan - Electric - 300 mm,297.7,https://www.fanmaster.com.au/product/masterfans-portable-ventilator/
COA~5591461,1242353,Exhaust Fan - Electric - 300 mm,297.7,https://www.fanmaster.com.au/product/masterfans-portable-ventilator/
COA~5527581,1242323,Exhaust Fan - Electric - 300 mm,297.7,https://www.fanmaster.com.au/product/masterfans-portable-ventilator/
COA~5604373,1242366,Exhaust Fan - Electric - 300 mm,297.7,https://www.fanmaster.com.au/product/masterfans-portable-ventilator/
COA~90615,1176596,Exhaust Fan - Electric - 300 mm,297.7,https://www.fanmaster.com.au/product/masterfans-portable-ventilator/
COA~244202,1012323,Exhaust Fan - Electric - 300 mm,297.7,https://www.fanmaster.com.au/product/masterfans-portable-ventilator/
COA~214843,208546,Exhaust Fan - Electric - 300 mm,297.7,https://www.fanmaster.com.au/product/masterfans-portable-ventilator/
COA~5469282,1242324,Exhaust Fan - Electric - 300 mm,297.7,https://www.fanmaster.com.au/product/masterfans-portable-ventilator/
DUCTING300MMR-0063,DUCTING300MMR-0063,Ducting - 300 mm Reinforced (Per Metre),33,https://www.aceworkwear.com.au/products/fanmaster-flexible-ducting-300mm-flexible-ducting-ifd300
DUCTING300MMR-0101,DUCTING300MMR-0101,Ducting - 300 mm Reinforced (Per Metre),33,https://www.aceworkwear.com.au/products/fanmaster-flexible-ducting-300mm-flexible-ducting-ifd300
DUCTING300MMR-000002,DUCTING300MMR-000002,Ducting - 300 mm Reinforced (Per Metre),33,https://www.aceworkwear.com.au/products/fanmaster-flexible-ducting-300mm-flexible-ducting-ifd300
DUCTING300MMR-0106,DUCTING300MMR-0106,Ducting - 300 mm Reinforced (Per Metre),33,https://www.aceworkwear.com.au/products/fanmaster-flexible-ducting-300mm-flexible-ducting-ifd300
DUCTING300MMR-0020,DUCTING300MMR-0020,Ducting - 300 mm Reinforced (Per Metre),33,https://www.aceworkwear.com.au/products/fanmaster-flexible-ducting-300mm-flexible-ducting-ifd300
DUCTING300MMR-0165,DUCTING300MMR-0165,Ducting - 300 mm Reinforced (Per Metre),33,https://www.aceworkwear.com.au/products/fanmaster-flexible-ducting-300mm-flexible-ducting-ifd300
DUCTING300MMR-0099,DUCTING300MMR-0099,Ducting - 300 mm Reinforced (Per Metre),33,https://www.aceworkwear.com.au/products/fanmaster-flexible-ducting-300mm-flexible-ducting-ifd300
DUCTING300MMR-0053,DUCTING300MMR-0053,Ducting - 300 mm Reinforced (Per Metre),33,https://www.aceworkwear.com.au/products/fanmaster-flexible-ducting-300mm-flexible-ducting-ifd300
DUCTING300MMR-0104,DUCTING300MMR-0104,Ducting - 300 mm Reinforced (Per Metre),33,https://www.aceworkwear.com.au/products/fanmaster-flexible-ducting-300mm-flexible-ducting-ifd300
DUCTING300MMR-0120,DUCTING300MMR-0120,Ducting - 300 mm Reinforced (Per Metre),33,https://www.aceworkwear.com.au/products/fanmaster-flexible-ducting-300mm-flexible-ducting-ifd300
DUCTING300MMR-0088,DUCTING300MMR-0088,Ducting - 300 mm Reinforced (Per Metre),33,https://www.aceworkwear.com.au/products/fanmaster-flexible-ducting-300mm-flexible-ducting-ifd300
DUCTING300MMR-0123,DUCTING300MMR-0123,Ducting - 300 mm Reinforced (Per Metre),33,https://www.aceworkwear.com.au/products/fanmaster-flexible-ducting-300mm-flexible-ducting-ifd300
DUCTING300MMR-0086,DUCTING300MMR-0086,Ducting - 300 mm Reinforced (Per Metre),33,https://www.aceworkwear.com.au/products/fanmaster-flexible-ducting-300mm-flexible-ducting-ifd300
DUCTING300MMR-0062,DUCTING300MMR-0062,Ducting - 300 mm Reinforced (Per Metre),33,https://www.aceworkwear.com.au/products/fanmaster-flexible-ducting-300mm-flexible-ducting-ifd300
DUCTING300MMR-0167,DUCTING300MMR-0167,Ducting - 300 mm Reinforced (Per Metre),33,https://www.aceworkwear.com.au/products/fanmaster-flexible-ducting-300mm-flexible-ducting-ifd300
DUCTING300MMR-0087,DUCTING300MMR-0087,Ducting - 300 mm Reinforced (Per Metre),33,https://www.aceworkwear.com.au/products/fanmaster-flexible-ducting-300mm-flexible-ducting-ifd300
DUCTING300MMR-0039,DUCTING300MMR-0039,Ducting - 300 mm Reinforced (Per Metre),33,https://www.aceworkwear.com.au/products/fanmaster-flexible-ducting-300mm-flexible-ducting-ifd300
DUCTING300MMR-000003,DUCTING300MMR-000003,Ducting - 300 mm Reinforced (Per Metre),33,https://www.aceworkwear.com.au/products/fanmaster-flexible-ducting-300mm-flexible-ducting-ifd300
DUCTING300MMR-0083,DUCTING300MMR-0083,Ducting - 300 mm Reinforced (Per Metre),33,https://www.aceworkwear.com.au/products/fanmaster-flexible-ducting-300mm-flexible-ducting-ifd300
DUCTING300MMR-0122,DUCTING300MMR-0122,Ducting - 300 mm Reinforced (Per Metre),33,https://www.aceworkwear.com.au/products/fanmaster-flexible-ducting-300mm-flexible-ducting-ifd300
DUCTING300MMR-0113,DUCTING300MMR-0113,Ducting - 300 mm Reinforced (Per Metre),33,https://www.aceworkwear.com.au/products/fanmaster-flexible-ducting-300mm-flexible-ducting-ifd300
DUCTING300MMR-0119,DUCTING300MMR-0119,Ducting - 300 mm Reinforced (Per Metre),33,https://www.aceworkwear.com.au/products/fanmaster-flexible-ducting-300mm-flexible-ducting-ifd300
DUCTING300MMR-0146,DUCTING300MMR-0146,Ducting - 300 mm Reinforced (Per Metre),33,https://www.aceworkwear.com.au/products/fanmaster-flexible-ducting-300mm-flexible-ducting-ifd300
DUCTING300MMR-0129,DUCTING300MMR-0129,Ducting - 300 mm Reinforced (Per Metre),33,https://www.aceworkwear.com.au/products/fanmaster-flexible-ducting-300mm-flexible-ducting-ifd300
DUCTING300MMR-0121,DUCTING300MMR-0121,Ducting - 300 mm Reinforced (Per Metre),33,https://www.aceworkwear.com.au/products/fanmaster-flexible-ducting-300mm-flexible-ducting-ifd300
DUCTING300MMR-0035,DUCTING300MMR-0035,Ducting - 300 mm Reinforced (Per Metre),33,https://www.aceworkwear.com.au/products/fanmaster-flexible-ducting-300mm-flexible-ducting-ifd300
DUCTING300MMR-0030,DUCTING300MMR-0030,Ducting - 300 mm Reinforced (Per Metre),33,https://www.aceworkwear.com.au/products/fanmaster-flexible-ducting-300mm-flexible-ducting-ifd300
DUCTING300MMR-0308,DUCTING300MMR-0308,Ducting - 300 mm Reinforced (Per Metre),33,https://www.aceworkwear.com.au/products/fanmaster-flexible-ducting-300mm-flexible-ducting-ifd300
DUCTING300MMR-0108,DUCTING300MMR-0108,Ducting - 300 mm Reinforced (Per Metre),33,https://www.aceworkwear.com.au/products/fanmaster-flexible-ducting-300mm-flexible-ducting-ifd300
DUCTING300MMR-0103,DUCTING300MMR-0103,Ducting - 300 mm Reinforced (Per Metre),33,https://www.aceworkwear.com.au/products/fanmaster-flexible-ducting-300mm-flexible-ducting-ifd300
DUCTING300MMR-0207,DUCTING300MMR-0207,Ducting - 300 mm Reinforced (Per Metre),33,https://www.aceworkwear.com.au/products/fanmaster-flexible-ducting-300mm-flexible-ducting-ifd300
DUCTING300MMR-0092,DUCTING300MMR-0092,Ducting - 300 mm Reinforced (Per Metre),33,https://www.aceworkwear.com.au/products/fanmaster-flexible-ducting-300mm-flexible-ducting-ifd300
DUCTING300MMR-0067,DUCTING300MMR-0067,Ducting - 300 mm Reinforced (Per Metre),33,https://www.aceworkwear.com.au/products/fanmaster-flexible-ducting-300mm-flexible-ducting-ifd300
DUCTING300MMR-0070,DUCTING300MMR-0070,Ducting - 300 mm Reinforced (Per Metre),33,https://www.aceworkwear.com.au/products/fanmaster-flexible-ducting-300mm-flexible-ducting-ifd300
DUCTING300MMR-0114,DUCTING300MMR-0114,Ducting - 300 mm Reinforced (Per Metre),33,https://www.aceworkwear.com.au/products/fanmaster-flexible-ducting-300mm-flexible-ducting-ifd300
DUCTING300MMR-0072,DUCTING300MMR-0072,Ducting - 300 mm Reinforced (Per Metre),33,https://www.aceworkwear.com.au/products/fanmaster-flexible-ducting-300mm-flexible-ducting-ifd300
DUCTING300MMR-0118,DUCTING300MMR-0118,Ducting - 300 mm Reinforced (Per Metre),33,https://www.aceworkwear.com.au/products/fanmaster-flexible-ducting-300mm-flexible-ducting-ifd300
DUCTING300MMR-0031,DUCTING300MMR-0031,Ducting - 300 mm Reinforced (Per Metre),33,https://www.aceworkwear.com.au/products/fanmaster-flexible-ducting-300mm-flexible-ducting-ifd300
1298948,1298948,Milwaukee 150 mm Battery Fan,199,RENTAL_STOCK_22_07_2026_CANONICAL.xlsx / REPLACEMENT_COSTS
1298953,1298953,Milwaukee 150 mm Battery Fan,199,RENTAL_STOCK_22_07_2026_CANONICAL.xlsx / REPLACEMENT_COSTS
1298950,1298950,Milwaukee 150 mm Battery Fan,199,RENTAL_STOCK_22_07_2026_CANONICAL.xlsx / REPLACEMENT_COSTS
DUCTING300MMR-0073,DUCTING300MMR-0073,Ducting - 300 mm Reinforced (Per Metre),33,https://www.aceworkwear.com.au/products/fanmaster-flexible-ducting-300mm-flexible-ducting-ifd300
DUCTING300MMR-0115,DUCTING300MMR-0115,Ducting - 300 mm Reinforced (Per Metre),33,https://www.aceworkwear.com.au/products/fanmaster-flexible-ducting-300mm-flexible-ducting-ifd300
DUCTING300MMR-0168,DUCTING300MMR-0168,Ducting - 300 mm Reinforced (Per Metre),33,https://www.aceworkwear.com.au/products/fanmaster-flexible-ducting-300mm-flexible-ducting-ifd300
DUCTING300MMR-0090,DUCTING300MMR-0090,Ducting - 300 mm Reinforced (Per Metre),33,https://www.aceworkwear.com.au/products/fanmaster-flexible-ducting-300mm-flexible-ducting-ifd300
DUCTING300MMR-0117,DUCTING300MMR-0117,Ducting - 300 mm Reinforced (Per Metre),33,https://www.aceworkwear.com.au/products/fanmaster-flexible-ducting-300mm-flexible-ducting-ifd300
DUCTING300MMR-0128,DUCTING300MMR-0128,Ducting - 300 mm Reinforced (Per Metre),33,https://www.aceworkwear.com.au/products/fanmaster-flexible-ducting-300mm-flexible-ducting-ifd300
DUCTING300MMR-0310,DUCTING300MMR-0310,Ducting - 300 mm Reinforced (Per Metre),33,https://www.aceworkwear.com.au/products/fanmaster-flexible-ducting-300mm-flexible-ducting-ifd300
1289735,1289735,Exhaust Fan - Electric - 300 mm,297.7,https://www.fanmaster.com.au/product/masterfans-portable-ventilator/
COA~5068091,1090501,Exhaust Fan - Electric 610mm,,
COA~51970,1242856,Exhaust Fan - Electric 610mm,,
COA~5168065,1189634,Exhaust Fan - Electric 610mm,,
SCREWDRIIVERSET-0012,SCREWDRIIVERSET-0012,Screwdriver Set,65,Kincrome/Sutton/Irwin via Total Tools (Estimated)
SCREWDRIIVERSET-0046,SCREWDRIIVERSET-0046,Screwdriver Set,65,Kincrome/Sutton/Irwin via Total Tools (Estimated)
SCREWDRIIVERSET-0057,SCREWDRIIVERSET-0057,Screwdriver Set,65,Kincrome/Sutton/Irwin via Total Tools (Estimated)
SCREWDRIIVERSET-0058,SCREWDRIIVERSET-0058,Screwdriver Set,65,Kincrome/Sutton/Irwin via Total Tools (Estimated)
SCREWDRIIVERSET-0061,SCREWDRIIVERSET-0061,Screwdriver Set,65,Kincrome/Sutton/Irwin via Total Tools (Estimated)
POPRIVETANDHELD-0012,POPRIVETANDHELD-0012,Hand Held Rivet Gun,45,Lobster via Total Tools
RADIOCOVER/097,RADIOCOVER-0097,Radio Cover,114.4,https://shop.motorolasolutions.com.au/product/leather-carry-case-with-3-fixed-belt-loop-full-keypad-pmln5838
RADIOCOVER/084,RADIOCOVER-0084,Radio Cover,114.4,https://shop.motorolasolutions.com.au/product/leather-carry-case-with-3-fixed-belt-loop-full-keypad-pmln5838
RADIOCOVER/082,RADIOCOVER-0082,Radio Cover,114.4,https://shop.motorolasolutions.com.au/product/leather-carry-case-with-3-fixed-belt-loop-full-keypad-pmln5838
RADIOCOVER/106,RADIOCOVER-0106,Radio Cover,114.4,https://shop.motorolasolutions.com.au/product/leather-carry-case-with-3-fixed-belt-loop-full-keypad-pmln5838
RADIOCOVER/087,RADIOCOVER-0087,Radio Cover,114.4,https://shop.motorolasolutions.com.au/product/leather-carry-case-with-3-fixed-belt-loop-full-keypad-pmln5838
RADIOCOVER/071,RADIOCOVER-0071,Radio Cover,114.4,https://shop.motorolasolutions.com.au/product/leather-carry-case-with-3-fixed-belt-loop-full-keypad-pmln5838
RADIOCOVER/133,RADIOCOVER-0133,Radio Cover,114.4,https://shop.motorolasolutions.com.au/product/leather-carry-case-with-3-fixed-belt-loop-full-keypad-pmln5838
RADIOCOVER/007,RADIOCOVER-0007,Radio Cover,114.4,https://shop.motorolasolutions.com.au/product/leather-carry-case-with-3-fixed-belt-loop-full-keypad-pmln5838
RADIOCOVER/101,RADIOCOVER-0101,Radio Cover,114.4,https://shop.motorolasolutions.com.au/product/leather-carry-case-with-3-fixed-belt-loop-full-keypad-pmln5838
RADIOCOVER/125,RADIOCOVER-0125,Radio Cover,114.4,https://shop.motorolasolutions.com.au/product/leather-carry-case-with-3-fixed-belt-loop-full-keypad-pmln5838
RADIOCOVER/094,RADIOCOVER-0094,Radio Cover,114.4,https://shop.motorolasolutions.com.au/product/leather-carry-case-with-3-fixed-belt-loop-full-keypad-pmln5838
RADIOCOVER/137,RADIOCOVER-0137,Radio Cover,114.4,https://shop.motorolasolutions.com.au/product/leather-carry-case-with-3-fixed-belt-loop-full-keypad-pmln5838
RADIOCOVER/002,RADIOCOVER-0002,Radio Cover,114.4,https://shop.motorolasolutions.com.au/product/leather-carry-case-with-3-fixed-belt-loop-full-keypad-pmln5838
RADIOCOVER/077,RADIOCOVER-0077,Radio Cover,114.4,https://shop.motorolasolutions.com.au/product/leather-carry-case-with-3-fixed-belt-loop-full-keypad-pmln5838
RADIOCOVER/075,RADIOCOVER-0075,Radio Cover,114.4,https://shop.motorolasolutions.com.au/product/leather-carry-case-with-3-fixed-belt-loop-full-keypad-pmln5838
RADIOCOVER/080,RADIOCOVER-0080,Radio Cover,114.4,https://shop.motorolasolutions.com.au/product/leather-carry-case-with-3-fixed-belt-loop-full-keypad-pmln5838
RADIOCOVER/109,RADIOCOVER-0109,Radio Cover,114.4,https://shop.motorolasolutions.com.au/product/leather-carry-case-with-3-fixed-belt-loop-full-keypad-pmln5838
RADIOCOVER/138,RADIOCOVER-0138,Radio Cover,114.4,https://shop.motorolasolutions.com.au/product/leather-carry-case-with-3-fixed-belt-loop-full-keypad-pmln5838
RADIOCOVER/079,RADIOCOVER-0079,Radio Cover,114.4,https://shop.motorolasolutions.com.au/product/leather-carry-case-with-3-fixed-belt-loop-full-keypad-pmln5838
RADIOCOVER/086,RADIOCOVER-0086,Radio Cover,114.4,https://shop.motorolasolutions.com.au/product/leather-carry-case-with-3-fixed-belt-loop-full-keypad-pmln5838
RADIOCOVER/072,RADIOCOVER-0072,Radio Cover,114.4,https://shop.motorolasolutions.com.au/product/leather-carry-case-with-3-fixed-belt-loop-full-keypad-pmln5838
RADIOCOVER/088,RADIOCOVER-0088,Radio Cover,114.4,https://shop.motorolasolutions.com.au/product/leather-carry-case-with-3-fixed-belt-loop-full-keypad-pmln5838
RADIOCOVER/128,RADIOCOVER-0128,Radio Cover,114.4,https://shop.motorolasolutions.com.au/product/leather-carry-case-with-3-fixed-belt-loop-full-keypad-pmln5838
RADIOCOVER/070,RADIOCOVER-0070,Radio Cover,114.4,https://shop.motorolasolutions.com.au/product/leather-carry-case-with-3-fixed-belt-loop-full-keypad-pmln5838
RADIOCOVER/074,RADIOCOVER-0074,Radio Cover,114.4,https://shop.motorolasolutions.com.au/product/leather-carry-case-with-3-fixed-belt-loop-full-keypad-pmln5838
RADIOCOVER/085,RADIOCOVER-0085,Radio Cover,114.4,https://shop.motorolasolutions.com.au/product/leather-carry-case-with-3-fixed-belt-loop-full-keypad-pmln5838
RADIOCOVER/110,RADIOCOVER-0110,Radio Cover,114.4,https://shop.motorolasolutions.com.au/product/leather-carry-case-with-3-fixed-belt-loop-full-keypad-pmln5838
RADIOCOVER/005,RADIOCOVER-0005,Radio Cover,114.4,https://shop.motorolasolutions.com.au/product/leather-carry-case-with-3-fixed-belt-loop-full-keypad-pmln5838
RADIOCOVER/096,RADIOCOVER-0096,Radio Cover,114.4,https://shop.motorolasolutions.com.au/product/leather-carry-case-with-3-fixed-belt-loop-full-keypad-pmln5838
RADIOCOVER/119,RADIOCOVER-0119,Radio Cover,114.4,https://shop.motorolasolutions.com.au/product/leather-carry-case-with-3-fixed-belt-loop-full-keypad-pmln5838
RADIOCOVER/131,RADIOCOVER-0131,Radio Cover,114.4,https://shop.motorolasolutions.com.au/product/leather-carry-case-with-3-fixed-belt-loop-full-keypad-pmln5838
RADIOCOVER/140,RADIOCOVER-0140,Radio Cover,114.4,https://shop.motorolasolutions.com.au/product/leather-carry-case-with-3-fixed-belt-loop-full-keypad-pmln5838
RADIOCOVER/113,RADIOCOVER-0113,Radio Cover,114.4,https://shop.motorolasolutions.com.au/product/leather-carry-case-with-3-fixed-belt-loop-full-keypad-pmln5838
RADIOCOVER/078,RADIOCOVER-0078,Radio Cover,114.4,https://shop.motorolasolutions.com.au/product/leather-carry-case-with-3-fixed-belt-loop-full-keypad-pmln5838
RADIOCOVER/100,RADIOCOVER-0100,Radio Cover,114.4,https://shop.motorolasolutions.com.au/product/leather-carry-case-with-3-fixed-belt-loop-full-keypad-pmln5838
RADIOCOVER/122,RADIOCOVER-0122,Radio Cover,114.4,https://shop.motorolasolutions.com.au/product/leather-carry-case-with-3-fixed-belt-loop-full-keypad-pmln5838
RADIOCOVER/083,RADIOCOVER-0083,Radio Cover,114.4,https://shop.motorolasolutions.com.au/product/leather-carry-case-with-3-fixed-belt-loop-full-keypad-pmln5838
BATCHGMILMXFLSI-0010,BATCHGMILMXFLSI-0010,Milwaukee MX Fuel Battery Charger,649,RENTAL_STOCK_22_07_2026_CANONICAL.xlsx / REPLACEMENT_COSTS
BATCHGMILMXFLSI-0046,BATCHGMILMXFLSI-0046,Milwaukee MX Fuel Battery Charger,649,RENTAL_STOCK_22_07_2026_CANONICAL.xlsx / REPLACEMENT_COSTS
BATMIL18V5A-0151,BATMIL18V5A-0151,Milwaukee 18 V 5 Ah Battery,218.9,RENTAL_STOCK_22_07_2026_CANONICAL.xlsx / REPLACEMENT_COSTS
BATMIL18V5A-1582,BATMIL18V5A-1582,Milwaukee 18 V 5 Ah Battery,218.9,RENTAL_STOCK_22_07_2026_CANONICAL.xlsx / REPLACEMENT_COSTS
BATMIL18V5A-1186,BATMIL18V5A-1186,Milwaukee 18 V 5 Ah Battery,218.9,RENTAL_STOCK_22_07_2026_CANONICAL.xlsx / REPLACEMENT_COSTS
BATMIL18V5A-0898,BATMIL18V5A-0898,Milwaukee 18 V 5 Ah Battery,218.9,RENTAL_STOCK_22_07_2026_CANONICAL.xlsx / REPLACEMENT_COSTS
BATMIL18V5A-1599,BATMIL18V5A-1599,Milwaukee 18 V 5 Ah Battery,218.9,RENTAL_STOCK_22_07_2026_CANONICAL.xlsx / REPLACEMENT_COSTS
BATMIL18V5A-0335S,BATMIL18V5A-1364,Milwaukee 18 V 5 Ah Battery,218.9,RENTAL_STOCK_22_07_2026_CANONICAL.xlsx / REPLACEMENT_COSTS
BATMIL18V5A-1571,BATMIL18V5A-1571,Milwaukee 18 V 5 Ah Battery,218.9,RENTAL_STOCK_22_07_2026_CANONICAL.xlsx / REPLACEMENT_COSTS
BATMIL18V5A-1576,BATMIL18V5A-1576,Milwaukee 18 V 5 Ah Battery,218.9,RENTAL_STOCK_22_07_2026_CANONICAL.xlsx / REPLACEMENT_COSTS
BATMIL18V5A-0894,BATMIL18V5A-0894,Milwaukee 18 V 5 Ah Battery,218.9,RENTAL_STOCK_22_07_2026_CANONICAL.xlsx / REPLACEMENT_COSTS
BATMIL18V5A-1467,BATMIL18V5A-1467,Milwaukee 18 V 5 Ah Battery,218.9,RENTAL_STOCK_22_07_2026_CANONICAL.xlsx / REPLACEMENT_COSTS
BATMIL18V5A-1368,BATMIL18V5A-1368,Milwaukee 18 V 5 Ah Battery,218.9,RENTAL_STOCK_22_07_2026_CANONICAL.xlsx / REPLACEMENT_COSTS
BATMIL18V5A-1376,BATMIL18V5A-1376,Milwaukee 18 V 5 Ah Battery,218.9,RENTAL_STOCK_22_07_2026_CANONICAL.xlsx / REPLACEMENT_COSTS
BATMIL18V5A-1275,BATMIL18V5A-1275,Milwaukee 18 V 5 Ah Battery,218.9,RENTAL_STOCK_22_07_2026_CANONICAL.xlsx / REPLACEMENT_COSTS
BATMIL18V5A-1597,BATMIL18V5A-1597,Milwaukee 18 V 5 Ah Battery,218.9,RENTAL_STOCK_22_07_2026_CANONICAL.xlsx / REPLACEMENT_COSTS
BATMIL18V5A-1242,BATMIL18V5A-1242,Milwaukee 18 V 5 Ah Battery,218.9,RENTAL_STOCK_22_07_2026_CANONICAL.xlsx / REPLACEMENT_COSTS
BATMIL18V5A-0850,BATMIL18V5A-0850,Milwaukee 18 V 5 Ah Battery,218.9,RENTAL_STOCK_22_07_2026_CANONICAL.xlsx / REPLACEMENT_COSTS
BATMIL18V5A-1128,BATMIL18V5A-1128,Milwaukee 18 V 5 Ah Battery,218.9,RENTAL_STOCK_22_07_2026_CANONICAL.xlsx / REPLACEMENT_COSTS
BATMIL18V5A-1153,BATMIL18V5A-1153,Milwaukee 18 V 5 Ah Battery,218.9,RENTAL_STOCK_22_07_2026_CANONICAL.xlsx / REPLACEMENT_COSTS
BATMIL18V5A-0063,BATMIL18V5A-0063,Milwaukee 18 V 5 Ah Battery,218.9,RENTAL_STOCK_22_07_2026_CANONICAL.xlsx / REPLACEMENT_COSTS
BATMIL18V5A-0060,BATMIL18V5A-0060,Milwaukee 18 V 5 Ah Battery,218.9,RENTAL_STOCK_22_07_2026_CANONICAL.xlsx / REPLACEMENT_COSTS
BATMIL18V5A-1147,BATMIL18V5A-1147,Milwaukee 18 V 5 Ah Battery,218.9,RENTAL_STOCK_22_07_2026_CANONICAL.xlsx / REPLACEMENT_COSTS
BATMIL18V5A-1469,BATMIL18V5A-1469,Milwaukee 18 V 5 Ah Battery,218.9,RENTAL_STOCK_22_07_2026_CANONICAL.xlsx / REPLACEMENT_COSTS
BATMIL18V5A-1565,BATMIL18V5A-1565,Milwaukee 18 V 5 Ah Battery,218.9,RENTAL_STOCK_22_07_2026_CANONICAL.xlsx / REPLACEMENT_COSTS
BATMIL18V5A-1239,BATMIL18V5A-1239,Milwaukee 18 V 5 Ah Battery,218.9,RENTAL_STOCK_22_07_2026_CANONICAL.xlsx / REPLACEMENT_COSTS
BATMIL18V5A-1459,BATMIL18V5A-1459,Milwaukee 18 V 5 Ah Battery,218.9,RENTAL_STOCK_22_07_2026_CANONICAL.xlsx / REPLACEMENT_COSTS
BATMIL18V5A-1184,BATMIL18V5A-1184,Milwaukee 18 V 5 Ah Battery,218.9,RENTAL_STOCK_22_07_2026_CANONICAL.xlsx / REPLACEMENT_COSTS
BATMIL18V5A-0255,BATMIL18V5A-0255,Milwaukee 18 V 5 Ah Battery,218.9,RENTAL_STOCK_22_07_2026_CANONICAL.xlsx / REPLACEMENT_COSTS
BATMIL18V5A-0818,BATMIL18V5A-0818,Milwaukee 18 V 5 Ah Battery,218.9,RENTAL_STOCK_22_07_2026_CANONICAL.xlsx / REPLACEMENT_COSTS
BATMIL18V5A-1591,BATMIL18V5A-1591,Milwaukee 18 V 5 Ah Battery,218.9,RENTAL_STOCK_22_07_2026_CANONICAL.xlsx / REPLACEMENT_COSTS
BATMIL18V5A-1500,BATMIL18V5A-1500,Milwaukee 18 V 5 Ah Battery,218.9,RENTAL_STOCK_22_07_2026_CANONICAL.xlsx / REPLACEMENT_COSTS
BATMIL18V5A-1492,BATMIL18V5A-1492,Milwaukee 18 V 5 Ah Battery,218.9,RENTAL_STOCK_22_07_2026_CANONICAL.xlsx / REPLACEMENT_COSTS
BATMIL18V5A-1498,BATMIL18V5A-1498,Milwaukee 18 V 5 Ah Battery,218.9,RENTAL_STOCK_22_07_2026_CANONICAL.xlsx / REPLACEMENT_COSTS
BATMIL18V5A-0173,BATMIL18V5A-0173,Milwaukee 18 V 5 Ah Battery,218.9,RENTAL_STOCK_22_07_2026_CANONICAL.xlsx / REPLACEMENT_COSTS
BATMIL18V5A-0180,BATMIL18V5A-0180,Milwaukee 18 V 5 Ah Battery,218.9,RENTAL_STOCK_22_07_2026_CANONICAL.xlsx / REPLACEMENT_COSTS
BATMIL18V5A-0206,BATMIL18V5A-0206,Milwaukee 18 V 5 Ah Battery,218.9,RENTAL_STOCK_22_07_2026_CANONICAL.xlsx / REPLACEMENT_COSTS
BATMIL18V5A-0862,BATMIL18V5A-0862,Milwaukee 18 V 5 Ah Battery,218.9,RENTAL_STOCK_22_07_2026_CANONICAL.xlsx / REPLACEMENT_COSTS
BATMIL18V5A-1143,BATMIL18V5A-1143,Milwaukee 18 V 5 Ah Battery,218.9,RENTAL_STOCK_22_07_2026_CANONICAL.xlsx / REPLACEMENT_COSTS
BATMIL18V5A-1715,BATMIL18V5A-1715,Milwaukee 18 V 5 Ah Battery,218.9,RENTAL_STOCK_22_07_2026_CANONICAL.xlsx / REPLACEMENT_COSTS
1276381,1276381,Grinder - Die (240 V),559,https://www.totaltools.com.au/36926-makita-die-grinder-1-4-750w-gd0800c
1276382,1276382,Grinder - Die (240 V),559,https://www.totaltools.com.au/36926-makita-die-grinder-1-4-750w-gd0800c
BATMIL18V6A-0520,BATMIL18V6A-0520,Milwaukee 18 V 6 Ah Battery,273.9,RENTAL_STOCK_22_07_2026_CANONICAL.xlsx / REPLACEMENT_COSTS
BATMIL18V6A-0514,BATMIL18V6A-0514,Milwaukee 18 V 6 Ah Battery,273.9,RENTAL_STOCK_22_07_2026_CANONICAL.xlsx / REPLACEMENT_COSTS
BATMIL18V6A-0474,BATMIL18V6A-0474,Milwaukee 18 V 6 Ah Battery,273.9,RENTAL_STOCK_22_07_2026_CANONICAL.xlsx / REPLACEMENT_COSTS
BATMIL18V6A-0584,BATMIL18V6A-0584,Milwaukee 18 V 6 Ah Battery,273.9,RENTAL_STOCK_22_07_2026_CANONICAL.xlsx / REPLACEMENT_COSTS
BATMIL18V6A-0442,BATMIL18V6A-0442,Milwaukee 18 V 6 Ah Battery,273.9,RENTAL_STOCK_22_07_2026_CANONICAL.xlsx / REPLACEMENT_COSTS
BATMIL18V6A-0566,BATMIL18V6A-0566,Milwaukee 18 V 6 Ah Battery,273.9,RENTAL_STOCK_22_07_2026_CANONICAL.xlsx / REPLACEMENT_COSTS
BATMIL18V6A-0512,BATMIL18V6A-0512,Milwaukee 18 V 6 Ah Battery,273.9,RENTAL_STOCK_22_07_2026_CANONICAL.xlsx / REPLACEMENT_COSTS
BATMIL18V6A-0516,BATMIL18V6A-0516,Milwaukee 18 V 6 Ah Battery,273.9,RENTAL_STOCK_22_07_2026_CANONICAL.xlsx / REPLACEMENT_COSTS
BATMIL18V6A-0561,BATMIL18V6A-0561,Milwaukee 18 V 6 Ah Battery,273.9,RENTAL_STOCK_22_07_2026_CANONICAL.xlsx / REPLACEMENT_COSTS
BATMIL18V6A-0438,BATMIL18V6A-0438,Milwaukee 18 V 6 Ah Battery,273.9,RENTAL_STOCK_22_07_2026_CANONICAL.xlsx / REPLACEMENT_COSTS
BATMIL18V6A-0280,BATMIL18V6A-0280,Milwaukee 18 V 6 Ah Battery,273.9,RENTAL_STOCK_22_07_2026_CANONICAL.xlsx / REPLACEMENT_COSTS
BATMIL18V6A-0424,BATMIL18V6A-0424,Milwaukee 18 V 6 Ah Battery,273.9,RENTAL_STOCK_22_07_2026_CANONICAL.xlsx / REPLACEMENT_COSTS
BATMIL18V6A-0427,BATMIL18V6A-0427,Milwaukee 18 V 6 Ah Battery,273.9,RENTAL_STOCK_22_07_2026_CANONICAL.xlsx / REPLACEMENT_COSTS
BATMIL18V6A-0432,BATMIL18V6A-0432,Milwaukee 18 V 6 Ah Battery,273.9,RENTAL_STOCK_22_07_2026_CANONICAL.xlsx / REPLACEMENT_COSTS
BATMIL18V6A-0433,BATMIL18V6A-0433,Milwaukee 18 V 6 Ah Battery,273.9,RENTAL_STOCK_22_07_2026_CANONICAL.xlsx / REPLACEMENT_COSTS
BATMIL18V6A-0434,BATMIL18V6A-0434,Milwaukee 18 V 6 Ah Battery,273.9,RENTAL_STOCK_22_07_2026_CANONICAL.xlsx / REPLACEMENT_COSTS
BATMIL18V6A-0440,BATMIL18V6A-0440,Milwaukee 18 V 6 Ah Battery,273.9,RENTAL_STOCK_22_07_2026_CANONICAL.xlsx / REPLACEMENT_COSTS
BATMIL18V6A-0443,BATMIL18V6A-0443,Milwaukee 18 V 6 Ah Battery,273.9,RENTAL_STOCK_22_07_2026_CANONICAL.xlsx / REPLACEMENT_COSTS
BATMIL18V6A-0448,BATMIL18V6A-0448,Milwaukee 18 V 6 Ah Battery,273.9,RENTAL_STOCK_22_07_2026_CANONICAL.xlsx / REPLACEMENT_COSTS
BATMIL18V6A-0450,BATMIL18V6A-0450,Milwaukee 18 V 6 Ah Battery,273.9,RENTAL_STOCK_22_07_2026_CANONICAL.xlsx / REPLACEMENT_COSTS
BATMIL18V6A-0454,BATMIL18V6A-0454,Milwaukee 18 V 6 Ah Battery,273.9,RENTAL_STOCK_22_07_2026_CANONICAL.xlsx / REPLACEMENT_COSTS
BATMIL18V6A-0465,BATMIL18V6A-0465,Milwaukee 18 V 6 Ah Battery,273.9,RENTAL_STOCK_22_07_2026_CANONICAL.xlsx / REPLACEMENT_COSTS
BATMIL18V6A-0472,BATMIL18V6A-0472,Milwaukee 18 V 6 Ah Battery,273.9,RENTAL_STOCK_22_07_2026_CANONICAL.xlsx / REPLACEMENT_COSTS
BATMIL18V6A-0476,BATMIL18V6A-0476,Milwaukee 18 V 6 Ah Battery,273.9,RENTAL_STOCK_22_07_2026_CANONICAL.xlsx / REPLACEMENT_COSTS
BATMIL18V6A-0480,BATMIL18V6A-0480,Milwaukee 18 V 6 Ah Battery,273.9,RENTAL_STOCK_22_07_2026_CANONICAL.xlsx / REPLACEMENT_COSTS
BATMIL18V6A-0503,BATMIL18V6A-0503,Milwaukee 18 V 6 Ah Battery,273.9,RENTAL_STOCK_22_07_2026_CANONICAL.xlsx / REPLACEMENT_COSTS
BATMIL18V6A-0505,BATMIL18V6A-0505,Milwaukee 18 V 6 Ah Battery,273.9,RENTAL_STOCK_22_07_2026_CANONICAL.xlsx / REPLACEMENT_COSTS
BATMIL18V6A-0508,BATMIL18V6A-0508,Milwaukee 18 V 6 Ah Battery,273.9,RENTAL_STOCK_22_07_2026_CANONICAL.xlsx / REPLACEMENT_COSTS
BATMIL18V6A-0511,BATMIL18V6A-0511,Milwaukee 18 V 6 Ah Battery,273.9,RENTAL_STOCK_22_07_2026_CANONICAL.xlsx / REPLACEMENT_COSTS
BATMIL18V6A-0513,BATMIL18V6A-0513,Milwaukee 18 V 6 Ah Battery,273.9,RENTAL_STOCK_22_07_2026_CANONICAL.xlsx / REPLACEMENT_COSTS
BATMIL18V6A-0532,BATMIL18V6A-0532,Milwaukee 18 V 6 Ah Battery,273.9,RENTAL_STOCK_22_07_2026_CANONICAL.xlsx / REPLACEMENT_COSTS
BATMIL18V6A-0534,BATMIL18V6A-0534,Milwaukee 18 V 6 Ah Battery,273.9,RENTAL_STOCK_22_07_2026_CANONICAL.xlsx / REPLACEMENT_COSTS
BATMIL18V6A-0536,BATMIL18V6A-0536,Milwaukee 18 V 6 Ah Battery,273.9,RENTAL_STOCK_22_07_2026_CANONICAL.xlsx / REPLACEMENT_COSTS
BATMIL18V6A-0558,BATMIL18V6A-0558,Milwaukee 18 V 6 Ah Battery,273.9,RENTAL_STOCK_22_07_2026_CANONICAL.xlsx / REPLACEMENT_COSTS
BATMIL18V6A-0560,BATMIL18V6A-0560,Milwaukee 18 V 6 Ah Battery,273.9,RENTAL_STOCK_22_07_2026_CANONICAL.xlsx / REPLACEMENT_COSTS
BATMIL18V6A-0564,BATMIL18V6A-0564,Milwaukee 18 V 6 Ah Battery,273.9,RENTAL_STOCK_22_07_2026_CANONICAL.xlsx / REPLACEMENT_COSTS
BATMIL18V6A-0609,BATMIL18V6A-0609,Milwaukee 18 V 6 Ah Battery,273.9,RENTAL_STOCK_22_07_2026_CANONICAL.xlsx / REPLACEMENT_COSTS
BATMIL18V6A-0746,BATMIL18V6A-0746,Milwaukee 18 V 6 Ah Battery,273.9,RENTAL_STOCK_22_07_2026_CANONICAL.xlsx / REPLACEMENT_COSTS
BATMIL18V6A-0747,BATMIL18V6A-0747,Milwaukee 18 V 6 Ah Battery,273.9,RENTAL_STOCK_22_07_2026_CANONICAL.xlsx / REPLACEMENT_COSTS
BATMIL18V8A-0084,BATMIL18V8A-0084,Milwaukee 18 V 8 Ah Battery,361.9,RENTAL_STOCK_22_07_2026_CANONICAL.xlsx / REPLACEMENT_COSTS
1308344,1308344,Grinder - Angle - 125 mm (5 in) - Electric - 240 V,349,https://www.totaltools.com.au/70582-makita-1450w-125mm-5in-angle-grinder-ga5021c
1308347,1308347,Grinder - Angle - 125 mm (5 in) - Electric - 240 V,349,https://www.totaltools.com.au/70582-makita-1450w-125mm-5in-angle-grinder-ga5021c
1269893,1269893,Milwaukee 184 mm Cordless Circular Saw,493.9,RENTAL_STOCK_22_07_2026_CANONICAL.xlsx / REPLACEMENT_COSTS
1297106,1297106,Milwaukee 184 mm Cordless Circular Saw,493.9,RENTAL_STOCK_22_07_2026_CANONICAL.xlsx / REPLACEMENT_COSTS
1297101,1297101,Milwaukee 184 mm Cordless Circular Saw,493.9,RENTAL_STOCK_22_07_2026_CANONICAL.xlsx / REPLACEMENT_COSTS
1303297,1303297,Milwaukee 184 mm Cordless Circular Saw,493.9,RENTAL_STOCK_22_07_2026_CANONICAL.xlsx / REPLACEMENT_COSTS
1301150,1301150,Milwaukee 184 mm Cordless Circular Saw,493.9,RENTAL_STOCK_22_07_2026_CANONICAL.xlsx / REPLACEMENT_COSTS
1258015,1258015,Milwaukee Hammer Drill,249,RENTAL_STOCK_22_07_2026_CANONICAL.xlsx / REPLACEMENT_COSTS
1302136,1302136,Milwaukee Hammer Drill,249,RENTAL_STOCK_22_07_2026_CANONICAL.xlsx / REPLACEMENT_COSTS
1298746,1298746,Milwaukee Hammer Drill,383.9,RENTAL_STOCK_22_07_2026_CANONICAL.xlsx / REPLACEMENT_COSTS
1302135,1302135,Milwaukee Hammer Drill,249,RENTAL_STOCK_22_07_2026_CANONICAL.xlsx / REPLACEMENT_COSTS
1303258,1303258,Milwaukee Hammer Drill,383.9,RENTAL_STOCK_22_07_2026_CANONICAL.xlsx / REPLACEMENT_COSTS
1298751,1298751,Milwaukee Hammer Drill,383.9,RENTAL_STOCK_22_07_2026_CANONICAL.xlsx / REPLACEMENT_COSTS
1306233,1306233,Milwaukee Hammer Drill,383.9,RENTAL_STOCK_22_07_2026_CANONICAL.xlsx / REPLACEMENT_COSTS
1303245,1303245,Saw - Circular- 235 mm - 240 V,360,https://www.totaltools.com.au/48141-makita-2000w-235mm-circular-saw-n5900b
COA~5516705,1234655,Saw - Circular- 185 mm - 240 V,479,https://www.totaltools.com.au/61223-makita-1800w-185mm-circular-saw-5007mgk
1269907,1269907,"Milwaukee 3/4"" Drive Impact Wrench",823.9,RENTAL_STOCK_22_07_2026_CANONICAL.xlsx / REPLACEMENT_COSTS
1258082,1258082,"Milwaukee 3/4"" Drive Impact Wrench",823.9,RENTAL_STOCK_22_07_2026_CANONICAL.xlsx / REPLACEMENT_COSTS
1269827,1269827,"Milwaukee 3/4"" Drive Impact Wrench",823.9,RENTAL_STOCK_22_07_2026_CANONICAL.xlsx / REPLACEMENT_COSTS
1246920,1246920,"Milwaukee 3/4"" Drive Impact Wrench",823.9,RENTAL_STOCK_22_07_2026_CANONICAL.xlsx / REPLACEMENT_COSTS
1269831,1269831,"Milwaukee 3/4"" Drive Impact Wrench",823.9,RENTAL_STOCK_22_07_2026_CANONICAL.xlsx / REPLACEMENT_COSTS
1269912,1269912,"Milwaukee 3/4"" Drive Impact Wrench",823.9,RENTAL_STOCK_22_07_2026_CANONICAL.xlsx / REPLACEMENT_COSTS
1269908,1269908,"Milwaukee 3/4"" Drive Impact Wrench",823.9,RENTAL_STOCK_22_07_2026_CANONICAL.xlsx / REPLACEMENT_COSTS
1209052,1209052,"Milwaukee 3/4"" Drive Impact Wrench",823.9,RENTAL_STOCK_22_07_2026_CANONICAL.xlsx / REPLACEMENT_COSTS
1269826,1269826,"Milwaukee 3/4"" Drive Impact Wrench",823.9,RENTAL_STOCK_22_07_2026_CANONICAL.xlsx / REPLACEMENT_COSTS
1246924,1246924,"Milwaukee 3/4"" Drive Impact Wrench",823.9,RENTAL_STOCK_22_07_2026_CANONICAL.xlsx / REPLACEMENT_COSTS
1303290,1303290,Milwaukee Cordless Jigsaw,438.9,RENTAL_STOCK_22_07_2026_CANONICAL.xlsx / REPLACEMENT_COSTS
1303291,1303291,Milwaukee Cordless Jigsaw,438.9,RENTAL_STOCK_22_07_2026_CANONICAL.xlsx / REPLACEMENT_COSTS
1303304,1303304,Milwaukee Cordless Grinder,493.9,RENTAL_STOCK_22_07_2026_CANONICAL.xlsx / REPLACEMENT_COSTS
1303307,1303307,Milwaukee Cordless Grinder,493.9,RENTAL_STOCK_22_07_2026_CANONICAL.xlsx / REPLACEMENT_COSTS
1269917,1269917,"Milwaukee 1"" Drive Impact Wrench",1538.9,RENTAL_STOCK_22_07_2026_CANONICAL.xlsx / REPLACEMENT_COSTS
1269835,1269835,"Milwaukee 1"" Drive Impact Wrench",1538.9,RENTAL_STOCK_22_07_2026_CANONICAL.xlsx / REPLACEMENT_COSTS
COA~5271198,1269832,"Milwaukee 1"" Drive Impact Wrench",1538.9,RENTAL_STOCK_22_07_2026_CANONICAL.xlsx / REPLACEMENT_COSTS
1258094,1258094,"Milwaukee 1"" Drive Impact Wrench",1538.9,RENTAL_STOCK_22_07_2026_CANONICAL.xlsx / REPLACEMENT_COSTS
1269834,1269834,"Milwaukee 1"" Drive Impact Wrench",1538.9,RENTAL_STOCK_22_07_2026_CANONICAL.xlsx / REPLACEMENT_COSTS
1269833,1269833,"Milwaukee 1"" Drive Impact Wrench",1538.9,RENTAL_STOCK_22_07_2026_CANONICAL.xlsx / REPLACEMENT_COSTS
1288318,1288318,Milwaukee Cordless Grinder,438.9,RENTAL_STOCK_22_07_2026_CANONICAL.xlsx / REPLACEMENT_COSTS
1302166,1302166,Milwaukee Cordless Grinder,438.9,RENTAL_STOCK_22_07_2026_CANONICAL.xlsx / REPLACEMENT_COSTS
1302167,1302167,Milwaukee Cordless Grinder,438.9,RENTAL_STOCK_22_07_2026_CANONICAL.xlsx / REPLACEMENT_COSTS
1302170,1302170,Milwaukee Cordless Grinder,438.9,RENTAL_STOCK_22_07_2026_CANONICAL.xlsx / REPLACEMENT_COSTS
1294115,1294115,Milwaukee Cordless Grinder,438.9,RENTAL_STOCK_22_07_2026_CANONICAL.xlsx / REPLACEMENT_COSTS
1300492,1300492,Milwaukee Cordless Grinder,438.9,RENTAL_STOCK_22_07_2026_CANONICAL.xlsx / REPLACEMENT_COSTS
1302164,1302164,Milwaukee Cordless Grinder,438.9,RENTAL_STOCK_22_07_2026_CANONICAL.xlsx / REPLACEMENT_COSTS
1246912,1246912,Milwaukee Cordless Grinder,438.9,RENTAL_STOCK_22_07_2026_CANONICAL.xlsx / REPLACEMENT_COSTS
1246900,1246900,Milwaukee Cordless Grinder,438.9,RENTAL_STOCK_22_07_2026_CANONICAL.xlsx / REPLACEMENT_COSTS
1294111,1294111,Milwaukee Cordless Grinder,438.9,RENTAL_STOCK_22_07_2026_CANONICAL.xlsx / REPLACEMENT_COSTS
1302165,1302165,Milwaukee Cordless Grinder,438.9,RENTAL_STOCK_22_07_2026_CANONICAL.xlsx / REPLACEMENT_COSTS
1300487,1300487,Milwaukee Cordless Grinder,438.9,RENTAL_STOCK_22_07_2026_CANONICAL.xlsx / REPLACEMENT_COSTS
1308319,1308319,Grinder - Angle - 125 mm (5 in) - Electric - 240 V,349,https://www.totaltools.com.au/70582-makita-1450w-125mm-5in-angle-grinder-ga5021c
1308346,1308346,Grinder - Angle - 125 mm (5 in) - Electric - 240 V,349,https://www.totaltools.com.au/70582-makita-1450w-125mm-5in-angle-grinder-ga5021c
1308340,1308340,Grinder - Angle - 125 mm (5 in) - Electric - 240 V,349,https://www.totaltools.com.au/70582-makita-1450w-125mm-5in-angle-grinder-ga5021c
1302172,1302172,Grinder - Angle - 125 mm (5 in) - Electric - 240 V,349,https://www.totaltools.com.au/70582-makita-1450w-125mm-5in-angle-grinder-ga5021c
1302181,1302181,Grinder - Angle - 125 mm (5 in) - Electric - 240 V,349,https://www.totaltools.com.au/70582-makita-1450w-125mm-5in-angle-grinder-ga5021c
1308323,1308323,Grinder - Angle - 125 mm (5 in) - Electric - 240 V,349,https://www.totaltools.com.au/70582-makita-1450w-125mm-5in-angle-grinder-ga5021c
1302173,1302173,Grinder - Angle - 125 mm (5 in) - Electric - 240 V,349,https://www.totaltools.com.au/70582-makita-1450w-125mm-5in-angle-grinder-ga5021c
1308341,1308341,Grinder - Angle - 125 mm (5 in) - Electric - 240 V,349,https://www.totaltools.com.au/70582-makita-1450w-125mm-5in-angle-grinder-ga5021c
1308322,1308322,Grinder - Angle - 125 mm (5 in) - Electric - 240 V,349,https://www.totaltools.com.au/70582-makita-1450w-125mm-5in-angle-grinder-ga5021c
1308337,1308337,Grinder - Angle - 125 mm (5 in) - Electric - 240 V,349,https://www.totaltools.com.au/70582-makita-1450w-125mm-5in-angle-grinder-ga5021c
1308338,1308338,Grinder - Angle - 125 mm (5 in) - Electric - 240 V,349,https://www.totaltools.com.au/70582-makita-1450w-125mm-5in-angle-grinder-ga5021c
1302180,1302180,Grinder - Angle - 125 mm (5 in) - Electric - 240 V,349,https://www.totaltools.com.au/70582-makita-1450w-125mm-5in-angle-grinder-ga5021c
1288303,1288303,Grinder - Angle - 125 mm (5 in) - Electric - 240 V,349,https://www.totaltools.com.au/70582-makita-1450w-125mm-5in-angle-grinder-ga5021c
1302182,1302182,Grinder - Angle - 125 mm (5 in) - Electric - 240 V,349,https://www.totaltools.com.au/70582-makita-1450w-125mm-5in-angle-grinder-ga5021c
1302177,1302177,Grinder - Angle - 125 mm (5 in) - Electric - 240 V,349,https://www.totaltools.com.au/70582-makita-1450w-125mm-5in-angle-grinder-ga5021c
1302179,1302179,Grinder - Angle - 125 mm (5 in) - Electric - 240 V,349,https://www.totaltools.com.au/70582-makita-1450w-125mm-5in-angle-grinder-ga5021c
1308348,1308348,Grinder - Angle - 125 mm (5 in) - Electric - 240 V,349,https://www.totaltools.com.au/70582-makita-1450w-125mm-5in-angle-grinder-ga5021c
1308351,1308351,Grinder - Angle - 125 mm (5 in) - Electric - 240 V,349,https://www.totaltools.com.au/70582-makita-1450w-125mm-5in-angle-grinder-ga5021c
1308355,1308355,Grinder - Angle - 125 mm (5 in) - Electric - 240 V,349,https://www.totaltools.com.au/70582-makita-1450w-125mm-5in-angle-grinder-ga5021c
1258148,1258148,Saw Metal Cut Off 355 mm Electric,429,https://www.totaltools.com.au/132758-hikoki-2400w-355mm-metal-cut-off-saw-cc14sf6wz
1303163,1303163,Grinder - Angle - 125 mm (5 in) - Electric - 240 V,349,https://www.totaltools.com.au/70582-makita-1450w-125mm-5in-angle-grinder-ga5021c
1303148,1303148,Grinder - Angle - 125 mm (5 in) - Electric - 240 V,349,https://www.totaltools.com.au/70582-makita-1450w-125mm-5in-angle-grinder-ga5021c
1252100,1252100,Grinder - Angle - 125 mm (5 in) - Electric - 240 V,349,https://www.totaltools.com.au/70582-makita-1450w-125mm-5in-angle-grinder-ga5021c
1303151,1303151,Grinder - Angle - 125 mm (5 in) - Electric - 240 V,349,https://www.totaltools.com.au/70582-makita-1450w-125mm-5in-angle-grinder-ga5021c
1303140,1303140,Grinder - Angle - 125 mm (5 in) - Electric - 240 V,349,https://www.totaltools.com.au/70582-makita-1450w-125mm-5in-angle-grinder-ga5021c
1308329,1308329,Grinder - Angle - 125 mm (5 in) - Electric - 240 V,349,https://www.totaltools.com.au/70582-makita-1450w-125mm-5in-angle-grinder-ga5021c
1288308,1288308,Grinder - Angle - 125 mm (5 in) - Electric - 240 V,349,https://www.totaltools.com.au/70582-makita-1450w-125mm-5in-angle-grinder-ga5021c
1308339,1308339,Grinder - Angle - 125 mm (5 in) - Electric - 240 V,349,https://www.totaltools.com.au/70582-makita-1450w-125mm-5in-angle-grinder-ga5021c
1288309,1288309,Grinder - Angle - 125 mm (5 in) - Electric - 240 V,349,https://www.totaltools.com.au/70582-makita-1450w-125mm-5in-angle-grinder-ga5021c
1308357,1308357,Grinder - Angle - 125 mm (5 in) - Electric - 240 V,349,https://www.totaltools.com.au/70582-makita-1450w-125mm-5in-angle-grinder-ga5021c
1308349,1308349,Grinder - Angle - 125 mm (5 in) - Electric - 240 V,349,https://www.totaltools.com.au/70582-makita-1450w-125mm-5in-angle-grinder-ga5021c
1308353,1308353,Grinder - Angle - 125 mm (5 in) - Electric - 240 V,349,https://www.totaltools.com.au/70582-makita-1450w-125mm-5in-angle-grinder-ga5021c
1308356,1308356,Grinder - Angle - 125 mm (5 in) - Electric - 240 V,349,https://www.totaltools.com.au/70582-makita-1450w-125mm-5in-angle-grinder-ga5021c
1288304,1288304,Grinder - Angle - 125 mm (5 in) - Electric - 240 V,349,https://www.totaltools.com.au/70582-makita-1450w-125mm-5in-angle-grinder-ga5021c
1303173,1303173,Grinder - Die (240 V),559,https://www.totaltools.com.au/36926-makita-die-grinder-1-4-750w-gd0800c
1303168,1303168,Grinder - Die (240 V),559,https://www.totaltools.com.au/36926-makita-die-grinder-1-4-750w-gd0800c
1308332,1308332,Grinder - Angle - 125 mm (5 in) - Electric - 240 V,349,https://www.totaltools.com.au/70582-makita-1450w-125mm-5in-angle-grinder-ga5021c
1303165,1303165,Grinder - Die (240 V),559,https://www.totaltools.com.au/36926-makita-die-grinder-1-4-750w-gd0800c
1308326,1308326,Grinder - Angle - 125 mm (5 in) - Electric - 240 V,349,https://www.totaltools.com.au/70582-makita-1450w-125mm-5in-angle-grinder-ga5021c
1308358,1308358,Grinder - Angle - 125 mm (5 in) - Electric - 240 V,349,https://www.totaltools.com.au/70582-makita-1450w-125mm-5in-angle-grinder-ga5021c
1308342,1308342,Grinder - Angle - 125 mm (5 in) - Electric - 240 V,349,https://www.totaltools.com.au/70582-makita-1450w-125mm-5in-angle-grinder-ga5021c
1308343,1308343,Grinder - Angle - 125 mm (5 in) - Electric - 240 V,349,https://www.totaltools.com.au/70582-makita-1450w-125mm-5in-angle-grinder-ga5021c
1308327,1308327,Grinder - Angle - 125 mm (5 in) - Electric - 240 V,349,https://www.totaltools.com.au/70582-makita-1450w-125mm-5in-angle-grinder-ga5021c
1302175,1302175,Grinder - Angle - 125 mm (5 in) - Electric - 240 V,349,https://www.totaltools.com.au/70582-makita-1450w-125mm-5in-angle-grinder-ga5021c
1303255,1303255,Milwaukee Hammer Drill,383.9,RENTAL_STOCK_22_07_2026_CANONICAL.xlsx / REPLACEMENT_COSTS
1299278,1299278,Milwaukee Hammer Drill,383.9,RENTAL_STOCK_22_07_2026_CANONICAL.xlsx / REPLACEMENT_COSTS
LEADEXT10A20M-0714,LEADEXT10A20M-0714,10 A Extension Lead,74.9,https://housetradesupplies.com.au/hpm-20m-10a-extension-lead-construction-r2920.html
1300709,1300709,Milwaukee Cordless Screwdriver,129,RENTAL_STOCK_22_07_2026_CANONICAL.xlsx / REPLACEMENT_COSTS
LEADEXT10A20M-0162,LEADEXT10A20M-0162,10 A Extension Lead,74.9,https://housetradesupplies.com.au/hpm-20m-10a-extension-lead-construction-r2920.html
LEADEXT10A20M-0705,LEADEXT10A20M-0705,10 A Extension Lead,74.9,https://housetradesupplies.com.au/hpm-20m-10a-extension-lead-construction-r2920.html
LEADEXT10A20M-0690,LEADEXT10A20M-0690,10 A Extension Lead,74.9,https://housetradesupplies.com.au/hpm-20m-10a-extension-lead-construction-r2920.html
LEADEXT10A20M-0024,LEADEXT10A20M-0024,10 A Extension Lead,74.9,https://housetradesupplies.com.au/hpm-20m-10a-extension-lead-construction-r2920.html
LEADEXT10A20M-0052,LEADEXT10A20M-0052,10 A Extension Lead,74.9,https://housetradesupplies.com.au/hpm-20m-10a-extension-lead-construction-r2920.html
LEADEXT10A20M-0014,LEADEXT10A20M-0014,10 A Extension Lead,74.9,https://housetradesupplies.com.au/hpm-20m-10a-extension-lead-construction-r2920.html
LEADEXT10A20M-0725,LEADEXT10A20M-0725,10 A Extension Lead,74.9,https://housetradesupplies.com.au/hpm-20m-10a-extension-lead-construction-r2920.html
LEADEXT10A20M-0012,LEADEXT10A20M-0012,10 A Extension Lead,74.9,https://housetradesupplies.com.au/hpm-20m-10a-extension-lead-construction-r2920.html
LEADEXT10A20M-0733,LEADEXT10A20M-0733,10 A Extension Lead,74.9,https://housetradesupplies.com.au/hpm-20m-10a-extension-lead-construction-r2920.html
1297023,1297023,Milwaukee Cordless Screwdriver,129,RENTAL_STOCK_22_07_2026_CANONICAL.xlsx / REPLACEMENT_COSTS
1268935,1268935,Milwaukee Cordless Screwdriver,129,RENTAL_STOCK_22_07_2026_CANONICAL.xlsx / REPLACEMENT_COSTS
1306231,1306231,"Milwaukee 1/4"" Hex Impact Driver",328.9,RENTAL_STOCK_22_07_2026_CANONICAL.xlsx / REPLACEMENT_COSTS
1209063,1209063,"Milwaukee 3/4"" Drive Impact Wrench",823.9,RENTAL_STOCK_22_07_2026_CANONICAL.xlsx / REPLACEMENT_COSTS
1255239,1255239,"Milwaukee 3/4"" Drive Impact Wrench",823.9,RENTAL_STOCK_22_07_2026_CANONICAL.xlsx / REPLACEMENT_COSTS
1209065,1209065,"Milwaukee 3/4"" Drive Impact Wrench",823.9,RENTAL_STOCK_22_07_2026_CANONICAL.xlsx / REPLACEMENT_COSTS
10343,10343,"Milwaukee 3/4"" Drive Impact Wrench",823.9,RENTAL_STOCK_22_07_2026_CANONICAL.xlsx / REPLACEMENT_COSTS
1209061,1209061,"Milwaukee 3/4"" Drive Impact Wrench",823.9,RENTAL_STOCK_22_07_2026_CANONICAL.xlsx / REPLACEMENT_COSTS
1209053,1209053,"Milwaukee 3/4"" Drive Impact Wrench",823.9,RENTAL_STOCK_22_07_2026_CANONICAL.xlsx / REPLACEMENT_COSTS
1270875,1270875,"Milwaukee 3/4"" Drive Impact Wrench",823.9,RENTAL_STOCK_22_07_2026_CANONICAL.xlsx / REPLACEMENT_COSTS
LEADEXT10A20M-0715,LEADEXT10A20M-0715,10 A Extension Lead,74.9,https://housetradesupplies.com.au/hpm-20m-10a-extension-lead-construction-r2920.html
LEADEXT10A20M-0701,LEADEXT10A20M-0701,10 A Extension Lead,74.9,https://housetradesupplies.com.au/hpm-20m-10a-extension-lead-construction-r2920.html
LEADEXT10A20M-0030,LEADEXT10A20M-0030,10 A Extension Lead,74.9,https://housetradesupplies.com.au/hpm-20m-10a-extension-lead-construction-r2920.html
LEADEXT10A20M-0732,LEADEXT10A20M-0732,10 A Extension Lead,74.9,https://housetradesupplies.com.au/hpm-20m-10a-extension-lead-construction-r2920.html
LEADEXT10A20M-0015,LEADEXT10A20M-0015,10 A Extension Lead,74.9,https://housetradesupplies.com.au/hpm-20m-10a-extension-lead-construction-r2920.html
LEADEXT10A20M-0703,LEADEXT10A20M-0703,10 A Extension Lead,74.9,https://housetradesupplies.com.au/hpm-20m-10a-extension-lead-construction-r2920.html
LEADEXT10A20M-0706,LEADEXT10A20M-0706,10 A Extension Lead,74.9,https://housetradesupplies.com.au/hpm-20m-10a-extension-lead-construction-r2920.html
LEADEXT10A20M-0001,LEADEXT10A20M-0001,10 A Extension Lead,74.9,https://housetradesupplies.com.au/hpm-20m-10a-extension-lead-construction-r2920.html
LEADEXT10A20M-0021,LEADEXT10A20M-0021,10 A Extension Lead,74.9,https://housetradesupplies.com.au/hpm-20m-10a-extension-lead-construction-r2920.html
LEADEXT10A20M-0151,LEADEXT10A20M-0151,10 A Extension Lead,74.9,https://housetradesupplies.com.au/hpm-20m-10a-extension-lead-construction-r2920.html
LEADEXT10A20M-0008,LEADEXT10A20M-0008,10 A Extension Lead,74.9,https://housetradesupplies.com.au/hpm-20m-10a-extension-lead-construction-r2920.html
LEADEXT10A20M-0036,LEADEXT10A20M-0036,10 A Extension Lead,74.9,https://housetradesupplies.com.au/hpm-20m-10a-extension-lead-construction-r2920.html
LEADEXT10A20M-0694,LEADEXT10A20M-0694,10 A Extension Lead,74.9,https://housetradesupplies.com.au/hpm-20m-10a-extension-lead-construction-r2920.html
LEADEXT10A20M-0064,LEADEXT10A20M-0064,10 A Extension Lead,74.9,https://housetradesupplies.com.au/hpm-20m-10a-extension-lead-construction-r2920.html
LEADEXT10A20M-0719,LEADEXT10A20M-0719,10 A Extension Lead,74.9,https://housetradesupplies.com.au/hpm-20m-10a-extension-lead-construction-r2920.html
LEADEXT10A20M-0164,LEADEXT10A20M-0164,10 A Extension Lead,74.9,https://housetradesupplies.com.au/hpm-20m-10a-extension-lead-construction-r2920.html
1303294,1303294,Milwaukee Cordless Jigsaw,438.9,RENTAL_STOCK_22_07_2026_CANONICAL.xlsx / REPLACEMENT_COSTS
1252694,1252694,Grinder - Angle - 175 mm - Electric - 240 V,449,https://www.totaltools.com.au/66070-makita-1800w-180mm-angle-grinder-ga7010c
1252701,1252701,Grinder - Angle - 175 mm - Electric - 240 V,449,https://www.totaltools.com.au/66070-makita-1800w-180mm-angle-grinder-ga7010c
1252710,1252710,Grinder - Angle - 175 mm - Electric - 240 V,449,https://www.totaltools.com.au/66070-makita-1800w-180mm-angle-grinder-ga7010c
COA~28015,261388,Grinder - Angle - 175 mm - Electric - 240 V,449,https://www.totaltools.com.au/66070-makita-1800w-180mm-angle-grinder-ga7010c
LEADEXT10A20M-0723,LEADEXT10A20M-0723,10 A Extension Lead,74.9,https://housetradesupplies.com.au/hpm-20m-10a-extension-lead-construction-r2920.html
LEADEXT10A20M-0700,LEADEXT10A20M-0700,10 A Extension Lead,74.9,https://housetradesupplies.com.au/hpm-20m-10a-extension-lead-construction-r2920.html
LEADEXT10A20M-0028,LEADEXT10A20M-0028,10 A Extension Lead,74.9,https://housetradesupplies.com.au/hpm-20m-10a-extension-lead-construction-r2920.html
1302158,1302158,"Milwaukee 1"" Drive Impact Wrench",1538.9,RENTAL_STOCK_22_07_2026_CANONICAL.xlsx / REPLACEMENT_COSTS
1302195,1302195,Milwaukee Cordless Impact Wrench,603.9,RENTAL_STOCK_22_07_2026_CANONICAL.xlsx / REPLACEMENT_COSTS
1302199,1302199,Milwaukee Cordless Impact Wrench,603.9,RENTAL_STOCK_22_07_2026_CANONICAL.xlsx / REPLACEMENT_COSTS
1303164,1303164,Grinder - Die (240 V),559,https://www.totaltools.com.au/36926-makita-die-grinder-1-4-750w-gd0800c
1303171,1303171,Grinder - Die (240 V),559,https://www.totaltools.com.au/36926-makita-die-grinder-1-4-750w-gd0800c
1269892,1269892,Milwaukee 184 mm Cordless Circular Saw,493.9,RENTAL_STOCK_22_07_2026_CANONICAL.xlsx / REPLACEMENT_COSTS
1269900,1269900,"Milwaukee 1/2"" Drive Impact Wrench",603.9,RENTAL_STOCK_22_07_2026_CANONICAL.xlsx / REPLACEMENT_COSTS
1269910,1269910,"Milwaukee 3/4"" Drive Impact Wrench",823.9,RENTAL_STOCK_22_07_2026_CANONICAL.xlsx / REPLACEMENT_COSTS
1269911,1269911,"Milwaukee 3/4"" Drive Impact Wrench",823.9,RENTAL_STOCK_22_07_2026_CANONICAL.xlsx / REPLACEMENT_COSTS
1269914,1269914,"Milwaukee 3/4"" Drive Impact Wrench",823.9,RENTAL_STOCK_22_07_2026_CANONICAL.xlsx / REPLACEMENT_COSTS
1274403,1274403,Drill Magnetic Base Low Profile 36 mm Electric,2699,https://www.totaltools.com.au/131895-holemaker-36mm-low-profile-magnetic-base-drill-hmpro36ad
1282300,1282300,Milwaukee 2 mm Cordless Nibbler,988.9,RENTAL_STOCK_22_07_2026_CANONICAL.xlsx / REPLACEMENT_COSTS
1282304,1282304,Milwaukee 2 mm Cordless Nibbler,988.9,RENTAL_STOCK_22_07_2026_CANONICAL.xlsx / REPLACEMENT_COSTS
1282308,1282308,Milwaukee Cordless Pop Riveter,399,RENTAL_STOCK_22_07_2026_CANONICAL.xlsx / REPLACEMENT_COSTS
1282319,1282319,Milwaukee Cordless Pop Riveter,399,RENTAL_STOCK_22_07_2026_CANONICAL.xlsx / REPLACEMENT_COSTS
1285127,1285127,"Milwaukee 1/2"" Drive Impact Wrench",603.9,RENTAL_STOCK_22_07_2026_CANONICAL.xlsx / REPLACEMENT_COSTS
1297107,1297107,Milwaukee 18 V Cordless Reciprocating Saw,658.9,RENTAL_STOCK_22_07_2026_CANONICAL.xlsx / REPLACEMENT_COSTS
1297108,1297108,Milwaukee 18 V Cordless Reciprocating Saw,658.9,RENTAL_STOCK_22_07_2026_CANONICAL.xlsx / REPLACEMENT_COSTS
1297109,1297109,Milwaukee 18 V Cordless Reciprocating Saw,658.9,RENTAL_STOCK_22_07_2026_CANONICAL.xlsx / REPLACEMENT_COSTS
1299273,1299273,Milwaukee Hammer Drill,383.9,RENTAL_STOCK_22_07_2026_CANONICAL.xlsx / REPLACEMENT_COSTS
1300567,1300567,Milwaukee 18 V Cordless Metal Shears,471.9,RENTAL_STOCK_22_07_2026_CANONICAL.xlsx / REPLACEMENT_COSTS
1300725,1300725,Milwaukee Hammer Drill,383.9,RENTAL_STOCK_22_07_2026_CANONICAL.xlsx / REPLACEMENT_COSTS
1300726,1300726,Milwaukee Hammer Drill,383.9,RENTAL_STOCK_22_07_2026_CANONICAL.xlsx / REPLACEMENT_COSTS
1301161,1301161,Milwaukee SDS Plus Hammer Drill,713.9,RENTAL_STOCK_22_07_2026_CANONICAL.xlsx / REPLACEMENT_COSTS
1245637,1245637,"Milwaukee 3/4"" Drive Impact Wrench",823.9,RENTAL_STOCK_22_07_2026_CANONICAL.xlsx / REPLACEMENT_COSTS
1246927,1246927,Milwaukee 38 mm Magnetic Base Drill,2748.9,RENTAL_STOCK_22_07_2026_CANONICAL.xlsx / REPLACEMENT_COSTS
COA~5210505,1246949,Milwaukee Hammer Drill,383.9,RENTAL_STOCK_22_07_2026_CANONICAL.xlsx / REPLACEMENT_COSTS
LEADEXT10A20M-0722,LEADEXT10A20M-0722,10 A Extension Lead,74.9,https://housetradesupplies.com.au/hpm-20m-10a-extension-lead-construction-r2920.html
COA~176698,1057902,Saw - Sabre (240 V),499,https://www.totaltools.com.au/power-tools/saws/reciprocating-saws/123654-metabo-32mm-ssep-1400-mvt-sabre-saw-606178500
COA~5619721,1258024,Milwaukee 38 mm Magnetic Base Drill,2748.9,RENTAL_STOCK_22_07_2026_CANONICAL.xlsx / REPLACEMENT_COSTS
1258071,1258071,Milwaukee 165 mm Cordless Circular Saw,603.9,RENTAL_STOCK_22_07_2026_CANONICAL.xlsx / REPLACEMENT_COSTS
1258120,1258120,"Milwaukee 1/2"" Drive Impact Wrench",603.9,RENTAL_STOCK_22_07_2026_CANONICAL.xlsx / REPLACEMENT_COSTS
1258121,1258121,"Milwaukee 1/2"" Drive Impact Wrench",603.9,RENTAL_STOCK_22_07_2026_CANONICAL.xlsx / REPLACEMENT_COSTS
1258127,1258127,"Milwaukee 1/2"" Drive Impact Wrench",603.9,RENTAL_STOCK_22_07_2026_CANONICAL.xlsx / REPLACEMENT_COSTS
1209060,1209060,"Milwaukee 3/4"" Drive Impact Wrench",823.9,RENTAL_STOCK_22_07_2026_CANONICAL.xlsx / REPLACEMENT_COSTS
1269803,1269803,Milwaukee Cordless Grinder,438.9,RENTAL_STOCK_22_07_2026_CANONICAL.xlsx / REPLACEMENT_COSTS
1269806,1269806,Milwaukee Cordless Grinder,438.9,RENTAL_STOCK_22_07_2026_CANONICAL.xlsx / REPLACEMENT_COSTS
1269812,1269812,"Milwaukee 1/2"" Drive Impact Wrench",603.9,RENTAL_STOCK_22_07_2026_CANONICAL.xlsx / REPLACEMENT_COSTS
1269818,1269818,"Milwaukee 1/2"" Drive Impact Wrench",603.9,RENTAL_STOCK_22_07_2026_CANONICAL.xlsx / REPLACEMENT_COSTS
1269829,1269829,"Milwaukee 3/4"" Drive Impact Wrench",823.9,RENTAL_STOCK_22_07_2026_CANONICAL.xlsx / REPLACEMENT_COSTS
1263619,1263619,Milwaukee SDS Plus Hammer Drill,713.9,RENTAL_STOCK_22_07_2026_CANONICAL.xlsx / REPLACEMENT_COSTS
LEADEXT10A20M-0696,LEADEXT10A20M-0696,10 A Extension Lead,74.9,https://housetradesupplies.com.au/hpm-20m-10a-extension-lead-construction-r2920.html
1269918,1269918,"Milwaukee 1"" Drive Impact Wrench",1538.9,RENTAL_STOCK_22_07_2026_CANONICAL.xlsx / REPLACEMENT_COSTS
BATMIL18V6A-0435,BATMIL18V6A-0435,Milwaukee 18 V 6 Ah Battery,273.9,RENTAL_STOCK_22_07_2026_CANONICAL.xlsx / REPLACEMENT_COSTS
BATMIL18V5A-0137,BATMIL18V5A-0137,Milwaukee 18 V 5 Ah Battery,218.9,RENTAL_STOCK_22_07_2026_CANONICAL.xlsx / REPLACEMENT_COSTS
BATMIL18V5A-0933,BATMIL18V5A-0933,Milwaukee 18 V 5 Ah Battery,218.9,RENTAL_STOCK_22_07_2026_CANONICAL.xlsx / REPLACEMENT_COSTS
BATMIL18V5A-1367,BATMIL18V5A-1367,Milwaukee 18 V 5 Ah Battery,218.9,RENTAL_STOCK_22_07_2026_CANONICAL.xlsx / REPLACEMENT_COSTS
BATMIL18V5A-1503,BATMIL18V5A-1503,Milwaukee 18 V 5 Ah Battery,218.9,RENTAL_STOCK_22_07_2026_CANONICAL.xlsx / REPLACEMENT_COSTS
BATMIL18V5A-0042,BATMIL18V5A-0042,Milwaukee 18 V 5 Ah Battery,218.9,RENTAL_STOCK_22_07_2026_CANONICAL.xlsx / REPLACEMENT_COSTS
BATMIL18V5A-1346,BATMIL18V5A-1346,Milwaukee 18 V 5 Ah Battery,218.9,RENTAL_STOCK_22_07_2026_CANONICAL.xlsx / REPLACEMENT_COSTS
BATMIL18V5A-1474,BATMIL18V5A-1474,Milwaukee 18 V 5 Ah Battery,218.9,RENTAL_STOCK_22_07_2026_CANONICAL.xlsx / REPLACEMENT_COSTS
BATMIL18V5A-1501,BATMIL18V5A-1501,Milwaukee 18 V 5 Ah Battery,218.9,RENTAL_STOCK_22_07_2026_CANONICAL.xlsx / REPLACEMENT_COSTS
BATMIL18V5A-0916,BATMIL18V5A-0916,Milwaukee 18 V 5 Ah Battery,218.9,RENTAL_STOCK_22_07_2026_CANONICAL.xlsx / REPLACEMENT_COSTS
BATMIL18V5A-1504,BATMIL18V5A-1504,Milwaukee 18 V 5 Ah Battery,218.9,RENTAL_STOCK_22_07_2026_CANONICAL.xlsx / REPLACEMENT_COSTS
BATMIL18V5A-1497,BATMIL18V5A-1497,Milwaukee 18 V 5 Ah Battery,218.9,RENTAL_STOCK_22_07_2026_CANONICAL.xlsx / REPLACEMENT_COSTS
BATMIL18V5A-1027,BATMIL18V5A-1027,Milwaukee 18 V 5 Ah Battery,218.9,RENTAL_STOCK_22_07_2026_CANONICAL.xlsx / REPLACEMENT_COSTS
BATMIL18V5A-1386,BATMIL18V5A-1386,Milwaukee 18 V 5 Ah Battery,218.9,RENTAL_STOCK_22_07_2026_CANONICAL.xlsx / REPLACEMENT_COSTS
BATMIL18V5A-1118,BATMIL18V5A-1118,Milwaukee 18 V 5 Ah Battery,218.9,RENTAL_STOCK_22_07_2026_CANONICAL.xlsx / REPLACEMENT_COSTS
BATMIL18V5A-1134,BATMIL18V5A-1134,Milwaukee 18 V 5 Ah Battery,218.9,RENTAL_STOCK_22_07_2026_CANONICAL.xlsx / REPLACEMENT_COSTS
BATMIL18V5A-1486,BATMIL18V5A-1486,Milwaukee 18 V 5 Ah Battery,218.9,RENTAL_STOCK_22_07_2026_CANONICAL.xlsx / REPLACEMENT_COSTS
BATMIL18V5A-1276,BATMIL18V5A-1276,Milwaukee 18 V 5 Ah Battery,218.9,RENTAL_STOCK_22_07_2026_CANONICAL.xlsx / REPLACEMENT_COSTS
BATMIL18V5A-1354,BATMIL18V5A-1354,Milwaukee 18 V 5 Ah Battery,218.9,RENTAL_STOCK_22_07_2026_CANONICAL.xlsx / REPLACEMENT_COSTS
BATMIL18V5A-0821,BATMIL18V5A-0821,Milwaukee 18 V 5 Ah Battery,218.9,RENTAL_STOCK_22_07_2026_CANONICAL.xlsx / REPLACEMENT_COSTS
BATMIL18V5A-0817,BATMIL18V5A-0817,Milwaukee 18 V 5 Ah Battery,218.9,RENTAL_STOCK_22_07_2026_CANONICAL.xlsx / REPLACEMENT_COSTS
BATMIL18V5A-1385,BATMIL18V5A-1385,Milwaukee 18 V 5 Ah Battery,218.9,RENTAL_STOCK_22_07_2026_CANONICAL.xlsx / REPLACEMENT_COSTS
BATMIL18V5A-1590,BATMIL18V5A-1590,Milwaukee 18 V 5 Ah Battery,218.9,RENTAL_STOCK_22_07_2026_CANONICAL.xlsx / REPLACEMENT_COSTS
BATMIL18V5A-1116,BATMIL18V5A-1116,Milwaukee 18 V 5 Ah Battery,218.9,RENTAL_STOCK_22_07_2026_CANONICAL.xlsx / REPLACEMENT_COSTS
BATMIL18V5A-1490,BATMIL18V5A-1490,Milwaukee 18 V 5 Ah Battery,218.9,RENTAL_STOCK_22_07_2026_CANONICAL.xlsx / REPLACEMENT_COSTS
BATMIL18V5A-0187,BATMIL18V5A-0187,Milwaukee 18 V 5 Ah Battery,218.9,RENTAL_STOCK_22_07_2026_CANONICAL.xlsx / REPLACEMENT_COSTS
BATMIL18V5A-1256,BATMIL18V5A-1256,Milwaukee 18 V 5 Ah Battery,218.9,RENTAL_STOCK_22_07_2026_CANONICAL.xlsx / REPLACEMENT_COSTS
BATMIL18V5A-1195,BATMIL18V5A-1195,Milwaukee 18 V 5 Ah Battery,218.9,RENTAL_STOCK_22_07_2026_CANONICAL.xlsx / REPLACEMENT_COSTS
BATMIL18V5A-1379,BATMIL18V5A-1379,Milwaukee 18 V 5 Ah Battery,218.9,RENTAL_STOCK_22_07_2026_CANONICAL.xlsx / REPLACEMENT_COSTS
BATMIL18V5A-1488,BATMIL18V5A-1488,Milwaukee 18 V 5 Ah Battery,218.9,RENTAL_STOCK_22_07_2026_CANONICAL.xlsx / REPLACEMENT_COSTS
BATMIL18V5A-0220,BATMIL18V5A-0220,Milwaukee 18 V 5 Ah Battery,218.9,RENTAL_STOCK_22_07_2026_CANONICAL.xlsx / REPLACEMENT_COSTS
BATMIL18V5A-0248,BATMIL18V5A-0248,Milwaukee 18 V 5 Ah Battery,218.9,RENTAL_STOCK_22_07_2026_CANONICAL.xlsx / REPLACEMENT_COSTS
BATMIL18V5A-1502,BATMIL18V5A-1502,Milwaukee 18 V 5 Ah Battery,218.9,RENTAL_STOCK_22_07_2026_CANONICAL.xlsx / REPLACEMENT_COSTS
BATMIL18V5A-1491,BATMIL18V5A-1491,Milwaukee 18 V 5 Ah Battery,218.9,RENTAL_STOCK_22_07_2026_CANONICAL.xlsx / REPLACEMENT_COSTS
BATMIL18V5A-1258,BATMIL18V5A-1258,Milwaukee 18 V 5 Ah Battery,218.9,RENTAL_STOCK_22_07_2026_CANONICAL.xlsx / REPLACEMENT_COSTS
BATMIL18V5A-1253,BATMIL18V5A-1253,Milwaukee 18 V 5 Ah Battery,218.9,RENTAL_STOCK_22_07_2026_CANONICAL.xlsx / REPLACEMENT_COSTS
BATMIL18V5A-1499,BATMIL18V5A-1499,Milwaukee 18 V 5 Ah Battery,218.9,RENTAL_STOCK_22_07_2026_CANONICAL.xlsx / REPLACEMENT_COSTS
BATMIL18V5A-1583,BATMIL18V5A-1583,Milwaukee 18 V 5 Ah Battery,218.9,RENTAL_STOCK_22_07_2026_CANONICAL.xlsx / REPLACEMENT_COSTS
BATMIL18V5A-0191,BATMIL18V5A-0191,Milwaukee 18 V 5 Ah Battery,218.9,RENTAL_STOCK_22_07_2026_CANONICAL.xlsx / REPLACEMENT_COSTS
BATMIL18V6A-0436,BATMIL18V6A-0436,Milwaukee 18 V 6 Ah Battery,273.9,RENTAL_STOCK_22_07_2026_CANONICAL.xlsx / REPLACEMENT_COSTS
BATMIL18V6A-0422,BATMIL18V6A-0422,Milwaukee 18 V 6 Ah Battery,273.9,RENTAL_STOCK_22_07_2026_CANONICAL.xlsx / REPLACEMENT_COSTS
BATMIL18V6A-0267,BATMIL18V6A-0267,Milwaukee 18 V 6 Ah Battery,273.9,RENTAL_STOCK_22_07_2026_CANONICAL.xlsx / REPLACEMENT_COSTS
BATMIL18V8A-0083,BATMIL18V8A-0083,Milwaukee 18 V 8 Ah Battery,361.9,RENTAL_STOCK_22_07_2026_CANONICAL.xlsx / REPLACEMENT_COSTS
BATMIL18V6A-0733,BATMIL18V6A-0733,Milwaukee 18 V 6 Ah Battery,273.9,RENTAL_STOCK_22_07_2026_CANONICAL.xlsx / REPLACEMENT_COSTS
BATMIL18V8A-0086,BATMIL18V8A-0086,Milwaukee 18 V 8 Ah Battery,361.9,RENTAL_STOCK_22_07_2026_CANONICAL.xlsx / REPLACEMENT_COSTS
BATMIL18V6A-0573,BATMIL18V6A-0573,Milwaukee 18 V 6 Ah Battery,273.9,RENTAL_STOCK_22_07_2026_CANONICAL.xlsx / REPLACEMENT_COSTS
BATMIL18V6A-0282,BATMIL18V6A-0282,Milwaukee 18 V 6 Ah Battery,273.9,RENTAL_STOCK_22_07_2026_CANONICAL.xlsx / REPLACEMENT_COSTS
18VCORDLBATTERY-0183,18VCORDLBATTERY-0183,Milwaukee 18 V 5 Ah Battery,218.9,RENTAL_STOCK_22_07_2026_CANONICAL.xlsx / REPLACEMENT_COSTS
BATMIL18V6A-0446,BATMIL18V6A-0446,Milwaukee 18 V 6 Ah Battery,273.9,RENTAL_STOCK_22_07_2026_CANONICAL.xlsx / REPLACEMENT_COSTS
BATMIL18V8A-0085,BATMIL18V8A-0085,Milwaukee 18 V 8 Ah Battery,361.9,RENTAL_STOCK_22_07_2026_CANONICAL.xlsx / REPLACEMENT_COSTS
18VCORDLBATTERY-0304,18VCORDLBATTERY-0304,Milwaukee 18 V 5 Ah Battery,218.9,RENTAL_STOCK_22_07_2026_CANONICAL.xlsx / REPLACEMENT_COSTS
BATMIL18V8A-0081,BATMIL18V8A-0081,Milwaukee 18 V 8 Ah Battery,361.9,RENTAL_STOCK_22_07_2026_CANONICAL.xlsx / REPLACEMENT_COSTS
BATMIL18V6A-0244,BATMIL18V6A-0244,Milwaukee 18 V 6 Ah Battery,273.9,RENTAL_STOCK_22_07_2026_CANONICAL.xlsx / REPLACEMENT_COSTS
BATMIL18V6A-0212,BATMIL18V6A-0212,Milwaukee 18 V 6 Ah Battery,273.9,RENTAL_STOCK_22_07_2026_CANONICAL.xlsx / REPLACEMENT_COSTS
BATMIL18V6A-0463,BATMIL18V6A-0463,Milwaukee 18 V 6 Ah Battery,273.9,RENTAL_STOCK_22_07_2026_CANONICAL.xlsx / REPLACEMENT_COSTS
BATMIL18V6A-0525,BATMIL18V6A-0525,Milwaukee 18 V 6 Ah Battery,273.9,RENTAL_STOCK_22_07_2026_CANONICAL.xlsx / REPLACEMENT_COSTS
BATMIL18V6A-0732,BATMIL18V6A-0732,Milwaukee 18 V 6 Ah Battery,273.9,RENTAL_STOCK_22_07_2026_CANONICAL.xlsx / REPLACEMENT_COSTS
BATMIL18V6A-0483,BATMIL18V6A-0483,Milwaukee 18 V 6 Ah Battery,273.9,RENTAL_STOCK_22_07_2026_CANONICAL.xlsx / REPLACEMENT_COSTS
BATMIL18V6A-0254,BATMIL18V6A-0254,Milwaukee 18 V 6 Ah Battery,273.9,RENTAL_STOCK_22_07_2026_CANONICAL.xlsx / REPLACEMENT_COSTS
BATMIL18V8A-0087,BATMIL18V8A-0087,Milwaukee 18 V 8 Ah Battery,361.9,RENTAL_STOCK_22_07_2026_CANONICAL.xlsx / REPLACEMENT_COSTS
BATMIL18V6A-0574,BATMIL18V6A-0574,Milwaukee 18 V 6 Ah Battery,273.9,RENTAL_STOCK_22_07_2026_CANONICAL.xlsx / REPLACEMENT_COSTS
18VCORDLBATTERY-0308,18VCORDLBATTERY-0308,Milwaukee 18 V 5 Ah Battery,218.9,RENTAL_STOCK_22_07_2026_CANONICAL.xlsx / REPLACEMENT_COSTS
BATMIL18V6A-0537,BATMIL18V6A-0537,Milwaukee 18 V 6 Ah Battery,273.9,RENTAL_STOCK_22_07_2026_CANONICAL.xlsx / REPLACEMENT_COSTS
BATMIL18V6A-0278,BATMIL18V6A-0278,Milwaukee 18 V 6 Ah Battery,273.9,RENTAL_STOCK_22_07_2026_CANONICAL.xlsx / REPLACEMENT_COSTS
BATMIL18V6A-0589,BATMIL18V6A-0589,Milwaukee 18 V 6 Ah Battery,273.9,RENTAL_STOCK_22_07_2026_CANONICAL.xlsx / REPLACEMENT_COSTS
BATMIL18V8A-0082,BATMIL18V8A-0082,Milwaukee 18 V 8 Ah Battery,361.9,RENTAL_STOCK_22_07_2026_CANONICAL.xlsx / REPLACEMENT_COSTS
BATMIL18V12A-0150,BATMIL18V12A-0150,Milwaukee 18 V 12 Ah Battery,438.9,RENTAL_STOCK_22_07_2026_CANONICAL.xlsx / REPLACEMENT_COSTS
BATMIL18V12A-0151,BATMIL18V12A-0151,Milwaukee 18 V 12 Ah Battery,438.9,RENTAL_STOCK_22_07_2026_CANONICAL.xlsx / REPLACEMENT_COSTS
BATMIL18V6A-0612,BATMIL18V6A-0612,Milwaukee 18 V 6 Ah Battery,273.9,RENTAL_STOCK_22_07_2026_CANONICAL.xlsx / REPLACEMENT_COSTS
BATMIL18V12A-0117,BATMIL18V12A-0117,Milwaukee 18 V 12 Ah Battery,438.9,RENTAL_STOCK_22_07_2026_CANONICAL.xlsx / REPLACEMENT_COSTS
1303259,1303259,Milwaukee Hammer Drill,383.9,RENTAL_STOCK_22_07_2026_CANONICAL.xlsx / REPLACEMENT_COSTS
1303263,1303263,Milwaukee Hammer Drill,383.9,RENTAL_STOCK_22_07_2026_CANONICAL.xlsx / REPLACEMENT_COSTS
1303267,1303267,Milwaukee Hammer Drill,383.9,RENTAL_STOCK_22_07_2026_CANONICAL.xlsx / REPLACEMENT_COSTS
1303269,1303269,Milwaukee Hammer Drill,383.9,RENTAL_STOCK_22_07_2026_CANONICAL.xlsx / REPLACEMENT_COSTS
1303275,1303275,Milwaukee Cordless Grinder,438.9,RENTAL_STOCK_22_07_2026_CANONICAL.xlsx / REPLACEMENT_COSTS
1303276,1303276,Milwaukee Cordless Grinder,438.9,RENTAL_STOCK_22_07_2026_CANONICAL.xlsx / REPLACEMENT_COSTS
1303277,1303277,Milwaukee Cordless Grinder,438.9,RENTAL_STOCK_22_07_2026_CANONICAL.xlsx / REPLACEMENT_COSTS
1303278,1303278,Milwaukee Cordless Grinder,438.9,RENTAL_STOCK_22_07_2026_CANONICAL.xlsx / REPLACEMENT_COSTS
1303283,1303283,Milwaukee Cordless Grinder,438.9,RENTAL_STOCK_22_07_2026_CANONICAL.xlsx / REPLACEMENT_COSTS
1303284,1303284,Milwaukee Cordless Grinder,438.9,RENTAL_STOCK_22_07_2026_CANONICAL.xlsx / REPLACEMENT_COSTS
1303285,1303285,Milwaukee Cordless Grinder,438.9,RENTAL_STOCK_22_07_2026_CANONICAL.xlsx / REPLACEMENT_COSTS
1303289,1303289,Milwaukee Cordless Grinder,438.9,RENTAL_STOCK_22_07_2026_CANONICAL.xlsx / REPLACEMENT_COSTS
1303303,1303303,Milwaukee 18 V Cordless Reciprocating Saw,658.9,RENTAL_STOCK_22_07_2026_CANONICAL.xlsx / REPLACEMENT_COSTS
1303306,1303306,Milwaukee Cordless Grinder,493.9,RENTAL_STOCK_22_07_2026_CANONICAL.xlsx / REPLACEMENT_COSTS
1303310,1303310,Milwaukee Cordless Grinder,493.9,RENTAL_STOCK_22_07_2026_CANONICAL.xlsx / REPLACEMENT_COSTS
1303311,1303311,Milwaukee Cordless Grinder,493.9,RENTAL_STOCK_22_07_2026_CANONICAL.xlsx / REPLACEMENT_COSTS
1308320,1308320,Grinder - Angle - 125 mm (5 in) - Electric - 240 V,349,https://www.totaltools.com.au/70582-makita-1450w-125mm-5in-angle-grinder-ga5021c
1308321,1308321,Grinder - Angle - 125 mm (5 in) - Electric - 240 V,349,https://www.totaltools.com.au/70582-makita-1450w-125mm-5in-angle-grinder-ga5021c
1308325,1308325,Grinder - Angle - 125 mm (5 in) - Electric - 240 V,349,https://www.totaltools.com.au/70582-makita-1450w-125mm-5in-angle-grinder-ga5021c
1308328,1308328,Grinder - Angle - 125 mm (5 in) - Electric - 240 V,349,https://www.totaltools.com.au/70582-makita-1450w-125mm-5in-angle-grinder-ga5021c
1308330,1308330,Grinder - Angle - 125 mm (5 in) - Electric - 240 V,349,https://www.totaltools.com.au/70582-makita-1450w-125mm-5in-angle-grinder-ga5021c
1308331,1308331,Grinder - Angle - 125 mm (5 in) - Electric - 240 V,349,https://www.totaltools.com.au/70582-makita-1450w-125mm-5in-angle-grinder-ga5021c
1308334,1308334,Grinder - Angle - 125 mm (5 in) - Electric - 240 V,349,https://www.totaltools.com.au/70582-makita-1450w-125mm-5in-angle-grinder-ga5021c
1308335,1308335,Grinder - Angle - 125 mm (5 in) - Electric - 240 V,349,https://www.totaltools.com.au/70582-makita-1450w-125mm-5in-angle-grinder-ga5021c
18VCORDLBATTERY-0299,18VCORDLBATTERY-0299,Milwaukee 18 V 5 Ah Battery,218.9,RENTAL_STOCK_22_07_2026_CANONICAL.xlsx / REPLACEMENT_COSTS
1299277,1299277,Milwaukee Hammer Drill,383.9,RENTAL_STOCK_22_07_2026_CANONICAL.xlsx / REPLACEMENT_COSTS
1303251,1303251,Milwaukee Hammer Drill,383.9,RENTAL_STOCK_22_07_2026_CANONICAL.xlsx / REPLACEMENT_COSTS
1303170,1303170,Grinder - Die (240 V),559,https://www.totaltools.com.au/36926-makita-die-grinder-1-4-750w-gd0800c
1303169,1303169,Grinder - Die (240 V),559,https://www.totaltools.com.au/36926-makita-die-grinder-1-4-750w-gd0800c
1303167,1303167,Grinder - Die (240 V),559,https://www.totaltools.com.au/36926-makita-die-grinder-1-4-750w-gd0800c
1303166,1303166,Grinder - Die (240 V),559,https://www.totaltools.com.au/36926-makita-die-grinder-1-4-750w-gd0800c
1276386,1276386,Grinder - Die (240 V),559,https://www.totaltools.com.au/36926-makita-die-grinder-1-4-750w-gd0800c
1276388,1276388,Grinder - Die (240 V),559,https://www.totaltools.com.au/36926-makita-die-grinder-1-4-750w-gd0800c
LEADEXT10A20M-0148,LEADEXT10A20M-0148,10 A Extension Lead,74.9,https://housetradesupplies.com.au/hpm-20m-10a-extension-lead-construction-r2920.html
LEADEXT10A20M-0150,LEADEXT10A20M-0150,10 A Extension Lead,74.9,https://housetradesupplies.com.au/hpm-20m-10a-extension-lead-construction-r2920.html
LEADEXT10A20M-0153,LEADEXT10A20M-0153,10 A Extension Lead,74.9,https://housetradesupplies.com.au/hpm-20m-10a-extension-lead-construction-r2920.html
LEADEXT10A20M-0155,LEADEXT10A20M-0155,10 A Extension Lead,74.9,https://housetradesupplies.com.au/hpm-20m-10a-extension-lead-construction-r2920.html
LEADEXT10A20M-0707,LEADEXT10A20M-0707,10 A Extension Lead,74.9,https://housetradesupplies.com.au/hpm-20m-10a-extension-lead-construction-r2920.html
LEADEXT10A20M-0708,LEADEXT10A20M-0708,10 A Extension Lead,74.9,https://housetradesupplies.com.au/hpm-20m-10a-extension-lead-construction-r2920.html
LEADEXT10A20M-0710,LEADEXT10A20M-0710,10 A Extension Lead,74.9,https://housetradesupplies.com.au/hpm-20m-10a-extension-lead-construction-r2920.html
LEADEXT10A20M-0713,LEADEXT10A20M-0713,10 A Extension Lead,74.9,https://housetradesupplies.com.au/hpm-20m-10a-extension-lead-construction-r2920.html
LEADEXT10A20M-0718,LEADEXT10A20M-0718,10 A Extension Lead,74.9,https://housetradesupplies.com.au/hpm-20m-10a-extension-lead-construction-r2920.html
LEADEXT10A20M-0726,LEADEXT10A20M-0726,10 A Extension Lead,74.9,https://housetradesupplies.com.au/hpm-20m-10a-extension-lead-construction-r2920.html
LEADEXT10A20M-0730,LEADEXT10A20M-0730,10 A Extension Lead,74.9,https://housetradesupplies.com.au/hpm-20m-10a-extension-lead-construction-r2920.html
1318059,1318059,Instagrid 3.6 kW Battery Power Supply,6875,https://www.primesupplies.com.au/product/portable-battery-instagrid-240v-50hz-3600w-continous-rated-power-lithium/
1318062,1318062,Instagrid 3.6 kW Battery Power Supply,6875,https://www.primesupplies.com.au/product/portable-battery-instagrid-240v-50hz-3600w-continous-rated-power-lithium/
1318063,1318063,Instagrid 3.6 kW Battery Power Supply,6875,https://www.primesupplies.com.au/product/portable-battery-instagrid-240v-50hz-3600w-continous-rated-power-lithium/
BOLTCUT600M-0004,BOLTCUT600M-0004,Bolt Cutters - 600 mm - 24 in,85,Kincrome via Total Tools
BOLTCUT600M-0005,BOLTCUT600M-0005,Bolt Cutters - 600 mm - 24 in,85,Kincrome via Total Tools
FINGERSAVERLGE-0003,FINGERSAVERLGE-0003,Finger Saver - Large,85,Safety brand via RSEA/Blackwoods
FINGERSAVERLGE-0006,FINGERSAVERLGE-0006,Finger Saver - Large,85,Safety brand via RSEA/Blackwoods
LIFTBAG45KG-0007,LIFTBAG45KG-0007,Lifting Bag 45 kg,271.43,https://www.au.gripps.com/products/bison-bag
LIFTBAG45KG-0005,LIFTBAG45KG-0005,Lifting Bag 45 kg,271.43,https://www.au.gripps.com/products/bison-bag
LIFTBAG45KG-0004,LIFTBAG45KG-0004,Lifting Bag 45 kg,271.43,https://www.au.gripps.com/products/bison-bag
LIFTBAG45KG-0013,LIFTBAG45KG-0013,Lifting Bag 45 kg,271.43,https://www.au.gripps.com/products/bison-bag
LIFTBAG45KG-0010,LIFTBAG45KG-0010,Lifting Bag 45 kg,271.43,https://www.au.gripps.com/products/bison-bag
LIFTBAG45KG-0012,LIFTBAG45KG-0012,Lifting Bag 45 kg,271.43,https://www.au.gripps.com/products/bison-bag
LIFTBAG45KG-0008,LIFTBAG45KG-0008,Lifting Bag 45 kg,271.43,https://www.au.gripps.com/products/bison-bag
QUICKCLAMP600MM-0045,QUICKCLAMP600MM-0045,Quick Clamp - 600 mm,45,Kincrome/Sutton/Irwin via Total Tools (Estimated)
QUICKCLAMP600MM-0046,QUICKCLAMP600MM-0046,Quick Clamp - 600 mm,45,Kincrome/Sutton/Irwin via Total Tools (Estimated)
QUICKCLAMP600MM-0047,QUICKCLAMP600MM-0047,Quick Clamp - 600 mm,45,Kincrome/Sutton/Irwin via Total Tools (Estimated)
QUICKCLAMP600MM-0048,QUICKCLAMP600MM-0048,Quick Clamp - 600 mm,45,Kincrome/Sutton/Irwin via Total Tools (Estimated)
QUICKCLAMP600MM-0052,QUICKCLAMP600MM-0052,Quick Clamp - 600 mm,45,Kincrome/Sutton/Irwin via Total Tools (Estimated)
BULLBAGGRPS113-0011,BULLBAGGRPS113-0011,Bull Bag - GRIPPS - 113 kg,340.73,https://www.au.gripps.com/products/bull-bag
BULLBAGGRPS113-0012,BULLBAGGRPS113-0012,Bull Bag - GRIPPS - 113 kg,340.73,https://www.au.gripps.com/products/bull-bag
BULLBAGGRPS113-0019,BULLBAGGRPS113-0019,Bull Bag - GRIPPS - 113 kg,340.73,https://www.au.gripps.com/products/bull-bag
BULLBAGGRPS113-0010,BULLBAGGRPS113-0010,Bull Bag - GRIPPS - 113 kg,340.73,https://www.au.gripps.com/products/bull-bag
FRMESQAL400X600-0001,FRMESQAL400X600-0001,Framing Square - Aluminium - 400 mm × 600 mm,35,Estimated based on typical trade quality
FRMESQAL400X600-0005,FRMESQAL400X600-0005,Framing Square - Aluminium - 400 mm × 600 mm,35,Estimated based on typical trade quality
FRMESQAL400X600-0016,FRMESQAL400X600-0016,Framing Square - Aluminium - 400 mm × 600 mm,35,Estimated based on typical trade quality
FRMESQAL400X600-0020,FRMESQAL400X600-0020,Framing Square - Aluminium - 400 mm × 600 mm,35,Estimated based on typical trade quality
TAPEMEASSURE50M-0001,TAPEMEASSURE50M-0001,Tape Measure - 50 m,65,Estimated based on 50M tape measures
TAPEMEASSURE50M-0008,TAPEMEASSURE50M-0008,Tape Measure - 50 m,65,Estimated based on 50M tape measures
WELDHOSESEARGON-0275,WELDHOSESEARGON-0275,Welding Hose - Argon,35.95,https://electroweld.com.au/products/unimig-18m-argon-hose-with-quick-connect-u31002
WELDHOSESEARGON-0007,WELDHOSESEARGON-0007,Welding Hose - Argon,35.95,https://electroweld.com.au/products/unimig-18m-argon-hose-with-quick-connect-u31002
WELDHOSESEARGON-0278,WELDHOSESEARGON-0278,Welding Hose - Argon,35.95,https://electroweld.com.au/products/unimig-18m-argon-hose-with-quick-connect-u31002
WELDHOSESEARGON-0013,WELDHOSESEARGON-0013,Welding Hose - Argon,35.95,https://electroweld.com.au/products/unimig-18m-argon-hose-with-quick-connect-u31002
WELDHOSESEARGON-0197,WELDHOSESEARGON-0197,Welding Hose - Argon,35.95,https://electroweld.com.au/products/unimig-18m-argon-hose-with-quick-connect-u31002
WELDHOSESEARGON-0056,WELDHOSESEARGON-0056,Welding Hose - Argon,35.95,https://electroweld.com.au/products/unimig-18m-argon-hose-with-quick-connect-u31002
WELDHOSESEARGON-0203,WELDHOSESEARGON-0203,Welding Hose - Argon,35.95,https://electroweld.com.au/products/unimig-18m-argon-hose-with-quick-connect-u31002
WELDHOSESEARGON-0199,WELDHOSESEARGON-0199,Welding Hose - Argon,35.95,https://electroweld.com.au/products/unimig-18m-argon-hose-with-quick-connect-u31002
WELDHOSESEARGON-0277,WELDHOSESEARGON-0277,Welding Hose - Argon,35.95,https://electroweld.com.au/products/unimig-18m-argon-hose-with-quick-connect-u31002
WELDHOSESEARGON-0276,WELDHOSESEARGON-0276,Welding Hose - Argon,35.95,https://electroweld.com.au/products/unimig-18m-argon-hose-with-quick-connect-u31002
WELDHOSESEARGON-0202,WELDHOSESEARGON-0202,Welding Hose - Argon,35.95,https://electroweld.com.au/products/unimig-18m-argon-hose-with-quick-connect-u31002
WELDHOSESEARGON-0206,WELDHOSESEARGON-0206,Welding Hose - Argon,35.95,https://electroweld.com.au/products/unimig-18m-argon-hose-with-quick-connect-u31002
WELDHOSESEARGON-0196,WELDHOSESEARGON-0196,Welding Hose - Argon,35.95,https://electroweld.com.au/products/unimig-18m-argon-hose-with-quick-connect-u31002
WELDHOSESEARGON-0193,WELDHOSESEARGON-0193,Welding Hose - Argon,35.95,https://electroweld.com.au/products/unimig-18m-argon-hose-with-quick-connect-u31002
WELDHOSESEARGON-0195,WELDHOSESEARGON-0195,Welding Hose - Argon,35.95,https://electroweld.com.au/products/unimig-18m-argon-hose-with-quick-connect-u31002
WELDHOSESEARGON-0147,WELDHOSESEARGON-0147,Welding Hose - Argon,35.95,https://electroweld.com.au/products/unimig-18m-argon-hose-with-quick-connect-u31002
WELDHOSESEARGON-0155,WELDHOSESEARGON-0155,Welding Hose - Argon,35.95,https://electroweld.com.au/products/unimig-18m-argon-hose-with-quick-connect-u31002
WELDHOSESEARGON-0005,WELDHOSESEARGON-0005,Welding Hose - Argon,35.95,https://electroweld.com.au/products/unimig-18m-argon-hose-with-quick-connect-u31002
WELDHOSESEARGON-0224,WELDHOSESEARGON-0224,Welding Hose - Argon,35.95,https://electroweld.com.au/products/unimig-18m-argon-hose-with-quick-connect-u31002
WELDHOSESEARGON-0017,WELDHOSESEARGON-0017,Welding Hose - Argon,35.95,https://electroweld.com.au/products/unimig-18m-argon-hose-with-quick-connect-u31002
WELDHOSESEARGON-0204,WELDHOSESEARGON-0204,Welding Hose - Argon,35.95,https://electroweld.com.au/products/unimig-18m-argon-hose-with-quick-connect-u31002
WELDHOSESEARGON-0205,WELDHOSESEARGON-0205,Welding Hose - Argon,35.95,https://electroweld.com.au/products/unimig-18m-argon-hose-with-quick-connect-u31002
WELDHOSESEARGON-0015,WELDHOSESEARGON-0015,Welding Hose - Argon,35.95,https://electroweld.com.au/products/unimig-18m-argon-hose-with-quick-connect-u31002
WELDHOSESEARGON-0225,WELDHOSESEARGON-0225,Welding Hose - Argon,35.95,https://electroweld.com.au/products/unimig-18m-argon-hose-with-quick-connect-u31002
TAPANDDITMETRIC-0006,TAPANDDITMETRIC-0006,Tap And Die - Set - Metric,165,Sutton Tools via Total Tools
TAPEMEASSURE30M-0015,TAPEMEASSURE30M-0015,Tape Measure - 30 m,55,Lufkin via Total Tools
TAPEMEASSURE30M-0017,TAPEMEASSURE30M-0017,Tape Measure - 30 m,55,Lufkin via Total Tools
TAPEMEASSURE30M-0018,TAPEMEASSURE30M-0018,Tape Measure - 30 m,55,Lufkin via Total Tools
TAPEMEASASURE8M-0200,TAPEMEASASURE8M-0200,Tape Measure - 8 m,25,Estimated based on standard 8m tape measure
TAPEMEASASURE8M-0206,TAPEMEASASURE8M-0206,Tape Measure - 8 m,25,Estimated based on standard 8m tape measure
TAPEMEASASURE8M-0207,TAPEMEASASURE8M-0207,Tape Measure - 8 m,25,Estimated based on standard 8m tape measure
TAPEMEASASURE8M-0246,TAPEMEASASURE8M-0246,Tape Measure - 8 m,25,Estimated based on standard 8m tape measure
TAPEMEASASURE8M-0247,TAPEMEASASURE8M-0247,Tape Measure - 8 m,25,Estimated based on standard 8m tape measure
TAPEMEASASURE8M-0248,TAPEMEASASURE8M-0248,Tape Measure - 8 m,25,Estimated based on standard 8m tape measure
TAPEMEASASURE8M-0249,TAPEMEASASURE8M-0249,Tape Measure - 8 m,25,Estimated based on standard 8m tape measure
TAPEMEASASURE8M-0250,TAPEMEASASURE8M-0250,Tape Measure - 8 m,25,Estimated based on standard 8m tape measure
TAPEMEASASURE8M-0295,TAPEMEASASURE8M-0295,Tape Measure - 8 m,25,Estimated based on standard 8m tape measure
TAPEMEASASURE8M-0296,TAPEMEASASURE8M-0296,Tape Measure - 8 m,25,Estimated based on standard 8m tape measure
TAPEMEASASURE8M-0297,TAPEMEASASURE8M-0297,Tape Measure - 8 m,25,Estimated based on standard 8m tape measure
TAPEMEASASURE8M-0298,TAPEMEASASURE8M-0298,Tape Measure - 8 m,25,Estimated based on standard 8m tape measure
TAPEMEASASURE8M-0299,TAPEMEASASURE8M-0299,Tape Measure - 8 m,25,Estimated based on standard 8m tape measure
TAPEMEASASURE8M-0300,TAPEMEASASURE8M-0300,Tape Measure - 8 m,25,Estimated based on standard 8m tape measure
VERNCAL300MM-0025,VERNCAL300MM-0025,Vernier Callipers - 300 mm,120,Toledo via Total Tools
WADPUNCH14-19MM-0002,WADPUNCH14-19MM-0002,Wad Punch - 14–19 mm,45,Toledo via Total Tools
WADPUNCH14-19MM-0008,WADPUNCH14-19MM-0008,Wad Punch - 14–19 mm,45,Toledo via Total Tools
WADPUNCH14-19MM-0013,WADPUNCH14-19MM-0013,Wad Punch - 14–19 mm,45,Toledo via Total Tools
WADPUNCH14-19MM-0850,WADPUNCH14-19MM-0850,Wad Punch - 14–19 mm,45,Toledo via Total Tools
WRENCHSTAP600MM-0001,WRENCHSTAP600MM-0001,Wrench - Strap 600 mm,85,Estimated based on similar strap wrenches
WRENCHSTAP600MM-0005,WRENCHSTAP600MM-0005,Wrench - Strap 600 mm,85,Estimated based on similar strap wrenches
TAPDIESETIMPMET-0007,TAPDIESETIMPMET-0007,Tap And Die Set - Imperial/Metric,150,Kincrome via Total Tools
TAPDIESECUNF52P-0002,TAPDIESECUNF52P-0002,Tap And Die Set - Unc/Unf - 52 Piece,250,Kincrome via Total Tools
TAPEMEASSURE10M-0003,TAPEMEASSURE10M-0003,Tape Measure - 10 m,35,Lufkin via Sydney Tools
TOOLLANY.5KGTEC-0109,TOOLLANY.5KGTEC-0109,Tool Lanyard - Bungee - Technique - SWL 2.5 kg,42.95,GRIPPS via All Trades Group
TOOLLANY.5KGTEC-0110,TOOLLANY.5KGTEC-0110,Tool Lanyard - Bungee - Technique - SWL 2.5 kg,42.95,GRIPPS via All Trades Group
TOOLLANY.5KGTEC-0113,TOOLLANY.5KGTEC-0113,Tool Lanyard - Bungee - Technique - SWL 2.5 kg,42.95,GRIPPS via All Trades Group
TOOLLANY.5KGTEC-0114,TOOLLANY.5KGTEC-0114,Tool Lanyard - Bungee - Technique - SWL 2.5 kg,42.95,GRIPPS via All Trades Group
TOOLLANY.5KGTEC-0121,TOOLLANY.5KGTEC-0121,Tool Lanyard - Bungee - Technique - SWL 2.5 kg,42.95,GRIPPS via All Trades Group
TOOLLANY.5KGTEC-0122,TOOLLANY.5KGTEC-0122,Tool Lanyard - Bungee - Technique - SWL 2.5 kg,42.95,GRIPPS via All Trades Group
TOOLLANY.5KGTEC-0133,TOOLLANY.5KGTEC-0133,Tool Lanyard - Bungee - Technique - SWL 2.5 kg,42.95,GRIPPS via All Trades Group
TOOLLANY.5KGTEC-0140,TOOLLANY.5KGTEC-0140,Tool Lanyard - Bungee - Technique - SWL 2.5 kg,42.95,GRIPPS via All Trades Group
TOOLLANY.5KGTEC-0142,TOOLLANY.5KGTEC-0142,Tool Lanyard - Bungee - Technique - SWL 2.5 kg,42.95,GRIPPS via All Trades Group
TOOLLANY.5KGTEC-0143,TOOLLANY.5KGTEC-0143,Tool Lanyard - Bungee - Technique - SWL 2.5 kg,42.95,GRIPPS via All Trades Group
TOOLLANY.5KGTEC-0144,TOOLLANY.5KGTEC-0144,Tool Lanyard - Bungee - Technique - SWL 2.5 kg,42.95,GRIPPS via All Trades Group
TOOLLANY.5KGTEC-0145,TOOLLANY.5KGTEC-0145,Tool Lanyard - Bungee - Technique - SWL 2.5 kg,42.95,GRIPPS via All Trades Group
TOOLLANY.5KGTEC-0146,TOOLLANY.5KGTEC-0146,Tool Lanyard - Bungee - Technique - SWL 2.5 kg,42.95,GRIPPS via All Trades Group
TOOLLANY.5KGTEC-0147,TOOLLANY.5KGTEC-0147,Tool Lanyard - Bungee - Technique - SWL 2.5 kg,42.95,GRIPPS via All Trades Group
TOOLLANY.5KGTEC-0148,TOOLLANY.5KGTEC-0148,Tool Lanyard - Bungee - Technique - SWL 2.5 kg,42.95,GRIPPS via All Trades Group
TOOLLANY.5KGTEC-0150,TOOLLANY.5KGTEC-0150,Tool Lanyard - Bungee - Technique - SWL 2.5 kg,42.95,GRIPPS via All Trades Group
TOOLLANY.5KGTEC-0153,TOOLLANY.5KGTEC-0153,Tool Lanyard - Bungee - Technique - SWL 2.5 kg,42.95,GRIPPS via All Trades Group
TOOLLANY.5KGTEC-0157,TOOLLANY.5KGTEC-0157,Tool Lanyard - Bungee - Technique - SWL 2.5 kg,42.95,GRIPPS via All Trades Group
TOOLLANY.5KGTEC-0158,TOOLLANY.5KGTEC-0158,Tool Lanyard - Bungee - Technique - SWL 2.5 kg,42.95,GRIPPS via All Trades Group
TOOLLANY.5KGTEC-0160,TOOLLANY.5KGTEC-0160,Tool Lanyard - Bungee - Technique - SWL 2.5 kg,42.95,GRIPPS via All Trades Group
TOOLLANY.5KGTEC-0161,TOOLLANY.5KGTEC-0161,Tool Lanyard - Bungee - Technique - SWL 2.5 kg,42.95,GRIPPS via All Trades Group
TOOLLANY.5KGTEC-0166,TOOLLANY.5KGTEC-0166,Tool Lanyard - Bungee - Technique - SWL 2.5 kg,42.95,GRIPPS via All Trades Group
TOOLLANY.5KGTEC-0185,TOOLLANY.5KGTEC-0185,Tool Lanyard - Bungee - Technique - SWL 2.5 kg,42.95,GRIPPS via All Trades Group
TOOLLANY.5KGTEC-0187,TOOLLANY.5KGTEC-0187,Tool Lanyard - Bungee - Technique - SWL 2.5 kg,42.95,GRIPPS via All Trades Group
TOOLLANY.5KGTEC-0192,TOOLLANY.5KGTEC-0192,Tool Lanyard - Bungee - Technique - SWL 2.5 kg,42.95,GRIPPS via All Trades Group
TOOLLANY.5KGTEC-0196,TOOLLANY.5KGTEC-0196,Tool Lanyard - Bungee - Technique - SWL 2.5 kg,42.95,GRIPPS via All Trades Group
TOOLLANY.5KGTEC-0203,TOOLLANY.5KGTEC-0203,Tool Lanyard - Bungee - Technique - SWL 2.5 kg,42.95,GRIPPS via All Trades Group
TOOLLANY.5KGTEC-0209,TOOLLANY.5KGTEC-0209,Tool Lanyard - Bungee - Technique - SWL 2.5 kg,42.95,GRIPPS via All Trades Group
TOOLLANY.5KGTEC-0210,TOOLLANY.5KGTEC-0210,Tool Lanyard - Bungee - Technique - SWL 2.5 kg,42.95,GRIPPS via All Trades Group
TOOLLANY.5KGTEC-0212,TOOLLANY.5KGTEC-0212,Tool Lanyard - Bungee - Technique - SWL 2.5 kg,42.95,GRIPPS via All Trades Group
TOOLLANY.5KGTEC-0213,TOOLLANY.5KGTEC-0213,Tool Lanyard - Bungee - Technique - SWL 2.5 kg,42.95,GRIPPS via All Trades Group
TOOLLANY.5KGTEC-0214,TOOLLANY.5KGTEC-0214,Tool Lanyard - Bungee - Technique - SWL 2.5 kg,42.95,GRIPPS via All Trades Group
TOOLLANY.5KGTEC-0215,TOOLLANY.5KGTEC-0215,Tool Lanyard - Bungee - Technique - SWL 2.5 kg,42.95,GRIPPS via All Trades Group
TOOLLANY.5KGTEC-0217,TOOLLANY.5KGTEC-0217,Tool Lanyard - Bungee - Technique - SWL 2.5 kg,42.95,GRIPPS via All Trades Group
TOOLLANY.5KGTEC-0218,TOOLLANY.5KGTEC-0218,Tool Lanyard - Bungee - Technique - SWL 2.5 kg,42.95,GRIPPS via All Trades Group
TOOLLANY.5KGTEC-0223,TOOLLANY.5KGTEC-0223,Tool Lanyard - Bungee - Technique - SWL 2.5 kg,42.95,GRIPPS via All Trades Group
TOOLLANY.5KGTEC-0225,TOOLLANY.5KGTEC-0225,Tool Lanyard - Bungee - Technique - SWL 2.5 kg,42.95,GRIPPS via All Trades Group
TOOLLANY.5KGTEC-0226,TOOLLANY.5KGTEC-0226,Tool Lanyard - Bungee - Technique - SWL 2.5 kg,42.95,GRIPPS via All Trades Group
TOOLLANYL7KGTEC-0170,TOOLLANYL7KGTEC-0170,Tool Lanyard - Technique - SWL 7 kg,76.07,Home Depot / Generic
TOOLLANYL7KGTEC-0187,TOOLLANYL7KGTEC-0187,Tool Lanyard - Technique - SWL 7 kg,76.07,Home Depot / Generic
TOOLLANYL7KGTEC-0193,TOOLLANYL7KGTEC-0193,Tool Lanyard - Technique - SWL 7 kg,76.07,Home Depot / Generic
TOOLLANYL7KGTEC-0211,TOOLLANYL7KGTEC-0211,Tool Lanyard - Technique - SWL 7 kg,76.07,Home Depot / Generic
TOOLLANYL7KGTEC-0213,TOOLLANYL7KGTEC-0213,Tool Lanyard - Technique - SWL 7 kg,76.07,Home Depot / Generic
TOOLLANYL7KGTEC-0215,TOOLLANYL7KGTEC-0215,Tool Lanyard - Technique - SWL 7 kg,76.07,Home Depot / Generic
TOOLLANYL7KGTEC-0216,TOOLLANYL7KGTEC-0216,Tool Lanyard - Technique - SWL 7 kg,76.07,Home Depot / Generic
TOOLLANYL7KGTEC-0218,TOOLLANYL7KGTEC-0218,Tool Lanyard - Technique - SWL 7 kg,76.07,Home Depot / Generic
TOOLLANYL7KGTEC-0219,TOOLLANYL7KGTEC-0219,Tool Lanyard - Technique - SWL 7 kg,76.07,Home Depot / Generic
TOOLLANYL7KGTEC-0221,TOOLLANYL7KGTEC-0221,Tool Lanyard - Technique - SWL 7 kg,76.07,Home Depot / Generic
TOOLLANYL7KGTEC-0222,TOOLLANYL7KGTEC-0222,Tool Lanyard - Technique - SWL 7 kg,76.07,Home Depot / Generic
TOOLLANYL7KGTEC-0223,TOOLLANYL7KGTEC-0223,Tool Lanyard - Technique - SWL 7 kg,76.07,Home Depot / Generic
SASHCLP400MM-0003,SASHCLP400MM-0003,Sash Clamp 400 mm,45,Irwin via Bunnings
SASHCLP400MM-0004,SASHCLP400MM-0004,Sash Clamp 400 mm,45,Irwin via Bunnings
SASHCLP400MM-0006,SASHCLP400MM-0006,Sash Clamp 400 mm,45,Irwin via Bunnings
ALLENKEYMET24MM-0006,ALLENKEYMET24MM-0006,Allen Key Metric - 24 mm,38,Kincrome via Total Tools
ALLENKEYMET24MM-0007,ALLENKEYMET24MM-0007,Allen Key Metric - 24 mm,38,Kincrome via Total Tools
ALLENKEYSETMET-0052,ALLENKEYSETMET-0052,Allen Key Set - Metric,50,Estimated fallback price
ALLENKEYSETMET-0067,ALLENKEYSETMET-0067,Allen Key Set - Metric,50,Estimated fallback price
ALLENKEYSETMET-0069,ALLENKEYSETMET-0069,Allen Key Set - Metric,50,Estimated fallback price
ALLENKEYSETMET-0070,ALLENKEYSETMET-0070,Allen Key Set - Metric,50,Estimated fallback price
ALLENKEYSETMET-0071,ALLENKEYSETMET-0071,Allen Key Set - Metric,50,Estimated fallback price
ALLENKEYSETMET-0072,ALLENKEYSETMET-0072,Allen Key Set - Metric,50,Estimated fallback price
ALLENKEYSETMET-0073,ALLENKEYSETMET-0073,Allen Key Set - Metric,50,Estimated fallback price
ALLENKEYSETMET-0074,ALLENKEYSETMET-0074,Allen Key Set - Metric,50,Estimated fallback price
BREAKERBBAR1/2D-0011,BREAKERBBAR1/2D-0011,Breaker Bar 1/2 in Drive,45,Estimated based on typical trade quality
BREAKERBBAR1/2D-0016,BREAKERBBAR1/2D-0016,Breaker Bar 1/2 in Drive,45,Estimated based on typical trade quality
BREAKERBBAR1/2D-0022,BREAKERBBAR1/2D-0022,Breaker Bar 1/2 in Drive,45,Estimated based on typical trade quality
BREAKERBBAR1/2D-0049,BREAKERBBAR1/2D-0049,Breaker Bar 1/2 in Drive,45,Estimated based on typical trade quality
BROOMBROOM-0011,BROOMBROOM-0011,Broom,43.99,Sabco via Bunnings
BROOMBROOM-0013,BROOMBROOM-0013,Broom,43.99,Sabco via Bunnings
SCKTIM1/2D1116-0028,SCKTIM1/2D1116-0028,"1/2"" Drive Impact Socket - 1 1/16""",18,Kincrome via Total Tools
SCKTIM1/2D1116-0029,SCKTIM1/2D1116-0029,"1/2"" Drive Impact Socket - 1 1/16""",18,Kincrome via Total Tools
SCKTIM1/2D1116-0031,SCKTIM1/2D1116-0031,"1/2"" Drive Impact Socket - 1 1/16""",18,Kincrome via Total Tools
SCKTIM1/2D1116-0032,SCKTIM1/2D1116-0032,"1/2"" Drive Impact Socket - 1 1/16""",18,Kincrome via Total Tools
SCKTIM1/2D118-0005,SCKTIM1/2D118-0005,"1/2"" Drive Impact Socket - 1 1/8""",20,Kincrome via Total Tools
SCKTIM1/2D118-0008,SCKTIM1/2D118-0008,"1/2"" Drive Impact Socket - 1 1/8""",20,Kincrome via Total Tools
SCKTIM1/2D118-0010,SCKTIM1/2D118-0010,"1/2"" Drive Impact Socket - 1 1/8""",20,Kincrome via Total Tools
SCKTIM1/2D118-0012,SCKTIM1/2D118-0012,"1/2"" Drive Impact Socket - 1 1/8""",20,Kincrome via Total Tools
SCKTIM1/2D1316-0023,SCKTIM1/2D1316-0023,"1/2"" Drive Impact Socket - 1 3/16""",18.35,Kincrome via Bunnings
SCKTIM1/2D1316-0024,SCKTIM1/2D1316-0024,"1/2"" Drive Impact Socket - 1 3/16""",18.35,Kincrome via Bunnings
SCKTIM1/2D1316-0025,SCKTIM1/2D1316-0025,"1/2"" Drive Impact Socket - 1 3/16""",18.35,Kincrome via Bunnings
SCKTIM1/2D1316-0026,SCKTIM1/2D1316-0026,"1/2"" Drive Impact Socket - 1 3/16""",18.35,Kincrome via Bunnings
SCKTIM1/2D1316-0027,SCKTIM1/2D1316-0027,"1/2"" Drive Impact Socket - 1 3/16""",18.35,Kincrome via Bunnings
SCKTIM1/2D1316-0028,SCKTIM1/2D1316-0028,"1/2"" Drive Impact Socket - 1 3/16""",18.35,Kincrome via Bunnings
SCKTIM1/2D1316-0029,SCKTIM1/2D1316-0029,"1/2"" Drive Impact Socket - 1 3/16""",18.35,Kincrome via Bunnings
SCKTIM1/2D1316-0030,SCKTIM1/2D1316-0030,"1/2"" Drive Impact Socket - 1 3/16""",18.35,Kincrome via Bunnings
SCKTIM1/2D138-0001,SCKTIM1/2D138-0001,"1/2"" Drive Impact Socket - 1 3/8""",28,Kincrome via Total Tools
SCKTIM1/2D138-0002,SCKTIM1/2D138-0002,"1/2"" Drive Impact Socket - 1 3/8""",28,Kincrome via Total Tools
SCKTIM1/2D138-0003,SCKTIM1/2D138-0003,"1/2"" Drive Impact Socket - 1 3/8""",28,Kincrome via Total Tools
SCKTIM1/2D138-0004,SCKTIM1/2D138-0004,"1/2"" Drive Impact Socket - 1 3/8""",28,Kincrome via Total Tools
SCKTIM1/2D1516-0001,SCKTIM1/2D1516-0001,"1/2"" Drive Impact Socket - 1 5/16""",28,Daytona via Sydney Tools
SCKTIM1/2D1516-0002,SCKTIM1/2D1516-0002,"1/2"" Drive Impact Socket - 1 5/16""",28,Daytona via Sydney Tools
SCKTIM1/2D1516-0003,SCKTIM1/2D1516-0003,"1/2"" Drive Impact Socket - 1 5/16""",28,Daytona via Sydney Tools
SCKTIM1/2D1516-0012,SCKTIM1/2D1516-0012,"1/2"" Drive Impact Socket - 1 5/16""",28,Daytona via Sydney Tools
SCKTIM1/2D1516-0013,SCKTIM1/2D1516-0013,"1/2"" Drive Impact Socket - 1 5/16""",28,Daytona via Sydney Tools
SCKTIM1/2D1516-0014,SCKTIM1/2D1516-0014,"1/2"" Drive Impact Socket - 1 5/16""",28,Daytona via Sydney Tools
SCKTIM1/2D1516-0015,SCKTIM1/2D1516-0015,"1/2"" Drive Impact Socket - 1 5/16""",28,Daytona via Sydney Tools
SCKTIM1D112-0002,SCKTIM1D112-0002,"1"" Drive Impact Socket - 1 1/2""",60,Kincrome via Total Tools
SCKTIM1D112-0003,SCKTIM1D112-0003,"1"" Drive Impact Socket - 1 1/2""",60,Kincrome via Total Tools
SCKTIM3/4D158-0036,SCKTIM3/4D158-0036,"3/4"" Drive Impact Socket - 1 5/8""",55,Kincrome via Total Tools
SCKTIM3/4D158-0417N,SCKTIM3/4D158-0417,"3/4"" Drive Impact Socket - 1 5/8""",55,Kincrome via Total Tools
SCKTIM3/4D178-0010,SCKTIM3/4D178-0010,"3/4"" Drive Impact Socket - 1 7/8""",45,TTI via Total Tools
SCKSET3/8DAM-0001,SCKSET3/8DAM-0001,"3/8"" Drive Socket Set - AF & Metric",180,Kincrome via Total Tools
HMRDEADBLOWLGE-0032,HMRDEADBLOWLGE-0032,Hammer - Dead Blow - Large,45,Estimated based on typical trade quality
HMRDEADBLOWLGE-0034,HMRDEADBLOWLGE-0034,Hammer - Dead Blow - Large,45,Estimated based on typical trade quality
HMRDEADBLOWLGE-0035,HMRDEADBLOWLGE-0035,Hammer - Dead Blow - Large,45,Estimated based on typical trade quality
HMRDEADBLOWLGE-0043,HMRDEADBLOWLGE-0043,Hammer - Dead Blow - Large,45,Estimated based on typical trade quality
HMRSLEDGE4LB-0046,HMRSLEDGE4LB-0046,Hammer - Sledge 4 lb,45,Estimated trade quality
HMRSLEDGE4LB-0080,HMRSLEDGE4LB-0080,Hammer - Sledge 4 lb,45,Estimated trade quality
SKT/21-13/161-0001,SKT/21-13/161-0001,"1 1/2"" Drive Impact Socket - 1 13/16""",18,TTI via Total Tools
SKT/4-211/161-0001,SKT/4-211/161-0001,"3/4"" Drive Impact Socket - 2 11/16""",45,TTI via Total Tools
PINPUNCHSETLONG-0043,PINPUNCHSETLONG-0043,Pin Punch Set - Long,85,Kincrome via Total Tools
PLIERSVCGRP-000416,PLIERSVCGRP-000416,Pliers - Vice Grip,30,Irwin via Bunnings
PLIERSVCGRP-0058,PLIERSVCGRP-0058,Pliers - Vice Grip,30,Irwin via Bunnings
PLIERSVCGRP-0059,PLIERSVCGRP-0059,Pliers - Vice Grip,30,Irwin via Bunnings
PLIERSVCGRP-0061,PLIERSVCGRP-0061,Pliers - Vice Grip,30,Irwin via Bunnings
PLIERSVCGRP-0063,PLIERSVCGRP-0063,Pliers - Vice Grip,30,Irwin via Bunnings
PLIERSVCGRP-0064,PLIERSVCGRP-0064,Pliers - Vice Grip,30,Irwin via Bunnings
PLIERSVCGRP-0065,PLIERSVCGRP-0065,Pliers - Vice Grip,30,Irwin via Bunnings
PLIERSVCGRP-0066,PLIERSVCGRP-0066,Pliers - Vice Grip,30,Irwin via Bunnings
QUICKCLP500MM-0014,QUICKCLP500MM-0014,Quick Clamp - 500 mm,40,Irwin via Total Tools
QUICKCLP500MM-0015,QUICKCLP500MM-0015,Quick Clamp - 500 mm,40,Irwin via Total Tools
QUICKCLP500MM-0017,QUICKCLP500MM-0017,Quick Clamp - 500 mm,40,Irwin via Total Tools
QUICKCLP500MM-0024,QUICKCLP500MM-0024,Quick Clamp - 500 mm,40,Irwin via Total Tools
DIVIDER150MM-000406,DIVIDER150MM-000406,Divider - 150 mm,35,Toledo via Total Tools
DIVIDER150MM-0022,DIVIDER150MM-0022,Divider - 150 mm,35,Toledo via Total Tools
DRIFTPINBAR33MM-0001,DRIFTPINBAR33MM-0001,Drift Pin - Barrel - 33 mm,45,Mummy via Sydney Tools
DRIFTPINBAR33MM-0021,DRIFTPINBAR33MM-0021,Drift Pin - Barrel - 33 mm,45,Mummy via Sydney Tools
DRIFTPINBAR33MM-0045,DRIFTPINBAR33MM-0045,Drift Pin - Barrel - 33 mm,45,Mummy via Sydney Tools
PLIERSLONGNOSE-0061,PLIERSLONGNOSE-0061,Pliers - Long Nose,30,Estimated based on standard long nose pliers
PLIERSLONGNOSE-0062,PLIERSLONGNOSE-0062,Pliers - Long Nose,30,Estimated based on standard long nose pliers
PLIERSLONGNOSE-0063,PLIERSLONGNOSE-0063,Pliers - Long Nose,30,Estimated based on standard long nose pliers
PLIERSLONGNOSE-0065,PLIERSLONGNOSE-0065,Pliers - Long Nose,30,Estimated based on standard long nose pliers
PLIERSLONGNOSE-0068,PLIERSLONGNOSE-0068,Pliers - Long Nose,30,Estimated based on standard long nose pliers
PLIERSLONGNOSE-0075,PLIERSLONGNOSE-0075,Pliers - Long Nose,30,Estimated based on standard long nose pliers
PLIERSLONGNOSE-0076,PLIERSLONGNOSE-0076,Pliers - Long Nose,30,Estimated based on standard long nose pliers
PLIERSLONGNOSE-0080,PLIERSLONGNOSE-0080,Pliers - Long Nose,30,Estimated based on standard long nose pliers
PLIERSLONGNOSE-0081,PLIERSLONGNOSE-0081,Pliers - Long Nose,30,Estimated based on standard long nose pliers
PLIERSMULTIGRIP-0085,PLIERSMULTIGRIP-0085,Pliers - Multi Grip,25,Kincrome via Total Tools
PLIERSMULTIGRIP-0086,PLIERSMULTIGRIP-0086,Pliers - Multi Grip,25,Kincrome via Total Tools
PLIERSMULTIGRIP-0089,PLIERSMULTIGRIP-0089,Pliers - Multi Grip,25,Kincrome via Total Tools
PLIERSMULTIGRIP-0090,PLIERSMULTIGRIP-0090,Pliers - Multi Grip,25,Kincrome via Total Tools
PLIERSMULTIGRIP-0091,PLIERSMULTIGRIP-0091,Pliers - Multi Grip,25,Kincrome via Total Tools
PLIERSMULTIGRIP-0092,PLIERSMULTIGRIP-0092,Pliers - Multi Grip,25,Kincrome via Total Tools
PLIERSMULTIGRIP-0093,PLIERSMULTIGRIP-0093,Pliers - Multi Grip,25,Kincrome via Total Tools
PLIERSMULTIGRIP-0094,PLIERSMULTIGRIP-0094,Pliers - Multi Grip,25,Kincrome via Total Tools
PLIERSIDECUT150-0004,PLIERSIDECUT150-0004,Pliers - Side Cutting 150 mm,45,Crescent via Total Tools
PUNCHPINSET-0009,PUNCHPINSET-0009,Punch - Pin Set,95,Sidchrome via Total Tools
PUNCHPINSET-0018,PUNCHPINSET-0018,Punch - Pin Set,95,Sidchrome via Total Tools
ALLENKEYMET12MM-0010,ALLENKEYMET12MM-0010,Allen Key Metric - 12 mm,12,Kincrome via Total Tools
COMBINATNSQUARE-0029,COMBINATNSQUARE-0029,Combination Square,25,Estimated based on typical trade quality
COMBINATNSQUARE-0030,COMBINATNSQUARE-0030,Combination Square,25,Estimated based on typical trade quality
COMBINATNSQUARE-0032,COMBINATNSQUARE-0032,Combination Square,25,Estimated based on typical trade quality
COMBINATNSQUARE-0034,COMBINATNSQUARE-0034,Combination Square,25,Estimated based on typical trade quality
CROWBARLWBARLGE-0042,CROWBARLWBARLGE-0042,Crowbar - Large,65,Cyclone via Bunnings
CROWBARLWBARLGE-0067,CROWBARLWBARLGE-0067,Crowbar - Large,65,Cyclone via Bunnings
CROWBARSOWBARSM-0037,CROWBARSOWBARSM-0037,Crowbar - Small,30,Estimated based on typical trade quality
CROWBARSOWBARSM-0041,CROWBARSOWBARSM-0041,Crowbar - Small,30,Estimated based on typical trade quality
CROWBARSOWBARSM-0042,CROWBARSOWBARSM-0042,Crowbar - Small,30,Estimated based on typical trade quality
CROWBARSOWBARSM-0049,CROWBARSOWBARSM-0049,Crowbar - Small,30,Estimated based on typical trade quality
FEELERGUET400MM-0014,FEELERGUET400MM-0014,Feeler Gauge 400 mm,55,Toledo via Total Tools
HMRDEADBLOWSMA-0029,HMRDEADBLOWSMA-0029,Hammer - Dead Blow - Small,45,Toledo via Total Tools
HMRDEADBLOWSMA-0030,HMRDEADBLOWSMA-0030,Hammer - Dead Blow - Small,45,Toledo via Total Tools
HMRDEADBLOWSMA-0033,HMRDEADBLOWSMA-0033,Hammer - Dead Blow - Small,45,Toledo via Total Tools
HMRSLEDGE8LB-0003N,HMRSLEDGE8LB-0005,Hammer - Sledge 8 lb,75,Estimated trade quality
HMRSLEDGE8LB-0514N,HMRSLEDGE8LB-0514,Hammer - Sledge 8 lb,75,Estimated trade quality
PLIERSCRIMPING-0002,PLIERSCRIMPING-0002,Pliers - Crimping,45,Estimated based on typical trade quality
PLIERSCRIMPING-0004,PLIERSCRIMPING-0004,Pliers - Crimping,45,Estimated based on typical trade quality
PLIERSCRIMPING-0006,PLIERSCRIMPING-0006,Pliers - Crimping,45,Estimated based on typical trade quality
PLIERSCRIMPING-0007,PLIERSCRIMPING-0007,Pliers - Crimping,45,Estimated based on typical trade quality
PLIERSIDECUT200-0036,PLIERSIDECUT200-0036,Pliers - Side Cutting 200 mm,45,Knipex via Total Tools
PLIERSIDECUT200-0039,PLIERSIDECUT200-0039,Pliers - Side Cutting 200 mm,45,Knipex via Total Tools
PLIERSIDECUT200-0043,PLIERSIDECUT200-0043,Pliers - Side Cutting 200 mm,45,Knipex via Total Tools
PLIERSIDECUT200-0044,PLIERSIDECUT200-0044,Pliers - Side Cutting 200 mm,45,Knipex via Total Tools
PLUMBBOBLUMBBOB-000407,PLUMBBOBLUMBBOB-000407,Plumb Bob,30.95,Kincrome via Total Tools
PLUMBBOBLUMBBOB-0011,PLUMBBOBLUMBBOB-0011,Plumb Bob,30.95,Kincrome via Total Tools
SCKT1/2D26-0006,SCKT1/2D26-0006,"1/2"" Drive Impact Socket - 26 mm",15.62,Daytona via Sydney Tools
SCKT1/2D26-0007,SCKT1/2D26-0007,"1/2"" Drive Impact Socket - 26 mm",15.62,Daytona via Sydney Tools
SCKT1/2D26-0008,SCKT1/2D26-0008,"1/2"" Drive Impact Socket - 26 mm",15.62,Daytona via Sydney Tools
SCKT1/2D26-0009,SCKT1/2D26-0009,"1/2"" Drive Impact Socket - 26 mm",15.62,Daytona via Sydney Tools
SCKT1/2D26-0010,SCKT1/2D26-0010,"1/2"" Drive Impact Socket - 26 mm",15.62,Daytona via Sydney Tools
SCKT1/2D26-0011,SCKT1/2D26-0011,"1/2"" Drive Impact Socket - 26 mm",15.62,Daytona via Sydney Tools
SCKT1/2D26-0012,SCKT1/2D26-0012,"1/2"" Drive Impact Socket - 26 mm",15.62,Daytona via Sydney Tools
SCKT1/2D26-0013,SCKT1/2D26-0013,"1/2"" Drive Impact Socket - 26 mm",15.62,Daytona via Sydney Tools
SKT/41-5/16D1-0020,SKT/41-5/16D1-0020,"3/4"" Drive Deep Impact Socket - 1 5/16""",45,Kincrome/Sutton/Irwin via Total Tools (Estimated)
SKT/41-5/16D1-0023,SKT/41-5/16D1-0023,"3/4"" Drive Deep Impact Socket - 1 5/16""",45,Kincrome/Sutton/Irwin via Total Tools (Estimated)
SKT/41-5/16D1-0024,SKT/41-5/16D1-0024,"3/4"" Drive Deep Impact Socket - 1 5/16""",45,Kincrome/Sutton/Irwin via Total Tools (Estimated)
SKT/41-5/16D1-0025,SKT/41-5/16D1-0025,"3/4"" Drive Deep Impact Socket - 1 5/16""",45,Kincrome/Sutton/Irwin via Total Tools (Estimated)
SKT/41-5/16D1-0026,SKT/41-5/16D1-0026,"3/4"" Drive Deep Impact Socket - 1 5/16""",45,Kincrome/Sutton/Irwin via Total Tools (Estimated)
SKT/41-5/16D1-0027,SKT/41-5/16D1-0027,"3/4"" Drive Deep Impact Socket - 1 5/16""",45,Kincrome/Sutton/Irwin via Total Tools (Estimated)
SKT/41-7/16D1-0045,SKT/41-7/16D1-0045,"3/4"" Drive Deep Impact Socket - 1 7/16""",45,Kincrome/Sutton/Irwin via Total Tools (Estimated)
SKT/41-7/16D1-0006N,SKT/41-7/16D1-0046,"3/4"" Drive Deep Impact Socket - 1 7/16""",45,Kincrome/Sutton/Irwin via Total Tools (Estimated)
SKT/41-7/16D1-0047,SKT/41-7/16D1-0047,"3/4"" Drive Deep Impact Socket - 1 7/16""",45,Kincrome/Sutton/Irwin via Total Tools (Estimated)
SKT/41-7/16D1-0048,SKT/41-7/16D1-0048,"3/4"" Drive Deep Impact Socket - 1 7/16""",45,Kincrome/Sutton/Irwin via Total Tools (Estimated)
SKT/41-7/16D1-0221N,SKT/41-7/16D1-0221,"3/4"" Drive Deep Impact Socket - 1 7/16""",45,Kincrome/Sutton/Irwin via Total Tools (Estimated)
SCKTIM3/4D46D-0038,SCKTIM3/4D46D-0038,"3/4"" Drive Deep Impact Socket - 46 mm",65,Kincrome via Total Tools
SCKTIM3/4D46D-0069,SCKTIM3/4D46D-0069,"3/4"" Drive Deep Impact Socket - 46 mm",65,Kincrome via Total Tools
SCKTIM3/4D46D-0070,SCKTIM3/4D46D-0070,"3/4"" Drive Deep Impact Socket - 46 mm",65,Kincrome via Total Tools
SKT/16IN3/4IND2-0007,SKT/16IN3/4IND2-0007,"3/4"" Drive Deep Impact Socket - 1 7/16""",55,Kincrome via Total Tools
SKT/16IN3/4IND2-0012,SKT/16IN3/4IND2-0012,"3/4"" Drive Deep Impact Socket - 1 7/16""",55,Kincrome via Total Tools
SKT/16IN3/4IND2-0013,SKT/16IN3/4IND2-0013,"3/4"" Drive Deep Impact Socket - 1 7/16""",55,Kincrome via Total Tools
SCKTRTCHBAR1/2D-0176,SCKTRTCHBAR1/2D-0176,"1/2"" Drive Socket Ratchet",86.39,Warren & Brown via WB Tools
SCKTRTCHBAR1/2D-0181,SCKTRTCHBAR1/2D-0181,"1/2"" Drive Socket Ratchet",86.39,Warren & Brown via WB Tools
SCKTRTCHBAR1/2D-0224,SCKTRTCHBAR1/2D-0224,"1/2"" Drive Socket Ratchet",86.39,Warren & Brown via WB Tools
SCKTRTCHBAR1/2D-0233,SCKTRTCHBAR1/2D-0233,"1/2"" Drive Socket Ratchet",86.39,Warren & Brown via WB Tools
SCKTRTCHBAR1/2D-0235,SCKTRTCHBAR1/2D-0235,"1/2"" Drive Socket Ratchet",86.39,Warren & Brown via WB Tools
SCKTRTCHBAR1/2D-0244,SCKTRTCHBAR1/2D-0244,"1/2"" Drive Socket Ratchet",86.39,Warren & Brown via WB Tools
SCKTRTCHBAR1/2D-0245,SCKTRTCHBAR1/2D-0245,"1/2"" Drive Socket Ratchet",86.39,Warren & Brown via WB Tools
SCKTRTCHBAR1/2D-0246,SCKTRTCHBAR1/2D-0246,"1/2"" Drive Socket Ratchet",86.39,Warren & Brown via WB Tools
SCREWDRIRSQUARE-0200N,SCREWDRIRSQUARE-0066,Screwdriver - Square,13.7,Bahco via Total Tools
SCREWDRIRSQUARE-0068,SCREWDRIRSQUARE-0068,Screwdriver - Square,13.7,Bahco via Total Tools
SCREWDRIRSQUARE-0070,SCREWDRIRSQUARE-0070,Screwdriver - Square,13.7,Bahco via Total Tools
SCREWDRIRSQUARE-0071,SCREWDRIRSQUARE-0071,Screwdriver - Square,13.7,Bahco via Total Tools
SCREWDRIRSQUARE-0073,SCREWDRIRSQUARE-0073,Screwdriver - Square,13.7,Bahco via Total Tools
SCREWDRIRSQUARE-0074,SCREWDRIRSQUARE-0074,Screwdriver - Square,13.7,Bahco via Total Tools
SCREWDRIRSQUARE-0075,SCREWDRIRSQUARE-0075,Screwdriver - Square,13.7,Bahco via Total Tools
SCREWDRIRSQUARE-0077,SCREWDRIRSQUARE-0077,Screwdriver - Square,13.7,Bahco via Total Tools
SCREWDRIRSQUARE-0079,SCREWDRIRSQUARE-0079,Screwdriver - Square,13.7,Bahco via Total Tools
SCREWDRIRSQUARE-0080,SCREWDRIRSQUARE-0080,Screwdriver - Square,13.7,Bahco via Total Tools
SCREWDRIRSQUARE-0083,SCREWDRIRSQUARE-0083,Screwdriver - Square,13.7,Bahco via Total Tools
SCREWDRIRSQUARE-0085,SCREWDRIRSQUARE-0085,Screwdriver - Square,13.7,Bahco via Total Tools
SCREWDRIRSQUARE-0086,SCREWDRIRSQUARE-0086,Screwdriver - Square,13.7,Bahco via Total Tools
SCREWDRIRSQUARE-0087,SCREWDRIRSQUARE-0087,Screwdriver - Square,13.7,Bahco via Total Tools
SCREWDRIRSQUARE-0090,SCREWDRIRSQUARE-0090,Screwdriver - Square,13.7,Bahco via Total Tools
SCREWDRIRSQUARE-0092,SCREWDRIRSQUARE-0092,Screwdriver - Square,13.7,Bahco via Total Tools
SCREWDRIRSQUARE-0093,SCREWDRIRSQUARE-0093,Screwdriver - Square,13.7,Bahco via Total Tools
SCREWDRIRSQUARE-0094,SCREWDRIRSQUARE-0094,Screwdriver - Square,13.7,Bahco via Total Tools
SCREWDRIRSQUARE-0095,SCREWDRIRSQUARE-0095,Screwdriver - Square,13.7,Bahco via Total Tools
SCREWDRIRSQUARE-0096,SCREWDRIRSQUARE-0096,Screwdriver - Square,13.7,Bahco via Total Tools
MIRRORINPECTION-0010,MIRRORINPECTION-0010,Mirror - Inspection,15,Toledo via Total Tools
MIRRORINPECTION-0013,MIRRORINPECTION-0013,Mirror - Inspection,15,Toledo via Total Tools
MIRRORINPECTION-0014,MIRRORINPECTION-0014,Mirror - Inspection,15,Toledo via Total Tools
MIRRORINPECTION-0015,MIRRORINPECTION-0015,Mirror - Inspection,15,Toledo via Total Tools
MIRRORINPECTION-0007N,MIRRORINPECTION-0018,Mirror - Inspection,15,Toledo via Total Tools
MIRRORINPECTION-0019N,MIRRORINPECTION-0019,Mirror - Inspection,15,Toledo via Total Tools
MIRRORINPECTION-0020,MIRRORINPECTION-0020,Mirror - Inspection,15,Toledo via Total Tools
PINCHBAR-0008,PINCHBAR-0008,Pinch Bar,35,Estimated based on typical trade quality
T92600/009,PINCHBAR-0009,Pinch Bar,35,Estimated based on typical trade quality
PINCHBAR-0011,PINCHBAR-0011,Pinch Bar,35,Estimated based on typical trade quality
PINCHBAR-0012,PINCHBAR-0012,Pinch Bar,35,Estimated based on typical trade quality
PLIERCIRCLIPEXT-0077,PLIERCIRCLIPEXT-0077,Pliers - Circlip - External,25,Estimated based on typical trade quality
PLIERCIRCLIPEXT-0080,PLIERCIRCLIPEXT-0080,Pliers - Circlip - External,25,Estimated based on typical trade quality
PLIERCIRCLIPEXT-0081,PLIERCIRCLIPEXT-0081,Pliers - Circlip - External,25,Estimated based on typical trade quality
PLIERCIRCLIPEXT-0082,PLIERCIRCLIPEXT-0082,Pliers - Circlip - External,25,Estimated based on typical trade quality
PLIERCIRCLIPINT-0012,PLIERCIRCLIPINT-0012,Pliers - Circlip internal,25,Estimated based on typical trade quality
PLIERCIRCLIPINT-0087,PLIERCIRCLIPINT-0087,Pliers - Circlip internal,25,Estimated based on typical trade quality
PLIERCIRCLIPINT-0088,PLIERCIRCLIPINT-0088,Pliers - Circlip internal,25,Estimated based on typical trade quality
PLIERCIRCLIPINT-0089,PLIERCIRCLIPINT-0089,Pliers - Circlip internal,25,Estimated based on typical trade quality
PLIERCIRCLIPINT-0090,PLIERCIRCLIPINT-0090,Pliers - Circlip internal,25,Estimated based on typical trade quality
PLIERLKWITST230-0600N,PLIERLKWITST230-0600,Pliers - Lockwire Twisting - 230 mm,65,Estimated based on typical trade quality
PLIERLKWITST230-0603N,PLIERLKWITST230-0603,Pliers - Lockwire Twisting - 230 mm,65,Estimated based on typical trade quality
PLIERLKWITST230-0604N,PLIERLKWITST230-0604,Pliers - Lockwire Twisting - 230 mm,65,Estimated based on typical trade quality
PLIERLKWITST230-0607N,PLIERLKWITST230-0607,Pliers - Lockwire Twisting - 230 mm,65,Estimated based on typical trade quality
PLIERWIRESTRIPP-0001,PLIERWIRESTRIPP-0001,Pliers - Wire Strippers,35,Kincrome via Total Tools
PLIERWIRESTRIPP-0003,PLIERWIRESTRIPP-0003,Pliers - Wire Strippers,35,Kincrome via Total Tools
PLIERWIRESTRIPP-0004,PLIERWIRESTRIPP-0004,Pliers - Wire Strippers,35,Kincrome via Total Tools
QUICKCLP300MM-0050,QUICKCLP300MM-0050,Quick Clamp - 300 mm,35,Irwin via Bunnings
QUICKCLP300MM-0060,QUICKCLP300MM-0060,Quick Clamp - 300 mm,35,Irwin via Bunnings
QUICKCLP300MM-0063,QUICKCLP300MM-0063,Quick Clamp - 300 mm,35,Irwin via Bunnings
SCKTIM3/4D1-116-0022,SCKTIM3/4D1-116-0022,"3/4"" Drive Impact Socket - 1 1/16""",25,Kincrome via Total Tools
SCKTIM3/4D1-116-0032,SCKTIM3/4D1-116-0032,"3/4"" Drive Impact Socket - 1 1/16""",25,Kincrome via Total Tools
SCKTIM3/4D1-116-0033,SCKTIM3/4D1-116-0033,"3/4"" Drive Impact Socket - 1 1/16""",25,Kincrome via Total Tools
SCKTIM3/4D1-116-0432E,SCKTIM3/4D1-116-0432,"3/4"" Drive Impact Socket - 1 1/16""",25,Kincrome via Total Tools
GCLP300MM-0038,GCLP300MM-0038,G Clamp - 300 mm,85,Dawn via Total Tools
GCLP300MM-0045,GCLP300MM-0045,G Clamp - 300 mm,85,Dawn via Total Tools
GCLP300MM-0046,GCLP300MM-0046,G Clamp - 300 mm,85,Dawn via Total Tools
GCLP50MM-0002,GCLP50mm-0002,G Clamp - 50 mm,25,Dawn via Total Tools
HMRCHIPPSOLSTEE-0071,HMRCHIPPSOLSTEE-0071,Chipping Hammer,45,Estimated based on standard chipping hammer
HMRCHIPPSOLSTEE-0072,HMRCHIPPSOLSTEE-0072,Chipping Hammer,45,Estimated based on standard chipping hammer
HMRCHIPPSOLSTEE-0073,HMRCHIPPSOLSTEE-0073,Chipping Hammer,45,Estimated based on standard chipping hammer
HMRCHIPPSOLSTEE-0075,HMRCHIPPSOLSTEE-0075,Chipping Hammer,45,Estimated based on standard chipping hammer
HMRCHIPPSOLSTEE-0076,HMRCHIPPSOLSTEE-0076,Chipping Hammer,45,Estimated based on standard chipping hammer
HMRCHIPPSOLSTEE-0078,HMRCHIPPSOLSTEE-0078,Chipping Hammer,45,Estimated based on standard chipping hammer
HMRCHIPPSOLSTEE-0081,HMRCHIPPSOLSTEE-0081,Chipping Hammer,45,Estimated based on standard chipping hammer
HMRCHIPPSOLSTEE-0082,HMRCHIPPSOLSTEE-0082,Chipping Hammer,45,Estimated based on standard chipping hammer
HMRCHIPPSOLSTEE-0083,HMRCHIPPSOLSTEE-0083,Chipping Hammer,45,Estimated based on standard chipping hammer
HMRCHIPPSOLSTEE-0085,HMRCHIPPSOLSTEE-0085,Chipping Hammer,45,Estimated based on standard chipping hammer
HAMMERCLLAW20OZ-0039,HAMMERCLLAW20OZ-0039,Hammer - Claw,40,Estwing via Total Tools
HAMMERCLLAW20OZ-0040,HAMMERCLLAW20OZ-0040,Hammer - Claw,40,Estwing via Total Tools
HAMMERCLLAW20OZ-0041,HAMMERCLLAW20OZ-0041,Hammer - Claw,40,Estwing via Total Tools
HMRRUBBER-0002,HMRRUBBER-0002,Hammer - Rubber,25,Estimated trade quality
HMRRUBBER-0021,HMRRUBBER-0021,Hammer - Rubber,25,Estimated trade quality
SAFETYLANYARD2M-0051,SAFETYLANYARD2M-0051,Safety Lanyard - 2 m,109,https://rissafety.com.au/product/single-lanyard-2m-with-snap-hooks/
SAFETYLANYARD2M-0049,SAFETYLANYARD2M-0049,Safety Lanyard - 2 m,109,https://rissafety.com.au/product/single-lanyard-2m-with-snap-hooks/
SCREWDRIHILLIPS-0048,SCREWDRIHILLIPS-0048,Screwdriver - Insulated - Phillips,18,Bahco via Sydney Tools
SCREWDRIHILLIPS-0062,SCREWDRIHILLIPS-0062,Screwdriver - Insulated - Phillips,18,Bahco via Sydney Tools
SCREWDRIIPSHEAD-0002N,SCREWDRIIPSHEAD-0199,Screwdriver - Phillips Head,12.5,Estimated based on Bahco square screwdriver
SCREWDRIIPSHEAD-0200,SCREWDRIIPSHEAD-0200,Screwdriver - Phillips Head,12.5,Estimated based on Bahco square screwdriver
SCREWDRIIPSHEAD-0201,SCREWDRIIPSHEAD-0201,Screwdriver - Phillips Head,12.5,Estimated based on Bahco square screwdriver
SCREWDRIIPSHEAD-0202,SCREWDRIIPSHEAD-0202,Screwdriver - Phillips Head,12.5,Estimated based on Bahco square screwdriver
SCREWDRIIPSHEAD-0204,SCREWDRIIPSHEAD-0204,Screwdriver - Phillips Head,12.5,Estimated based on Bahco square screwdriver
SCREWDRIIPSHEAD-0205,SCREWDRIIPSHEAD-0205,Screwdriver - Phillips Head,12.5,Estimated based on Bahco square screwdriver
SCREWDRIIPSHEAD-0210,SCREWDRIIPSHEAD-0210,Screwdriver - Phillips Head,12.5,Estimated based on Bahco square screwdriver
SCREWDRIIPSHEAD-0211,SCREWDRIIPSHEAD-0211,Screwdriver - Phillips Head,12.5,Estimated based on Bahco square screwdriver
SCREWDRIIPSHEAD-0212,SCREWDRIIPSHEAD-0212,Screwdriver - Phillips Head,12.5,Estimated based on Bahco square screwdriver
SCREWDRIIPSHEAD-0213,SCREWDRIIPSHEAD-0213,Screwdriver - Phillips Head,12.5,Estimated based on Bahco square screwdriver
SCREWDRIIPSHEAD-0214,SCREWDRIIPSHEAD-0214,Screwdriver - Phillips Head,12.5,Estimated based on Bahco square screwdriver
SCREWDRIIPSHEAD-0215,SCREWDRIIPSHEAD-0215,Screwdriver - Phillips Head,12.5,Estimated based on Bahco square screwdriver
SCREWDRIIPSHEAD-0216,SCREWDRIIPSHEAD-0216,Screwdriver - Phillips Head,12.5,Estimated based on Bahco square screwdriver
SCREWDRIIPSHEAD-0217,SCREWDRIIPSHEAD-0217,Screwdriver - Phillips Head,12.5,Estimated based on Bahco square screwdriver
SCREWDRIIPSHEAD-0218,SCREWDRIIPSHEAD-0218,Screwdriver - Phillips Head,12.5,Estimated based on Bahco square screwdriver
COLDCHISEL-0048,COLDCHISEL-0048,Cold Chisel,25,Kincrome/Sutton/Irwin via Total Tools (Estimated)
COLDCHISEL-0052,COLDCHISEL-0052,Cold Chisel,25,Kincrome/Sutton/Irwin via Total Tools (Estimated)
COLDCHISEL-0056,COLDCHISEL-0056,Cold Chisel,25,Kincrome/Sutton/Irwin via Total Tools (Estimated)
COLDCHISEL-0057,COLDCHISEL-0057,Cold Chisel,25,Kincrome/Sutton/Irwin via Total Tools (Estimated)
COLDCHISEL-0058,COLDCHISEL-0058,Cold Chisel,25,Kincrome/Sutton/Irwin via Total Tools (Estimated)
COLDCHISEL-0079,COLDCHISEL-0079,Cold Chisel,25,Kincrome/Sutton/Irwin via Total Tools (Estimated)
COLDCHISISELSET-0030,COLDCHISISELSET-0030,Cold Chisel Set,65,Kincrome via Total Tools
DRIBMAK16/153MM-0066,DRIBMAK16/153MM-0066,Drift Pin - Barrel - 16 mm,20,Mumm via Total Tools
DRIBMAK16/153MM-0067,DRIBMAK16/153MM-0067,Drift Pin - Barrel - 16 mm,20,Mumm via Total Tools
DRIBMAK16/153MM-0070,DRIBMAK16/153MM-0070,Drift Pin - Barrel - 16 mm,20,Mumm via Total Tools
DRIBMAK16/153MM-0071,DRIBMAK16/153MM-0071,Drift Pin - Barrel - 16 mm,20,Mumm via Total Tools
DRIBMAK16/153MM-0072,DRIBMAK16/153MM-0072,Drift Pin - Barrel - 16 mm,20,Mumm via Total Tools
DRIBMAK16/153MM-0073,DRIBMAK16/153MM-0073,Drift Pin - Barrel - 16 mm,20,Mumm via Total Tools
DRIFTPINBAR1-0035,DRIFTPINBAR1-0035,Drift Pin - Barrel - 1 in,35,Mumm via Total Tools
DRIFTPINBAR1-0036,DRIFTPINBAR1-0036,Drift Pin - Barrel - 1 in,35,Mumm via Total Tools
DRIFTPINBAR1-0037,DRIFTPINBAR1-0037,Drift Pin - Barrel - 1 in,35,Mumm via Total Tools
DRIFTPINBAR22MM-0039,DRIFTPINBAR22MM-0039,Drift Pin - Barrel - 22 mm,40,Estimated based on standard drift pins
DRIFTPINBAR22MM-0040,DRIFTPINBAR22MM-0040,Drift Pin - Barrel - 22 mm,40,Estimated based on standard drift pins
DRIFTPINBAR22MM-0041,DRIFTPINBAR22MM-0041,Drift Pin - Barrel - 22 mm,40,Estimated based on standard drift pins
DRIFTPINBAR22MM-0042,DRIFTPINBAR22MM-0042,Drift Pin - Barrel - 22 mm,40,Estimated based on standard drift pins
DRIFTPINBAR22MM-0043,DRIFTPINBAR22MM-0043,Drift Pin - Barrel - 22 mm,40,Estimated based on standard drift pins
DRIFTPINBAR22MM-0044,DRIFTPINBAR22MM-0044,Drift Pin - Barrel - 22 mm,40,Estimated based on standard drift pins
DRIFTPINBAR22MM-0045,DRIFTPINBAR22MM-0045,Drift Pin - Barrel - 22 mm,40,Estimated based on standard drift pins
DRIFTPINBAR22MM-0046,DRIFTPINBAR22MM-0046,Drift Pin - Barrel - 22 mm,40,Estimated based on standard drift pins
DRIFTPINBAR22MM-0047,DRIFTPINBAR22MM-0047,Drift Pin - Barrel - 22 mm,40,Estimated based on standard drift pins
DRILLBITSETHP-0016,DRILLBITSETHP-0016,Drill Bit Set - High Speed,85,Sutton via Total Tools
DRILLBITSETHP-0034,DRILLBITSETHP-0034,Drill Bit Set - High Speed,85,Sutton via Total Tools
DRILLBITSETHP-0047,DRILLBITSETHP-0047,Drill Bit Set - High Speed,85,Sutton via Total Tools
DNUTSETUNC-0004N,DNUTSETUNC-0002,Die Nut Set - Unc,475,Sutton via Total Tools
DIVIDER100MM-0002,Divider100mm-0002,Divider - 100 mm,42.8,Toledo via Total Tools
DRIFTPINBAR19MM-0029,DRIFTPINBAR19MM-0029,Drift Pin - Barrel - 19 mm,25,Mumm via Total Tools
DRIFTPINBAR19MM-0030,DRIFTPINBAR19MM-0030,Drift Pin - Barrel - 19 mm,25,Mumm via Total Tools
DRIFTPINBAR19MM-0031,DRIFTPINBAR19MM-0031,Drift Pin - Barrel - 19 mm,25,Mumm via Total Tools
DRIFTPINBAR19MM-0032,DRIFTPINBAR19MM-0032,Drift Pin - Barrel - 19 mm,25,Mumm via Total Tools
DRIFTPINBAR19MM-0033,DRIFTPINBAR19MM-0033,Drift Pin - Barrel - 19 mm,25,Mumm via Total Tools
DRIFTPINBAR19MM-0034,DRIFTPINBAR19MM-0034,Drift Pin - Barrel - 19 mm,25,Mumm via Total Tools
DRIFTPINBAR19MM-0035,DRIFTPINBAR19MM-0035,Drift Pin - Barrel - 19 mm,25,Mumm via Total Tools
DRILLSETTCOBALT-0003N,DRILLSETTCOBALT-0003,Drill Set - Cobalt,150,Sutton via Total Tools
GCLP150MM-0015,GCLP150MM-0015,G Clamp - 150 mm,45,Dawn via Total Tools
GCLP150MM-0020,GCLP150MM-0020,G Clamp - 150 mm,45,Dawn via Total Tools
GCLP150MM-0022,GCLP150MM-0022,G Clamp - 150 mm,45,Dawn via Total Tools
HACKSAW300MM-0031,HACKSAW300MM-0031,Hacksaw - Hand 300 mm,25,Bahco via Bunnings
HACKSAW300MM-0032,HACKSAW300MM-0032,Hacksaw - Hand 300 mm,25,Bahco via Bunnings
HACKSAW300MM-0033,HACKSAW300MM-0033,Hacksaw - Hand 300 mm,25,Bahco via Bunnings
HACKSAW300MM-0034,HACKSAW300MM-0034,Hacksaw - Hand 300 mm,25,Bahco via Bunnings
HACKSAW300MM-0038,HACKSAW300MM-0038,Hacksaw - Hand 300 mm,25,Bahco via Bunnings
T92480/039,HACKSAW300MM-0039,Hacksaw - Hand 300 mm,25,Bahco via Bunnings
HMRBALLPEIN16OZ-0021,HMRBALLPEIN16OZ-0021,Hammer - Ball Pein - 16 oz,35,Kincrome via Total Tools
HMRBALLPEIN16OZ-0022,HMRBALLPEIN16OZ-0022,Hammer - Ball Pein - 16 oz,35,Kincrome via Total Tools
HAMMERBRASSML-0062,HAMMERBRASSML-0062,Hammer - Brass - Small,65,Thor via Total Tools
HAMCOPHEADLARGE-0001N,HAMCOPHEADLARGE-0004,Hammer - Copper Head - Large,120,Thor via Total Tools
HAMCOPHEADSMALL-0043,HAMCOPHEADSMALL-0043,Hammer - Copper Head - Small,80,Thor via Total Tools
CENTREPUUNCHSET-0017,CENTREPUUNCHSET-0017,Centre Punch Set,45,Toledo via Total Tools
CENTREPUUNCHSET-0021,CENTREPUUNCHSET-0021,Centre Punch Set,45,Toledo via Total Tools
CENTREPUUNCHSET-0035,CENTREPUUNCHSET-0035,Centre Punch Set,45,Toledo via Total Tools
COMBINATSETRULE-0023N,COMBINATSETRULE-0023,Combination Set With Rule,35,Kincrome/Toledo via Total Tools
COMBINATSETRULE-0416N,COMBINATSETRULE-0416,Combination Set With Rule,35,Kincrome/Toledo via Total Tools
SCEWDRIVE1KV100-0002,SCEWDRIVE1KV100-0002,Screwdriver - 1000 V - 100 mm,15,Bahco via Sydney Tools
SCEWDRIVE1KV100-0005,SCEWDRIVE1KV100-0005,Screwdriver - 1000 V - 100 mm,15,Bahco via Sydney Tools
SCREWDRISULFLAT-0055,SCREWDRISULFLAT-0055,Screwdriver - Insulated - Flat,12,Estimated based on typical trade quality
SCREWDRISULFLAT-0058,SCREWDRISULFLAT-0058,Screwdriver - Insulated - Flat,12,Estimated based on typical trade quality
SCREWDRISULFLAT-0059,SCREWDRISULFLAT-0059,Screwdriver - Insulated - Flat,12,Estimated based on typical trade quality
SCREWDRISULFLAT-0060,SCREWDRISULFLAT-0060,Screwdriver - Insulated - Flat,12,Estimated based on typical trade quality
SCKT1/2D17-0069,SCKT1/2D17-0069,"1/2"" Drive Impact Socket - 17 mm",7.5,Estimated based on 21mm size
SCKT1/2D17-0076,SCKT1/2D17-0076,"1/2"" Drive Impact Socket - 17 mm",7.5,Estimated based on 21mm size
SCKT1/2D17-0078,SCKT1/2D17-0078,"1/2"" Drive Impact Socket - 17 mm",7.5,Estimated based on 21mm size
SCKT1/2D17-0080,SCKT1/2D17-0080,"1/2"" Drive Impact Socket - 17 mm",7.5,Estimated based on 21mm size
SCKT3/4D38-0012,SCKT3/4D38-0012,"3/4"" Drive Impact Socket - 38 mm",65,Daytona/Kincrome via Sydney Tools
SCKT3/4D38-0034,SCKT3/4D38-0034,"3/4"" Drive Impact Socket - 38 mm",65,Daytona/Kincrome via Sydney Tools
SKT1/2-11/161-0011,SKT1/2-11/161-0011,"1/2"" Drive Impact Socket - 11/16""",13,Kincrome via Total Tools
SKT1/2-11/161-0012,SKT1/2-11/161-0012,"1/2"" Drive Impact Socket - 11/16""",13,Kincrome via Total Tools
SKT1/2-11/161-0014,SKT1/2-11/161-0014,"1/2"" Drive Impact Socket - 11/16""",13,Kincrome via Total Tools
SKT1/2-11/161-0015,SKT1/2-11/161-0015,"1/2"" Drive Impact Socket - 11/16""",13,Kincrome via Total Tools
SKT/2-1-7/161-0022,SKT/2-1-7/161-0022,"1/2"" Drive Impact Socket - 1 7/16""",30,Kincrome via Total Tools
SKT/2-1-7/161-0023,SKT/2-1-7/161-0023,"1/2"" Drive Impact Socket - 1 7/16""",30,Kincrome via Total Tools
SKT/2-1-7/161-0024,SKT/2-1-7/161-0024,"1/2"" Drive Impact Socket - 1 7/16""",30,Kincrome via Total Tools
SKT/2-1-7/161-0025,SKT/2-1-7/161-0025,"1/2"" Drive Impact Socket - 1 7/16""",30,Kincrome via Total Tools
SCKTIMEXT12D150-0008,SCKTIMEXT12D150-0008,"1/2"" Drive Socket Extension - 150 mm",25,Kincrome via Total Tools
SCKTIMEXT12D150-0010,SCKTIMEXT12D150-0010,"1/2"" Drive Socket Extension - 150 mm",25,Kincrome via Total Tools
SCKTIMEXT12D150-0021,SCKTIMEXT12D150-0021,"1/2"" Drive Socket Extension - 150 mm",25,Kincrome via Total Tools
SCKTIMEXT12D150-0022,SCKTIMEXT12D150-0022,"1/2"" Drive Socket Extension - 150 mm",25,Kincrome via Total Tools
AIRNOZZLLESMALL-0006,AIRNOZZLLESMALL-0006,Air Nozzle - Small,137,https://www.primesupplies.com.au/product/m7-super-air-blow-gun-venturi-nozzle-with-3x-airflow-str-nozzle-1016mm/
AIRNOZZLLESMALL-0008,AIRNOZZLLESMALL-0008,Air Nozzle - Small,137,https://www.primesupplies.com.au/product/m7-super-air-blow-gun-venturi-nozzle-with-3x-airflow-str-nozzle-1016mm/
ALLENKEYMET14MM-0012,ALLENKEYMET14MM-0012,Allen Key Metric - 14 mm,15,Kincrome via Total Tools
ALLENKEYMET14MM-0013,ALLENKEYMET14MM-0013,Allen Key Metric - 14 mm,15,Kincrome via Total Tools
ALLENKEYMET17MM-0014,ALLENKEYMET17MM-0014,Allen Key Metric - 17 mm,22,Kincrome via Total Tools
ALLENKEYMET17MM-0015,ALLENKEYMET17MM-0015,Allen Key Metric - 17 mm,22,Kincrome via Total Tools
ALLENKEYMET19MM-0011,ALLENKEYMET19MM-0011,Allen Key Metric - 19 mm,25,Kincrome via Total Tools
ALLENKEYSTIMP-0054,ALLENKEYSTIMP-0054,Allen Key Set - Imperial,35,Estimated trade quality
ALLENKEYSTIMP-0055,ALLENKEYSTIMP-0055,Allen Key Set - Imperial,35,Estimated trade quality
PLIERCOMB200-0022,PLIERCOMB200-0022,Pliers - Combination 200 mm,35,Estimated based on standard combination pliers
PLIERCOMB200-0023,PLIERCOMB200-0023,Pliers - Combination 200 mm,35,Estimated based on standard combination pliers
PLIERCOMB200-0024,PLIERCOMB200-0024,Pliers - Combination 200 mm,35,Estimated based on standard combination pliers
PLIERCOMB200-0035,PLIERCOMB200-0035,Pliers - Combination 200 mm,35,Estimated based on standard combination pliers
PLIERCOMB200-0036,PLIERCOMB200-0036,Pliers - Combination 200 mm,35,Estimated based on standard combination pliers
PLIERCOMB200-0037,PLIERCOMB200-0037,Pliers - Combination 200 mm,35,Estimated based on standard combination pliers
PLIERCOMB200-0690,PLIERCOMB200-0690,Pliers - Combination 200 mm,35,Estimated based on standard combination pliers
PLIERCOMB200-0693N,PLIERCOMB200-0693,Pliers - Combination 200 mm,35,Estimated based on standard combination pliers
SAFETYANORSTRAP-0052,SAFETYANORSTRAP-0052,Safety Anchor Strap,57.7,https://www.schnap.com.au/safety-anchor-strap-22kn-1m-2m-high-strength-webbing-volt-safety-strap-l-hsasil10.html
SAFETYANORSTRAP-0045,SAFETYANORSTRAP-0045,Safety Anchor Strap,57.7,https://www.schnap.com.au/safety-anchor-strap-22kn-1m-2m-high-strength-webbing-volt-safety-strap-l-hsasil10.html
SAFETYANORSTRAP-0028,SAFETYANORSTRAP-0028,Safety Anchor Strap,57.7,https://www.schnap.com.au/safety-anchor-strap-22kn-1m-2m-high-strength-webbing-volt-safety-strap-l-hsasil10.html
SAFETYANORSTRAP-0048,SAFETYANORSTRAP-0048,Safety Anchor Strap,57.7,https://www.schnap.com.au/safety-anchor-strap-22kn-1m-2m-high-strength-webbing-volt-safety-strap-l-hsasil10.html
SAFETYANORSTRAP-0065,SAFETYANORSTRAP-0065,Safety Anchor Strap,57.7,https://www.schnap.com.au/safety-anchor-strap-22kn-1m-2m-high-strength-webbing-volt-safety-strap-l-hsasil10.html
SAFETYANORSTRAP-0035,SAFETYANORSTRAP-0035,Safety Anchor Strap,57.7,https://www.schnap.com.au/safety-anchor-strap-22kn-1m-2m-high-strength-webbing-volt-safety-strap-l-hsasil10.html
SAFETYANORSTRAP-0033,SAFETYANORSTRAP-0033,Safety Anchor Strap,57.7,https://www.schnap.com.au/safety-anchor-strap-22kn-1m-2m-high-strength-webbing-volt-safety-strap-l-hsasil10.html
SAFETYANORSTRAP-0055,SAFETYANORSTRAP-0055,Safety Anchor Strap,57.7,https://www.schnap.com.au/safety-anchor-strap-22kn-1m-2m-high-strength-webbing-volt-safety-strap-l-hsasil10.html
SAFETYANORSTRAP-0047,SAFETYANORSTRAP-0047,Safety Anchor Strap,57.7,https://www.schnap.com.au/safety-anchor-strap-22kn-1m-2m-high-strength-webbing-volt-safety-strap-l-hsasil10.html
SAFETYANORSTRAP-0018,SAFETYANORSTRAP-0018,Safety Anchor Strap,57.7,https://www.schnap.com.au/safety-anchor-strap-22kn-1m-2m-high-strength-webbing-volt-safety-strap-l-hsasil10.html
SAFETYANORSTRAP-0016,SAFETYANORSTRAP-0016,Safety Anchor Strap,57.7,https://www.schnap.com.au/safety-anchor-strap-22kn-1m-2m-high-strength-webbing-volt-safety-strap-l-hsasil10.html
SAFETYANORSTRAP-0020,SAFETYANORSTRAP-0020,Safety Anchor Strap,57.7,https://www.schnap.com.au/safety-anchor-strap-22kn-1m-2m-high-strength-webbing-volt-safety-strap-l-hsasil10.html
SAFETYANORSTRAP-0019,SAFETYANORSTRAP-0019,Safety Anchor Strap,57.7,https://www.schnap.com.au/safety-anchor-strap-22kn-1m-2m-high-strength-webbing-volt-safety-strap-l-hsasil10.html
SAFETYANORSTRAP-0014,SAFETYANORSTRAP-0014,Safety Anchor Strap,57.7,https://www.schnap.com.au/safety-anchor-strap-22kn-1m-2m-high-strength-webbing-volt-safety-strap-l-hsasil10.html
SAFETYANORSTRAP-0017,SAFETYANORSTRAP-0017,Safety Anchor Strap,57.7,https://www.schnap.com.au/safety-anchor-strap-22kn-1m-2m-high-strength-webbing-volt-safety-strap-l-hsasil10.html
SAFETYANORSTRAP-0041,SAFETYANORSTRAP-0041,Safety Anchor Strap,57.7,https://www.schnap.com.au/safety-anchor-strap-22kn-1m-2m-high-strength-webbing-volt-safety-strap-l-hsasil10.html
SAFETYANORSTRAP-0051,SAFETYANORSTRAP-0051,Safety Anchor Strap,57.7,https://www.schnap.com.au/safety-anchor-strap-22kn-1m-2m-high-strength-webbing-volt-safety-strap-l-hsasil10.html
SAFETYANORSTRAP-0038,SAFETYANORSTRAP-0038,Safety Anchor Strap,57.7,https://www.schnap.com.au/safety-anchor-strap-22kn-1m-2m-high-strength-webbing-volt-safety-strap-l-hsasil10.html
SAFETYANORSTRAP-0031,SAFETYANORSTRAP-0031,Safety Anchor Strap,57.7,https://www.schnap.com.au/safety-anchor-strap-22kn-1m-2m-high-strength-webbing-volt-safety-strap-l-hsasil10.html
SAFETYANORSTRAP-0066,SAFETYANORSTRAP-0066,Safety Anchor Strap,57.7,https://www.schnap.com.au/safety-anchor-strap-22kn-1m-2m-high-strength-webbing-volt-safety-strap-l-hsasil10.html
SAFETYANORSTRAP-0057,SAFETYANORSTRAP-0057,Safety Anchor Strap,57.7,https://www.schnap.com.au/safety-anchor-strap-22kn-1m-2m-high-strength-webbing-volt-safety-strap-l-hsasil10.html
SAFETYANORSTRAP-0030,SAFETYANORSTRAP-0030,Safety Anchor Strap,57.7,https://www.schnap.com.au/safety-anchor-strap-22kn-1m-2m-high-strength-webbing-volt-safety-strap-l-hsasil10.html
SAFETYANORSTRAP-0050,SAFETYANORSTRAP-0050,Safety Anchor Strap,57.7,https://www.schnap.com.au/safety-anchor-strap-22kn-1m-2m-high-strength-webbing-volt-safety-strap-l-hsasil10.html
SKT/41-3/16D1-0016,SKT/41-3/16D1-0016,"3/4"" Drive Deep Impact Socket - 1 3/16""",45,Kincrome via Total Tools
SKT/41-3/16D1-0220N,SKT/41-3/16D1-0220,"3/4"" Drive Deep Impact Socket - 1 3/16""",45,Kincrome via Total Tools
SKT/41-3/16D1-0418N,SKT/41-3/16D1-0418,"3/4"" Drive Deep Impact Socket - 1 3/16""",45,Kincrome via Total Tools
SKT/4-1-1/161-0016,SKT/4-1-1/161-0016,"3/4"" Drive Deep Impact Socket - 1 1/16""",35,Kincrome via Total Tools
SKT/4-1-1/161-0017,SKT/4-1-1/161-0017,"3/4"" Drive Deep Impact Socket - 1 1/16""",35,Kincrome via Total Tools
SKT/4-1-1/161-0018,SKT/4-1-1/161-0018,"3/4"" Drive Deep Impact Socket - 1 1/16""",35,Kincrome via Total Tools
SKT/4-1-1/161-0019,SKT/4-1-1/161-0019,"3/4"" Drive Deep Impact Socket - 1 1/16""",35,Kincrome via Total Tools
SCKTRTCHBAR3/4D-0038,SCKTRTCHBAR3/4D-0038,"3/4"" Drive Socket Ratchet",150,Kincrome via Total Tools
SCKTRTCHBAR3/4D-0039,SCKTRTCHBAR3/4D-0039,"3/4"" Drive Socket Ratchet",150,Kincrome via Total Tools
SCKTRTCHBAR3/4D-0040,SCKTRTCHBAR3/4D-0040,"3/4"" Drive Socket Ratchet",150,Kincrome via Total Tools
FEELERGUET100MM-0001,FEELERGUET100MM-0001,Feeler Gauge - Metric - 100 mm,15,Estimated based on standard feeler gauges
FEELERGUET100MM-0003,FEELERGUET100MM-0003,Feeler Gauge - Metric - 100 mm,15,Estimated based on standard feeler gauges
FEELERGUET100MM-0012,FEELERGUET100MM-0012,Feeler Gauge - Metric - 100 mm,15,Estimated based on standard feeler gauges
FEELERGUET100MM-0024,FEELERGUET100MM-0024,Feeler Gauge - Metric - 100 mm,15,Estimated based on standard feeler gauges
FEELERGUET100MM-0040,FEELERGUET100MM-0040,Feeler Gauge - Metric - 100 mm,15,Estimated based on standard feeler gauges
FEELERGUET100MM-0045,FEELERGUET100MM-0045,Feeler Gauge - Metric - 100 mm,15,Estimated based on standard feeler gauges
FEELERGUET100MM-0408,FEELERGUET100MM-0408,Feeler Gauge - Metric - 100 mm,15,Estimated based on standard feeler gauges
FEELERGUET100MM-0432,FEELERGUET100MM-0432,Feeler Gauge - Metric - 100 mm,15,Estimated based on standard feeler gauges
GCLP100MM-0003,GCLP100mm-0003,G Clamp - 100 mm,45,Dawn via Total Tools
GCLP250MM-0021,GCLP250mm-0021,G Clamp - 250 mm,65,Dawn/Irwin via Total Tools
GCLP250MM-0024,GCLP250mm-0024,G Clamp - 250 mm,65,Dawn/Irwin via Total Tools
HMRBALLPEIN320Z-0030,HMRBALLPEIN320Z-0030,Hammer - Ball Pein - 32 oz,40,Plumb via Bunnings
HMRBALLPEIN320Z-0031,HMRBALLPEIN320Z-0031,Hammer - Ball Pein - 32 oz,40,Plumb via Bunnings
HMRBALLPEIN320Z-0032,HMRBALLPEIN320Z-0032,Hammer - Ball Pein - 32 oz,40,Plumb via Bunnings
HMRBALLPEIN320Z-0033,HMRBALLPEIN320Z-0033,Hammer - Ball Pein - 32 oz,40,Plumb via Bunnings
HMRBALLPEIN320Z-0034,HMRBALLPEIN320Z-0034,Hammer - Ball Pein - 32 oz,40,Plumb via Bunnings
HMRBALLPEIN320Z-0035,HMRBALLPEIN320Z-0035,Hammer - Ball Pein - 32 oz,40,Plumb via Bunnings
HMRBALLPEIN320Z-0036,HMRBALLPEIN320Z-0036,Hammer - Ball Pein - 32 oz,40,Plumb via Bunnings
HMRSLEDGE14LB-0001,HMRSLEDGE14LB-0001,Hammer - Sledge 14 lb,120,Estimated trade quality
HMRSLEDGE14LB-0004,HMRSLEDGE14LB-0004,Hammer - Sledge 14 lb,120,Estimated trade quality
SCKTIMADP34-1D-0003E,SCKTIMADP34-1D-0014,"3/4"" to 1"" Drive Socket Adaptor",45,Kincrome via Total Tools
SCKTIMADP34-1D-0074,SCKTIMADP34-1D-0074,"3/4"" to 1"" Drive Socket Adaptor",45,Kincrome via Total Tools
SCKTIMADP34-1D-0082,SCKTIMADP34-1D-0082,"3/4"" to 1"" Drive Socket Adaptor",45,Kincrome via Total Tools
SCKTIMADP34-1D-0083,SCKTIMADP34-1D-0083,"3/4"" to 1"" Drive Socket Adaptor",45,Kincrome via Total Tools
SCKTIMADP34-1D-0084,SCKTIMADP34-1D-0084,"3/4"" to 1"" Drive Socket Adaptor",45,Kincrome via Total Tools
SCKTIMADP34-1D-0504N,SCKTIMADP34-1D-0504,"3/4"" to 1"" Drive Socket Adaptor",45,Kincrome via Total Tools
SCKTIMADP34-1D-0802N,SCKTIMADP34-1D-0802,"3/4"" to 1"" Drive Socket Adaptor",45,Kincrome via Total Tools
SKT1/2-1-1/41-0002,SKT1/2-1-1/41-0002,"1/2"" Drive Deep Impact Socket - 1 1/4""",30,Kincrome via Total Tools
SKT1/2-1-1/41-0003,SKT1/2-1-1/41-0003,"1/2"" Drive Deep Impact Socket - 1 1/4""",30,Kincrome via Total Tools
ALLENKEYSETMET-0037,ALLENKEYSETMET-0037,Allen Key Set - Metric,50,Estimated fallback price
SKT-1/2-22MM1-0016,SKT-1/2-22mm1-0016,"1/2"" Drive Deep Impact Socket - 22 mm",25,Estimated based on Daytona pricing
SKT-1/2-22MM1-0031,SKT-1/2-22mm1-0031,"1/2"" Drive Deep Impact Socket - 22 mm",25,Estimated based on Daytona pricing
SKT1/2IN302-0023,SKT1/2in302-0023,"1/2"" Drive Deep Impact Socket - 30 mm",35,Estimated trade quality
SKT1/2IN302-0048,SKT1/2in302-0048,"1/2"" Drive Deep Impact Socket - 30 mm",35,Estimated trade quality
SKT-3/4-27MM1-0056,SKT-3/4-27mm1-0056,"3/4"" Drive Deep Impact Socket - 27 mm",55,Kincrome via Total Tools
SKT-3/4-27MM1-0057,SKT-3/4-27mm1-0057,"3/4"" Drive Deep Impact Socket - 27 mm",55,Kincrome via Total Tools
SKT-3/4-27MM1-0058,SKT-3/4-27mm1-0058,"3/4"" Drive Deep Impact Socket - 27 mm",55,Kincrome via Total Tools
SKT-3/4-32MM1-0033,SKT-3/4-32mm1-0033,"3/4"" Drive Deep Impact Socket - 32 mm",42,Kincrome/Sutton/Irwin via Total Tools (Estimated)
SKT-3/4-32MM1-0039,SKT-3/4-32mm1-0039,"3/4"" Drive Deep Impact Socket - 32 mm",42,Kincrome/Sutton/Irwin via Total Tools (Estimated)
SKT-3/4-32MM1-0045,SKT-3/4-32mm1-0045,"3/4"" Drive Deep Impact Socket - 32 mm",42,Kincrome/Sutton/Irwin via Total Tools (Estimated)
SKT-3/4-32MM1-0073,SKT-3/4-32mm1-0073,"3/4"" Drive Deep Impact Socket - 32 mm",42,Kincrome/Sutton/Irwin via Total Tools (Estimated)
SKT-3/4-32MM1-0074,SKT-3/4-32mm1-0074,"3/4"" Drive Deep Impact Socket - 32 mm",42,Kincrome/Sutton/Irwin via Total Tools (Estimated)
SKT-3/4-32MM1-0075,SKT-3/4-32mm1-0075,"3/4"" Drive Deep Impact Socket - 32 mm",42,Kincrome/Sutton/Irwin via Total Tools (Estimated)
SKT1/2IN101-0007,SKT1/2IN101-0007,"1/2"" Drive Impact Socket - 10 mm",10,Kincrome via Total Tools
SKT1/2IN101-0008,SKT1/2IN101-0008,"1/2"" Drive Impact Socket - 10 mm",10,Kincrome via Total Tools
SKT1/2IN101-0013,SKT1/2IN101-0013,"1/2"" Drive Impact Socket - 10 mm",10,Kincrome via Total Tools
SKT1/2IN101-0017,SKT1/2IN101-0017,"1/2"" Drive Impact Socket - 10 mm",10,Kincrome via Total Tools
SKT-3/4-46MM1-0001,SKT-3/4-46mm1-0001,"3/4"" Drive Deep Impact Socket - 46 mm",60,Kincrome via Total Tools
SKT-3/4-46MM1-0012,SKT-3/4-46mm1-0012,"3/4"" Drive Deep Impact Socket - 46 mm",60,Kincrome via Total Tools
SKT-3/4-46MM1-0023,SKT-3/4-46mm1-0023,"3/4"" Drive Deep Impact Socket - 46 mm",60,Kincrome via Total Tools
SKT-3/4-46MM1-0024,SKT-3/4-46mm1-0024,"3/4"" Drive Deep Impact Socket - 46 mm",60,Kincrome via Total Tools
SKT-1/2-9/161-0005,SKT-1/2-9/161-0005,"1/2"" Drive Deep Impact Socket - 9/16""",25,Estimated trade quality
SKT-1/2-9/161-0006,SKT-1/2-9/161-0006,"1/2"" Drive Deep Impact Socket - 9/16""",25,Estimated trade quality
SKT3/4-1-3/41-0001,SKT3/4-1-3/41-0001,"3/4"" Drive Deep Impact Socket - 1 3/4""",45,TTI via Total Tools
HMRRUBBER-0038,HMRRUBBER-0038,Hammer - Rubber,25,Estimated trade quality
SKTET1/2221-0017,SKTET1/2221-0017,"1/2"" Drive Impact Socket - 22 mm",13.53,Daytona via Sydney Tools
SKTET1/2221-0067,SKTET1/2221-0067,"1/2"" Drive Impact Socket - 22 mm",13.53,Daytona via Sydney Tools
SKTET1/2221-0430N,SKTET1/2221-0430,"1/2"" Drive Impact Socket - 22 mm",13.53,Daytona via Sydney Tools
SKTET1/2221-0819N,SKTET1/2221-0819,"1/2"" Drive Impact Socket - 22 mm",13.53,Daytona via Sydney Tools
SKTET1/2221-0823N,SKTET1/2221-0823,"1/2"" Drive Impact Socket - 22 mm",13.53,Daytona via Sydney Tools
SKTET1/2221-0825N,SKTET1/2221-0825,"1/2"" Drive Impact Socket - 22 mm",13.53,Daytona via Sydney Tools
SKTET1/2221-0828N,SKTET1/2221-0828,"1/2"" Drive Impact Socket - 22 mm",13.53,Daytona via Sydney Tools
SKTET1/2351-0004,SKTET1/2351-0004,"1/2"" Drive Impact Socket - 35 mm",28,Kincrome via Total Tools
SKTET1/2351-0005,SKTET1/2351-0005,"1/2"" Drive Impact Socket - 35 mm",28,Kincrome via Total Tools
SKTET3/4441-0007,SKTET3/4441-0007,"3/4"" Drive Impact Socket - 44 mm",48.22,Daytona via Sydney Tools
SKTET3/4441-0008,SKTET3/4441-0008,"3/4"" Drive Impact Socket - 44 mm",48.22,Daytona via Sydney Tools
SKTET3/4441-0009,SKTET3/4441-0009,"3/4"" Drive Impact Socket - 44 mm",48.22,Daytona via Sydney Tools
SKT3/4IN201-0005,SKT3/4IN201-0005,"3/4"" Drive Impact Socket - 20 mm",22,Kincrome via Total Tools
SKT3/4IN201-0008,SKT3/4IN201-0008,"3/4"" Drive Impact Socket - 20 mm",22,Kincrome via Total Tools
SKT3/4IN201-0009,SKT3/4IN201-0009,"3/4"" Drive Impact Socket - 20 mm",22,Kincrome via Total Tools
SKTKERBAR3/41-0023,SKTKERBAR3/41-0023,"3/4"" Drive Breaker Bar",120,TTI via Total Tools
SKT1/2-13/161-0003,SKT1/2-13/161-0003,"1/2"" Drive Impact Socket - 13/16""",14,Kincrome via Total Tools
SKT1/2-13/161-0004,SKT1/2-13/161-0004,"1/2"" Drive Impact Socket - 13/16""",14,Kincrome via Total Tools
SKT1/2-13/161-0005,SKT1/2-13/161-0005,"1/2"" Drive Impact Socket - 13/16""",14,Kincrome via Total Tools
SKT1/2-13/161-0006,SKT1/2-13/161-0006,"1/2"" Drive Impact Socket - 13/16""",14,Kincrome via Total Tools
SKTIMP11-5/81-0010,SKTIMP11-5/81-0010,"1"" Drive Impact Socket - 1 5/8""",65,Kincrome via Total Tools
SKTIMP11-5/81-0430N,SKTIMP11-5/81-0430,"1"" Drive Impact Socket - 1 5/8""",65,Kincrome via Total Tools
SKTIMP12-5/81-0001,SKTIMP12-5/81-0001,"1"" Drive Impact Socket - 2 5/8""",130,Action via Total Tools
SKTIMP12-5/81-0003,SKTIMP12-5/81-0003,"1"" Drive Impact Socket - 2 5/8""",130,Action via Total Tools
SKT3/4-21/161-0006,SKT3/4-21/161-0006,"3/4"" Drive Impact Socket - 2 1/16""",45,Action via Total Tools
SKT3/4-21/161-0007,SKT3/4-21/161-0007,"3/4"" Drive Impact Socket - 2 1/16""",45,Action via Total Tools
SKTEXT13301-0002,SKTEXT13301-0002,"1"" Drive Socket Extension - 330 mm",85,TTI via Total Tools
ALLENKEYSTIMP-0046,ALLENKEYSTIMP-0046,Allen Key Set - Imperial,35,Estimated trade quality
CABLECUTTER70MM-0002,CABLECUTTER70MM-0002,Cable Cutter - 70 mm,59.2,https://www.schnap.com.au/parrot-beak-cable-cutter-high-leverage-jaws-shear-cut-blades-k40.html
SNIPSMETEFTHAND-0032,SNIPSMETEFTHAND-0032,Snips - Left Hand,35,Kincrome/Sutton/Irwin via Total Tools (Estimated)
SNIPSMETEFTHAND-0030,SNIPSMETEFTHAND-0030,Snips - Left Hand,35,Kincrome/Sutton/Irwin via Total Tools (Estimated)
SNIPSMETEFTHAND-0031,SNIPSMETEFTHAND-0031,Snips - Left Hand,35,Kincrome/Sutton/Irwin via Total Tools (Estimated)
SNIPSMETEFTHAND-0033,SNIPSMETEFTHAND-0033,Snips - Left Hand,35,Kincrome/Sutton/Irwin via Total Tools (Estimated)
SNIPSMETEFTHAND-0034,SNIPSMETEFTHAND-0034,Snips - Left Hand,35,Kincrome/Sutton/Irwin via Total Tools (Estimated)
SNIPSMETEFTHAND-0044,SNIPSMETEFTHAND-0044,Snips - Left Hand,35,Kincrome/Sutton/Irwin via Total Tools (Estimated)
SNIPSMETGHTHAND-0027,SNIPSMETGHTHAND-0027,Snips - Right Hand,35,Wiss via Total Tools
SNIPSMETGHTHAND-0029,SNIPSMETGHTHAND-0029,Snips - Right Hand,35,Wiss via Total Tools
SNIPSMETGHTHAND-0030,SNIPSMETGHTHAND-0030,Snips - Right Hand,35,Wiss via Total Tools
SKTET1/2121-0026,SKTET1/2121-0026,"1/2"" Drive Impact Socket - 12 mm",10,Kincrome via Total Tools
SKTET1/2121-0027,SKTET1/2121-0027,"1/2"" Drive Impact Socket - 12 mm",10,Kincrome via Total Tools
SKTET1/2121-0028,SKTET1/2121-0028,"1/2"" Drive Impact Socket - 12 mm",10,Kincrome via Total Tools
SKTET1/2121-0029,SKTET1/2121-0029,"1/2"" Drive Impact Socket - 12 mm",10,Kincrome via Total Tools
SKTET1/2141-0043,SKTET1/2141-0043,"1/2"" Drive Impact Socket - 14 mm",11,Kincrome via Total Tools
SKTET1/2141-0044,SKTET1/2141-0044,"1/2"" Drive Impact Socket - 14 mm",11,Kincrome via Total Tools
SKTET1/2141-0045,SKTET1/2141-0045,"1/2"" Drive Impact Socket - 14 mm",11,Kincrome via Total Tools
SKTET1/2141-0046,SKTET1/2141-0046,"1/2"" Drive Impact Socket - 14 mm",11,Kincrome via Total Tools
SKTET1/2291-0003,SKTET1/2291-0003,"1/2"" Drive Impact Socket - 29 mm",18,Kincrome via Total Tools
SKTET1/2291-0005,SKTET1/2291-0005,"1/2"" Drive Impact Socket - 29 mm",18,Kincrome via Total Tools
SKTET1/2291-0007,SKTET1/2291-0007,"1/2"" Drive Impact Socket - 29 mm",18,Kincrome via Total Tools
SKTET1/2331-0005,SKTET1/2331-0005,"1/2"" Drive Impact Socket - 33 mm",24,Kincrome via Total Tools
SKTET1/2331-0006,SKTET1/2331-0006,"1/2"" Drive Impact Socket - 33 mm",24,Kincrome via Total Tools
SKTET1/2331-0007,SKTET1/2331-0007,"1/2"" Drive Impact Socket - 33 mm",24,Kincrome via Total Tools
SKTET1/2331-0008,SKTET1/2331-0008,"1/2"" Drive Impact Socket - 33 mm",24,Kincrome via Total Tools
SKTCKET1381-0015,SKTCKET1381-0015,"1"" Drive Impact Socket - 38 mm",50,Kincrome via Total Tools
SKTCKET1381-0016,SKTCKET1381-0016,"1"" Drive Impact Socket - 38 mm",50,Kincrome via Total Tools
SKTCKET1461-0002,SKTCKET1461-0002,"1"" Drive Impact Socket - 46 mm",85,Kincrome via Total Tools
SKTCKET1461-0033,SKTCKET1461-0033,"1"" Drive Impact Socket - 46 mm",85,Kincrome via Total Tools
SKTCKET1461-0034,SKTCKET1461-0034,"1"" Drive Impact Socket - 46 mm",85,Kincrome via Total Tools
SKTCKET1541-0002,SKTCKET1541-0002,"1"" Drive Impact Socket - 54 mm",85,Kincrome via Total Tools
SKTCKET1541-0005,SKTCKET1541-0005,"1"" Drive Impact Socket - 54 mm",85,Kincrome via Total Tools
SKTET3/4281-000409,SKTET3/4281-000409,"3/4"" Drive Impact Socket - 28 mm",30,TTI via Total Tools
SKTETIMP1/211-0017,SKTETIMP1/211-0017,"1/2"" Drive Impact Socket - 1""",16,Kincrome via Total Tools
SKTETIMP1/211-0018,SKTETIMP1/211-0018,"1/2"" Drive Impact Socket - 1""",16,Kincrome via Total Tools
SKTETIMP1/211-0021,SKTETIMP1/211-0021,"1/2"" Drive Impact Socket - 1""",16,Kincrome via Total Tools
SKTETIMP1/211-0022,SKTETIMP1/211-0022,"1/2"" Drive Impact Socket - 1""",16,Kincrome via Total Tools
SKTMP1/2-1/21-0019,SKTMP1/2-1/21-0019,"1/2"" Drive Impact Socket - 1/2""",15,Kincrome via Total Tools
SKTMP1/2-1/21-0020,SKTMP1/2-1/21-0020,"1/2"" Drive Impact Socket - 1/2""",15,Kincrome via Total Tools
SKT1/2-15/161-0030,SKT1/2-15/161-0030,"1/2"" Drive Impact Socket - 15/16""",18,Kincrome via Total Tools
SKT1/2-15/161-0031,SKT1/2-15/161-0031,"1/2"" Drive Impact Socket - 15/16""",18,Kincrome via Total Tools
SKT1/2-15/161-0032,SKT1/2-15/161-0032,"1/2"" Drive Impact Socket - 15/16""",18,Kincrome via Total Tools
SKTMP1/2-3/41-0010,SKTMP1/2-3/41-0010,"1/2"" Drive Impact Socket - 3/4""",14,Kincrome via Total Tools
SKTMP1/2-3/41-0012,SKTMP1/2-3/41-0012,"1/2"" Drive Impact Socket - 3/4""",14,Kincrome via Total Tools
SKTMP1/2-3/41-0013,SKTMP1/2-3/41-0013,"1/2"" Drive Impact Socket - 3/4""",14,Kincrome via Total Tools
SKTMP1/2-3/41-0014,SKTMP1/2-3/41-0014,"1/2"" Drive Impact Socket - 3/4""",14,Kincrome via Total Tools
SKTMP1/2-5/81-0013,SKTMP1/2-5/81-0013,"1/2"" Drive Impact Socket - 5/8""",12,Kincrome via Total Tools
SKTMP1/2-5/81-0016,SKTMP1/2-5/81-0016,"1/2"" Drive Impact Socket - 5/8""",12,Kincrome via Total Tools
SKTMP1/2-5/81-0017,SKTMP1/2-5/81-0017,"1/2"" Drive Impact Socket - 5/8""",12,Kincrome via Total Tools
SKTMP1/2-5/81-0018,SKTMP1/2-5/81-0018,"1/2"" Drive Impact Socket - 5/8""",12,Kincrome via Total Tools
SKTP11-11/161-0011,SKTP11-11/161-0011,"1"" Drive Impact Socket - 1 11/16""",70,Kincrome via Total Tools
SKTP11-11/161-0001N,SKTP11-11/161-0012,"1"" Drive Impact Socket - 1 11/16""",70,Kincrome via Total Tools
SKTIMP11-3/81-0001,SKTIMP11-3/81-0001,"1"" Drive Impact Socket - 1 3/8""",65,Kincrome via Total Tools
SKTIMP11-3/81-0003,SKTIMP11-3/81-0003,"1"" Drive Impact Socket - 1 3/8""",65,Kincrome via Total Tools
SKTIMP11-3/81-0407N,SKTIMP11-3/81-0407,"1"" Drive Impact Socket - 1 3/8""",65,Kincrome via Total Tools
SKTMP12-1/161-0004,SKTMP12-1/161-0004,"1"" Drive Impact Socket - 2 1/16""",90,Action via Total Tools
SKTMP12-1/161-0005,SKTMP12-1/161-0005,"1"" Drive Impact Socket - 2 1/16""",90,Action via Total Tools
SKTIMP12-1/41-0001,SKTIMP12-1/41-0001,"1"" Drive Impact Socket - 2 1/4""",95,Kincrome via Total Tools
SKTIMP12-1/41-0002,SKTIMP12-1/41-0002,"1"" Drive Impact Socket - 2 1/4""",95,Kincrome via Total Tools
SKTP12-11/161-0001,SKTP12-11/161-0001,"1"" Drive Impact Socket - 2 11/16""",100,Action via Total Tools
SKTP12-11/161-0002,SKTP12-11/161-0002,"1"" Drive Impact Socket - 2 11/16""",100,Action via Total Tools
SKTP12-15/161-0001,SKTP12-15/161-0001,"1"" Drive Impact Socket - 2 15/16""",105,Action via Total Tools
SKTP12-15/161-0002,SKTP12-15/161-0002,"1"" Drive Impact Socket - 2 15/16""",105,Action via Total Tools
SKTIMP12-3/81-0010,SKTIMP12-3/81-0010,"1"" Drive Impact Socket - 2 3/8""",110,Action via Total Tools
SKTIMP12-3/81-0011,SKTIMP12-3/81-0011,"1"" Drive Impact Socket - 2 3/8""",110,Action via Total Tools
SKTMP12-7/161-0005N,SKTMP12-7/161-0005,"1"" Drive Impact Socket - 2 7/16""",65,TTI via Total Tools
SKTMP1IN361-0025,SKTMP1IN361-0025,"1"" Drive Impact Socket - 36 mm",48,Kincrome via Total Tools
SKTMP1IN361-0026,SKTMP1IN361-0026,"1"" Drive Impact Socket - 36 mm",48,Kincrome via Total Tools
SKTP3/41-1/41-0001N,SKTP3/41-1/41-0034,"3/4"" Drive Impact Socket - 1 1/4""",35,Kincrome via Total Tools
SKTP3/41-1/41-0035,SKTP3/41-1/41-0035,"3/4"" Drive Impact Socket - 1 1/4""",35,Kincrome via Total Tools
SKTP3/41-1/41-0036,SKTP3/41-1/41-0036,"3/4"" Drive Impact Socket - 1 1/4""",35,Kincrome via Total Tools
SKTP3/41-1/41-0425N,SKTP3/41-1/41-0425,"3/4"" Drive Impact Socket - 1 1/4""",35,Kincrome via Total Tools
SKT3/4-13/161-0017,SKT3/4-13/161-0017,"3/4"" Drive Impact Socket - 13/16""",22,Kincrome via Total Tools
SKT3/4-13/161-0018,SKT3/4-13/161-0018,"3/4"" Drive Impact Socket - 13/16""",22,Kincrome via Total Tools
SKT3/4-13/161-0019,SKT3/4-13/161-0019,"3/4"" Drive Impact Socket - 13/16""",22,Kincrome via Total Tools
SKT3/4-13/161-0020,SKT3/4-13/161-0020,"3/4"" Drive Impact Socket - 13/16""",22,Kincrome via Total Tools
SKT3/4-15/161-0003,SKT3/4-15/161-0003,"3/4"" Drive Impact Socket - 15/16""",28,Kincrome via Total Tools
SKT3/4-15/161-0007,SKT3/4-15/161-0007,"3/4"" Drive Impact Socket - 15/16""",28,Kincrome via Total Tools
SKT3/4-15/161-0009,SKT3/4-15/161-0009,"3/4"" Drive Impact Socket - 15/16""",28,Kincrome via Total Tools
SKTP3/4-21/81-0001,SKTP3/4-21/81-0001,"3/4"" Drive Impact Socket - 2 1/8""",55,Kincrome via Total Tools
SKTP3/4-21/81-0002,SKTP3/4-21/81-0002,"3/4"" Drive Impact Socket - 2 1/8""",55,Kincrome via Total Tools
SKTP3/4-21/81-0003,SKTP3/4-21/81-0003,"3/4"" Drive Impact Socket - 2 1/8""",55,Kincrome via Total Tools
SKTP3/4-21/81-0004,SKTP3/4-21/81-0004,"3/4"" Drive Impact Socket - 2 1/8""",55,Kincrome via Total Tools
SKT3/4-23/161-0018,SKT3/4-23/161-0018,"3/4"" Drive Impact Socket - 2 3/16""",45,Kincrome via Total Tools
SKT3/4-23/161-0019,SKT3/4-23/161-0019,"3/4"" Drive Impact Socket - 2 3/16""",45,Kincrome via Total Tools
SKT3/4-23/161-0020,SKT3/4-23/161-0020,"3/4"" Drive Impact Socket - 2 3/16""",45,Kincrome via Total Tools
SKTP3/42-3/81-0013,SKTP3/42-3/81-0013,"3/4"" Drive Impact Socket - 2 3/8""",45,Action via Total Tools
SKTP3/42-3/81-0014,SKTP3/42-3/81-0014,"3/4"" Drive Impact Socket - 2 3/8""",45,Action via Total Tools
SKT3/42-5/161-0001,SKT3/42-5/161-0001,"3/4"" Drive Impact Socket - 2 5/16""",45,Action via Total Tools
SKT3/42-5/161-0002,SKT3/42-5/161-0002,"3/4"" Drive Impact Socket - 2 5/16""",45,Action via Total Tools
SKTP3/425D1-0012,SKTP3/425D1-0012,"3/4"" Drive Deep Impact Socket - 25 mm",45,Action via Total Tools
SKTP3/425D1-0522N,SKTP3/425D1-0522,"3/4"" Drive Deep Impact Socket - 25 mm",45,Action via Total Tools
SKTP3/432D1-0057,SKTP3/432D1-0057,"3/4"" Drive Deep Impact Socket - 32 mm",35,Daytona via Sydney Tools
SKTP3/432D1-0059,SKTP3/432D1-0059,"3/4"" Drive Deep Impact Socket - 32 mm",35,Daytona via Sydney Tools
SKTP3/432D1-0064,SKTP3/432D1-0064,"3/4"" Drive Deep Impact Socket - 32 mm",35,Daytona via Sydney Tools
SKTP3/432D1-0090,SKTP3/432D1-0090,"3/4"" Drive Deep Impact Socket - 32 mm",35,Daytona via Sydney Tools
SKTP3/432D1-0091,SKTP3/432D1-0091,"3/4"" Drive Deep Impact Socket - 32 mm",35,Daytona via Sydney Tools
SKTP3/432D1-0092,SKTP3/432D1-0092,"3/4"" Drive Deep Impact Socket - 32 mm",35,Daytona via Sydney Tools
SKTP3/432D1-0110,SKTP3/432D1-0110,"3/4"" Drive Deep Impact Socket - 32 mm",35,Daytona via Sydney Tools
SKTP3/432D1-0461N,SKTP3/432D1-0461,"3/4"" Drive Deep Impact Socket - 32 mm",35,Daytona via Sydney Tools
SKTP3/441D1-0054,SKTP3/441D1-0054,"3/4"" Drive Deep Impact Socket - 41 mm",45,TTI via Total Tools
SKT3/4IN241-0037,SKT3/4IN241-0037,"3/4"" Drive Impact Socket - 24 mm",35,Kincrome/Sutton/Irwin via Total Tools (Estimated)
SKT3/4IN241-0041,SKT3/4IN241-0041,"3/4"" Drive Impact Socket - 24 mm",35,Kincrome/Sutton/Irwin via Total Tools (Estimated)
SKT3/4IN241-0045,SKT3/4IN241-0045,"3/4"" Drive Impact Socket - 24 mm",35,Kincrome/Sutton/Irwin via Total Tools (Estimated)
SKT3/4IN241-0046,SKT3/4IN241-0046,"3/4"" Drive Impact Socket - 24 mm",35,Kincrome/Sutton/Irwin via Total Tools (Estimated)
SKT3/4IN241-0047,SKT3/4IN241-0047,"3/4"" Drive Impact Socket - 24 mm",35,Kincrome/Sutton/Irwin via Total Tools (Estimated)
SKT3/4IN241-0044N,SKT3/4IN241-0055,"3/4"" Drive Impact Socket - 24 mm",35,Kincrome/Sutton/Irwin via Total Tools (Estimated)
SKT3/4IN501-0005,SKT3/4IN501-0005,"3/4"" Drive Impact Socket - 50 mm",75,Kincrome via Total Tools
SKT3/4IN501-0006,SKT3/4IN501-0006,"3/4"" Drive Impact Socket - 50 mm",75,Kincrome via Total Tools
SKT3/4IN501-0009,SKT3/4IN501-0009,"3/4"" Drive Impact Socket - 50 mm",75,Kincrome via Total Tools
SKTPT1/2-3/41-000802,SKTPT1/2-3/41-000802,"1/2"" to 3/4"" Drive Socket Adaptor",23,Kincrome via Bunnings
SKTPT1/2-3/41-0044,SKTPT1/2-3/41-0044,"1/2"" to 3/4"" Drive Socket Adaptor",23,Kincrome via Bunnings
SKTPT1/2-3/41-0082,SKTPT1/2-3/41-0082,"1/2"" to 3/4"" Drive Socket Adaptor",23,Kincrome via Bunnings
SKTPT1/2-3/41-0099,SKTPT1/2-3/41-0099,"1/2"" to 3/4"" Drive Socket Adaptor",23,Kincrome via Bunnings
SKTPT1/2-3/41-0123,SKTPT1/2-3/41-0123,"1/2"" to 3/4"" Drive Socket Adaptor",23,Kincrome via Bunnings
SKTPT1/2-3/41-0127,SKTPT1/2-3/41-0127,"1/2"" to 3/4"" Drive Socket Adaptor",23,Kincrome via Bunnings
SKTPT1/2-3/41-0133,SKTPT1/2-3/41-0133,"1/2"" to 3/4"" Drive Socket Adaptor",23,Kincrome via Bunnings
SKTPT1/2-3/41-0134,SKTPT1/2-3/41-0134,"1/2"" to 3/4"" Drive Socket Adaptor",23,Kincrome via Bunnings
SKTDAPT1-3/41-0038,SKTDAPT1-3/41-0038,"1"" to 3/4"" Drive Socket Adaptor",45,Kincrome via Total Tools
SKTDAPT1-3/41-0039,SKTDAPT1-3/41-0039,"1"" to 3/4"" Drive Socket Adaptor",45,Kincrome via Total Tools
SKTDAPT1-3/41-0040,SKTDAPT1-3/41-0040,"1"" to 3/4"" Drive Socket Adaptor",45,Kincrome via Total Tools
SKTDAPT1-3/41-0041,SKTDAPT1-3/41-0041,"1"" to 3/4"" Drive Socket Adaptor",45,Kincrome via Total Tools
SKTPT3/4-1/21-0041,SKTPT3/4-1/21-0041,"3/4"" to 1/2"" Drive Socket Adaptor",28,Kincrome/Sutton/Irwin via Total Tools (Estimated)
SKTPT3/4-1/21-0043,SKTPT3/4-1/21-0043,"3/4"" to 1/2"" Drive Socket Adaptor",28,Kincrome/Sutton/Irwin via Total Tools (Estimated)
SKTPT3/4-1/21-0049,SKTPT3/4-1/21-0049,"3/4"" to 1/2"" Drive Socket Adaptor",28,Kincrome/Sutton/Irwin via Total Tools (Estimated)
SKTPT3/4-1/21-0066,SKTPT3/4-1/21-0066,"3/4"" to 1/2"" Drive Socket Adaptor",28,Kincrome/Sutton/Irwin via Total Tools (Estimated)
SKTPT3/4-1/21-0067,SKTPT3/4-1/21-0067,"3/4"" to 1/2"" Drive Socket Adaptor",28,Kincrome/Sutton/Irwin via Total Tools (Estimated)
SKTEXT11501-0019,SKTEXT11501-0019,"1"" Drive Socket Extension - 150 mm",85,TTI via Total Tools
SKTMPEXT12001-0001N,SKTMPEXT12001-0001,"1"" Drive Socket Extension - 200 mm",65,TTI via Total Tools
SKTT3/43301-0002,SKTT3/43301-0002,"3/4"" Drive Socket Extension - 330 mm",65,Kincrome via Total Tools
SKTT3/43301-0006,SKTT3/43301-0006,"3/4"" Drive Socket Extension - 330 mm",65,Kincrome via Total Tools
SKTT3/43301-0007,SKTT3/43301-0007,"3/4"" Drive Socket Extension - 330 mm",65,Kincrome via Total Tools
SKTT3/43301-0008,SKTT3/43301-0008,"3/4"" Drive Socket Extension - 330 mm",65,Kincrome via Total Tools
SKTPL-1-55MM1-0003,SKTPL-1-55mm1-0003,"1"" Drive Deep Impact Socket - 55 mm",110,TTI via Total Tools
SKT363/4IN1-0076,SKT363/4IN1-0076,"3/4"" Drive Deep Impact Socket - 36 mm",75,Kincrome via Total Tools
SKT363/4IN1-0077,SKT363/4IN1-0077,"3/4"" Drive Deep Impact Socket - 36 mm",75,Kincrome via Total Tools
SKT363/4IN1-0078,SKT363/4IN1-0078,"3/4"" Drive Deep Impact Socket - 36 mm",75,Kincrome via Total Tools
SKTORQUE1D11/41-0006,SKTORQUE1D11/41-0006,"1"" Drive Impact Socket - 1 1/4""",65,Kincrome via Total Tools
SKTQUE1D2-3/161-0002,SKTQUE1D2-3/161-0002,"1"" Drive Impact Socket - 2 3/16""",90,Kincrome via Total Tools
SKTQUE1D2-3/161-0003,SKTQUE1D2-3/161-0003,"1"" Drive Impact Socket - 2 3/16""",90,Kincrome via Total Tools
SKTQUE1D2-7/161-0002,SKTQUE1D2-7/161-0002,"1"" Drive Impact Socket - 2 7/16""",110,Kincrome via Total Tools
SKTUE1IN501-0010,SKTUE1in501-0010,"1"" Drive Impact Socket - 50 mm",95,Kincrome via Total Tools
SKTQUE3/4D11/41-0001,SKTQUE3/4D11/41-0001,"3/4"" Drive Impact Socket - 1 1/4""",55,Kincrome via Total Tools
SKTQUE3211-0008,SKTQUE3211-0008,"1"" Drive Impact Socket - 32 mm",40,Daytona/Kincrome via Sydney Tools
SKTQUE3211-0009,SKTQUE3211-0009,"1"" Drive Impact Socket - 32 mm",40,Daytona/Kincrome via Sydney Tools
SKTINTS3/4IN1-0072,SKTINTS3/4IN1-0072,"3/4"" Drive Socket Universal Joint",55,Daytona via Sydney Tools
SKTINTS3/4IN1-0073,SKTINTS3/4IN1-0073,"3/4"" Drive Socket Universal Joint",55,Daytona via Sydney Tools
SKTINTS3/4IN1-0082,SKTINTS3/4IN1-0082,"3/4"" Drive Socket Universal Joint",55,Daytona via Sydney Tools
SKTINTS3/4IN1-0087,SKTINTS3/4IN1-0087,"3/4"" Drive Socket Universal Joint",55,Daytona via Sydney Tools
SKTINTS3/4IN1-0088,SKTINTS3/4IN1-0088,"3/4"" Drive Socket Universal Joint",55,Daytona via Sydney Tools
SKTINTS3/4IN1-0089,SKTINTS3/4IN1-0089,"3/4"" Drive Socket Universal Joint",55,Daytona via Sydney Tools
SKTINTS3/4IN1-0090,SKTINTS3/4IN1-0090,"3/4"" Drive Socket Universal Joint",55,Daytona via Sydney Tools
SOCKSET3T3/4DAF-0004,SOCKSET3T3/4DAF-0004,"3/4"" Drive Socket Set - AF",350,Kincrome via Total Tools
SPANFLOGF:1-0001,SPANFLOGF:1-0001,"1"" Flogging Spanner",45,Toledo/Daytona via Total Tools/Sydney Tools
SPANFLOGF:1-0003,SPANFLOGF:1-0003,"1"" Flogging Spanner",45,Toledo/Daytona via Total Tools/Sydney Tools
SPANFLOG1-1/16-0024,SPANFLOG1-1/16-0024,"1 1/16"" Flogging Spanner",70,Estimated trade quality
SPANFLOG1-1/16-0363,SPANFLOG1-1/16-0363,"1 1/16"" Flogging Spanner",70,Estimated trade quality
SPANFLOG1-15/16-0002,SPANFLOG1-15/16-0002,"1 15/16"" Flogging Spanner",65,Toledo/Daytona via Total Tools/Sydney Tools
SPANFLOG1-15/16-0004,SPANFLOG1-15/16-0004,"1 15/16"" Flogging Spanner",65,Toledo/Daytona via Total Tools/Sydney Tools
SPANFLOG1-3/16-0004,SPANFLOG1-3/16-0004,"1 3/16"" Flogging Spanner",56.8,Gedore via Haus of Tools
SPANFLOG1-3/16-0006,SPANFLOG1-3/16-0006,"1 3/16"" Flogging Spanner",56.8,Gedore via Haus of Tools
SPANFLOG1-3/16-0008N,SPANFLOG1-3/16-0008,"1 3/16"" Flogging Spanner",56.8,Gedore via Haus of Tools
SPANFLOG1-3/16-0024E,SPANFLOG1-3/16-0024,"1 3/16"" Flogging Spanner",56.8,Gedore via Haus of Tools
SPANFLOG31-3/8-0005N,SPANFLOG31-3/8-0005,"1 3/8"" Offset Flogging Spanner",65,Toledo/Daytona via Total Tools/Sydney Tools
SPANFLOG31-3/8-0013N,SPANFLOG31-3/8-0013,"1 3/8"" Offset Flogging Spanner",65,Toledo/Daytona via Total Tools/Sydney Tools
SPANFLOG1-3/8-0001,SPANFLOG1-3/8-0001,"1 3/8"" Flogging Spanner",70,Toledo via Total Tools
SPANFLOG1-3/8-0009,SPANFLOG1-3/8-0009,"1 3/8"" Flogging Spanner",70,Toledo via Total Tools
SPANFLOG1-9/16-0010,SPANFLOG1-9/16-0010,"1 9/16"" Flogging Spanner",120,Kincrome via Total Tools
SPANFLOG1-9/16-0013,SPANFLOG1-9/16-0013,"1 9/16"" Flogging Spanner",120,Kincrome via Total Tools
SPANFLOG1-9/16-0014,SPANFLOG1-9/16-0014,"1 9/16"" Flogging Spanner",120,Kincrome via Total Tools
SPANFLOG1-9/16-0015,SPANFLOG1-9/16-0015,"1 9/16"" Flogging Spanner",120,Kincrome via Total Tools
SPANFLOG2-0019,SPANFLOG2-0019,"2"" Flogging Spanner",120,Kincrome via Total Tools
SPANFLOG2-0404N,SPANFLOG2-0404,"2"" Flogging Spanner",120,Kincrome via Total Tools
SPANFLOG2-0444N,SPANFLOG2-0444,"2"" Flogging Spanner",120,Kincrome via Total Tools
SPANFLOG2-0711W,SPANFLOG2-0711,"2"" Flogging Spanner",120,Kincrome via Total Tools
SPANFLOG22MM -0015,SPANFLOG22MM -0015,22 mm Flogging Spanner,60,Kincrome via Total Tools
SPANFLOG22MM -0020,SPANFLOG22MM -0020,22 mm Flogging Spanner,60,Kincrome via Total Tools
SPANFLOG22MM -0022,SPANFLOG22MM -0022,22 mm Flogging Spanner,60,Kincrome via Total Tools
SPANFLOG2-3/8-0001,SPANFLOG2-3/8-0001,"2 3/8"" Flogging Spanner",180,Estimated based on Ultimate Tools pricing
SPANFLOG2-3/8-0002,SPANFLOG2-3/8-0002,"2 3/8"" Flogging Spanner",180,Estimated based on Ultimate Tools pricing
SPANFLOG27MM -0017,SPANFLOG27MM -0017,27 mm Flogging Spanner,75,Kincrome via Total Tools
SPANFLOG27MM -0023,SPANFLOG27MM -0023,27 mm Flogging Spanner,75,Kincrome via Total Tools
SPANFLOG27MM -0024,SPANFLOG27MM -0024,27 mm Flogging Spanner,75,Kincrome via Total Tools
SPANFLOG55MM-0043,SPANFLOG55MM-0043,55 mm Flogging Spanner,150,Geodore via Total Tools
SPANFLOG80MM-0002,SPANFLOG80MM-0002,80 mm Flogging Spanner,250,Estimated based on Ultimate Tools pricing
SPANFLOG80MM-0003,SPANFLOG80MM-0003,80 mm Flogging Spanner,250,Estimated based on Ultimate Tools pricing
SPANNERPMM 32MM-000001,SPANNERPMM 32MM-000001,27 mm × 32 mm Ratchet Podger Spanner,85,Kincrome/Sutton/Irwin via Total Tools (Estimated)
SPANNERPMM 32MM-000002,SPANNERPMM 32MM-000002,27 mm × 32 mm Ratchet Podger Spanner,85,Kincrome/Sutton/Irwin via Total Tools (Estimated)
SPANNERPMM 32MM-000003,SPANNERPMM 32MM-000003,27 mm × 32 mm Ratchet Podger Spanner,85,Kincrome/Sutton/Irwin via Total Tools (Estimated)
SPANNERPMM 32MM-000033,SPANNERPMM 32MM-000033,27 mm × 32 mm Ratchet Podger Spanner,85,Kincrome/Sutton/Irwin via Total Tools (Estimated)
SPANNERPMM 32MM-0002,SPANNERPMM 32MM-0002,27 mm × 32 mm Ratchet Podger Spanner,85,Kincrome/Sutton/Irwin via Total Tools (Estimated)
SPANNERPMM 32MM-0009,SPANNERPMM 32MM-0009,27 mm × 32 mm Ratchet Podger Spanner,85,Kincrome/Sutton/Irwin via Total Tools (Estimated)
TOOLLANYL7KGTEC-0224,TOOLLANYL7KGTEC-0224,Tool Lanyard - Technique - SWL 7 kg,76.07,Home Depot / Generic
TOOLLANYL7KGTEC-0225,TOOLLANYL7KGTEC-0225,Tool Lanyard - Technique - SWL 7 kg,76.07,Home Depot / Generic
TOOLLANYL7KGTEC-0226,TOOLLANYL7KGTEC-0226,Tool Lanyard - Technique - SWL 7 kg,76.07,Home Depot / Generic
TOOLLANYL7KGTEC-0227,TOOLLANYL7KGTEC-0227,Tool Lanyard - Technique - SWL 7 kg,76.07,Home Depot / Generic
TOOLLANYL7KGTEC-0228,TOOLLANYL7KGTEC-0228,Tool Lanyard - Technique - SWL 7 kg,76.07,Home Depot / Generic
TOOLLANYL7KGTEC-0229,TOOLLANYL7KGTEC-0229,Tool Lanyard - Technique - SWL 7 kg,76.07,Home Depot / Generic
TOOLLANYL7KGTEC-0232,TOOLLANYL7KGTEC-0232,Tool Lanyard - Technique - SWL 7 kg,76.07,Home Depot / Generic
TOOLLANYL7KGTEC-0234,TOOLLANYL7KGTEC-0234,Tool Lanyard - Technique - SWL 7 kg,76.07,Home Depot / Generic
TOOLLANYL7KGTEC-0235,TOOLLANYL7KGTEC-0235,Tool Lanyard - Technique - SWL 7 kg,76.07,Home Depot / Generic
TOOLLANYL7KGTEC-0237,TOOLLANYL7KGTEC-0237,Tool Lanyard - Technique - SWL 7 kg,76.07,Home Depot / Generic
TOOLLANYL7KGTEC-0238,TOOLLANYL7KGTEC-0238,Tool Lanyard - Technique - SWL 7 kg,76.07,Home Depot / Generic
TOOLLANYL7KGTEC-0240,TOOLLANYL7KGTEC-0240,Tool Lanyard - Technique - SWL 7 kg,76.07,Home Depot / Generic
TOOLLANYL7KGTEC-0241,TOOLLANYL7KGTEC-0241,Tool Lanyard - Technique - SWL 7 kg,76.07,Home Depot / Generic
TOOLLANYL7KGTEC-0258,TOOLLANYL7KGTEC-0258,Tool Lanyard - Technique - SWL 7 kg,76.07,Home Depot / Generic
TOOLLANYL7KGTEC-0261,TOOLLANYL7KGTEC-0261,Tool Lanyard - Technique - SWL 7 kg,76.07,Home Depot / Generic
TOOLLANYL7KGTEC-0264,TOOLLANYL7KGTEC-0264,Tool Lanyard - Technique - SWL 7 kg,76.07,Home Depot / Generic
TOOLLANYL7KGTEC-0265,TOOLLANYL7KGTEC-0265,Tool Lanyard - Technique - SWL 7 kg,76.07,Home Depot / Generic
TOOLLANYL7KGTEC-0267,TOOLLANYL7KGTEC-0267,Tool Lanyard - Technique - SWL 7 kg,76.07,Home Depot / Generic
TOOLLANYL7KGTEC-0270,TOOLLANYL7KGTEC-0270,Tool Lanyard - Technique - SWL 7 kg,76.07,Home Depot / Generic
TOOLLANYL7KGTEC-0277,TOOLLANYL7KGTEC-0277,Tool Lanyard - Technique - SWL 7 kg,76.07,Home Depot / Generic
TOOLLANYL7KGTEC-0281,TOOLLANYL7KGTEC-0281,Tool Lanyard - Technique - SWL 7 kg,76.07,Home Depot / Generic
TOOLLANYL7KGTEC-0282,TOOLLANYL7KGTEC-0282,Tool Lanyard - Technique - SWL 7 kg,76.07,Home Depot / Generic
TOOLLANYL7KGTEC-0285,TOOLLANYL7KGTEC-0285,Tool Lanyard - Technique - SWL 7 kg,76.07,Home Depot / Generic
TOOLLANYL7KGTEC-0291,TOOLLANYL7KGTEC-0291,Tool Lanyard - Technique - SWL 7 kg,76.07,Home Depot / Generic
TOOLLANYL7KGTEC-0292,TOOLLANYL7KGTEC-0292,Tool Lanyard - Technique - SWL 7 kg,76.07,Home Depot / Generic
TOOLLANYL7KGTEC-0294,TOOLLANYL7KGTEC-0294,Tool Lanyard - Technique - SWL 7 kg,76.07,Home Depot / Generic
TOOLLANYL7KGTEC-0296,TOOLLANYL7KGTEC-0296,Tool Lanyard - Technique - SWL 7 kg,76.07,Home Depot / Generic
TOOLLANYL7KGTEC-0297,TOOLLANYL7KGTEC-0297,Tool Lanyard - Technique - SWL 7 kg,76.07,Home Depot / Generic
TOOLLANYL7KGTEC-0301,TOOLLANYL7KGTEC-0301,Tool Lanyard - Technique - SWL 7 kg,76.07,Home Depot / Generic
TOOLLANYL7KGTEC-0308,TOOLLANYL7KGTEC-0308,Tool Lanyard - Technique - SWL 7 kg,76.07,Home Depot / Generic
TOOLLANYL7KGTEC-0315,TOOLLANYL7KGTEC-0315,Tool Lanyard - Technique - SWL 7 kg,76.07,Home Depot / Generic
TOOLLANYL7KGTEC-0317,TOOLLANYL7KGTEC-0317,Tool Lanyard - Technique - SWL 7 kg,76.07,Home Depot / Generic
TOOLLANYL7KGTEC-0319,TOOLLANYL7KGTEC-0319,Tool Lanyard - Technique - SWL 7 kg,76.07,Home Depot / Generic
TOOLLANYL7KGTEC-0320,TOOLLANYL7KGTEC-0320,Tool Lanyard - Technique - SWL 7 kg,76.07,Home Depot / Generic
TOOLLANYL7KGTEC-0324,TOOLLANYL7KGTEC-0324,Tool Lanyard - Technique - SWL 7 kg,76.07,Home Depot / Generic
TOOLLANYL7KGTEC-0325,TOOLLANYL7KGTEC-0325,Tool Lanyard - Technique - SWL 7 kg,76.07,Home Depot / Generic
TOOLLANYL7KGTEC-0331,TOOLLANYL7KGTEC-0331,Tool Lanyard - Technique - SWL 7 kg,76.07,Home Depot / Generic
TOOLLANYL7KGTEC-0333,TOOLLANYL7KGTEC-0333,Tool Lanyard - Technique - SWL 7 kg,76.07,Home Depot / Generic
TOOLLANYL7KGTEC-0335,TOOLLANYL7KGTEC-0335,Tool Lanyard - Technique - SWL 7 kg,76.07,Home Depot / Generic
TOOLLANYL7KGTEC-0337,TOOLLANYL7KGTEC-0337,Tool Lanyard - Technique - SWL 7 kg,76.07,Home Depot / Generic
TOOLLANYL7KGTEC-0344,TOOLLANYL7KGTEC-0344,Tool Lanyard - Technique - SWL 7 kg,76.07,Home Depot / Generic
TOOLLANYL7KGTEC-0347,TOOLLANYL7KGTEC-0347,Tool Lanyard - Technique - SWL 7 kg,76.07,Home Depot / Generic
TOOLLANYL7KGTEC-0350,TOOLLANYL7KGTEC-0350,Tool Lanyard - Technique - SWL 7 kg,76.07,Home Depot / Generic
TOOLLANYL7KGTEC-0352,TOOLLANYL7KGTEC-0352,Tool Lanyard - Technique - SWL 7 kg,76.07,Home Depot / Generic
TOOLLANYL7KGTEC-0356,TOOLLANYL7KGTEC-0356,Tool Lanyard - Technique - SWL 7 kg,76.07,Home Depot / Generic
TOOLLANYL7KGTEC-0357,TOOLLANYL7KGTEC-0357,Tool Lanyard - Technique - SWL 7 kg,76.07,Home Depot / Generic
TOOLLANYL7KGTEC-0360,TOOLLANYL7KGTEC-0360,Tool Lanyard - Technique - SWL 7 kg,76.07,Home Depot / Generic
TOOLLANYL7KGTEC-0362,TOOLLANYL7KGTEC-0362,Tool Lanyard - Technique - SWL 7 kg,76.07,Home Depot / Generic
TOOLLANYL7KGTEC-0366,TOOLLANYL7KGTEC-0366,Tool Lanyard - Technique - SWL 7 kg,76.07,Home Depot / Generic
TOOLLANYL7KGTEC-0369,TOOLLANYL7KGTEC-0369,Tool Lanyard - Technique - SWL 7 kg,76.07,Home Depot / Generic
TOOLLANYL7KGTEC-0371,TOOLLANYL7KGTEC-0371,Tool Lanyard - Technique - SWL 7 kg,76.07,Home Depot / Generic
TOOLLANYL7KGTEC-0373,TOOLLANYL7KGTEC-0373,Tool Lanyard - Technique - SWL 7 kg,76.07,Home Depot / Generic
TOOLLANYL7KGTEC-0378,TOOLLANYL7KGTEC-0378,Tool Lanyard - Technique - SWL 7 kg,76.07,Home Depot / Generic
TOOLLANYL7KGTEC-0381,TOOLLANYL7KGTEC-0381,Tool Lanyard - Technique - SWL 7 kg,76.07,Home Depot / Generic
TOOLLANYL7KGTEC-0382,TOOLLANYL7KGTEC-0382,Tool Lanyard - Technique - SWL 7 kg,76.07,Home Depot / Generic
TOOLLANYL7KGTEC-0386,TOOLLANYL7KGTEC-0386,Tool Lanyard - Technique - SWL 7 kg,76.07,Home Depot / Generic
TOOLLANYL7KGTEC-0387,TOOLLANYL7KGTEC-0387,Tool Lanyard - Technique - SWL 7 kg,76.07,Home Depot / Generic
TOOLLANYL7KGTEC-0395,TOOLLANYL7KGTEC-0395,Tool Lanyard - Technique - SWL 7 kg,76.07,Home Depot / Generic
TOOLLANYL7KGTEC-0403,TOOLLANYL7KGTEC-0403,Tool Lanyard - Technique - SWL 7 kg,76.07,Home Depot / Generic
TOOLLANYL7KGTEC-0404,TOOLLANYL7KGTEC-0404,Tool Lanyard - Technique - SWL 7 kg,76.07,Home Depot / Generic
TOOLLANYL7KGTEC-0411,TOOLLANYL7KGTEC-0411,Tool Lanyard - Technique - SWL 7 kg,76.07,Home Depot / Generic
TOOLLANYL7KGTEC-0413,TOOLLANYL7KGTEC-0413,Tool Lanyard - Technique - SWL 7 kg,76.07,Home Depot / Generic
TOOLLANYL7KGTEC-0420,TOOLLANYL7KGTEC-0420,Tool Lanyard - Technique - SWL 7 kg,76.07,Home Depot / Generic
TOOLLANYL7KGTEC-0423,TOOLLANYL7KGTEC-0423,Tool Lanyard - Technique - SWL 7 kg,76.07,Home Depot / Generic
TOOLLANYL7KGTEC-0426,TOOLLANYL7KGTEC-0426,Tool Lanyard - Technique - SWL 7 kg,76.07,Home Depot / Generic
TOOLLANYL7KGTEC-0427,TOOLLANYL7KGTEC-0427,Tool Lanyard - Technique - SWL 7 kg,76.07,Home Depot / Generic
TOOLLANYL7KGTEC-0436,TOOLLANYL7KGTEC-0436,Tool Lanyard - Technique - SWL 7 kg,76.07,Home Depot / Generic
TOOLLANYL7KGTEC-0482,TOOLLANYL7KGTEC-0482,Tool Lanyard - Technique - SWL 7 kg,76.07,Home Depot / Generic
TOOLLANYL7KGTEC-0487,TOOLLANYL7KGTEC-0487,Tool Lanyard - Technique - SWL 7 kg,76.07,Home Depot / Generic
TOOLLANYL7KGTEC-0493,TOOLLANYL7KGTEC-0493,Tool Lanyard - Technique - SWL 7 kg,76.07,Home Depot / Generic
TOOLLANYL7KGTEC-0553,TOOLLANYL7KGTEC-0553,Tool Lanyard - Technique - SWL 7 kg,76.07,Home Depot / Generic
TOOLLANYL7KGTEC-0568,TOOLLANYL7KGTEC-0568,Tool Lanyard - Technique - SWL 7 kg,76.07,Home Depot / Generic
TOOLLANYL7KGTEC-0574,TOOLLANYL7KGTEC-0574,Tool Lanyard - Technique - SWL 7 kg,76.07,Home Depot / Generic
TOOLLANYL7KGTEC-0591,TOOLLANYL7KGTEC-0591,Tool Lanyard - Technique - SWL 7 kg,76.07,Home Depot / Generic
TOOLLANYL7KGTEC-0611,TOOLLANYL7KGTEC-0611,Tool Lanyard - Technique - SWL 7 kg,76.07,Home Depot / Generic
TOOLLANYL7KGTEC-0613,TOOLLANYL7KGTEC-0613,Tool Lanyard - Technique - SWL 7 kg,76.07,Home Depot / Generic
TOOLLANYL7KGTEC-0621,TOOLLANYL7KGTEC-0621,Tool Lanyard - Technique - SWL 7 kg,76.07,Home Depot / Generic
TOOLLANYL7KGTEC-0622,TOOLLANYL7KGTEC-0622,Tool Lanyard - Technique - SWL 7 kg,76.07,Home Depot / Generic
TOOLLANYL7KGTEC-0623,TOOLLANYL7KGTEC-0623,Tool Lanyard - Technique - SWL 7 kg,76.07,Home Depot / Generic
TOOLLANYL7KGTEC-0624,TOOLLANYL7KGTEC-0624,Tool Lanyard - Technique - SWL 7 kg,76.07,Home Depot / Generic
TOOLLANYL7KGTEC-0627,TOOLLANYL7KGTEC-0627,Tool Lanyard - Technique - SWL 7 kg,76.07,Home Depot / Generic
TOOLLANYL7KGTEC-0628,TOOLLANYL7KGTEC-0628,Tool Lanyard - Technique - SWL 7 kg,76.07,Home Depot / Generic
TOOLLANYL7KGTEC-0629,TOOLLANYL7KGTEC-0629,Tool Lanyard - Technique - SWL 7 kg,76.07,Home Depot / Generic
TOOLLANYL7KGTEC-0632,TOOLLANYL7KGTEC-0632,Tool Lanyard - Technique - SWL 7 kg,76.07,Home Depot / Generic
TOOLLANYL7KGTEC-0636,TOOLLANYL7KGTEC-0636,Tool Lanyard - Technique - SWL 7 kg,76.07,Home Depot / Generic
TOOLLANYL7KGTEC-0637,TOOLLANYL7KGTEC-0637,Tool Lanyard - Technique - SWL 7 kg,76.07,Home Depot / Generic
TOOLLANYL7KGTEC-0638,TOOLLANYL7KGTEC-0638,Tool Lanyard - Technique - SWL 7 kg,76.07,Home Depot / Generic
TOOLLANYL7KGTEC-0639,TOOLLANYL7KGTEC-0639,Tool Lanyard - Technique - SWL 7 kg,76.07,Home Depot / Generic
TOOLLANYL7KGTEC-0641,TOOLLANYL7KGTEC-0641,Tool Lanyard - Technique - SWL 7 kg,76.07,Home Depot / Generic
TOOLLANYL7KGTEC-0643,TOOLLANYL7KGTEC-0643,Tool Lanyard - Technique - SWL 7 kg,76.07,Home Depot / Generic
TOOLLANYL7KGTEC-0644,TOOLLANYL7KGTEC-0644,Tool Lanyard - Technique - SWL 7 kg,76.07,Home Depot / Generic
TOOLLANYL7KGTEC-0646,TOOLLANYL7KGTEC-0646,Tool Lanyard - Technique - SWL 7 kg,76.07,Home Depot / Generic
TOOLLANYL7KGTEC-0647,TOOLLANYL7KGTEC-0647,Tool Lanyard - Technique - SWL 7 kg,76.07,Home Depot / Generic
TOOLLANYL7KGTEC-0648,TOOLLANYL7KGTEC-0648,Tool Lanyard - Technique - SWL 7 kg,76.07,Home Depot / Generic
TOOLLANYL7KGTEC-0649,TOOLLANYL7KGTEC-0649,Tool Lanyard - Technique - SWL 7 kg,76.07,Home Depot / Generic
TOOLLANYL7KGTEC-0651,TOOLLANYL7KGTEC-0651,Tool Lanyard - Technique - SWL 7 kg,76.07,Home Depot / Generic
TOOLLANYL7KGTEC-0652,TOOLLANYL7KGTEC-0652,Tool Lanyard - Technique - SWL 7 kg,76.07,Home Depot / Generic
TOOLLANYL7KGTEC-0653,TOOLLANYL7KGTEC-0653,Tool Lanyard - Technique - SWL 7 kg,76.07,Home Depot / Generic
TOOLLANYL7KGTEC-0657,TOOLLANYL7KGTEC-0657,Tool Lanyard - Technique - SWL 7 kg,76.07,Home Depot / Generic
TOOLLANYL7KGTEC-0661,TOOLLANYL7KGTEC-0661,Tool Lanyard - Technique - SWL 7 kg,76.07,Home Depot / Generic
TOOLLANYL7KGTEC-0662,TOOLLANYL7KGTEC-0662,Tool Lanyard - Technique - SWL 7 kg,76.07,Home Depot / Generic
TOOLLANYL7KGTEC-0699,TOOLLANYL7KGTEC-0699,Tool Lanyard - Technique - SWL 7 kg,76.07,Home Depot / Generic
TOOLLANYL7KGTEC-0701,TOOLLANYL7KGTEC-0701,Tool Lanyard - Technique - SWL 7 kg,76.07,Home Depot / Generic
TOOLLANYL7KGTEC-0702,TOOLLANYL7KGTEC-0702,Tool Lanyard - Technique - SWL 7 kg,76.07,Home Depot / Generic
TOOLLANYL7KGTEC-0703,TOOLLANYL7KGTEC-0703,Tool Lanyard - Technique - SWL 7 kg,76.07,Home Depot / Generic
TOOLLANYL7KGTEC-0704,TOOLLANYL7KGTEC-0704,Tool Lanyard - Technique - SWL 7 kg,76.07,Home Depot / Generic
TOOLLANYL7KGTEC-0705,TOOLLANYL7KGTEC-0705,Tool Lanyard - Technique - SWL 7 kg,76.07,Home Depot / Generic
TOOLLANYL7KGTEC-0706,TOOLLANYL7KGTEC-0706,Tool Lanyard - Technique - SWL 7 kg,76.07,Home Depot / Generic
TOOLLANYL7KGTEC-0708,TOOLLANYL7KGTEC-0708,Tool Lanyard - Technique - SWL 7 kg,76.07,Home Depot / Generic
TOOLLANYL7KGTEC-0709,TOOLLANYL7KGTEC-0709,Tool Lanyard - Technique - SWL 7 kg,76.07,Home Depot / Generic
TOOLLANYL7KGTEC-0710,TOOLLANYL7KGTEC-0710,Tool Lanyard - Technique - SWL 7 kg,76.07,Home Depot / Generic
TOOLLANYL7KGTEC-0711,TOOLLANYL7KGTEC-0711,Tool Lanyard - Technique - SWL 7 kg,76.07,Home Depot / Generic
TOOLLANYL7KGTEC-0712,TOOLLANYL7KGTEC-0712,Tool Lanyard - Technique - SWL 7 kg,76.07,Home Depot / Generic
TOOLLANYL7KGTEC-0713,TOOLLANYL7KGTEC-0713,Tool Lanyard - Technique - SWL 7 kg,76.07,Home Depot / Generic
TOOLLANYL7KGTEC-0714,TOOLLANYL7KGTEC-0714,Tool Lanyard - Technique - SWL 7 kg,76.07,Home Depot / Generic
TOOLLANYL7KGTEC-0715,TOOLLANYL7KGTEC-0715,Tool Lanyard - Technique - SWL 7 kg,76.07,Home Depot / Generic
TOOLLANYL7KGTEC-0717,TOOLLANYL7KGTEC-0717,Tool Lanyard - Technique - SWL 7 kg,76.07,Home Depot / Generic
TOOLLANYL7KGTEC-0718,TOOLLANYL7KGTEC-0718,Tool Lanyard - Technique - SWL 7 kg,76.07,Home Depot / Generic
TOOLLANYL7KGTEC-0719,TOOLLANYL7KGTEC-0719,Tool Lanyard - Technique - SWL 7 kg,76.07,Home Depot / Generic
TOOLLANYL7KGTEC-0720,TOOLLANYL7KGTEC-0720,Tool Lanyard - Technique - SWL 7 kg,76.07,Home Depot / Generic
TOOLLANYL7KGTEC-0721,TOOLLANYL7KGTEC-0721,Tool Lanyard - Technique - SWL 7 kg,76.07,Home Depot / Generic
TOOLLANYL7KGTEC-0723,TOOLLANYL7KGTEC-0723,Tool Lanyard - Technique - SWL 7 kg,76.07,Home Depot / Generic
TOOLLANYL7KGTEC-0726,TOOLLANYL7KGTEC-0726,Tool Lanyard - Technique - SWL 7 kg,76.07,Home Depot / Generic
TOOLLANYL7KGTEC-0727,TOOLLANYL7KGTEC-0727,Tool Lanyard - Technique - SWL 7 kg,76.07,Home Depot / Generic
TOOLLANYL7KGTEC-0728,TOOLLANYL7KGTEC-0728,Tool Lanyard - Technique - SWL 7 kg,76.07,Home Depot / Generic
TOOLLANYL7KGTEC-0729,TOOLLANYL7KGTEC-0729,Tool Lanyard - Technique - SWL 7 kg,76.07,Home Depot / Generic
TOOLLANYL7KGTEC-0730,TOOLLANYL7KGTEC-0730,Tool Lanyard - Technique - SWL 7 kg,76.07,Home Depot / Generic
TOOLLANYL7KGTEC-0733,TOOLLANYL7KGTEC-0733,Tool Lanyard - Technique - SWL 7 kg,76.07,Home Depot / Generic
TOOLLANYL7KGTEC-0734,TOOLLANYL7KGTEC-0734,Tool Lanyard - Technique - SWL 7 kg,76.07,Home Depot / Generic
TOOLLANYL7KGTEC-0735,TOOLLANYL7KGTEC-0735,Tool Lanyard - Technique - SWL 7 kg,76.07,Home Depot / Generic
TOOLLANYL7KGTEC-0736,TOOLLANYL7KGTEC-0736,Tool Lanyard - Technique - SWL 7 kg,76.07,Home Depot / Generic
TOOLLANYL7KGTEC-0737,TOOLLANYL7KGTEC-0737,Tool Lanyard - Technique - SWL 7 kg,76.07,Home Depot / Generic
TOOLLANYL7KGTEC-0738,TOOLLANYL7KGTEC-0738,Tool Lanyard - Technique - SWL 7 kg,76.07,Home Depot / Generic
TOOLLANYL7KGTEC-0739,TOOLLANYL7KGTEC-0739,Tool Lanyard - Technique - SWL 7 kg,76.07,Home Depot / Generic
TOOLLANYL7KGTEC-0740,TOOLLANYL7KGTEC-0740,Tool Lanyard - Technique - SWL 7 kg,76.07,Home Depot / Generic
TOOLLANYL7KGTEC-0741,TOOLLANYL7KGTEC-0741,Tool Lanyard - Technique - SWL 7 kg,76.07,Home Depot / Generic
TOOLLANYL7KGTEC-0742,TOOLLANYL7KGTEC-0742,Tool Lanyard - Technique - SWL 7 kg,76.07,Home Depot / Generic
TOOLLANYL7KGTEC-0743,TOOLLANYL7KGTEC-0743,Tool Lanyard - Technique - SWL 7 kg,76.07,Home Depot / Generic
TOOLLANYL7KGTEC-0746,TOOLLANYL7KGTEC-0746,Tool Lanyard - Technique - SWL 7 kg,76.07,Home Depot / Generic
TOOLLANYL7KGTEC-0747,TOOLLANYL7KGTEC-0747,Tool Lanyard - Technique - SWL 7 kg,76.07,Home Depot / Generic
TOOLLANYL7KGTEC-0748,TOOLLANYL7KGTEC-0748,Tool Lanyard - Technique - SWL 7 kg,76.07,Home Depot / Generic
TOOLLANYL7KGTEC-0753,TOOLLANYL7KGTEC-0753,Tool Lanyard - Technique - SWL 7 kg,76.07,Home Depot / Generic
TOOLLANYL7KGTEC-0754,TOOLLANYL7KGTEC-0754,Tool Lanyard - Technique - SWL 7 kg,76.07,Home Depot / Generic
TOOLLANYL7KGTEC-0756,TOOLLANYL7KGTEC-0756,Tool Lanyard - Technique - SWL 7 kg,76.07,Home Depot / Generic
TOOLLANYL7KGTEC-0757,TOOLLANYL7KGTEC-0757,Tool Lanyard - Technique - SWL 7 kg,76.07,Home Depot / Generic
TOOLLANYL7KGTEC-0758,TOOLLANYL7KGTEC-0758,Tool Lanyard - Technique - SWL 7 kg,76.07,Home Depot / Generic
TOOLLANYL7KGTEC-0759,TOOLLANYL7KGTEC-0759,Tool Lanyard - Technique - SWL 7 kg,76.07,Home Depot / Generic
TOOLLANYL7KGTEC-0760,TOOLLANYL7KGTEC-0760,Tool Lanyard - Technique - SWL 7 kg,76.07,Home Depot / Generic
TOOLLANYL7KGTEC-0761,TOOLLANYL7KGTEC-0761,Tool Lanyard - Technique - SWL 7 kg,76.07,Home Depot / Generic
TOOLLANYL7KGTEC-0762,TOOLLANYL7KGTEC-0762,Tool Lanyard - Technique - SWL 7 kg,76.07,Home Depot / Generic
TOOLLANYL7KGTEC-0763,TOOLLANYL7KGTEC-0763,Tool Lanyard - Technique - SWL 7 kg,76.07,Home Depot / Generic
TOOLLANYL7KGTEC-0764,TOOLLANYL7KGTEC-0764,Tool Lanyard - Technique - SWL 7 kg,76.07,Home Depot / Generic
TOOLLANYL7KGTEC-0765,TOOLLANYL7KGTEC-0765,Tool Lanyard - Technique - SWL 7 kg,76.07,Home Depot / Generic
TOOLLANYL7KGTEC-0766,TOOLLANYL7KGTEC-0766,Tool Lanyard - Technique - SWL 7 kg,76.07,Home Depot / Generic
TOOLLANYL7KGTEC-0767,TOOLLANYL7KGTEC-0767,Tool Lanyard - Technique - SWL 7 kg,76.07,Home Depot / Generic
TOOLLANYL7KGTEC-0768,TOOLLANYL7KGTEC-0768,Tool Lanyard - Technique - SWL 7 kg,76.07,Home Depot / Generic
TOOLLANYL7KGTEC-0769,TOOLLANYL7KGTEC-0769,Tool Lanyard - Technique - SWL 7 kg,76.07,Home Depot / Generic
TOOLLANYL7KGTEC-0770,TOOLLANYL7KGTEC-0770,Tool Lanyard - Technique - SWL 7 kg,76.07,Home Depot / Generic
TOOLLANYL7KGTEC-0771,TOOLLANYL7KGTEC-0771,Tool Lanyard - Technique - SWL 7 kg,76.07,Home Depot / Generic
TOOLLANYL7KGTEC-0775,TOOLLANYL7KGTEC-0775,Tool Lanyard - Technique - SWL 7 kg,76.07,Home Depot / Generic
TOOLLANYL7KGTEC-0776,TOOLLANYL7KGTEC-0776,Tool Lanyard - Technique - SWL 7 kg,76.07,Home Depot / Generic
TOOLLANYL7KGTEC-0777,TOOLLANYL7KGTEC-0777,Tool Lanyard - Technique - SWL 7 kg,76.07,Home Depot / Generic
TOOLLANYL7KGTEC-0782,TOOLLANYL7KGTEC-0782,Tool Lanyard - Technique - SWL 7 kg,76.07,Home Depot / Generic
TOOLLANYL7KGTEC-0794,TOOLLANYL7KGTEC-0794,Tool Lanyard - Technique - SWL 7 kg,76.07,Home Depot / Generic
TOOLLANYL7KGTEC-0799,TOOLLANYL7KGTEC-0799,Tool Lanyard - Technique - SWL 7 kg,76.07,Home Depot / Generic
TOOLLANYL7KGTEC-0800,TOOLLANYL7KGTEC-0800,Tool Lanyard - Technique - SWL 7 kg,76.07,Home Depot / Generic
TOOLLANYL7KGTEC-0802,TOOLLANYL7KGTEC-0802,Tool Lanyard - Technique - SWL 7 kg,76.07,Home Depot / Generic
TOOLLANYL7KGTEC-0805,TOOLLANYL7KGTEC-0805,Tool Lanyard - Technique - SWL 7 kg,76.07,Home Depot / Generic
TOOLLANYL7KGTEC-0812,TOOLLANYL7KGTEC-0812,Tool Lanyard - Technique - SWL 7 kg,76.07,Home Depot / Generic
TOOLLANYL7KGTEC-0813,TOOLLANYL7KGTEC-0813,Tool Lanyard - Technique - SWL 7 kg,76.07,Home Depot / Generic
TOOLLANYL7KGTEC-0814,TOOLLANYL7KGTEC-0814,Tool Lanyard - Technique - SWL 7 kg,76.07,Home Depot / Generic
TOOLLANYL7KGTEC-0815,TOOLLANYL7KGTEC-0815,Tool Lanyard - Technique - SWL 7 kg,76.07,Home Depot / Generic
TOOLLANYL7KGTEC-0816,TOOLLANYL7KGTEC-0816,Tool Lanyard - Technique - SWL 7 kg,76.07,Home Depot / Generic
TOOLLANYL7KGTEC-0817,TOOLLANYL7KGTEC-0817,Tool Lanyard - Technique - SWL 7 kg,76.07,Home Depot / Generic
TOOLLANYL7KGTEC-0818,TOOLLANYL7KGTEC-0818,Tool Lanyard - Technique - SWL 7 kg,76.07,Home Depot / Generic
TOOLLANYL7KGTEC-0819,TOOLLANYL7KGTEC-0819,Tool Lanyard - Technique - SWL 7 kg,76.07,Home Depot / Generic
TOOLLANYL7KGTEC-0821,TOOLLANYL7KGTEC-0821,Tool Lanyard - Technique - SWL 7 kg,76.07,Home Depot / Generic
TOOLLANYL7KGTEC-0833,TOOLLANYL7KGTEC-0833,Tool Lanyard - Technique - SWL 7 kg,76.07,Home Depot / Generic
TOOLLANYL7KGTEC-0834,TOOLLANYL7KGTEC-0834,Tool Lanyard - Technique - SWL 7 kg,76.07,Home Depot / Generic
TOOLLANYL7KGTEC-0836,TOOLLANYL7KGTEC-0836,Tool Lanyard - Technique - SWL 7 kg,76.07,Home Depot / Generic
TOOLLANYL7KGTEC-0839,TOOLLANYL7KGTEC-0839,Tool Lanyard - Technique - SWL 7 kg,76.07,Home Depot / Generic
TOOLLANYL7KGTEC-0840,TOOLLANYL7KGTEC-0840,Tool Lanyard - Technique - SWL 7 kg,76.07,Home Depot / Generic
TOOLLANYL7KGTEC-0841,TOOLLANYL7KGTEC-0841,Tool Lanyard - Technique - SWL 7 kg,76.07,Home Depot / Generic
TOOLLANYL7KGTEC-0842,TOOLLANYL7KGTEC-0842,Tool Lanyard - Technique - SWL 7 kg,76.07,Home Depot / Generic
TOOLLANYL7KGTEC-0843,TOOLLANYL7KGTEC-0843,Tool Lanyard - Technique - SWL 7 kg,76.07,Home Depot / Generic
TOOLLANYL7KGTEC-0847,TOOLLANYL7KGTEC-0847,Tool Lanyard - Technique - SWL 7 kg,76.07,Home Depot / Generic
TOOLLANYL7KGTEC-0848,TOOLLANYL7KGTEC-0848,Tool Lanyard - Technique - SWL 7 kg,76.07,Home Depot / Generic
TOOLLANYL7KGTEC-0855,TOOLLANYL7KGTEC-0855,Tool Lanyard - Technique - SWL 7 kg,76.07,Home Depot / Generic
TOOLLANYL7KGTEC-0858,TOOLLANYL7KGTEC-0858,Tool Lanyard - Technique - SWL 7 kg,76.07,Home Depot / Generic
TOOLLANYL7KGTEC-0862,TOOLLANYL7KGTEC-0862,Tool Lanyard - Technique - SWL 7 kg,76.07,Home Depot / Generic
TOOLLANYL7KGTEC-0869,TOOLLANYL7KGTEC-0869,Tool Lanyard - Technique - SWL 7 kg,76.07,Home Depot / Generic
TOOLLANYL7KGTEC-0870,TOOLLANYL7KGTEC-0870,Tool Lanyard - Technique - SWL 7 kg,76.07,Home Depot / Generic
TOOLLANYL7KGTEC-0871,TOOLLANYL7KGTEC-0871,Tool Lanyard - Technique - SWL 7 kg,76.07,Home Depot / Generic
TOOLLANYL7KGTEC-0872,TOOLLANYL7KGTEC-0872,Tool Lanyard - Technique - SWL 7 kg,76.07,Home Depot / Generic
TOOLLANYL7KGTEC-0874,TOOLLANYL7KGTEC-0874,Tool Lanyard - Technique - SWL 7 kg,76.07,Home Depot / Generic
TOOLLANYL7KGTEC-0875,TOOLLANYL7KGTEC-0875,Tool Lanyard - Technique - SWL 7 kg,76.07,Home Depot / Generic
TOOLLANYL7KGTEC-0877,TOOLLANYL7KGTEC-0877,Tool Lanyard - Technique - SWL 7 kg,76.07,Home Depot / Generic
TOOLLANYL7KGTEC-0878,TOOLLANYL7KGTEC-0878,Tool Lanyard - Technique - SWL 7 kg,76.07,Home Depot / Generic
TOOLLANYL7KGTEC-0879,TOOLLANYL7KGTEC-0879,Tool Lanyard - Technique - SWL 7 kg,76.07,Home Depot / Generic
TOOLLANYL7KGTEC-0904,TOOLLANYL7KGTEC-0904,Tool Lanyard - Technique - SWL 7 kg,76.07,Home Depot / Generic
TOOLLANYL7KGTEC-0905,TOOLLANYL7KGTEC-0905,Tool Lanyard - Technique - SWL 7 kg,76.07,Home Depot / Generic
TOOLLANYL7KGTEC-0781,TOOLLANYL7KGTEC-0781,Tool Lanyard - Technique - SWL 7 kg,76.07,Home Depot / Generic
TOOLLANYL7KGTEC-0744,TOOLLANYL7KGTEC-0744,Tool Lanyard - Technique - SWL 7 kg,76.07,Home Depot / Generic
TOOLLANYL7KGTEC-0660,TOOLLANYL7KGTEC-0660,Tool Lanyard - Technique - SWL 7 kg,76.07,Home Depot / Generic
TOOLLANYL7KGTEC-0177,TOOLLANYL7KGTEC-0177,Tool Lanyard - Technique - SWL 7 kg,76.07,Home Depot / Generic
TOOLLANYL7KGTEC-0724,TOOLLANYL7KGTEC-0724,Tool Lanyard - Technique - SWL 7 kg,76.07,Home Depot / Generic
TOOLLANYL7KGTEC-0852,TOOLLANYL7KGTEC-0852,Tool Lanyard - Technique - SWL 7 kg,76.07,Home Depot / Generic
VERNCALDIG150MM-0005,VERNCALDIG150MM-0005,Digital Vernier Caliper - 150 mm,297,https://www.primesupplies.com.au/product/vernier-caliper-digital-150mm-mitutoyo/
SKTET1/2131-0043,SKTET1/2131-0043,"1/2"" Drive Impact Socket - 13 mm",15,Daytona/Kincrome via Sydney Tools
SKTET1/2131-0044,SKTET1/2131-0044,"1/2"" Drive Impact Socket - 13 mm",15,Daytona/Kincrome via Sydney Tools
SKTET1/2151-0058,SKTET1/2151-0058,"1/2"" Drive Impact Socket - 15 mm",12,Kincrome via Total Tools
SKTET1/2151-0059,SKTET1/2151-0059,"1/2"" Drive Impact Socket - 15 mm",12,Kincrome via Total Tools
SKTET1/2151-0060,SKTET1/2151-0060,"1/2"" Drive Impact Socket - 15 mm",12,Kincrome via Total Tools
SKTET1/2151-0061,SKTET1/2151-0061,"1/2"" Drive Impact Socket - 15 mm",12,Kincrome via Total Tools
SKTET1/2181-0046,SKTET1/2181-0046,"1/2"" Drive Impact Socket - 18 mm",12,Kincrome via Total Tools
SKTET1/2181-0051,SKTET1/2181-0051,"1/2"" Drive Impact Socket - 18 mm",12,Kincrome via Total Tools
SKTET1/2181-0053,SKTET1/2181-0053,"1/2"" Drive Impact Socket - 18 mm",12,Kincrome via Total Tools
SKTET1/2231-0011,SKTET1/2231-0011,"1/2"" Drive Impact Socket - 23 mm",10,Estimated based on 21mm size
SKTET1/2231-0012,SKTET1/2231-0012,"1/2"" Drive Impact Socket - 23 mm",10,Estimated based on 21mm size
SKTET1/2231-0013,SKTET1/2231-0013,"1/2"" Drive Impact Socket - 23 mm",10,Estimated based on 21mm size
SKTET1/2231-0014,SKTET1/2231-0014,"1/2"" Drive Impact Socket - 23 mm",10,Estimated based on 21mm size
SKTET1/2341-0001,SKTET1/2341-0001,"1/2"" Drive Impact Socket - 34 mm",25,Kincrome via Total Tools
SKTET1/2341-0003,SKTET1/2341-0003,"1/2"" Drive Impact Socket - 34 mm",25,Kincrome via Total Tools
SKTET1/2341-0004,SKTET1/2341-0004,"1/2"" Drive Impact Socket - 34 mm",25,Kincrome via Total Tools
SKTET1/2341-0005,SKTET1/2341-0005,"1/2"" Drive Impact Socket - 34 mm",25,Kincrome via Total Tools
SKT1/2IN301-0118,SKT1/2IN301-0118,"1/2"" Drive Impact Socket - 30 mm",28,Kincrome/Sutton/Irwin via Total Tools (Estimated)
SKT1/2IN301-0119,SKT1/2IN301-0119,"1/2"" Drive Impact Socket - 30 mm",28,Kincrome/Sutton/Irwin via Total Tools (Estimated)
SKT1/2IN301-0120,SKT1/2IN301-0120,"1/2"" Drive Impact Socket - 30 mm",28,Kincrome/Sutton/Irwin via Total Tools (Estimated)
SKT1/2IN301-0121,SKT1/2IN301-0121,"1/2"" Drive Impact Socket - 30 mm",28,Kincrome/Sutton/Irwin via Total Tools (Estimated)
SKT1/2IN301-0424N,SKT1/2IN301-0424,"1/2"" Drive Impact Socket - 30 mm",28,Kincrome/Sutton/Irwin via Total Tools (Estimated)
SKTCKET1191-0001,SKTCKET1191-0001,"1"" Drive Impact Socket - 19 mm",45,TTI via Total Tools
SKTCKET1251-0002,SKTCKET1251-0002,"1"" Drive Impact Socket - 25 mm",55,TTI via Total Tools
SKTCKET1271-0018,SKTCKET1271-0018,"1"" Drive Impact Socket - 27 mm",55,TTI via Total Tools
SKTET1IN501-0041,SKTET1IN501-0041,"1"" Drive Impact Socket - 50 mm",75,TTI via Total Tools
SKTET1IN701-0004,SKTET1IN701-0004,"1"" Drive Impact Socket - 70 mm",120,Kincrome via Total Tools
SKTET1IN701-0006,SKTET1IN701-0006,"1"" Drive Impact Socket - 70 mm",120,Kincrome via Total Tools
SKTET3/4261-0011,SKTET3/4261-0011,"3/4"" Drive Impact Socket - 26 mm",22,Kincrome via Total Tools
SKTET3/4261-0015,SKTET3/4261-0015,"3/4"" Drive Impact Socket - 26 mm",22,Kincrome via Total Tools
SKTET3/4261-0401N,SKTET3/4261-0401,"3/4"" Drive Impact Socket - 26 mm",22,Kincrome via Total Tools
SKTET3/4261-0480N,SKTET3/4261-0480,"3/4"" Drive Impact Socket - 26 mm",22,Kincrome via Total Tools
SKTXT1/2751-0021,SKTXT1/2751-0021,"1/2"" Drive Socket Extension - 75 mm",15,Kincrome via Total Tools
SKTMP1/2-7/81-0015,SKTMP1/2-7/81-0015,"1/2"" Drive Impact Socket - 7/8""",15,Kincrome via Total Tools
SKTMP1/2-7/81-0016,SKTMP1/2-7/81-0016,"1/2"" Drive Impact Socket - 7/8""",15,Kincrome via Total Tools
SKTMP1/2-7/81-0017,SKTMP1/2-7/81-0017,"1/2"" Drive Impact Socket - 7/8""",15,Kincrome via Total Tools
SKTMP1/2-7/81-0018,SKTMP1/2-7/81-0018,"1/2"" Drive Impact Socket - 7/8""",15,Kincrome via Total Tools
SKTMP11-1/161-0502N,SKTMP11-1/161-0502,"1"" Drive Impact Socket - 1 1/16""",48,Kincrome via Total Tools
SKTMP11-1/161-0503N,SKTMP11-1/161-0503,"1"" Drive Impact Socket - 1 1/16""",48,Kincrome via Total Tools
SKTCKETIMP121-0021,SKTCKETIMP121-0021,"1"" Drive Impact Socket - 2""",85,Action via Total Tools
SKTCKETIMP121-0022,SKTCKETIMP121-0022,"1"" Drive Impact Socket - 2""",85,Action via Total Tools
SKTIMP12-7/81-0001,SKTIMP12-7/81-0001,"1"" Drive Impact Socket - 2 7/8""",65,TTI via Total Tools
SKT-1--11/161-0001,SKT-1--11/161-0001,"3/4"" Drive Impact Socket - 1 11/16""",45,TTI via Total Tools
SKT3/41-3/8D1-0006,SKT3/41-3/8D1-0006,"3/4"" Drive Deep Impact Socket - 1 3/8""",45,Kincrome/Sutton/Irwin via Total Tools (Estimated)
SKT3/41-3/8D1-0008,SKT3/41-3/8D1-0008,"3/4"" Drive Deep Impact Socket - 1 3/8""",45,Kincrome/Sutton/Irwin via Total Tools (Estimated)
SKT3/41-3/8D1-0009,SKT3/41-3/8D1-0009,"3/4"" Drive Deep Impact Socket - 1 3/8""",45,Kincrome/Sutton/Irwin via Total Tools (Estimated)
SKT3/41-3/8D1-0103N,SKT3/41-3/8D1-0014,"3/4"" Drive Deep Impact Socket - 1 3/8""",45,Kincrome/Sutton/Irwin via Total Tools (Estimated)
SKT3/41-3/8D1-0104N,SKT3/41-3/8D1-0015,"3/4"" Drive Deep Impact Socket - 1 3/8""",45,Kincrome/Sutton/Irwin via Total Tools (Estimated)
SKT3/41-3/8D1-0017,SKT3/41-3/8D1-0017,"3/4"" Drive Deep Impact Socket - 1 3/8""",45,Kincrome/Sutton/Irwin via Total Tools (Estimated)
SKT3/4-27/161-0001,SKT3/4-27/161-0001,"3/4"" Drive Impact Socket - 2 7/16""",45,TTI via Total Tools
SKTMP3/4-3/41-0500N,SKTMP3/4-3/41-0001,"3/4"" Drive Impact Socket - 3/4""",45,TTI via Total Tools
SKTMPEXT13001-0001N,SKTMPEXT13001-0001,"1"" Drive Socket Extension - 300 mm",110,Estimated trade quality
SKTMPEXT13001-0002N,SKTMPEXT13001-0002,"1"" Drive Socket Extension - 300 mm",110,Estimated trade quality
SKT-1/2-15MM1-0039,SKT-1/2-15mm1-0039,"1/2"" Drive Deep Impact Socket - 15 mm",18,Estimated based on Daytona pricing
SKT-1/2-15MM1-0047,SKT-1/2-15mm1-0047,"1/2"" Drive Deep Impact Socket - 15 mm",18,Estimated based on Daytona pricing
SKTPL1IN501-0009,SKTPL1in501-0009,"1"" Drive Deep Impact Socket - 50 mm",85,TTI via Total Tools
SKT-3/4-19MM1-0036,SKT-3/4-19mm1-0036,"3/4"" Drive Deep Impact Socket - 19 mm",22,Estimated based on Daytona pricing
SKT-3/4-19MM1-0042,SKT-3/4-19mm1-0042,"3/4"" Drive Deep Impact Socket - 19 mm",22,Estimated based on Daytona pricing
SKT-3/4-26MM1-0001,SKT-3/4-26mm1-0001,"3/4"" Drive Deep Impact Socket - 26 mm",50,Kincrome via Total Tools
SKT-3/4-26MM1-0007,SKT-3/4-26mm1-0007,"3/4"" Drive Deep Impact Socket - 26 mm",50,Kincrome via Total Tools
SKT-3/4-26MM1-0008,SKT-3/4-26mm1-0008,"3/4"" Drive Deep Impact Socket - 26 mm",50,Kincrome via Total Tools
SKT-3/4-35MM1-0007,SKT-3/4-35mm1-0007,"3/4"" Drive Deep Impact Socket - 35 mm",60,Estimated trade quality
SKT-3/4-35MM1-0008,SKT-3/4-35mm1-0008,"3/4"" Drive Deep Impact Socket - 35 mm",60,Estimated trade quality
SKT-3/4-38MM1-0006,SKT-3/4-38mm1-0006,"3/4"" Drive Deep Impact Socket - 38 mm",40,Estimated based on typical trade quality
SKT-3/4-38MM1-0022,SKT-3/4-38mm1-0022,"3/4"" Drive Deep Impact Socket - 38 mm",40,Estimated based on typical trade quality
SKT-3/4-38MM1-0023,SKT-3/4-38mm1-0023,"3/4"" Drive Deep Impact Socket - 38 mm",40,Estimated based on typical trade quality
SKT-3/4-38MM1-0024,SKT-3/4-38mm1-0024,"3/4"" Drive Deep Impact Socket - 38 mm",40,Estimated based on typical trade quality
SKT-3/4-41MM1-0030,SKT-3/4-41mm1-0030,"3/4"" Drive Deep Impact Socket - 41 mm",45,Estimated based on typical trade quality
SKT-3/4-41MM1-0031,SKT-3/4-41mm1-0031,"3/4"" Drive Deep Impact Socket - 41 mm",45,Estimated based on typical trade quality
SKT-3/4-41MM1-0034,SKT-3/4-41mm1-0034,"3/4"" Drive Deep Impact Socket - 41 mm",45,Estimated based on typical trade quality
SKT-3/4-41MM1-0035,SKT-3/4-41mm1-0035,"3/4"" Drive Deep Impact Socket - 41 mm",45,Estimated based on typical trade quality
SKT303/4IN1-0018,SKT303/4IN1-0018,"3/4"" Drive Deep Impact Socket - 30 mm",38,Daytona via Sydney Tools
SKT303/4IN1-0027,SKT303/4IN1-0027,"3/4"" Drive Deep Impact Socket - 30 mm",38,Daytona via Sydney Tools
SKT303/4IN1-0029,SKT303/4IN1-0029,"3/4"" Drive Deep Impact Socket - 30 mm",38,Daytona via Sydney Tools
SKT303/4IN1-0030,SKT303/4IN1-0030,"3/4"" Drive Deep Impact Socket - 30 mm",38,Daytona via Sydney Tools
SKT303/4IN1-0061,SKT303/4IN1-0061,"3/4"" Drive Deep Impact Socket - 30 mm",38,Daytona via Sydney Tools
SKT303/4IN1-0062,SKT303/4IN1-0062,"3/4"" Drive Deep Impact Socket - 30 mm",38,Daytona via Sydney Tools
SKT303/4IN1-0063,SKT303/4IN1-0063,"3/4"" Drive Deep Impact Socket - 30 mm",38,Daytona via Sydney Tools
SKTNHEX1/2-1/21-0005,SKTNHEX1/2-1/21-0005,"1/2"" Drive Impact Inhex Socket - 1/2""",20,Kincrome via Total Tools
SKTHEX5/16-1/21-0006,SKTHEX5/16-1/21-0006,"1/2"" Drive Impact Inhex Socket - 5/16""",14.8,https://www.primesupplies.com.au/product/impact-inhex-socket-1-2-dr-5-16/
SKTNHEX5/8-1/21-0004,SKTNHEX5/8-1/21-0004,"1/2"" Drive Impact Inhex Socket - 5/8""",22,Estimated based on TTI/Sidchrome pricing
SKTNHEX5/8-1/21-0005,SKTNHEX5/8-1/21-0005,"1/2"" Drive Impact Inhex Socket - 5/8""",22,Estimated based on TTI/Sidchrome pricing
SKTHEX9/16-1/21-0005,SKTHEX9/16-1/21-0005,"1/2"" Drive Impact Inhex Socket - 9/16""",15,TTI via Total Tools
SKTHANDLE3/41-0002,SKTHANDLE3/41-0002,"3/4"" Drive Socket T-Bar",53.85,Toptul via Toptul Tools
SKTHANDLE3/41-0015,SKTHANDLE3/41-0015,"3/4"" Drive Socket T-Bar",53.85,Toptul via Toptul Tools
SKTHANDLE3/41-0028,SKTHANDLE3/41-0028,"3/4"" Drive Socket T-Bar",53.85,Toptul via Toptul Tools
SKTHANDLE3/41-0029,SKTHANDLE3/41-0029,"3/4"" Drive Socket T-Bar",53.85,Toptul via Toptul Tools
SKTHANDLE3/41-0030,SKTHANDLE3/41-0030,"3/4"" Drive Socket T-Bar",53.85,Toptul via Toptul Tools
SKTE253/41-0001,SKTE253/41-0001,"3/4"" Drive Impact Socket - 25 mm",35,Estimated based on typical trade quality
SKTE253/41-0002,SKTE253/41-0002,"3/4"" Drive Impact Socket - 25 mm",35,Estimated based on typical trade quality
SKTE253/41-0003,SKTE253/41-0003,"3/4"" Drive Impact Socket - 25 mm",35,Estimated based on typical trade quality
SKTE253/41-0004,SKTE253/41-0004,"3/4"" Drive Impact Socket - 25 mm",35,Estimated based on typical trade quality
SKTE283/41-0001,SKTE283/41-0001,"3/4"" Drive Impact Socket - 28 mm",45,Kincrome via Total Tools
SKTE283/41-0002,SKTE283/41-0002,"3/4"" Drive Impact Socket - 28 mm",45,Kincrome via Total Tools
SKTE283/41-0003,SKTE283/41-0003,"3/4"" Drive Impact Socket - 28 mm",45,Kincrome via Total Tools
SKTE3/4D113/161-0004,SKTE3/4D113/161-0004,"3/4"" Drive Impact Socket - 1 13/16""",75,Kincrome via Total Tools
SKTQUE3/4D13/41-0001,SKTQUE3/4D13/41-0001,"3/4"" Drive Impact Socket - 1 3/4""",70,Kincrome via Total Tools
SKTQUE3/4D15/81-0001,SKTQUE3/4D15/81-0001,"3/4"" Drive Impact Socket - 1 5/8""",45,Kincrome/Sutton/Irwin via Total Tools (Estimated)
SKTQUE3/4D15/81-0002,SKTQUE3/4D15/81-0002,"3/4"" Drive Impact Socket - 1 5/8""",45,Kincrome/Sutton/Irwin via Total Tools (Estimated)
SKTQUE3/4D15/81-0003,SKTQUE3/4D15/81-0003,"3/4"" Drive Impact Socket - 1 5/8""",45,Kincrome/Sutton/Irwin via Total Tools (Estimated)
SKTQUE3/4D15/81-0004,SKTQUE3/4D15/81-0004,"3/4"" Drive Impact Socket - 1 5/8""",45,Kincrome/Sutton/Irwin via Total Tools (Estimated)
SKTQUE3/4D15/81-0005,SKTQUE3/4D15/81-0005,"3/4"" Drive Impact Socket - 1 5/8""",45,Kincrome/Sutton/Irwin via Total Tools (Estimated)
SKTQUE3/4D15/81-0006,SKTQUE3/4D15/81-0006,"3/4"" Drive Impact Socket - 1 5/8""",45,Kincrome/Sutton/Irwin via Total Tools (Estimated)
SKTQUE3/4D17/81-0001,SKTQUE3/4D17/81-0001,"3/4"" Drive Impact Socket - 1 7/8""",65,Estimated based on large sockets
SKTQUE3/4D17/81-0002,SKTQUE3/4D17/81-0002,"3/4"" Drive Impact Socket - 1 7/8""",65,Estimated based on large sockets
SKTQUE3/4D17/81-0003,SKTQUE3/4D17/81-0003,"3/4"" Drive Impact Socket - 1 7/8""",65,Estimated based on large sockets
SKTE383/41-0001,SKTE383/41-0001,"3/4"" Drive Impact Socket - 38 mm",65,Daytona/Kincrome via Sydney Tools
SKTE383/41-0002,SKTE383/41-0002,"3/4"" Drive Impact Socket - 38 mm",65,Daytona/Kincrome via Sydney Tools
SOCKSET14DAFMET-0008,SOCKSET14DAFMET-0008,"1/4"" Drive Socket Set - AF & Metric",95,Kincrome via Total Tools
SOCKSET14DAFMET-0009,SOCKSET14DAFMET-0009,"1/4"" Drive Socket Set - AF & Metric",95,Kincrome via Total Tools
SOCKSET14DAFMET-0010N,SOCKSET14DAFMET-0010,"1/4"" Drive Socket Set - AF & Metric",95,Kincrome via Total Tools
SPAOERG1 - 12-0008,SPAOERG1 - 12-0008,"1 1/2"" Combination Spanner",150,"Interpolated from Kincrome 1-1/4"""
SPAOERG1 - 12-0015,SPAOERG1 - 12-0015,"1 1/2"" Combination Spanner",150,"Interpolated from Kincrome 1-1/4"""
SPAOERG1 - 12-0223N,SPAOERG1 - 12-0025,"1 1/2"" Combination Spanner",150,"Interpolated from Kincrome 1-1/4"""
SPAOERG1 - 12-0028,SPAOERG1 - 12-0028,"1 1/2"" Combination Spanner",150,"Interpolated from Kincrome 1-1/4"""
SPAOERG1 - 12-0029,SPAOERG1 - 12-0029,"1 1/2"" Combination Spanner",150,"Interpolated from Kincrome 1-1/4"""
SPAOERG1 - 12-0119,SPAOERG1 - 12-0119,"1 1/2"" Combination Spanner",150,"Interpolated from Kincrome 1-1/4"""
T16420/220,SPAOERG1 - 12-0220,"1 1/2"" Combination Spanner",150,"Interpolated from Kincrome 1-1/4"""
SPAOERG1 - 12-0224N,SPAOERG1 - 12-0224,"1 1/2"" Combination Spanner",150,"Interpolated from Kincrome 1-1/4"""
SPAOERG1 - 1116-0027,SPAOERG1 - 1116-0027,"1 11/16"" Combination Spanner",55,Kincrome via Total Tools
SPAOERG1 - 1116-0401,SPAOERG1 - 1116-0401,"1 11/16"" Combination Spanner",55,Kincrome via Total Tools
SPAOERG1 - 1116-0403,SPAOERG1 - 1116-0403,"1 11/16"" Combination Spanner",55,Kincrome via Total Tools
SPAOERG1 - 1116-0413,SPAOERG1 - 1116-0413,"1 11/16"" Combination Spanner",55,Kincrome via Total Tools
SPAOERG1 - 1116-0420,SPAOERG1 - 1116-0420,"1 11/16"" Combination Spanner",55,Kincrome via Total Tools
SPAOERG1 - 1116-0427,SPAOERG1 - 1116-0427,"1 11/16"" Combination Spanner",55,Kincrome via Total Tools
SPAOERG1 - 716-0500N,SPAOERG1 - 716-0002,"1 7/16"" Combination Spanner",45,Kincrome via Total Tools
SPAOERG1 - 716-0440N,SPAOERG1 - 716-0003,"1 7/16"" Combination Spanner",45,Kincrome via Total Tools
SPAOERG1 - 716-0096,SPAOERG1 - 716-0096,"1 7/16"" Combination Spanner",45,Kincrome via Total Tools
SPAOERG1 - 716-0097,SPAOERG1 - 716-0097,"1 7/16"" Combination Spanner",45,Kincrome via Total Tools
SPAOERG1 - 716-0098,SPAOERG1 - 716-0098,"1 7/16"" Combination Spanner",45,Kincrome via Total Tools
SPAOERG1 - 716-0099,SPAOERG1 - 716-0099,"1 7/16"" Combination Spanner",45,Kincrome via Total Tools
SPAOERG1 - 716-0445,SPAOERG1 - 716-0445,"1 7/16"" Combination Spanner",45,Kincrome via Total Tools
SPAO/E/RING3/8-0005,SPAO/E/RING3/8-0005,"3/8"" Combination Spanner",24,"Interpolated from Kincrome 1/2"""
SPAO/E/RING3/8-0006N,SPAO/E/RING3/8-0006,"3/8"" Combination Spanner",24,"Interpolated from Kincrome 1/2"""
SPAO/E/RING3/8-0007,SPAO/E/RING3/8-0007,"3/8"" Combination Spanner",24,"Interpolated from Kincrome 1/2"""
SPAO/E/RING3/8-0008,SPAO/E/RING3/8-0008,"3/8"" Combination Spanner",24,"Interpolated from Kincrome 1/2"""
SPAO/E/RING3/8-0009,SPAO/E/RING3/8-0009,"3/8"" Combination Spanner",24,"Interpolated from Kincrome 1/2"""
SPAO/E/RING3/8-0010,SPAO/E/RING3/8-0010,"3/8"" Combination Spanner",24,"Interpolated from Kincrome 1/2"""
SPAO/E/RING3/8-0009N,SPAO/E/RING3/8-0011,"3/8"" Combination Spanner",24,"Interpolated from Kincrome 1/2"""
SPAO/E/RING3/8-0012,SPAO/E/RING3/8-0012,"3/8"" Combination Spanner",24,"Interpolated from Kincrome 1/2"""
SPAO/E/RING3/8-0015,SPAO/E/RING3/8-0015,"3/8"" Combination Spanner",24,"Interpolated from Kincrome 1/2"""
SPAO/E/RING3/8-0016,SPAO/E/RING3/8-0016,"3/8"" Combination Spanner",24,"Interpolated from Kincrome 1/2"""
SPAO/E/RING3/8-0017,SPAO/E/RING3/8-0017,"3/8"" Combination Spanner",24,"Interpolated from Kincrome 1/2"""
SPAO/E/RING3/8-0020,SPAO/E/RING3/8-0020,"3/8"" Combination Spanner",24,"Interpolated from Kincrome 1/2"""
SPAO/E/RING3/8-0022,SPAO/E/RING3/8-0022,"3/8"" Combination Spanner",24,"Interpolated from Kincrome 1/2"""
SPAO/E/RING3/8-0023,SPAO/E/RING3/8-0023,"3/8"" Combination Spanner",24,"Interpolated from Kincrome 1/2"""
SPAO/E/RING3/8-0024,SPAO/E/RING3/8-0024,"3/8"" Combination Spanner",24,"Interpolated from Kincrome 1/2"""
SPAO/E/RING9/16-0011,SPAO/E/RING9/16-0011,"9/16"" Combination Spanner",26.5,"Interpolated from Kincrome 1/2"""
SPAO/E/RING9/16-0014,SPAO/E/RING9/16-0014,"9/16"" Combination Spanner",26.5,"Interpolated from Kincrome 1/2"""
SPAO/E/RING9/16-0016,SPAO/E/RING9/16-0016,"9/16"" Combination Spanner",26.5,"Interpolated from Kincrome 1/2"""
SPAO/E/RING9/16-0018,SPAO/E/RING9/16-0018,"9/16"" Combination Spanner",26.5,"Interpolated from Kincrome 1/2"""
SPAO/E/RING9/16-0020,SPAO/E/RING9/16-0020,"9/16"" Combination Spanner",26.5,"Interpolated from Kincrome 1/2"""
SPAO/E/RING9/16-0021,SPAO/E/RING9/16-0021,"9/16"" Combination Spanner",26.5,"Interpolated from Kincrome 1/2"""
SPAO/E/RING9/16-0022,SPAO/E/RING9/16-0022,"9/16"" Combination Spanner",26.5,"Interpolated from Kincrome 1/2"""
SPAO/E/RING9/16-0023,SPAO/E/RING9/16-0023,"9/16"" Combination Spanner",26.5,"Interpolated from Kincrome 1/2"""
SPAO/E/RING9/16-0024,SPAO/E/RING9/16-0024,"9/16"" Combination Spanner",26.5,"Interpolated from Kincrome 1/2"""
SPAO/E/RING9/16-0025,SPAO/E/RING9/16-0025,"9/16"" Combination Spanner",26.5,"Interpolated from Kincrome 1/2"""
SPAO/E/RING9/16-0026,SPAO/E/RING9/16-0026,"9/16"" Combination Spanner",26.5,"Interpolated from Kincrome 1/2"""
SPAO/E/RING9/16-0027,SPAO/E/RING9/16-0027,"9/16"" Combination Spanner",26.5,"Interpolated from Kincrome 1/2"""
SPAO/E/RING9/16-0030,SPAO/E/RING9/16-0030,"9/16"" Combination Spanner",26.5,"Interpolated from Kincrome 1/2"""
SPAO/E/RING9/16-0031,SPAO/E/RING9/16-0031,"9/16"" Combination Spanner",26.5,"Interpolated from Kincrome 1/2"""
SPAO/E/RING9/16-0032,SPAO/E/RING9/16-0032,"9/16"" Combination Spanner",26.5,"Interpolated from Kincrome 1/2"""
SPARINGO/E-12MM-000001,SPARINGO/E-12MM-000001,12 mm Combination Spanner,14,Kincrome via Total Tools
SPARINGO/E-12MM-0001N,SPARINGO/E-12MM-0040,12 mm Combination Spanner,14,Kincrome via Total Tools
SPARINGO/E-12MM-0042,SPARINGO/E-12MM-0042,12 mm Combination Spanner,14,Kincrome via Total Tools
SPARINGO/E-12MM-0043,SPARINGO/E-12MM-0043,12 mm Combination Spanner,14,Kincrome via Total Tools
SPARINGO/E-12MM-0044,SPARINGO/E-12MM-0044,12 mm Combination Spanner,14,Kincrome via Total Tools
SPARINGO/E-12MM-0354N,SPARINGO/E-12MM-0354,12 mm Combination Spanner,14,Kincrome via Total Tools
SPARINGO/E-14MM-0034,SPARINGO/E-14MM-0034,14 mm Combination Spanner,17,Kincrome via Total Tools
SPARINGO/E-14MM-0036,SPARINGO/E-14MM-0036,14 mm Combination Spanner,17,Kincrome via Total Tools
SPARINGO/E-14MM-0037,SPARINGO/E-14MM-0037,14 mm Combination Spanner,17,Kincrome via Total Tools
SPARINGO/E-15MM-0041,SPARINGO/E-15MM-0041,15 mm Combination Spanner,18,Kincrome via Total Tools
SPARINGO/E-15MM-0044,SPARINGO/E-15MM-0044,15 mm Combination Spanner,18,Kincrome via Total Tools
SPARINGO/E-15MM-0045,SPARINGO/E-15MM-0045,15 mm Combination Spanner,18,Kincrome via Total Tools
SPARINGO/E-16MM-0021,SPARINGO/E-16MM-0021,16 mm Combination Spanner,18,Kincrome via Total Tools
SPARINGO/E-16MM-0022,SPARINGO/E-16MM-0022,16 mm Combination Spanner,18,Kincrome via Total Tools
SPARINGO/E-16MM-0036,SPARINGO/E-16MM-0036,16 mm Combination Spanner,18,Kincrome via Total Tools
SPARINGO/E-16MM-0037,SPARINGO/E-16MM-0037,16 mm Combination Spanner,18,Kincrome via Total Tools
SPARINGO/E-16MM-0038,SPARINGO/E-16MM-0038,16 mm Combination Spanner,18,Kincrome via Total Tools
SPARINGO/E-16MM-0040,SPARINGO/E-16MM-0040,16 mm Combination Spanner,18,Kincrome via Total Tools
SPARINGO/E-16MM-0082N,SPARINGO/E-16MM-0082,16 mm Combination Spanner,18,Kincrome via Total Tools
SPARINGO/E-23MM-0046,SPARINGO/E-23MM-0046,23 mm Combination Spanner,35,Estimated trade quality
SPARINGO/E-23MM-0047,SPARINGO/E-23MM-0047,23 mm Combination Spanner,35,Estimated trade quality
SPARINGO/E-24MM-0166,SPARINGO/E-24MM-0166,24 mm Combination Spanner,35,Kincrome/Sutton/Irwin via Total Tools (Estimated)
SPARINGO/E-24MM-0292,SPARINGO/E-24MM-0292,24 mm Combination Spanner,35,Kincrome/Sutton/Irwin via Total Tools (Estimated)
SPARINGO/E-24MM-0301,SPARINGO/E-24MM-0301,24 mm Combination Spanner,35,Kincrome/Sutton/Irwin via Total Tools (Estimated)
SPARINGO/E-24MM-0322,SPARINGO/E-24MM-0322,24 mm Combination Spanner,35,Kincrome/Sutton/Irwin via Total Tools (Estimated)
SPARINGO/E-24MM-0323,SPARINGO/E-24MM-0323,24 mm Combination Spanner,35,Kincrome/Sutton/Irwin via Total Tools (Estimated)
SPARINGO/E-24MM-0324,SPARINGO/E-24MM-0324,24 mm Combination Spanner,35,Kincrome/Sutton/Irwin via Total Tools (Estimated)
SPARINGO/E-26MM-0012,SPARINGO/E-26MM-0012,26 mm Combination Spanner,35,Kincrome via Total Tools
SPARINGO/E-26MM-0014,SPARINGO/E-26MM-0014,26 mm Combination Spanner,35,Kincrome via Total Tools
SPARINGO/E-26MM-0015,SPARINGO/E-26MM-0015,26 mm Combination Spanner,35,Kincrome via Total Tools
SPARINGO/E-36MM-0056,SPARINGO/E-36MM-0056,36 mm Combination Spanner,60,Kincrome via Total Tools
SPARINGO/E-36MM-0078,SPARINGO/E-36MM-0078,36 mm Combination Spanner,60,Kincrome via Total Tools
SPARINGO/E-36MM-0092,SPARINGO/E-36MM-0092,36 mm Combination Spanner,60,Kincrome via Total Tools
SPARINGO/E-36MM-0116,SPARINGO/E-36MM-0116,36 mm Combination Spanner,60,Kincrome via Total Tools
SPARINGO/E-36MM-0118,SPARINGO/E-36MM-0118,36 mm Combination Spanner,60,Kincrome via Total Tools
SPARINGO/E-36MM-0119,SPARINGO/E-36MM-0119,36 mm Combination Spanner,60,Kincrome via Total Tools
SPARINGO/E-36MM-0120,SPARINGO/E-36MM-0120,36 mm Combination Spanner,60,Kincrome via Total Tools
SPARINGO/E60MM-0014,SPARINGO/E60MM-0014,60 mm Combination Spanner,95,Estimated based on similar sizes
SPARINGO/E60MM-0015,SPARINGO/E60MM-0015,60 mm Combination Spanner,95,Estimated based on similar sizes
T19610/223,SPARINGO/E60MM-0223,60 mm Combination Spanner,95,Estimated based on similar sizes
T19610/504,SPARINGO/E60MM-0504,60 mm Combination Spanner,95,Estimated based on similar sizes
SPARINGO/E-75MM-0019,SPARINGO/E-75MM-0019,75 mm Combination Spanner,300,Kincrome/Toledo via Total Tools
SPARINGO/E-75MM-0021,SPARINGO/E-75MM-0021,75 mm Combination Spanner,300,Kincrome/Toledo via Total Tools
SPANFLOF48MM -0001,SPANFLOF48MM -0001,48 mm Flogging Spanner,95,Toledo via Total Tools
SPANFLOF48MM -0002,SPANFLOF48MM -0002,48 mm Flogging Spanner,95,Toledo via Total Tools
SPANFLOG7/8-0004,SPANFLOG7/8-0004,"7/8"" Flogging Spanner",45,Toledo/Daytona via Total Tools/Sydney Tools
SPANFLOG7/8-0005,SPANFLOG7/8-0005,"7/8"" Flogging Spanner",45,Toledo/Daytona via Total Tools/Sydney Tools
SPANFLOGFL2-916-0011,SPANFLOGFL2-916-0011,"2 9/16"" Flat Flogging Spanner",130,Toledo via Total Tools
SPANFLOGFL2-916-0013,SPANFLOGFL2-916-0013,"2 9/16"" Flat Flogging Spanner",130,Toledo via Total Tools
SPANFLOGOF1-1/8-0002,SPANFLOGOF1-1/8-0002,"1 1/8"" Offset Flogging Spanner",85,Geodore via Total Tools
SNIPSSTRTRAIGHT-0024,SNIPSSTRTRAIGHT-0024,Snips - Straight,35,Wiss via Total Tools
SKTET1/2191-0095,SKTET1/2191-0095,"1/2"" Drive Impact Socket - 19 mm",12.48,Daytona via Sydney Tools
SKTET1/2191-0096,SKTET1/2191-0096,"1/2"" Drive Impact Socket - 19 mm",12.48,Daytona via Sydney Tools
SKTET1/2191-0099,SKTET1/2191-0099,"1/2"" Drive Impact Socket - 19 mm",12.48,Daytona via Sydney Tools
SKTET1/2191-0109,SKTET1/2191-0109,"1/2"" Drive Impact Socket - 19 mm",12.48,Daytona via Sydney Tools
SKTET1/2191-0110,SKTET1/2191-0110,"1/2"" Drive Impact Socket - 19 mm",12.48,Daytona via Sydney Tools
SKTET1/2191-0130,SKTET1/2191-0130,"1/2"" Drive Impact Socket - 19 mm",12.48,Daytona via Sydney Tools
SKTET1/2191-0131,SKTET1/2191-0131,"1/2"" Drive Impact Socket - 19 mm",12.48,Daytona via Sydney Tools
SKTET1/2241-0079,SKTET1/2241-0079,"1/2"" Drive Impact Socket - 24 mm",10.48,Trojan via Bunnings
SKTET1/2241-0082,SKTET1/2241-0082,"1/2"" Drive Impact Socket - 24 mm",10.48,Trojan via Bunnings
SKTET1/2241-0083,SKTET1/2241-0083,"1/2"" Drive Impact Socket - 24 mm",10.48,Trojan via Bunnings
SKTET1/2241-0087,SKTET1/2241-0087,"1/2"" Drive Impact Socket - 24 mm",10.48,Trojan via Bunnings
SKTET1/2241-0092,SKTET1/2241-0092,"1/2"" Drive Impact Socket - 24 mm",10.48,Trojan via Bunnings
SKTET1/2241-0093,SKTET1/2241-0093,"1/2"" Drive Impact Socket - 24 mm",10.48,Trojan via Bunnings
SKTET1/2241-0106,SKTET1/2241-0106,"1/2"" Drive Impact Socket - 24 mm",10.48,Trojan via Bunnings
SKTET1/2241-0156,SKTET1/2241-0156,"1/2"" Drive Impact Socket - 24 mm",10.48,Trojan via Bunnings
SKTET1/2271-0004,SKTET1/2271-0004,"1/2"" Drive Impact Socket - 27 mm",25,Action via Total Tools
SKTET1/2271-0051,SKTET1/2271-0051,"1/2"" Drive Impact Socket - 27 mm",25,Action via Total Tools
SKTT11/2461-0001,SKTT11/2461-0001,"1 1/2"" Drive Impact Socket - 46 mm",18,TTI via Total Tools
SKTCKET1311-0003,SKTCKET1311-0003,"1"" Drive Impact Socket - 31 mm",42,Kincrome via Total Tools
SKTCKET1311-0004,SKTCKET1311-0004,"1"" Drive Impact Socket - 31 mm",42,Kincrome via Total Tools
SKTCKET1341-0008,SKTCKET1341-0008,"1"" Drive Impact Socket - 34 mm",45,TTI via Total Tools
SKTCKET1651-0042W,SKTCKET1651-0042,"1"" Drive Impact Socket - 65 mm",120,Kincrome via Total Tools
SKTCKET1651-0055W,SKTCKET1651-0055,"1"" Drive Impact Socket - 65 mm",120,Kincrome via Total Tools
SKTCKET1651-0690W,SKTCKET1651-0690,"1"" Drive Impact Socket - 65 mm",120,Kincrome via Total Tools
SKTET1IN301-0022,SKTET1IN301-0022,"1"" Drive Impact Socket - 30 mm",50,Estimated trade quality
SKTET1IN301-0023,SKTET1IN301-0023,"1"" Drive Impact Socket - 30 mm",50,Estimated trade quality
SKTET1IN401-0007,SKTET1IN401-0007,"1"" Drive Impact Socket - 40 mm",65,Estimated trade quality
SKTET1IN401-0008,SKTET1IN401-0008,"1"" Drive Impact Socket - 40 mm",65,Estimated trade quality
SKTET1IN601-0029W,SKTET1IN601-0029,"1"" Drive Impact Socket - 60 mm",95,TTI via Total Tools
SKTET3/4461-0014,SKTET3/4461-0014,"3/4"" Drive Impact Socket - 1 13/16""",65,Kincrome/Sutton/Irwin via Total Tools (Estimated)
SKTET3/4461-0015,SKTET3/4461-0015,"3/4"" Drive Impact Socket - 1 13/16""",65,Kincrome/Sutton/Irwin via Total Tools (Estimated)
SKTET3/4461-0019,SKTET3/4461-0019,"3/4"" Drive Impact Socket - 1 13/16""",65,Kincrome/Sutton/Irwin via Total Tools (Estimated)
SKTET3/4461-0040,SKTET3/4461-0040,"3/4"" Drive Impact Socket - 1 13/16""",65,Kincrome/Sutton/Irwin via Total Tools (Estimated)
SKTET3/4461-0041,SKTET3/4461-0041,"3/4"" Drive Impact Socket - 1 13/16""",65,Kincrome/Sutton/Irwin via Total Tools (Estimated)
SKT3/4IN301-0043,SKT3/4IN301-0043,"3/4"" Drive Impact Socket - 30 mm",45,Kincrome via Total Tools
SKT3/4IN301-0055,SKT3/4IN301-0055,"3/4"" Drive Impact Socket - 30 mm",45,Kincrome via Total Tools
SKT3/4IN301-0060,SKT3/4IN301-0060,"3/4"" Drive Impact Socket - 30 mm",45,Kincrome via Total Tools
SKT3/4IN601-0056,SKT3/4IN601-0056,"3/4"" Drive Impact Socket - 60 mm",80,Estimated trade quality
SKT3/4IN601-0057,SKT3/4IN601-0057,"3/4"" Drive Impact Socket - 60 mm",80,Estimated trade quality
SKTIMP11-1/41-0440N,SKTIMP11-1/41-0440,"1"" Drive Impact Socket - 1 1/4""",40,Daytona/Kincrome via Sydney Tools
SKTIMP11-1/41-0501N,SKTIMP11-1/41-0501,"1"" Drive Impact Socket - 1 1/4""",40,Daytona/Kincrome via Sydney Tools
SKTMP11-3/161-0005,SKTMP11-3/161-0005,"1"" Drive Impact Socket - 1 3/16""",45,Kincrome via Total Tools
SKTMP11-3/161-0014,SKTMP11-3/161-0014,"1"" Drive Impact Socket - 1 3/16""",45,Kincrome via Total Tools
SKTMP11-3/161-0015,SKTMP11-3/161-0015,"1"" Drive Impact Socket - 1 3/16""",45,Kincrome via Total Tools
SKTMP11-3/161-0409N,SKTMP11-3/161-0409,"1"" Drive Impact Socket - 1 3/16""",45,Kincrome via Total Tools
SKTIMP12-1/21-0001,SKTIMP12-1/21-0001,"1"" Drive Impact Socket - 2 1/2""",120,Action via Total Tools
SKTIMP12-1/21-0003,SKTIMP12-1/21-0003,"1"" Drive Impact Socket - 2 1/2""",120,Action via Total Tools
SKTIMP12-3/41-0001,SKTIMP12-3/41-0001,"1"" Drive Impact Socket - 2 3/4""",140,Action via Total Tools
SKTIMP12-3/41-0002,SKTIMP12-3/41-0002,"1"" Drive Impact Socket - 2 3/4""",140,Action via Total Tools
SKT3/41-1/2D1-0027,SKT3/41-1/2D1-0027,"3/4"" Drive Deep Impact Socket - 1 1/2""",55,Kincrome/Sutton/Irwin via Total Tools (Estimated)
SKT3/41-1/2D1-0028,SKT3/41-1/2D1-0028,"3/4"" Drive Deep Impact Socket - 1 1/2""",55,Kincrome/Sutton/Irwin via Total Tools (Estimated)
SKT3/41-1/2D1-0029,SKT3/41-1/2D1-0029,"3/4"" Drive Deep Impact Socket - 1 1/2""",55,Kincrome/Sutton/Irwin via Total Tools (Estimated)
SKT3/41-1/2D1-0030,SKT3/41-1/2D1-0030,"3/4"" Drive Deep Impact Socket - 1 1/2""",55,Kincrome/Sutton/Irwin via Total Tools (Estimated)
SKT3/41-1/2D1-0031,SKT3/41-1/2D1-0031,"3/4"" Drive Deep Impact Socket - 1 1/2""",55,Kincrome/Sutton/Irwin via Total Tools (Estimated)
SKT3/41-1/2D1-0032,SKT3/41-1/2D1-0032,"3/4"" Drive Deep Impact Socket - 1 1/2""",55,Kincrome/Sutton/Irwin via Total Tools (Estimated)
SKT3/41-1/8D1-0009,SKT3/41-1/8D1-0009,"3/4"" Drive Deep Impact Socket - 1 1/8""",38,Kincrome/Sutton/Irwin via Total Tools (Estimated)
SKT3/41-1/8D1-0010,SKT3/41-1/8D1-0010,"3/4"" Drive Deep Impact Socket - 1 1/8""",38,Kincrome/Sutton/Irwin via Total Tools (Estimated)
SKT3/41-1/8D1-0011,SKT3/41-1/8D1-0011,"3/4"" Drive Deep Impact Socket - 1 1/8""",38,Kincrome/Sutton/Irwin via Total Tools (Estimated)
SKT3/41-1/8D1-0413N,SKT3/41-1/8D1-0413,"3/4"" Drive Deep Impact Socket - 1 1/8""",38,Kincrome/Sutton/Irwin via Total Tools (Estimated)
SKT3/41-1/8D1-0514N,SKT3/41-1/8D1-0514,"3/4"" Drive Deep Impact Socket - 1 1/8""",38,Kincrome/Sutton/Irwin via Total Tools (Estimated)
SKTETIMP3/421-0007,SKTETIMP3/421-0007,"3/4"" Drive Impact Socket - 2""",55,Estimated based on typical trade quality
SKTETIMP3/421-0015,SKTETIMP3/421-0015,"3/4"" Drive Impact Socket - 2""",55,Estimated based on typical trade quality
SKTETIMP3/421-0016,SKTETIMP3/421-0016,"3/4"" Drive Impact Socket - 2""",55,Estimated based on typical trade quality
SKTETIMP3/421-0042,SKTETIMP3/421-0042,"3/4"" Drive Impact Socket - 2""",55,Estimated based on typical trade quality
SKTP3/421D1-0002,SKTP3/421D1-0002,"3/4"" Drive Deep Impact Socket - 21 mm",24,Kincrome via Total Tools
SKTP3/421D1-0003,SKTP3/421D1-0003,"3/4"" Drive Deep Impact Socket - 21 mm",24,Kincrome via Total Tools
SKTP3/421D1-0004,SKTP3/421D1-0004,"3/4"" Drive Deep Impact Socket - 21 mm",24,Kincrome via Total Tools
SKTP3/427D1-0034,SKTP3/427D1-0034,"3/4"" Drive Deep Impact Socket - 27 mm",35,Kincrome/Sutton/Irwin via Total Tools (Estimated)
SKTP3/427D1-0041,SKTP3/427D1-0041,"3/4"" Drive Deep Impact Socket - 27 mm",35,Kincrome/Sutton/Irwin via Total Tools (Estimated)
SKTP3/427D1-0043,SKTP3/427D1-0043,"3/4"" Drive Deep Impact Socket - 27 mm",35,Kincrome/Sutton/Irwin via Total Tools (Estimated)
SKTP3/427D1-0044,SKTP3/427D1-0044,"3/4"" Drive Deep Impact Socket - 27 mm",35,Kincrome/Sutton/Irwin via Total Tools (Estimated)
SKTP3/427D1-0046,SKTP3/427D1-0046,"3/4"" Drive Deep Impact Socket - 27 mm",35,Kincrome/Sutton/Irwin via Total Tools (Estimated)
SKTP3/427D1-0106N,SKTP3/427D1-0106,"3/4"" Drive Deep Impact Socket - 27 mm",35,Kincrome/Sutton/Irwin via Total Tools (Estimated)
SKT3/4IN471-0221N,SKT3/4IN471-0221,"3/4"" Drive Impact Socket - 47 mm",55,TTI via Total Tools
SKT-1/2-27MM1-0022,SKT-1/2-27mm1-0022,"1/2"" Drive Deep Impact Socket - 27 mm",25,Kincrome/Sutton/Irwin via Total Tools (Estimated)
SKT-1/2-27MM1-0038,SKT-1/2-27mm1-0038,"1/2"" Drive Deep Impact Socket - 27 mm",25,Kincrome/Sutton/Irwin via Total Tools (Estimated)
SKT-1/2-27MM1-0081,SKT-1/2-27mm1-0081,"1/2"" Drive Deep Impact Socket - 27 mm",25,Kincrome/Sutton/Irwin via Total Tools (Estimated)
SKT-1/2-27MM1-0083,SKT-1/2-27mm1-0083,"1/2"" Drive Deep Impact Socket - 27 mm",25,Kincrome/Sutton/Irwin via Total Tools (Estimated)
SKT-1/2-27MM1-0084,SKT-1/2-27mm1-0084,"1/2"" Drive Deep Impact Socket - 27 mm",25,Kincrome/Sutton/Irwin via Total Tools (Estimated)
SKT-1/2-27MM1-0092,SKT-1/2-27mm1-0092,"1/2"" Drive Deep Impact Socket - 27 mm",25,Kincrome/Sutton/Irwin via Total Tools (Estimated)
SKT1/2-1-1/41-0006,SKT1/2-1-1/41-0006,"1/2"" Drive Deep Impact Socket - 1 1/4""",30,Kincrome via Total Tools
SKT1/2-1-1/41-0007,SKT1/2-1-1/41-0007,"1/2"" Drive Deep Impact Socket - 1 1/4""",30,Kincrome via Total Tools
SKTETTORQUE1D31-0001,SKTETTORQUE1D31-0001,"1"" Drive Impact Socket - 3""",150,Kincrome via Total Tools
SKTE263/41-0001,SKTE263/41-0001,"3/4"" Drive Impact Socket - 26 mm",30,Daytona via Sydney Tools
SKTE263/41-0002,SKTE263/41-0002,"3/4"" Drive Impact Socket - 26 mm",30,Daytona via Sydney Tools
SKTE263/41-0003,SKTE263/41-0003,"3/4"" Drive Impact Socket - 26 mm",30,Daytona via Sydney Tools
SKTE263/41-0004,SKTE263/41-0004,"3/4"" Drive Impact Socket - 26 mm",30,Daytona via Sydney Tools
SKTE263/41-0005,SKTE263/41-0005,"3/4"" Drive Impact Socket - 26 mm",30,Daytona via Sydney Tools
SKTE263/41-0006,SKTE263/41-0006,"3/4"" Drive Impact Socket - 26 mm",30,Daytona via Sydney Tools
SKTE263/41-0007,SKTE263/41-0007,"3/4"" Drive Impact Socket - 26 mm",30,Daytona via Sydney Tools
SOCKSET11/2DMET-0045,SOCKSET11/2DMET-0045,"1/2"" Drive Socket Set - Metric",150,Kincrome via Total Tools
SOCKSET11/2DMET-0046,SOCKSET11/2DMET-0046,"1/2"" Drive Socket Set - Metric",150,Kincrome via Total Tools
SOCKSET11/2DMET-0051,SOCKSET11/2DMET-0051,"1/2"" Drive Socket Set - Metric",150,Kincrome via Total Tools
SOCKSET11/2DMET-0059,SOCKSET11/2DMET-0059,"1/2"" Drive Socket Set - Metric",150,Kincrome via Total Tools
SOCKSET11/2DMET-0060,SOCKSET11/2DMET-0060,"1/2"" Drive Socket Set - Metric",150,Kincrome via Total Tools
SOCKSET11/2DMET-0061,SOCKSET11/2DMET-0061,"1/2"" Drive Socket Set - Metric",150,Kincrome via Total Tools
SOCKSET33/4DMET-0016,SOCKSET33/4DMET-0016,"3/4"" Drive Socket Set - Metric",350,Kincrome via Total Tools
SPAOERG1 - 18-0010,SPAOERG1 - 18-0010,"1 1/8"" Combination Spanner",108,White International
SPAOERG1 - 18-0011,SPAOERG1 - 18-0011,"1 1/8"" Combination Spanner",108,White International
SPAOERG1 - 18-0016,SPAOERG1 - 18-0016,"1 1/8"" Combination Spanner",108,White International
SPAOERG1 - 18-0017,SPAOERG1 - 18-0017,"1 1/8"" Combination Spanner",108,White International
SPAOERG1 - 18-0018,SPAOERG1 - 18-0018,"1 1/8"" Combination Spanner",108,White International
SPAOERG1 - 18-0019,SPAOERG1 - 18-0019,"1 1/8"" Combination Spanner",108,White International
SPAOERG1 - 18-0020,SPAOERG1 - 18-0020,"1 1/8"" Combination Spanner",108,White International
SPAOERG1 - 18-0021,SPAOERG1 - 18-0021,"1 1/8"" Combination Spanner",108,White International
SPAOERG1 - 18-0022,SPAOERG1 - 18-0022,"1 1/8"" Combination Spanner",108,White International
SPAOERG1 - 1516-0003,SPAOERG1 - 1516-0003,"1 15/16"" Combination Spanner",85,Kincrome via Total Tools
SPAOERG1 - 316-0025,SPAOERG1 - 316-0025,"1 3/16"" Combination Spanner",35,Kincrome via Total Tools
SPAOERG1 - 316-0026,SPAOERG1 - 316-0026,"1 3/16"" Combination Spanner",35,Kincrome via Total Tools
SPAOERG1 - 316-0027,SPAOERG1 - 316-0027,"1 3/16"" Combination Spanner",35,Kincrome via Total Tools
SPAOERG1 - 316-0028,SPAOERG1 - 316-0028,"1 3/16"" Combination Spanner",35,Kincrome via Total Tools
SPAOERG1 - 316-0032,SPAOERG1 - 316-0032,"1 3/16"" Combination Spanner",35,Kincrome via Total Tools
SPAOERG1 - 316-0474,SPAOERG1 - 316-0474,"1 3/16"" Combination Spanner",35,Kincrome via Total Tools
SPAOERG2 - 516-0002,SPAOERG2 - 516-0002,"2 5/16"" Combination Spanner",150,Estimated trade quality
SPAOERG2 - 516-0011,SPAOERG2 - 516-0011,"2 5/16"" Combination Spanner",150,Estimated trade quality
SPARINGO/E-13MM-0117,SPARINGO/E-13MM-0117,13 mm Combination Spanner,16,Kincrome via Total Tools
SPARINGO/E-13MM-0118,SPARINGO/E-13MM-0118,13 mm Combination Spanner,16,Kincrome via Total Tools
SPARINGO/E-13MM-0119,SPARINGO/E-13MM-0119,13 mm Combination Spanner,16,Kincrome via Total Tools
SPARINGO/E-38MM-0010,SPARINGO/E-38MM-0010,38 mm Combination Spanner,45,Estimated based on similar sizes
SPARINGO/E-38MM-0011,SPARINGO/E-38MM-0011,38 mm Combination Spanner,45,Estimated based on similar sizes
SPARINGO/E-38MM-0013,SPARINGO/E-38MM-0013,38 mm Combination Spanner,45,Estimated based on similar sizes
SPARINGO/E-38MM-0026,SPARINGO/E-38MM-0026,38 mm Combination Spanner,45,Estimated based on similar sizes
SPARINGO/E-38MM-0027,SPARINGO/E-38MM-0027,38 mm Combination Spanner,45,Estimated based on similar sizes
SPANFLOG1-5/8-0013,SPANFLOG1-5/8-0013,"1 5/8"" Flogging Spanner",56.95,KC Tools via eBay
SPANFLOG1-5/8-0014,SPANFLOG1-5/8-0014,"1 5/8"" Flogging Spanner",56.95,KC Tools via eBay
SPANFLOG1-5/8-0452N,SPANFLOG1-5/8-0452,"1 5/8"" Flogging Spanner",56.95,KC Tools via eBay
SPANFLOG1-5/8-0457N,SPANFLOG1-5/8-0457,"1 5/8"" Flogging Spanner",56.95,KC Tools via eBay
SPANFLOG1-7/16-0017,SPANFLOG1-7/16-0017,"1 7/16"" Flogging Spanner",75,Toledo via Total Tools
SPANFLOG1-7/16-0902N,SPANFLOG1-7/16-0050,"1 7/16"" Flogging Spanner",75,Toledo via Total Tools
SPANFLOG2-3/16-0006,SPANFLOG2-3/16-0006,"2 3/16"" Flogging Spanner",190,Kincrome via Total Tools
SPANFLOG2-3/16-0008,SPANFLOG2-3/16-0008,"2 3/16"" Flogging Spanner",190,Kincrome via Total Tools
SPANFLOG2-3/16-0010,SPANFLOG2-3/16-0010,"2 3/16"" Flogging Spanner",190,Kincrome via Total Tools
SPANFLOG30MM-000005,SPANFLOG30MM-000005,30 mm Flogging Spanner,85,Kincrome via Total Tools
SPANFLOG30MM-0016,SPANFLOG30MM-0016,30 mm Flogging Spanner,85,Kincrome via Total Tools
SPANFLOG30MM-0019,SPANFLOG30MM-0019,30 mm Flogging Spanner,85,Kincrome via Total Tools
SPAOPENEND75MM -0001,SPAOPENEND75MM -0001,75 mm Open-End Spanner,180,Toledo/Kincrome via Total Tools
SPAOPENEND75MM -0002,SPAOPENEND75MM -0002,75 mm Open-End Spanner,180,Toledo/Kincrome via Total Tools
SPASHIFTER375MM-0053,SPASHIFTER375MM-0053,"375 mm (15"") Adjustable Spanner",50,Kinchrome via Facebook Marketplace
SPASHI600MM24IN-0001N,SPASHI600MM24IN-0002,"600 mm (24"") Adjustable Spanner",220,Crescent/Bahco via Total Tools
SPASHI600MM24IN-0036,SPASHI600MM24IN-0036,"600 mm (24"") Adjustable Spanner",220,Crescent/Bahco via Total Tools
SKTET1/2111-0009,SKTET1/2111-0009,"1/2"" Drive Impact Socket - 11 mm",10,Kincrome via Total Tools
SKTET1/2111-0010,SKTET1/2111-0010,"1/2"" Drive Impact Socket - 11 mm",10,Kincrome via Total Tools
SKTET1/2111-0011,SKTET1/2111-0011,"1/2"" Drive Impact Socket - 11 mm",10,Kincrome via Total Tools
SKTET1/2111-0012,SKTET1/2111-0012,"1/2"" Drive Impact Socket - 11 mm",10,Kincrome via Total Tools
SKTET1/2211-0015,SKTET1/2211-0015,"1/2"" Drive Impact Socket - 21 mm",9,Gedore via Mektronics
SKTET1/2211-0019,SKTET1/2211-0019,"1/2"" Drive Impact Socket - 21 mm",9,Gedore via Mektronics
SKTET1/2211-0025,SKTET1/2211-0025,"1/2"" Drive Impact Socket - 21 mm",9,Gedore via Mektronics
SKTET1/2211-0422N,SKTET1/2211-0422,"1/2"" Drive Impact Socket - 21 mm",9,Gedore via Mektronics
SKTET1/2211-0811N,SKTET1/2211-0811,"1/2"" Drive Impact Socket - 21 mm",9,Gedore via Mektronics
SKTET1/2311-0009,SKTET1/2311-0009,"1/2"" Drive Impact Socket - 31 mm",22,Kincrome via Total Tools
SKTET1/2311-0010,SKTET1/2311-0010,"1/2"" Drive Impact Socket - 31 mm",22,Kincrome via Total Tools
SKTET1/2311-0011,SKTET1/2311-0011,"1/2"" Drive Impact Socket - 31 mm",22,Kincrome via Total Tools
SKTET1/2311-0012,SKTET1/2311-0012,"1/2"" Drive Impact Socket - 31 mm",22,Kincrome via Total Tools
SKTET1/2321-0019,SKTET1/2321-0019,"1/2"" Drive Impact Socket - 32 mm",25,TTI via Total Tools
SKTET1/2361-0043,SKTET1/2361-0043,"1/2"" Drive Impact Socket - 36 mm",45,Estimated trade quality
SKTET1/2361-0044,SKTET1/2361-0044,"1/2"" Drive Impact Socket - 36 mm",45,Estimated trade quality
SKTCKET1551-0023,SKTCKET1551-0023,"1"" Drive Impact Socket - 55 mm",88,Kincrome via Total Tools
SKTCKET1551-0024,SKTCKET1551-0024,"1"" Drive Impact Socket - 55 mm",88,Kincrome via Total Tools
SKTCKET1751-0001,SKTCKET1751-0001,"1"" Drive Impact Socket - 75 mm",150,Kincrome via Total Tools
SKTCKET1751-0017,SKTCKET1751-0017,"1"" Drive Impact Socket - 75 mm",150,Kincrome via Total Tools
SKTCKET1751-0019,SKTCKET1751-0019,"1"" Drive Impact Socket - 75 mm",150,Kincrome via Total Tools
SKTET3/4311-0009,SKTET3/4311-0009,"3/4"" Drive Impact Socket - 31 mm",40,Daytona/Kincrome via Sydney Tools
SKTET3/4311-0010,SKTET3/4311-0010,"3/4"" Drive Impact Socket - 31 mm",40,Daytona/Kincrome via Sydney Tools
SKTET3/4341-0010,SKTET3/4341-0010,"3/4"" Drive Impact Socket - 34 mm",35,Kincrome via Total Tools
SKTET3/4341-0013,SKTET3/4341-0013,"3/4"" Drive Impact Socket - 34 mm",35,Kincrome via Total Tools
SKTET3/4341-0014,SKTET3/4341-0014,"3/4"" Drive Impact Socket - 34 mm",35,Kincrome via Total Tools
SKTMP11-7/161-0003,SKTMP11-7/161-0003,"1"" Drive Impact Socket - 1 7/16""",65,Kincrome via Total Tools
SKTMP11-7/161-0001N,SKTMP11-7/161-0009,"1"" Drive Impact Socket - 1 7/16""",65,Kincrome via Total Tools
SKTMP11-7/161-0010,SKTMP11-7/161-0010,"1"" Drive Impact Socket - 1 7/16""",65,Kincrome via Total Tools
SKTMP12-5/161-0004,SKTMP12-5/161-0004,"1"" Drive Impact Socket - 2 5/16""",150,Action via Total Tools
SKTMP12-5/161-0007,SKTMP12-5/161-0007,"1"" Drive Impact Socket - 2 5/16""",150,Action via Total Tools
SKTP3/436D1-0007,SKTP3/436D1-0007,"3/4"" Drive Deep Impact Socket - 36 mm",40,Daytona via Sydney Tools
SKTP3/436D1-0009,SKTP3/436D1-0009,"3/4"" Drive Deep Impact Socket - 36 mm",40,Daytona via Sydney Tools
SKTP3/436D1-0029,SKTP3/436D1-0029,"3/4"" Drive Deep Impact Socket - 36 mm",40,Daytona via Sydney Tools
SKTP3/436D1-0030,SKTP3/436D1-0030,"3/4"" Drive Deep Impact Socket - 36 mm",40,Daytona via Sydney Tools
SKTP3/436D1-0034,SKTP3/436D1-0034,"3/4"" Drive Deep Impact Socket - 36 mm",40,Daytona via Sydney Tools
SKTP3/436D1-0035,SKTP3/436D1-0035,"3/4"" Drive Deep Impact Socket - 36 mm",40,Daytona via Sydney Tools
SKTP3/436D1-0084,SKTP3/436D1-0084,"3/4"" Drive Deep Impact Socket - 36 mm",40,Daytona via Sydney Tools
SKT-1/2-13MM1-0013,SKT-1/2-13mm1-0013,"1/2"" Drive Deep Impact Socket - 13 mm",15,Kincrome/Sutton/Irwin via Total Tools (Estimated)
SKT-1/2-13MM1-0035,SKT-1/2-13mm1-0035,"1/2"" Drive Deep Impact Socket - 13 mm",15,Kincrome/Sutton/Irwin via Total Tools (Estimated)
SKT-1/2-13MM1-0038,SKT-1/2-13mm1-0038,"1/2"" Drive Deep Impact Socket - 13 mm",15,Kincrome/Sutton/Irwin via Total Tools (Estimated)
SKT-1/2-13MM1-0051,SKT-1/2-13mm1-0051,"1/2"" Drive Deep Impact Socket - 13 mm",15,Kincrome/Sutton/Irwin via Total Tools (Estimated)
SKT-1/2-13MM1-0052,SKT-1/2-13mm1-0052,"1/2"" Drive Deep Impact Socket - 13 mm",15,Kincrome/Sutton/Irwin via Total Tools (Estimated)
SKT-1/2-16MM1-000600,SKT-1/2-16mm1-000600,"1/2"" Drive Deep Impact Socket - 16 mm",18,TTI via Total Tools
SKT-3/4-21MM1-0009,SKT-3/4-21mm1-0009,"3/4"" Drive Deep Impact Socket - 21 mm",25,Estimated based on Daytona pricing
SKT-3/4-21MM1-0010,SKT-3/4-21mm1-0010,"3/4"" Drive Deep Impact Socket - 21 mm",25,Estimated based on Daytona pricing
SKTQUE1D2-9/161-0007,SKTQUE1D2-9/161-0007,"1"" Drive Impact Socket - 2 9/16""",120,Kincrome via Total Tools
SOCKTBARBAR1/2D-0012,SOCKTBARBAR1/2D-0012,"1/2"" Drive Socket T-Bar",30,Kincrome via Total Tools
SPAO/E/RING1/2-0013,SPAO/E/RING1/2-0013,"1/2"" Combination Spanner",25.75,Kincrome via Bunnings
SPAO/E/RING1/2-0014,SPAO/E/RING1/2-0014,"1/2"" Combination Spanner",25.75,Kincrome via Bunnings
SPAO/E/RING1/2-0015,SPAO/E/RING1/2-0015,"1/2"" Combination Spanner",25.75,Kincrome via Bunnings
SPAO/E/RING1/2-0016,SPAO/E/RING1/2-0016,"1/2"" Combination Spanner",25.75,Kincrome via Bunnings
SPAO/E/RING1/2-0017,SPAO/E/RING1/2-0017,"1/2"" Combination Spanner",25.75,Kincrome via Bunnings
SPAO/E/RING1/2-0018,SPAO/E/RING1/2-0018,"1/2"" Combination Spanner",25.75,Kincrome via Bunnings
SPAO/E/RING1/2-0019,SPAO/E/RING1/2-0019,"1/2"" Combination Spanner",25.75,Kincrome via Bunnings
SPAO/E/RING1/2-0020N,SPAO/E/RING1/2-0020,"1/2"" Combination Spanner",25.75,Kincrome via Bunnings
SPAO/E/RING1/2-0021,SPAO/E/RING1/2-0021,"1/2"" Combination Spanner",25.75,Kincrome via Bunnings
SPAO/E/RING1/2-0022,SPAO/E/RING1/2-0022,"1/2"" Combination Spanner",25.75,Kincrome via Bunnings
SPAO/E/RING1/2-0023,SPAO/E/RING1/2-0023,"1/2"" Combination Spanner",25.75,Kincrome via Bunnings
SPAO/E/RING1/2-0024,SPAO/E/RING1/2-0024,"1/2"" Combination Spanner",25.75,Kincrome via Bunnings
SPAO/E/RING1/2-0025,SPAO/E/RING1/2-0025,"1/2"" Combination Spanner",25.75,Kincrome via Bunnings
SPAO/E/RING1/2-0026,SPAO/E/RING1/2-0026,"1/2"" Combination Spanner",25.75,Kincrome via Bunnings
SPAO/E/RING1/2-0027,SPAO/E/RING1/2-0027,"1/2"" Combination Spanner",25.75,Kincrome via Bunnings
SPAO/E/RING1/2-0028,SPAO/E/RING1/2-0028,"1/2"" Combination Spanner",25.75,Kincrome via Bunnings
SPAOERG1 - 116-0011,SPAOERG1 - 116-0011,"1 1/16"" Combination Spanner",84.95,Kincrome via Collier & Miller
SPAOERG1 - 116-0071,SPAOERG1 - 116-0071,"1 1/16"" Combination Spanner",84.95,Kincrome via Collier & Miller
SPAOERG1 - 116-0072,SPAOERG1 - 116-0072,"1 1/16"" Combination Spanner",84.95,Kincrome via Collier & Miller
SPAOERG1 - 116-0073,SPAOERG1 - 116-0073,"1 1/16"" Combination Spanner",84.95,Kincrome via Collier & Miller
SPAOERG1 - 116-0074,SPAOERG1 - 116-0074,"1 1/16"" Combination Spanner",84.95,Kincrome via Collier & Miller
SPAOERG1 - 116-0075,SPAOERG1 - 116-0075,"1 1/16"" Combination Spanner",84.95,Kincrome via Collier & Miller
SPAOERG1 - 116-0076,SPAOERG1 - 116-0076,"1 1/16"" Combination Spanner",84.95,Kincrome via Collier & Miller
SPAOERG1 - 116-0498,SPAOERG1 - 116-0498,"1 1/16"" Combination Spanner",84.95,Kincrome via Collier & Miller
SPAOERG1 - 14-0054,SPAOERG1 - 14-0054,"1 1/4"" Combination Spanner",129,Kincrome via Collier & Miller
SPAOERG1 - 14-0055,SPAOERG1 - 14-0055,"1 1/4"" Combination Spanner",129,Kincrome via Collier & Miller
SPAOERG1 - 14-0056,SPAOERG1 - 14-0056,"1 1/4"" Combination Spanner",129,Kincrome via Collier & Miller
SPAOERG1 - 14-0062,SPAOERG1 - 14-0062,"1 1/4"" Combination Spanner",129,Kincrome via Collier & Miller
SPAOERG1 - 14-0064,SPAOERG1 - 14-0064,"1 1/4"" Combination Spanner",129,Kincrome via Collier & Miller
SPAOERG1 - 14-0065,SPAOERG1 - 14-0065,"1 1/4"" Combination Spanner",129,Kincrome via Collier & Miller
SPAOERG1 - 14-0066,SPAOERG1 - 14-0066,"1 1/4"" Combination Spanner",129,Kincrome via Collier & Miller
SPAOERG1 - 14-0067,SPAOERG1 - 14-0067,"1 1/4"" Combination Spanner",129,Kincrome via Collier & Miller
SPAOERG1 - 14-0068,SPAOERG1 - 14-0068,"1 1/4"" Combination Spanner",129,Kincrome via Collier & Miller
SPAOERG1 - 14-0069,SPAOERG1 - 14-0069,"1 1/4"" Combination Spanner",129,Kincrome via Collier & Miller
SPAOERG1 - 38-0004E,SPAOERG1 - 38-0011,"1 3/8"" Combination Spanner",6.23,Draper Tools via Rolan
SPAOERG1 - 38-0103E,SPAOERG1 - 38-0012,"1 3/8"" Combination Spanner",6.23,Draper Tools via Rolan
SPAOERG1 - 38-0025,SPAOERG1 - 38-0025,"1 3/8"" Combination Spanner",6.23,Draper Tools via Rolan
SPAOERG1 - 38-0005N,SPAOERG1 - 38-0031,"1 3/8"" Combination Spanner",6.23,Draper Tools via Rolan
SPAOERG1 - 38-0351E,SPAOERG1 - 38-0351,"1 3/8"" Combination Spanner",6.23,Draper Tools via Rolan
SPAOERG1516-0018,SPAOERG1516-0018,"15/16"" Combination Spanner",40,"Interpolated from Kincrome 1"""
SPAOERG1516-0020,SPAOERG1516-0020,"15/16"" Combination Spanner",40,"Interpolated from Kincrome 1"""
SPAOERG1516-0027,SPAOERG1516-0027,"15/16"" Combination Spanner",40,"Interpolated from Kincrome 1"""
SPAOERG1516-0047,SPAOERG1516-0047,"15/16"" Combination Spanner",40,"Interpolated from Kincrome 1"""
SPAOERG1516-0048,SPAOERG1516-0048,"15/16"" Combination Spanner",40,"Interpolated from Kincrome 1"""
SPAOERG1516-0049,SPAOERG1516-0049,"15/16"" Combination Spanner",40,"Interpolated from Kincrome 1"""
SPAOERG1516-0050,SPAOERG1516-0050,"15/16"" Combination Spanner",40,"Interpolated from Kincrome 1"""
SPAOERG1516-0051,SPAOERG1516-0051,"15/16"" Combination Spanner",40,"Interpolated from Kincrome 1"""
SPAOERG1516-0052,SPAOERG1516-0052,"15/16"" Combination Spanner",40,"Interpolated from Kincrome 1"""
SPAOERG1516-0053,SPAOERG1516-0053,"15/16"" Combination Spanner",40,"Interpolated from Kincrome 1"""
SPAOERG1516-0054,SPAOERG1516-0054,"15/16"" Combination Spanner",40,"Interpolated from Kincrome 1"""
SPAOERG1516-0055,SPAOERG1516-0055,"15/16"" Combination Spanner",40,"Interpolated from Kincrome 1"""
SPAOERG1516-0113,SPAOERG1516-0113,"15/16"" Combination Spanner",40,"Interpolated from Kincrome 1"""
SPAOERG1516-0645W,SPAOERG1516-0645,"15/16"" Combination Spanner",40,"Interpolated from Kincrome 1"""
SPAOERG1 - 516-0023,SPAOERG1 - 516-0023,"1 5/16"" Combination Spanner",5.5,Estimated based on 3/8 size
SPAOERG1 - 516-0425,SPAOERG1 - 516-0425,"1 5/16"" Combination Spanner",5.5,Estimated based on 3/8 size
SPAOERG1 - 516-0435E,SPAOERG1 - 516-0435,"1 5/16"" Combination Spanner",5.5,Estimated based on 3/8 size
SPAOERG1 - 516-0441,SPAOERG1 - 516-0441,"1 5/16"" Combination Spanner",5.5,Estimated based on 3/8 size
SPAOERG1 - 516-0500,SPAOERG1 - 516-0500,"1 5/16"" Combination Spanner",5.5,Estimated based on 3/8 size
SPAOERG1 - 58-0007,SPAOERG1 - 58-0007,"1 5/8"" Combination Spanner",85,Kincrome/Sutton/Irwin via Total Tools (Estimated)
SPAOERG1 - 58-0450N,SPAOERG1 - 58-0010,"1 5/8"" Combination Spanner",85,Kincrome/Sutton/Irwin via Total Tools (Estimated)
SPAOERG1 - 58-0014,SPAOERG1 - 58-0014,"1 5/8"" Combination Spanner",85,Kincrome/Sutton/Irwin via Total Tools (Estimated)
SPAOERG1 - 58-0080,SPAOERG1 - 58-0080,"1 5/8"" Combination Spanner",85,Kincrome/Sutton/Irwin via Total Tools (Estimated)
SPAOERG1 - 58-0420,SPAOERG1 - 58-0420,"1 5/8"" Combination Spanner",85,Kincrome/Sutton/Irwin via Total Tools (Estimated)
SPAOERG1 - 58-0451,SPAOERG1 - 58-0451,"1 5/8"" Combination Spanner",85,Kincrome/Sutton/Irwin via Total Tools (Estimated)
SPAOERG1 - 78-0421N,SPAOERG1 - 78-0001,"1 7/8"" Combination Spanner",15,Estimated based on similar sizes
SPAOERG1 - 78-0021,SPAOERG1 - 78-0021,"1 7/8"" Combination Spanner",15,Estimated based on similar sizes
SPAOERG1 - 78-0423,SPAOERG1 - 78-0423,"1 7/8"" Combination Spanner",15,Estimated based on similar sizes
SPAOERG1 - 78-0425,SPAOERG1 - 78-0425,"1 7/8"" Combination Spanner",15,Estimated based on similar sizes
SPAO/E/RING2-0022,SPAO/E/RING2-0022,"2"" Combination Spanner",250,Estimated based on jumbo spanner pricing trend
SPAO/E/RING2-0024,SPAO/E/RING2-0024,"2"" Combination Spanner",250,Estimated based on jumbo spanner pricing trend
SPAO/E/RING2-0025,SPAO/E/RING2-0025,"2"" Combination Spanner",250,Estimated based on jumbo spanner pricing trend
SPAO/E/RING2-0026,SPAO/E/RING2-0026,"2"" Combination Spanner",250,Estimated based on jumbo spanner pricing trend
SPAO/E/RING2-0034,SPAO/E/RING2-0034,"2"" Combination Spanner",250,Estimated based on jumbo spanner pricing trend
SPAO/E/RING2-0035,SPAO/E/RING2-0035,"2"" Combination Spanner",250,Estimated based on jumbo spanner pricing trend
SPAO/E/RING2-0036,SPAO/E/RING2-0036,"2"" Combination Spanner",250,Estimated based on jumbo spanner pricing trend
SPAO/E/RING2-0040,SPAO/E/RING2-0040,"2"" Combination Spanner",250,Estimated based on jumbo spanner pricing trend
SPAO/E/RING2-0403,SPAO/E/RING2-0403,"2"" Combination Spanner",250,Estimated based on jumbo spanner pricing trend
SPAOERG2-12-0002,SPAOERG2-12-0002,"2 1/2"" Combination Spanner",160,Kincrome via Total Tools
SPAOERG2-12-0011,SPAOERG2-12-0011,"2 1/2"" Combination Spanner",160,Kincrome via Total Tools
T16740/752,SPAOERG2-12-0752,"2 1/2"" Combination Spanner",160,Kincrome via Total Tools
SPAOERG2-1316-0402N,SPAOERG2-1316-0001,"2 13/16"" Combination Spanner",35,Estimated based on similar sizes
SPAOERG2-1316-0002,SPAOERG2-1316-0002,"2 13/16"" Combination Spanner",35,Estimated based on similar sizes
SPAOERG2-1316-0017,SPAOERG2-1316-0017,"2 13/16"" Combination Spanner",35,Estimated based on similar sizes
SPAOERG2-1316-0018,SPAOERG2-1316-0018,"2 13/16"" Combination Spanner",35,Estimated based on similar sizes
SPAOERG2-34-0005,SPAOERG2-34-0005,"2 3/4"" Flat Combination Spanner",35,Kincrome/Toledo via Total Tools
SPAOERG2-34-0013,SPAOERG2-34-0013,"2 3/4"" Flat Combination Spanner",35,Kincrome/Toledo via Total Tools
SPAOERG2-38-0002N,SPAOERG2-38-0006,"2 3/8"" Combination Spanner",140,Kincrome via Total Tools
SPAOERG2-38-0023,SPAOERG2-38-0023,"2 3/8"" Combination Spanner",140,Kincrome via Total Tools
SPAOERG2-38-0024,SPAOERG2-38-0024,"2 3/8"" Combination Spanner",140,Kincrome via Total Tools
SPAOERG2-916-0013,SPAOERG2-916-0013,"2 9/16"" Combination Spanner",180,Estimated trade quality
SPAOERG2-916-0014,SPAOERG2-916-0014,"2 9/16"" Combination Spanner",180,Estimated trade quality
SPAO/E/RING3/4-0001,SPAO/E/RING3/4-0001,"3/4"" Combination Spanner",32,"Interpolated from Kincrome 1/2"" and 1"""
SPAO/E/RING3/4-0003,SPAO/E/RING3/4-0003,"3/4"" Combination Spanner",32,"Interpolated from Kincrome 1/2"" and 1"""
SPAO/E/RING3/4-0019,SPAO/E/RING3/4-0019,"3/4"" Combination Spanner",32,"Interpolated from Kincrome 1/2"" and 1"""
SPAO/E/RING3/4-0021,SPAO/E/RING3/4-0021,"3/4"" Combination Spanner",32,"Interpolated from Kincrome 1/2"" and 1"""
SPAO/E/RING3/4-0022,SPAO/E/RING3/4-0022,"3/4"" Combination Spanner",32,"Interpolated from Kincrome 1/2"" and 1"""
SPAO/E/RING3/4-0025,SPAO/E/RING3/4-0025,"3/4"" Combination Spanner",32,"Interpolated from Kincrome 1/2"" and 1"""
SPAO/E/RING3/4-0027,SPAO/E/RING3/4-0027,"3/4"" Combination Spanner",32,"Interpolated from Kincrome 1/2"" and 1"""
SPAO/E/RING3/4-0028,SPAO/E/RING3/4-0028,"3/4"" Combination Spanner",32,"Interpolated from Kincrome 1/2"" and 1"""
SPAO/E/RING3/4-0029,SPAO/E/RING3/4-0029,"3/4"" Combination Spanner",32,"Interpolated from Kincrome 1/2"" and 1"""
SPAO/E/RING3/4-0030,SPAO/E/RING3/4-0030,"3/4"" Combination Spanner",32,"Interpolated from Kincrome 1/2"" and 1"""
SPAO/E/RING3/4-0033,SPAO/E/RING3/4-0033,"3/4"" Combination Spanner",32,"Interpolated from Kincrome 1/2"" and 1"""
SPAO/E/RING3/4-0426N,SPAO/E/RING3/4-0426,"3/4"" Combination Spanner",32,"Interpolated from Kincrome 1/2"" and 1"""
SPAO/E/RING3/4-0907N,SPAO/E/RING3/4-0907,"3/4"" Combination Spanner",32,"Interpolated from Kincrome 1/2"" and 1"""
SPAO/E/RING5/8-0009,SPAO/E/RING5/8-0009,"5/8"" Flat Combination Spanner",27.5,"Interpolated from Kincrome 1/2"""
SPAO/E/RING5/8-0011,SPAO/E/RING5/8-0011,"5/8"" Flat Combination Spanner",27.5,"Interpolated from Kincrome 1/2"""
SPAO/E/RING5/8-0013,SPAO/E/RING5/8-0013,"5/8"" Flat Combination Spanner",27.5,"Interpolated from Kincrome 1/2"""
SPAO/E/RING5/8-0016,SPAO/E/RING5/8-0016,"5/8"" Flat Combination Spanner",27.5,"Interpolated from Kincrome 1/2"""
SPAO/E/RING5/8-0017,SPAO/E/RING5/8-0017,"5/8"" Flat Combination Spanner",27.5,"Interpolated from Kincrome 1/2"""
SPAO/E/RING5/8-0018,SPAO/E/RING5/8-0018,"5/8"" Flat Combination Spanner",27.5,"Interpolated from Kincrome 1/2"""
SPAO/E/RING5/8-0020,SPAO/E/RING5/8-0020,"5/8"" Flat Combination Spanner",27.5,"Interpolated from Kincrome 1/2"""
SPAO/E/RING5/8-0021,SPAO/E/RING5/8-0021,"5/8"" Flat Combination Spanner",27.5,"Interpolated from Kincrome 1/2"""
SPAO/E/RING5/8-0022,SPAO/E/RING5/8-0022,"5/8"" Flat Combination Spanner",27.5,"Interpolated from Kincrome 1/2"""
SPAO/E/RING5/8-0805N,SPAO/E/RING5/8-0805,"5/8"" Flat Combination Spanner",27.5,"Interpolated from Kincrome 1/2"""
SPAO/E/RING5/8-0809N,SPAO/E/RING5/8-0809,"5/8"" Flat Combination Spanner",27.5,"Interpolated from Kincrome 1/2"""
SPARINGO/E11MM-0026,SPARINGO/E11MM-0026,11 mm Combination Spanner,12,Kincrome via Total Tools
SPARINGO/E11MM-0029,SPARINGO/E11MM-0029,11 mm Combination Spanner,12,Kincrome via Total Tools
SPARINGO/E11MM-0032,SPARINGO/E11MM-0032,11 mm Combination Spanner,12,Kincrome via Total Tools
SPARINGO/E20MM-0037,SPARINGO/E20MM-0037,20 mm Combination Spanner,18,Estimated based on similar sizes
SPARINGO/E20MM-0039,SPARINGO/E20MM-0039,20 mm Combination Spanner,18,Estimated based on similar sizes
SPARINGO/E20MM-0040,SPARINGO/E20MM-0040,20 mm Combination Spanner,18,Estimated based on similar sizes
SPARINGO/E20MM-0405,SPARINGO/E20MM-0405,20 mm Combination Spanner,18,Estimated based on similar sizes
SPARINGO/E-22MM-0042,SPARINGO/E-22MM-0042,22 mm Combination Spanner,17,TTI via Total Tools
SPARINGO/E-22MM-0074,SPARINGO/E-22MM-0074,22 mm Combination Spanner,17,TTI via Total Tools
SPARINGO/E-22MM-0079,SPARINGO/E-22MM-0079,22 mm Combination Spanner,17,TTI via Total Tools
SPARINGO/E-22MM-0080,SPARINGO/E-22MM-0080,22 mm Combination Spanner,17,TTI via Total Tools
SPARINGO/E-22MM-0081,SPARINGO/E-22MM-0081,22 mm Combination Spanner,17,TTI via Total Tools
SPARINGO/E-22MM-0082,SPARINGO/E-22MM-0082,22 mm Combination Spanner,17,TTI via Total Tools
SPARINGO/E-22MM-0083,SPARINGO/E-22MM-0083,22 mm Combination Spanner,17,TTI via Total Tools
SPARINGO/E-22MM-0084,SPARINGO/E-22MM-0084,22 mm Combination Spanner,17,TTI via Total Tools
SPARINGO/E-22MM-0085,SPARINGO/E-22MM-0085,22 mm Combination Spanner,17,TTI via Total Tools
SPARINGO/E-22MM-0086,SPARINGO/E-22MM-0086,22 mm Combination Spanner,17,TTI via Total Tools
SPARINGO/E-22MM-0087,SPARINGO/E-22MM-0087,22 mm Combination Spanner,17,TTI via Total Tools
SPARINGO/E-22MM-0089,SPARINGO/E-22MM-0089,22 mm Combination Spanner,17,TTI via Total Tools
SPARINGO/E-25MM-0024,SPARINGO/E-25MM-0024,25 mm Combination Spanner,25,Estimated based on similar sizes
SPARINGO/E-25MM-0029,SPARINGO/E-25MM-0029,25 mm Combination Spanner,25,Estimated based on similar sizes
SPARINGO/E-25MM-0030,SPARINGO/E-25MM-0030,25 mm Combination Spanner,25,Estimated based on similar sizes
SPARINGO/E-25MM-0031,SPARINGO/E-25MM-0031,25 mm Combination Spanner,25,Estimated based on similar sizes
SPARINGO/E-25MM-0034,SPARINGO/E-25MM-0034,25 mm Combination Spanner,25,Estimated based on similar sizes
SPARINGO/E-28MM-0011,SPARINGO/E-28MM-0011,28 mm Combination Spanner,35,Kincrome via Total Tools
SPARINGO/E-28MM-0012,SPARINGO/E-28MM-0012,28 mm Combination Spanner,35,Kincrome via Total Tools
SPARINGO/E-28MM-0013,SPARINGO/E-28MM-0013,28 mm Combination Spanner,35,Kincrome via Total Tools
SPARINGO/E-28MM-0015,SPARINGO/E-28MM-0015,28 mm Combination Spanner,35,Kincrome via Total Tools
SPARINGO/E-29MM-0012,SPARINGO/E-29MM-0012,29 mm Combination Spanner,35,Kincrome/Toledo via Total Tools
SPARINGO/E-29MM-0016,SPARINGO/E-29MM-0016,29 mm Combination Spanner,35,Kincrome/Toledo via Total Tools
SPARINGO/E30MM-0053,SPARINGO/E30MM-0053,30 mm Combination Spanner,24.98,Trojan via Bunnings
SPARINGO/E30MM-0068,SPARINGO/E30MM-0068,30 mm Combination Spanner,24.98,Trojan via Bunnings
SPARINGO/E30MM-0077,SPARINGO/E30MM-0077,30 mm Combination Spanner,24.98,Trojan via Bunnings
SPARINGO/E30MM-0078,SPARINGO/E30MM-0078,30 mm Combination Spanner,24.98,Trojan via Bunnings
SPARINGO/E30MM-0079,SPARINGO/E30MM-0079,30 mm Combination Spanner,24.98,Trojan via Bunnings
SPARINGO/E30MM-0082,SPARINGO/E30MM-0082,30 mm Combination Spanner,24.98,Trojan via Bunnings
SPARINGO/E30MM-0182,SPARINGO/E30MM-0182,30 mm Combination Spanner,24.98,Trojan via Bunnings
SPARINGO/E30MM-0204,SPARINGO/E30MM-0204,30 mm Combination Spanner,24.98,Trojan via Bunnings
SPARINGO/E-41MM-0004,SPARINGO/E-41MM-0004,41 mm Combination Spanner,75,Kincrome via Total Tools
SPARINGO/E-41MM-0005,SPARINGO/E-41MM-0005,41 mm Combination Spanner,75,Kincrome via Total Tools
SPARINGO/E-41MM-0076,SPARINGO/E-41MM-0076,41 mm Combination Spanner,75,Kincrome via Total Tools
SPARINGO/E-41MM-0078,SPARINGO/E-41MM-0078,41 mm Combination Spanner,75,Kincrome via Total Tools
SPARINGO/E-41MM-0081,SPARINGO/E-41MM-0081,41 mm Combination Spanner,75,Kincrome via Total Tools
SPARINGO/E-41MM-0085,SPARINGO/E-41MM-0085,41 mm Combination Spanner,75,Kincrome via Total Tools
SPARINGO/E-41MM-0106,SPARINGO/E-41MM-0106,41 mm Combination Spanner,75,Kincrome via Total Tools
SPARINGO/E-48MM-0003,SPARINGO/E-48MM-0003,48 mm Combination Spanner,100,Kincrome/Toledo via Total Tools
SPARINGO/E-48MM-0006,SPARINGO/E-48MM-0006,48 mm Combination Spanner,100,Kincrome/Toledo via Total Tools
SPARINGO/E50MM-0005,SPARINGO/E50MM-0005,50 mm Combination Spanner,100,Kincrome/Toledo via Total Tools
SPARINGO/E50MM-0006,SPARINGO/E50MM-0006,50 mm Combination Spanner,100,Kincrome/Toledo via Total Tools
SPARINGO/E-55MM-0030,SPARINGO/E-55MM-0030,55 mm Combination Spanner,180,Kincrome via Total Tools
SPARINGO/E-55MM-0033,SPARINGO/E-55MM-0033,55 mm Combination Spanner,180,Kincrome via Total Tools
SPARINGO/E-55MM-0335E,SPARINGO/E-55MM-0335,55 mm Combination Spanner,180,Kincrome via Total Tools
SPARINGO/E-65MM-0009,SPARINGO/E-65MM-0009,65 mm Combination Spanner,250,Kincrome via Total Tools
SPARINGO/E-65MM-0019W,SPARINGO/E-65MM-0019,65 mm Combination Spanner,250,Kincrome via Total Tools
SPARINGO/E-65MM-0020,SPARINGO/E-65MM-0020,65 mm Combination Spanner,250,Kincrome via Total Tools
SPARINGO/E-6MM-0003N,SPARINGO/E-6MM-0007,6 mm Combination Spanner,10,Kincrome via Total Tools
SPARINGO/E-6MM-0008,SPARINGO/E-6MM-0008,6 mm Combination Spanner,10,Kincrome via Total Tools
SPARINGO/E-6MM-0009,SPARINGO/E-6MM-0009,6 mm Combination Spanner,10,Kincrome via Total Tools
SPARINGO/E70MM-0013,SPARINGO/E70MM-0013,70 mm Combination Spanner,220,Kincrome/Toledo via Total Tools
SPARINGO/E70MM-0014,SPARINGO/E70MM-0014,70 mm Combination Spanner,220,Kincrome/Toledo via Total Tools
SPARINGO/E-7MM-0040,SPARINGO/E-7MM-0040,7 mm Combination Spanner,10,Kincrome via Total Tools
SPARINGO/E-7MM-0041,SPARINGO/E-7MM-0041,7 mm Combination Spanner,10,Kincrome via Total Tools
SPARINGO/E-7MM-0042,SPARINGO/E-7MM-0042,7 mm Combination Spanner,10,Kincrome via Total Tools
SPARINGO/E80MM-0002,SPARINGO/E80MM-0002,80 mm Combination Spanner,300,Kincrome/Toledo via Total Tools
SPARINGO/E80MM-0500E,SPARINGO/E80MM-0500,80 mm Combination Spanner,300,Kincrome/Toledo via Total Tools
SPARINGO/E-8MM-0016,SPARINGO/E-8MM-0016,8 mm Combination Spanner,12.5,Kincrome/Sutton/Irwin via Total Tools (Estimated)
SPARINGO/E-8MM-0017,SPARINGO/E-8MM-0017,8 mm Combination Spanner,12.5,Kincrome/Sutton/Irwin via Total Tools (Estimated)
SPARINGO/E-8MM-0018,SPARINGO/E-8MM-0018,8 mm Combination Spanner,12.5,Kincrome/Sutton/Irwin via Total Tools (Estimated)
SPARINGO/E-8MM-0019,SPARINGO/E-8MM-0019,8 mm Combination Spanner,12.5,Kincrome/Sutton/Irwin via Total Tools (Estimated)
SPARINGO/E-8MM-0020,SPARINGO/E-8MM-0020,8 mm Combination Spanner,12.5,Kincrome/Sutton/Irwin via Total Tools (Estimated)
SPARINGO/E-8MM-0804N,SPARINGO/E-8MM-0804,8 mm Combination Spanner,12.5,Kincrome/Sutton/Irwin via Total Tools (Estimated)
SPANFLOGOF1-3/4-0004,SPANFLOGOF1-3/4-0004,"1 3/4"" Flogging Spanner",140,Kincrome via Total Tools
SPANFLOG1-7/8-0014,SPANFLOG1-7/8-0014,"1 7/8"" Flogging Spanner",30.09,Facom via eBay
SPANFLOG1-7/8-0015,SPANFLOG1-7/8-0015,"1 7/8"" Flogging Spanner",30.09,Facom via eBay
SPANFLOG1-7/8-0016,SPANFLOG1-7/8-0016,"1 7/8"" Flogging Spanner",30.09,Facom via eBay
SPANFLOG1-7/8-0020,SPANFLOG1-7/8-0020,"1 7/8"" Flogging Spanner",30.09,Facom via eBay
SPANFLOG2-1/8-0401,SPANFLOG2-1/8-0401,"2 1/18"" Flogging Spanner",135,Toledo/Daytona via Total Tools/Sydney Tools
SPANFLOG2-1/8-0601,SPANFLOG2-1/8-0601,"2 1/18"" Flogging Spanner",135,Toledo/Daytona via Total Tools/Sydney Tools
SPANFLOG3/4-0001,SPANFLOG3/4-0001,"3/4"" Flogging Spanner",45,Toledo/Daytona via Total Tools/Sydney Tools
SPANFLOG3/4-0002,SPANFLOG3/4-0002,"3/4"" Flogging Spanner",45,Toledo/Daytona via Total Tools/Sydney Tools
SPANFLOG46MM -0025,SPANFLOG46MM -0025,46 mm Flogging Spanner,111,Toledo via Total Tools
SPANFLOG46MM -0029,SPANFLOG46MM -0029,46 mm Flogging Spanner,111,Toledo via Total Tools
SPANFLOG46MM -0030,SPANFLOG46MM -0030,46 mm Flogging Spanner,111,Toledo via Total Tools
SPANFLOG46MM -0094,SPANFLOG46MM -0094,46 mm Flogging Spanner,111,Toledo via Total Tools
SPANFLOG46MM -0095,SPANFLOG46MM -0095,46 mm Flogging Spanner,111,Toledo via Total Tools
SPANFLOGFL1-3/4-0009,SPANFLOGFL1-3/4-0009,"1 3/4"" Flat Flogging Spanner",120,Geodore via Total Tools
SPANFLOGFL75MM-0250,SPANFLOGFL75MM-0250,75 mm Flat Flogging Spanner,240,Toledo/Daytona via Total Tools/Sydney Tools
SPANFLOGFL75MM-0401,SPANFLOGFL75MM-0401,75 mm Flat Flogging Spanner,240,Toledo/Daytona via Total Tools/Sydney Tools
SPANFLOGOF2-3/8-0500,SPANFLOGOF2-3/8-0500,"2 3/8"" Offset Flogging Spanner",180,Geodore via Total Tools
SPANNERO/E70MM-0001,SPANNERO/E70MM-0001,70 mm Open-End Spanner,180,Kincrome via Total Tools
SPANNERO/E70MM-0002,SPANNERO/E70MM-0002,70 mm Open-End Spanner,180,Kincrome via Total Tools
SPANNERO/E70MM-0003,SPANNERO/E70MM-0003,70 mm Open-End Spanner,180,Kincrome via Total Tools
SPANPODO/E1-1/8-0001,SPANPODO/E1-1/8-0001,"1 1/8"" Open-End Podger Spanner",105,Action via Industrial Shed
SPANNERPMM 41MM-0018,SPANNERPMM 41MM-0018,36 mm × 41 mm Ratchet Podger Spanner,73.44,Super via Sydney Tools
SPASHIF150MM6IN-0009,SPASHIF150MM6IN-0009,"150 mm (6"") Adjustable Spanner",25,"Estimated based on standard 6"" adjustable wrench"
SPASHIF150MM6IN-0010,SPASHIF150MM6IN-0010,"150 mm (6"") Adjustable Spanner",25,"Estimated based on standard 6"" adjustable wrench"
SPASHIF150MM6IN-0011,SPASHIF150MM6IN-0011,"150 mm (6"") Adjustable Spanner",25,"Estimated based on standard 6"" adjustable wrench"
SPASHIF150MM6IN-0015,SPASHIF150MM6IN-0015,"150 mm (6"") Adjustable Spanner",25,"Estimated based on standard 6"" adjustable wrench"
SPASHIF150MM6IN-0016,SPASHIF150MM6IN-0016,"150 mm (6"") Adjustable Spanner",25,"Estimated based on standard 6"" adjustable wrench"
SPASHIF150MM6IN-0022,SPASHIF150MM6IN-0022,"150 mm (6"") Adjustable Spanner",25,"Estimated based on standard 6"" adjustable wrench"
SPASHIF150MM6IN-0023,SPASHIF150MM6IN-0023,"150 mm (6"") Adjustable Spanner",25,"Estimated based on standard 6"" adjustable wrench"
SPASHIF150MM6IN-0024,SPASHIF150MM6IN-0024,"150 mm (6"") Adjustable Spanner",25,"Estimated based on standard 6"" adjustable wrench"
SPASHIF150MM6IN-0025,SPASHIF150MM6IN-0025,"150 mm (6"") Adjustable Spanner",25,"Estimated based on standard 6"" adjustable wrench"
SPASHIF150MM6IN-0026,SPASHIF150MM6IN-0026,"150 mm (6"") Adjustable Spanner",25,"Estimated based on standard 6"" adjustable wrench"
SPASHIF200MM8IN-0006,SPASHIF200MM8IN-0006,200 mm Adjustable Spanner,30,"Estimated based on standard 8"" adjustable wrench"
SPASHIF200MM8IN-0007,SPASHIF200MM8IN-0007,200 mm Adjustable Spanner,30,"Estimated based on standard 8"" adjustable wrench"
SPASHIF200MM8IN-0008,SPASHIF200MM8IN-0008,200 mm Adjustable Spanner,30,"Estimated based on standard 8"" adjustable wrench"
SPASHIF200MM8IN-0009,SPASHIF200MM8IN-0009,200 mm Adjustable Spanner,30,"Estimated based on standard 8"" adjustable wrench"
SPASHIF200MM8IN-0030,SPASHIF200MM8IN-0030,200 mm Adjustable Spanner,30,"Estimated based on standard 8"" adjustable wrench"
SPASHIF200MM8IN-0034,SPASHIF200MM8IN-0034,200 mm Adjustable Spanner,30,"Estimated based on standard 8"" adjustable wrench"
SPASHIF200MM8IN-0008N,SPASHIF200MM8IN-0037,200 mm Adjustable Spanner,30,"Estimated based on standard 8"" adjustable wrench"
SPASHIF200MM8IN-0039,SPASHIF200MM8IN-0039,200 mm Adjustable Spanner,30,"Estimated based on standard 8"" adjustable wrench"
SPASHIF200MM8IN-0040,SPASHIF200MM8IN-0040,200 mm Adjustable Spanner,30,"Estimated based on standard 8"" adjustable wrench"
SPASHI250MM10IN-0030,SPASHI250MM10IN-0030,"250 mm (10"") Adjustable Spanner",45,Bahco via Total Tools
SPASHI250MM10IN-0031,SPASHI250MM10IN-0031,"250 mm (10"") Adjustable Spanner",45,Bahco via Total Tools
SPASHI250MM10IN-0175N,SPASHI250MM10IN-0175,"250 mm (10"") Adjustable Spanner",45,Bahco via Total Tools
SPASHI300MM12IN-0038,SPASHI300MM12IN-0038,"300 mm (12"") Adjustable Spanner",45,Kincrome/Sutton/Irwin via Total Tools (Estimated)
SPASHI300MM12IN-0059,SPASHI300MM12IN-0059,"300 mm (12"") Adjustable Spanner",45,Kincrome/Sutton/Irwin via Total Tools (Estimated)
SPASHI300MM12IN-0093,SPASHI300MM12IN-0093,"300 mm (12"") Adjustable Spanner",45,Kincrome/Sutton/Irwin via Total Tools (Estimated)
SPASHI300MM12IN-0097,SPASHI300MM12IN-0097,"300 mm (12"") Adjustable Spanner",45,Kincrome/Sutton/Irwin via Total Tools (Estimated)
SPASHI300MM12IN-0155,SPASHI300MM12IN-0155,"300 mm (12"") Adjustable Spanner",45,Kincrome/Sutton/Irwin via Total Tools (Estimated)
SPASHI300MM12IN-0156,SPASHI300MM12IN-0156,"300 mm (12"") Adjustable Spanner",45,Kincrome/Sutton/Irwin via Total Tools (Estimated)
SKTMP11-1/8D1-0003,SKTMP11-1/8D1-0003,"1"" Drive Deep Impact Socket - 1 1/8""",55,Kincrome via Total Tools
SKTMP11-1/8D1-0004,SKTMP11-1/8D1-0004,"1"" Drive Deep Impact Socket - 1 1/8""",55,Kincrome via Total Tools
SKTMP11-1/8D1-0406N,SKTMP11-1/8D1-0406,"1"" Drive Deep Impact Socket - 1 1/8""",55,Kincrome via Total Tools
SKTP11-15/161-0403N,SKTP11-15/161-0403,"1"" Drive Impact Socket - 1 15/16""",85,SP Tools via Sydney Tools
SKT-1/2-32MM1-0026,SKT-1/2-32mm1-0026,"1/2"" Drive Deep Impact Socket - 32 mm",26.8,Kincrome via Bunnings
SKT-1/2-32MM1-0029,SKT-1/2-32mm1-0029,"1/2"" Drive Deep Impact Socket - 32 mm",26.8,Kincrome via Bunnings
SKT-1/2-32MM1-0030,SKT-1/2-32mm1-0030,"1/2"" Drive Deep Impact Socket - 32 mm",26.8,Kincrome via Bunnings
SKT-1/2-32MM1-0032,SKT-1/2-32mm1-0032,"1/2"" Drive Deep Impact Socket - 32 mm",26.8,Kincrome via Bunnings
SKT-1/2-32MM1-0034,SKT-1/2-32mm1-0034,"1/2"" Drive Deep Impact Socket - 32 mm",26.8,Kincrome via Bunnings
SKT-1/2-32MM1-0062,SKT-1/2-32mm1-0062,"1/2"" Drive Deep Impact Socket - 32 mm",26.8,Kincrome via Bunnings
SKT-1/2-32MM1-0063,SKT-1/2-32mm1-0063,"1/2"" Drive Deep Impact Socket - 32 mm",26.8,Kincrome via Bunnings
SKT-1/2-32MM1-0501N,SKT-1/2-32mm1-0501,"1/2"" Drive Deep Impact Socket - 32 mm",26.8,Kincrome via Bunnings
SKT-3/4-29MM1-0007,SKT-3/4-29mm1-0007,"3/4"" Drive Deep Impact Socket - 29 mm",50,Estimated trade quality
SKT-3/4-29MM1-0008,SKT-3/4-29mm1-0008,"3/4"" Drive Deep Impact Socket - 29 mm",50,Estimated trade quality
T75340/004,SKTQUE1D113/161-0004,"1"" Drive Impact Socket - 1 13/16""",80,Kincrome via Total Tools
SKTQUE1D113/161-0006,SKTQUE1D113/161-0006,"1"" Drive Impact Socket - 1 13/16""",80,Kincrome via Total Tools
SPANCOMFL2-1516-0002,SPANCOMFL2-1516-0002,"2 15/16"" Flat Combination Spanner",180,Kincrome via Total Tools
SPANFLOG1-1/8-0005,SPANFLOG1-1/8-0005,"1 1/8"" Flogging Spanner",45,Toledo/Daytona via Total Tools/Sydney Tools
SPANFLOG1-1/8-0022E,SPANFLOG1-1/8-0022,"1 1/8"" Flogging Spanner",45,Toledo/Daytona via Total Tools/Sydney Tools
SPANFLOG1-13/16-0005E,SPANFLOG1-13/16-0013,"1 13/16"" Flogging Spanner",95,Toledo via Total Tools
SPANFLOG1-13/16-0476N,SPANFLOG1-13/16-0476,"1 13/16"" Flogging Spanner",95,Toledo via Total Tools
SPANFLOG1-5/16-0003,SPANFLOG1-5/16-0003,"1 5/16"" Flogging Spanner",85,Kincrome via Total Tools
SPANFLOG1-5/16-0004,SPANFLOG1-5/16-0004,"1 5/16"" Flogging Spanner",85,Kincrome via Total Tools
SPANFLOG1-5/16-0005,SPANFLOG1-5/16-0005,"1 5/16"" Flogging Spanner",85,Kincrome via Total Tools
SPANFLOG32MM -0029,SPANFLOG32MM -0029,32 mm Flogging Spanner,41,ITM via Total Tools
SPANFLOG32MM -0032,SPANFLOG32MM -0032,32 mm Flogging Spanner,41,ITM via Total Tools
SPANFLOG32MM -0036,SPANFLOG32MM -0036,32 mm Flogging Spanner,41,ITM via Total Tools
SPANFLOG32MM -0037,SPANFLOG32MM -0037,32 mm Flogging Spanner,41,ITM via Total Tools
SPANFLOG41MM -0027,SPANFLOG41MM -0027,41 mm Flogging Spanner,95,Estimated based on 46mm size
SPANFLOG41MM -0029,SPANFLOG41MM -0029,41 mm Flogging Spanner,95,Estimated based on 46mm size
SPANFLOG41MM -0030,SPANFLOG41MM -0030,41 mm Flogging Spanner,95,Estimated based on 46mm size
SPANFLOG41MM -0425N,SPANFLOG41MM -0425,41 mm Flogging Spanner,95,Estimated based on 46mm size
SPANFLOF1-15/16-0001,SPANFLOF1-15/16-0001,"1 15/16"" Offset Flogging Spanner",95,Toledo/Daytona via Total Tools/Sydney Tools
SPANFLOF1-15/16-0002,SPANFLOF1-15/16-0002,"1 15/16"" Offset Flogging Spanner",95,Toledo/Daytona via Total Tools/Sydney Tools
SPANNERP0M450MM-0090,SPANNERP0M450MM-0090,20 mm × 450 mm Podger Bar,45,Muncher via Total Tools
SPANNERPMM 36MM-0011,SPANNERPMM 36MM-0011,32 mm × 36 mm Ratchet Podger Spanner,95,Kincrome/Sutton/Irwin via Total Tools (Estimated)
SPANNERPMM 36MM-0012,SPANNERPMM 36MM-0012,32 mm × 36 mm Ratchet Podger Spanner,95,Kincrome/Sutton/Irwin via Total Tools (Estimated)
SPANNERPMM 36MM-0016,SPANNERPMM 36MM-0016,32 mm × 36 mm Ratchet Podger Spanner,95,Kincrome/Sutton/Irwin via Total Tools (Estimated)
SPANNERPMM 36MM-0018,SPANNERPMM 36MM-0018,32 mm × 36 mm Ratchet Podger Spanner,95,Kincrome/Sutton/Irwin via Total Tools (Estimated)
SPANNERPMM 36MM-0020,SPANNERPMM 36MM-0020,32 mm × 36 mm Ratchet Podger Spanner,95,Kincrome/Sutton/Irwin via Total Tools (Estimated)
SPANNERPMM 36MM-0021,SPANNERPMM 36MM-0021,32 mm × 36 mm Ratchet Podger Spanner,95,Kincrome/Sutton/Irwin via Total Tools (Estimated)
STEELRULE1000MM-0010,STEELRULE1000MM-0010,Steel Rule - 1000 mm,45,Toledo via Total Tools
STEELRULLE300MM-0144,STEELRULLE300MM-0144,Steel Rule - 300 mm,15,Estimated based on standard 300mm steel rules
STEELRULLE300MM-0145,STEELRULLE300MM-0145,Steel Rule - 300 mm,15,Estimated based on standard 300mm steel rules
STEELRULLE300MM-0146,STEELRULLE300MM-0146,Steel Rule - 300 mm,15,Estimated based on standard 300mm steel rules
STEELRULLE300MM-0157,STEELRULLE300MM-0157,Steel Rule - 300 mm,15,Estimated based on standard 300mm steel rules
STEELRULLE300MM-0158,STEELRULLE300MM-0158,Steel Rule - 300 mm,15,Estimated based on standard 300mm steel rules
STEELRULLE300MM-0159,STEELRULLE300MM-0159,Steel Rule - 300 mm,15,Estimated based on standard 300mm steel rules
STEELRULLE300MM-0160,STEELRULLE300MM-0160,Steel Rule - 300 mm,15,Estimated based on standard 300mm steel rules
STEELRULLE300MM-0161,STEELRULLE300MM-0161,Steel Rule - 300 mm,15,Estimated based on standard 300mm steel rules
PLIERSIDECUT200-0051,PLIERSIDECUT200-0051,Pliers - Side Cutting 200 mm,45,Knipex via Total Tools
PLIERCIRCLIPEXT-0083,PLIERCIRCLIPEXT-0083,Pliers - Circlip - External,25,Estimated based on typical trade quality
PLIERCIRCLIPINT-0091,PLIERCIRCLIPINT-0091,Pliers - Circlip internal,25,Estimated based on typical trade quality
SQUARE20RE200MM-0012,SQUARE20RE200MM-0012,Square - 200 mm,39.98,Empire via Bunnings
SQUARE20RE200MM-0016,SQUARE20RE200MM-0016,Square - 200 mm,39.98,Empire via Bunnings
SKT1/4IN3/4IND1-0016,SKT1/4IN3/4IND1-0016,"3/4"" Drive Deep Impact Socket - 1 1/4""",40,Kincrome via Total Tools
SKT1/4IN3/4IND1-0017,SKT1/4IN3/4IND1-0017,"3/4"" Drive Deep Impact Socket - 1 1/4""",40,Kincrome via Total Tools
SKT1/4IN3/4IND1-0018,SKT1/4IN3/4IND1-0018,"3/4"" Drive Deep Impact Socket - 1 1/4""",40,Kincrome via Total Tools
SKT1/4IN3/4IND1-0019,SKT1/4IN3/4IND1-0019,"3/4"" Drive Deep Impact Socket - 1 1/4""",40,Kincrome via Total Tools
AIRNOZZLELGE-000001,AIRNOZZLELGE-000001,Air Nozzle - Large,221,https://www.primesupplies.com.au/product/m7-super-air-blow-gun-venturi-nozzle-with-3x-airflow-str-nozzle-2032mm/
PLIERSVCGRP-0062,PLIERSVCGRP-0062,Pliers - Vice Grip,30,Irwin via Bunnings
SKTET1/2161-0059,SKTET1/2161-0059,"1/2"" Drive Impact Socket - 16 mm",7,Estimated based on 21mm size
SKTET1/2161-0070,SKTET1/2161-0070,"1/2"" Drive Impact Socket - 16 mm",7,Estimated based on 21mm size
SKTET1/2161-0071,SKTET1/2161-0071,"1/2"" Drive Impact Socket - 16 mm",7,Estimated based on 21mm size
SKTET1/2161-0072,SKTET1/2161-0072,"1/2"" Drive Impact Socket - 16 mm",7,Estimated based on 21mm size
SKTET1/2251-0003,SKTET1/2251-0003,"1/2"" Drive Impact Socket - 25 mm",20,Daytona via Sydney Tools
SKTET1/2251-0005,SKTET1/2251-0005,"1/2"" Drive Impact Socket - 25 mm",20,Daytona via Sydney Tools
SKTET1/2251-0012,SKTET1/2251-0012,"1/2"" Drive Impact Socket - 25 mm",20,Daytona via Sydney Tools
SKTET1/2251-0013,SKTET1/2251-0013,"1/2"" Drive Impact Socket - 25 mm",20,Daytona via Sydney Tools
SKTET1/2251-0017,SKTET1/2251-0017,"1/2"" Drive Impact Socket - 25 mm",20,Daytona via Sydney Tools
SKTET1/2251-0414N,SKTET1/2251-0414,"1/2"" Drive Impact Socket - 25 mm",20,Daytona via Sydney Tools
SKTET1/2251-0415N,SKTET1/2251-0415,"1/2"" Drive Impact Socket - 25 mm",20,Daytona via Sydney Tools
SKTCKET1411-0015,SKTCKET1411-0015,"1"" Drive Impact Socket - 41 mm",45,TTI via Total Tools
SKTCKET1631-0001,SKTCKET1631-0001,"1"" Drive Impact Socket - 63 mm",105,Kincrome via Total Tools
SKTCKET1631-0002,SKTCKET1631-0002,"1"" Drive Impact Socket - 63 mm",105,Kincrome via Total Tools
SKTET3/4551-0007,SKTET3/4551-0007,"3/4"" Drive Impact Socket - 55 mm",85,Kincrome via Total Tools
SKTET3/4551-0021,SKTET3/4551-0021,"3/4"" Drive Impact Socket - 55 mm",85,Kincrome via Total Tools
SKTET3/4551-0023,SKTET3/4551-0023,"3/4"" Drive Impact Socket - 55 mm",85,Kincrome via Total Tools
SKTTIMP3/41D1-0001,SKTTIMP3/41D1-0001,"3/4"" Drive Deep Impact Socket - 1""",28,Daytona via Sydney Tools
SKTTIMP3/41D1-0002,SKTTIMP3/41D1-0002,"3/4"" Drive Deep Impact Socket - 1""",28,Daytona via Sydney Tools
SKTTIMP3/41D1-0003,SKTTIMP3/41D1-0003,"3/4"" Drive Deep Impact Socket - 1""",28,Daytona via Sydney Tools
SKTTIMP3/41D1-0006,SKTTIMP3/41D1-0006,"3/4"" Drive Deep Impact Socket - 1""",28,Daytona via Sydney Tools
SKTTIMP3/41D1-0008,SKTTIMP3/41D1-0008,"3/4"" Drive Deep Impact Socket - 1""",28,Daytona via Sydney Tools
SKTTIMP3/41D1-0431N,SKTTIMP3/41D1-0431,"3/4"" Drive Deep Impact Socket - 1""",28,Daytona via Sydney Tools
SKTTIMP3/41D1-0443N,SKTTIMP3/41D1-0443,"3/4"" Drive Deep Impact Socket - 1""",28,Daytona via Sydney Tools
SKTP3/4-21/21-0002,SKTP3/4-21/21-0002,"3/4"" Drive Impact Socket - 2 1/2""",95,Estimated trade quality
SKTP3/4-21/21-0003,SKTP3/4-21/21-0003,"3/4"" Drive Impact Socket - 2 1/2""",95,Estimated trade quality
SKTP3/4-23/41-0006,SKTP3/4-23/41-0006,"3/4"" Drive Impact Socket - 2 3/4""",45,Action via Total Tools
SKTP3/4-23/41-0007,SKTP3/4-23/41-0007,"3/4"" Drive Impact Socket - 2 3/4""",45,Action via Total Tools
SKTPT1-1/2-11-0404N,SKTPT1-1/2-11-0404,"1 1/2"" to 1"" Drive Socket Adaptor",75,Estimated trade quality
SKTPT1-1/2-11-0800N,SKTPT1-1/2-11-0800,"1 1/2"" to 1"" Drive Socket Adaptor",75,Estimated trade quality
SKTPL1IN601-0005,SKTPL1in601-0005,"1"" Drive Deep Impact Socket - 60 mm",110,TTI via Total Tools
SKTG-1-1-1/41-0001,SKTG-1-1-1/41-0001,"1"" Drive Deep Impact Socket - 1 1/4""",80,TTI via Total Tools
SKTE273/41-0004,SKTE273/41-0004,"3/4"" Drive Impact Socket - 27 mm",45,Kincrome via Total Tools
SKTINTS1/2IN1-0050,SKTINTS1/2IN1-0050,"1/2"" Drive Socket Universal Joint",25,Daytona via Sydney Tools
SKTINTS1/2IN1-0082,SKTINTS1/2IN1-0082,"1/2"" Drive Socket Universal Joint",25,Daytona via Sydney Tools
SKTINTS1/2IN1-0083,SKTINTS1/2IN1-0083,"1/2"" Drive Socket Universal Joint",25,Daytona via Sydney Tools
SKTINTS1/2IN1-0084,SKTINTS1/2IN1-0084,"1/2"" Drive Socket Universal Joint",25,Daytona via Sydney Tools
SKTINTS1/2IN1-0085,SKTINTS1/2IN1-0085,"1/2"" Drive Socket Universal Joint",25,Daytona via Sydney Tools
SKTINTS1/2IN1-0086,SKTINTS1/2IN1-0086,"1/2"" Drive Socket Universal Joint",25,Daytona via Sydney Tools
SKTINTS1/2IN1-0087,SKTINTS1/2IN1-0087,"1/2"" Drive Socket Universal Joint",25,Daytona via Sydney Tools
SKTJOINTS1IN1-0002,SKTJOINTS1IN1-0002,"1"" Drive Socket Universal Joint",150,Kincrome via Total Tools
SKTJOINTS1IN1-0016,SKTJOINTS1IN1-0016,"1"" Drive Socket Universal Joint",150,Kincrome via Total Tools
SOCKEXTN4D150MM-0010,SOCKEXTN4D150MM-0010,"3/4"" Drive Socket Extension - 150 mm",35,Kincrome/Sutton/Irwin via Total Tools (Estimated)
SOCKEXTN4D150MM-0012,SOCKEXTN4D150MM-0012,"3/4"" Drive Socket Extension - 150 mm",35,Kincrome/Sutton/Irwin via Total Tools (Estimated)
SOCKEXTN4D150MM-0221N,SOCKEXTN4D150MM-0032,"3/4"" Drive Socket Extension - 150 mm",35,Kincrome/Sutton/Irwin via Total Tools (Estimated)
SOCKEXTN4D150MM-0806N,SOCKEXTN4D150MM-0806,"3/4"" Drive Socket Extension - 150 mm",35,Kincrome/Sutton/Irwin via Total Tools (Estimated)
SOCKEXTN4D150MM-0807N,SOCKEXTN4D150MM-0807,"3/4"" Drive Socket Extension - 150 mm",35,Kincrome/Sutton/Irwin via Total Tools (Estimated)
SOCKSETIM1/2DAF-0007,SOCKSETIM1/2DAF-0007,"1/2"" Drive Impact Socket Set - AF",120,Kincrome via Total Tools
SPAOERG2 - 116-0133N,SPAOERG2 - 116-0002,"2 1/16"" Combination Spanner",100,Kincrome via Total Tools
SPAOERG2 - 116-0132N,SPAOERG2 - 116-0003,"2 1/16"" Combination Spanner",100,Kincrome via Total Tools
SPAOERG2 - 116-0005,SPAOERG2 - 116-0005,"2 1/16"" Combination Spanner",100,Kincrome via Total Tools
SPAO/E/RING7/8-0020N,SPAO/E/RING7/8-0043,"7/8"" Combination Spanner",25,Kincrome via Total Tools
SPAO/E/RING7/8-0045,SPAO/E/RING7/8-0045,"7/8"" Combination Spanner",25,Kincrome via Total Tools
SPAO/E/RING7/8-0053,SPAO/E/RING7/8-0053,"7/8"" Combination Spanner",25,Kincrome via Total Tools
SPAO/E/RING7/8-0059,SPAO/E/RING7/8-0059,"7/8"" Combination Spanner",25,Kincrome via Total Tools
SPAO/E/RING7/8-0062,SPAO/E/RING7/8-0062,"7/8"" Combination Spanner",25,Kincrome via Total Tools
SPAO/E/RING7/8-0909N,SPAO/E/RING7/8-0909,"7/8"" Combination Spanner",25,Kincrome via Total Tools
SPARINGO/E-21MM-0050,SPARINGO/E-21MM-0050,21 mm Combination Spanner,22,Kincrome via Total Tools
SPARINGO/E-21MM-0052,SPARINGO/E-21MM-0052,21 mm Combination Spanner,22,Kincrome via Total Tools
SPARINGO/E-21MM-0058,SPARINGO/E-21MM-0058,21 mm Combination Spanner,22,Kincrome via Total Tools
SPARINGO/E-21MM-0059,SPARINGO/E-21MM-0059,21 mm Combination Spanner,22,Kincrome via Total Tools
SPARINGO/E-21MM-0060,SPARINGO/E-21MM-0060,21 mm Combination Spanner,22,Kincrome via Total Tools
SPARINGO/E-21MM-0061,SPARINGO/E-21MM-0061,21 mm Combination Spanner,22,Kincrome via Total Tools
SPARINGO/E-21MM-0062,SPARINGO/E-21MM-0062,21 mm Combination Spanner,22,Kincrome via Total Tools
SPARINGO/E-32MM-0077,SPARINGO/E-32MM-0077,32 mm Combination Spanner,25.98,Trojan via Bunnings
SPARINGO/E-32MM-0078,SPARINGO/E-32MM-0078,32 mm Combination Spanner,25.98,Trojan via Bunnings
SPARINGO/E-32MM-0084,SPARINGO/E-32MM-0084,32 mm Combination Spanner,25.98,Trojan via Bunnings
SPARINGO/E-32MM-0091,SPARINGO/E-32MM-0091,32 mm Combination Spanner,25.98,Trojan via Bunnings
SPARINGO/E-32MM-0094,SPARINGO/E-32MM-0094,32 mm Combination Spanner,25.98,Trojan via Bunnings
SPARINGO/E-32MM-0097,SPARINGO/E-32MM-0097,32 mm Combination Spanner,25.98,Trojan via Bunnings
SPARINGO/E-32MM-0098,SPARINGO/E-32MM-0098,32 mm Combination Spanner,25.98,Trojan via Bunnings
SPARINGO/E-32MM-0102,SPARINGO/E-32MM-0102,32 mm Combination Spanner,25.98,Trojan via Bunnings
SPARINGO/E-32MM-0167,SPARINGO/E-32MM-0167,32 mm Combination Spanner,25.98,Trojan via Bunnings
SPARINGO/E-32MM-0168,SPARINGO/E-32MM-0168,32 mm Combination Spanner,25.98,Trojan via Bunnings
SPARINGO/E-33MM-0004,SPARINGO/E-33MM-0004,33 mm Combination Spanner,45,GearWrench via Sydney Tools
SPARINGO/E-33MM-0007,SPARINGO/E-33MM-0007,33 mm Combination Spanner,45,GearWrench via Sydney Tools
SPANFLOG24MM-0307N,SPANFLOG24MM-0064,24 mm Flogging Spanner,65,Kincrome via Total Tools
SPANFLOG24MM-0310N,SPANFLOG24MM-0066,24 mm Flogging Spanner,65,Kincrome via Total Tools
SPANFLOG24MM-0073,SPANFLOG24MM-0073,24 mm Flogging Spanner,65,Kincrome via Total Tools
SPANFLOF2-15/16-0001,SPANFLOF2-15/16-0001,"2 15/16"" Offset Flogging Spanner",350,Safety Tools via ISurplus
SPANFLOGOF60MM-0002,SPANFLOGOF60MM-0002,60 mm Offset Flogging Spanner,140,Toledo via Total Tools
SPANFLOGOF60MM-0003,SPANFLOGOF60MM-0003,60 mm Offset Flogging Spanner,140,Toledo via Total Tools
SPANFLOGOF70MM-0001,SPANFLOGOF70MM-0001,70 mm Offset Flogging Spanner,180,Toledo via Total Tools
SPANFLOGOF70MM-0003,SPANFLOGOF70MM-0003,70 mm Offset Flogging Spanner,180,Toledo via Total Tools
SPANNERP6M450MM-0006,SPANNERP6M450MM-0006,16 mm × 450 mm Podger Bar,45,Mummy via Total Tools
SPANNERP6M450MM-0007,SPANNERP6M450MM-0007,16 mm × 450 mm Podger Bar,45,Mummy via Total Tools
SPANNERP6M450MM-0008,SPANNERP6M450MM-0008,16 mm × 450 mm Podger Bar,45,Mummy via Total Tools
SPANNERP6M450MM-0009,SPANNERP6M450MM-0009,16 mm × 450 mm Podger Bar,45,Mummy via Total Tools
SPANNERP0M600MM-0101,SPANNERP0M600MM-0101,20 mm × 600 mm Podger Bar,47.9,Mumme via Total Tools
SPANNERP0M600MM-0102,SPANNERP0M600MM-0102,20 mm × 600 mm Podger Bar,47.9,Mumme via Total Tools
STAMPLETTTER6MM-0002,STAMPLETTTER6MM-0002,Stamp - Letter - 6 mm,65,Kincrome via Total Tools
STILSEN9EN900MM-000421,STILSEN9EN900MM-000421,900 mm Stillson Pipe Wrench,150,Ridgid via Total Tools
STILSEN9EN900MM-0003,STILSEN9EN900MM-0003,900 mm Stillson Pipe Wrench,150,Ridgid via Total Tools
STILSEN9EN900MM-0004,STILSEN9EN900MM-0004,900 mm Stillson Pipe Wrench,150,Ridgid via Total Tools
STILSEN9EN900MM-0007,STILSEN9EN900MM-0007,900 mm Stillson Pipe Wrench,150,Ridgid via Total Tools
STILSEN9EN900MM-0017,STILSEN9EN900MM-0017,900 mm Stillson Pipe Wrench,150,Ridgid via Total Tools
SKT1/2IN201-0042,SKT1/2IN201-0042,"1/2"" Drive Impact Socket - 20 mm",8.9,TTI via Total Tools
SKT1/2IN201-0045,SKT1/2IN201-0045,"1/2"" Drive Impact Socket - 20 mm",8.9,TTI via Total Tools
SKT1/2IN201-0047,SKT1/2IN201-0047,"1/2"" Drive Impact Socket - 20 mm",8.9,TTI via Total Tools
SKT1/2IN201-0048,SKT1/2IN201-0048,"1/2"" Drive Impact Socket - 20 mm",8.9,TTI via Total Tools
SKT1/2IN201-0049,SKT1/2IN201-0049,"1/2"" Drive Impact Socket - 20 mm",8.9,TTI via Total Tools
SKT1/2IN201-0049N,SKT1/2IN201-0050,"1/2"" Drive Impact Socket - 20 mm",8.9,TTI via Total Tools
SKT1/2IN201-0051,SKT1/2IN201-0051,"1/2"" Drive Impact Socket - 20 mm",8.9,TTI via Total Tools
SKT1/2IN201-0804N,SKT1/2IN201-0804,"1/2"" Drive Impact Socket - 20 mm",8.9,TTI via Total Tools
SKT1/2IN201-0824N,SKT1/2IN201-0824,"1/2"" Drive Impact Socket - 20 mm",8.9,TTI via Total Tools
SKT3/4IN401-0005,SKT3/4IN401-0005,"3/4"" Drive Impact Socket - 40 mm",55,Estimated trade quality
SKT3/4IN401-0007,SKT3/4IN401-0007,"3/4"" Drive Impact Socket - 40 mm",55,Estimated trade quality
SKTT3/41751-0004,SKTT3/41751-0004,"3/4"" Drive Impact Socket - 175 mm",55,TTI via Total Tools
SKTKETIMP1-11-0003,SKTKETIMP1-11-0003,"1"" Drive Impact Socket - 1""",45,Kincrome via Total Tools
SKTKETIMP1-11-0006N,SKTKETIMP1-11-0006,"1"" Drive Impact Socket - 1""",45,Kincrome via Total Tools
SKTTIMP1-3/41-0401N,SKTTIMP1-3/41-0401,"1"" Drive Impact Socket - 3/4""",65,TTI via Total Tools
SKT3/4-29/161-0001,SKT3/4-29/161-0001,"3/4"" Drive Impact Socket - 2 9/16""",45,TTI via Total Tools
SKTMP3/4-7/81-0003,SKTMP3/4-7/81-0003,"3/4"" Drive Impact Socket - 7/8""",25,Kincrome via Total Tools
SKTMP3/4-7/81-0004,SKTMP3/4-7/81-0004,"3/4"" Drive Impact Socket - 7/8""",25,Kincrome via Total Tools
SKTMP3/4-7/81-0005,SKTMP3/4-7/81-0005,"3/4"" Drive Impact Socket - 7/8""",25,Kincrome via Total Tools
SKT3/4IN221-0014,SKT3/4IN221-0014,"3/4"" Drive Impact Socket - 22 mm",35,Kincrome via Total Tools
SKT3/4IN221-0016,SKT3/4IN221-0016,"3/4"" Drive Impact Socket - 22 mm",35,Kincrome via Total Tools
SKT3/4IN221-0017,SKT3/4IN221-0017,"3/4"" Drive Impact Socket - 22 mm",35,Kincrome via Total Tools
SKT1/22501-0027,SKT1/22501-0027,"1/2"" Drive Socket Extension - 250 mm",35,Estimated trade quality
SKT1/22501-0035,SKT1/22501-0035,"1/2"" Drive Socket Extension - 250 mm",35,Estimated trade quality
SKT3/42501-0032,SKT3/42501-0032,"3/4"" Drive Socket Extension - 250 mm",55,TTI via Total Tools
SKT3/42501-0030,SKT3/42501-0030,"3/4"" Drive Socket Extension - 250 mm",55,TTI via Total Tools
SKT3/42501-0024,SKT3/42501-0024,"3/4"" Drive Socket Extension - 250 mm",55,TTI via Total Tools
SKT-1/2-24MM1-0500N,SKT-1/2-24mm1-0269,"1/2"" Drive Deep Impact Socket - 24 mm",22,TTI via Total Tools
SKTPL-1-34MM1-0001,SKTPL-1-34mm1-0001,"1"" Drive Deep Impact Socket - 34 mm",65,TTI via Total Tools
T52081/601,SKT243/4IN1-000601,"3/4"" Drive Deep Impact Socket - 24 mm",32,Daytona via Sydney Tools
SKT243/4IN1-0038,SKT243/4IN1-0038,"3/4"" Drive Deep Impact Socket - 24 mm",32,Daytona via Sydney Tools
SKT243/4IN1-0049,SKT243/4IN1-0049,"3/4"" Drive Deep Impact Socket - 24 mm",32,Daytona via Sydney Tools
SKT243/4IN1-0054,SKT243/4IN1-0054,"3/4"" Drive Deep Impact Socket - 24 mm",32,Daytona via Sydney Tools
SKT243/4IN1-0071,SKT243/4IN1-0071,"3/4"" Drive Deep Impact Socket - 24 mm",32,Daytona via Sydney Tools
SKT243/4IN1-0072,SKT243/4IN1-0072,"3/4"" Drive Deep Impact Socket - 24 mm",32,Daytona via Sydney Tools
SKT243/4IN1-0854N,SKT243/4IN1-0100,"3/4"" Drive Deep Impact Socket - 24 mm",32,Daytona via Sydney Tools
SKTNHEX3/8-1/21-0005,SKTNHEX3/8-1/21-0005,"1/2"" Drive Impact Inhex Socket - 3/8""",18,Kincrome via Total Tools
SKTUE1D2-13/161-0004,SKTUE1D2-13/161-0004,"1"" Drive Impact Socket - 2 13/16""",136,https://www.primesupplies.com.au/product/impact-socket-1-dr-2-13-16/
SKTUE1D2-13/161-0002,SKTUE1D2-13/161-0002,"1"" Drive Impact Socket - 2 13/16""",136,https://www.primesupplies.com.au/product/impact-socket-1-dr-2-13-16/
SKTRQUE1D2-7/81-0001,SKTRQUE1D2-7/81-0001,"1"" Drive Impact Socket - 2 7/8""",130,Kincrome via Total Tools
SKTQUE3/4D11/21,SKTQUE3/4D11/21-0001,"3/4"" Drive Impact Socket - 1 1/2""",45,Estimated based on typical trade quality
SKTQUE4111-0002,SKTQUE4111-0002,"1"" Drive Impact Socket - 41 mm",65,Daytona/Kincrome via Sydney Tools
SKTQUE4111-0004,SKTQUE4111-0004,"1"" Drive Impact Socket - 41 mm",65,Daytona/Kincrome via Sydney Tools
SPAO/E/RING1-0002N,SPAO/E/RING1-0016,"1"" Combination Spanner",45,"Interpolated from Kincrome 15/16"" and 1-1/16"""
SPAO/E/RING1-0021,SPAO/E/RING1-0021,"1"" Combination Spanner",45,"Interpolated from Kincrome 15/16"" and 1-1/16"""
SPAO/E/RING1-0005N,SPAO/E/RING1-0023,"1"" Combination Spanner",45,"Interpolated from Kincrome 15/16"" and 1-1/16"""
SPAO/E/RING1-0024,SPAO/E/RING1-0024,"1"" Combination Spanner",45,"Interpolated from Kincrome 15/16"" and 1-1/16"""
SPAO/E/RING1-0025,SPAO/E/RING1-0025,"1"" Combination Spanner",45,"Interpolated from Kincrome 15/16"" and 1-1/16"""
SPAO/E/RING1-0026,SPAO/E/RING1-0026,"1"" Combination Spanner",45,"Interpolated from Kincrome 15/16"" and 1-1/16"""
SPAO/E/RING1-0027,SPAO/E/RING1-0027,"1"" Combination Spanner",45,"Interpolated from Kincrome 15/16"" and 1-1/16"""
SPAO/E/RING1-0029,SPAO/E/RING1-0029,"1"" Combination Spanner",45,"Interpolated from Kincrome 15/16"" and 1-1/16"""
SPAO/E/RING1-0031,SPAO/E/RING1-0031,"1"" Combination Spanner",45,"Interpolated from Kincrome 15/16"" and 1-1/16"""
SPAO/E/RING1-0032,SPAO/E/RING1-0032,"1"" Combination Spanner",45,"Interpolated from Kincrome 15/16"" and 1-1/16"""
SPAO/E/RING1-0034,SPAO/E/RING1-0034,"1"" Combination Spanner",45,"Interpolated from Kincrome 15/16"" and 1-1/16"""
SPAO/E/RING1-0035,SPAO/E/RING1-0035,"1"" Combination Spanner",45,"Interpolated from Kincrome 15/16"" and 1-1/16"""
SPAO/E/RING1-0036,SPAO/E/RING1-0036,"1"" Combination Spanner",45,"Interpolated from Kincrome 15/16"" and 1-1/16"""
SPAO/E/RING1-0037,SPAO/E/RING1-0037,"1"" Combination Spanner",45,"Interpolated from Kincrome 15/16"" and 1-1/16"""
SPAO/E/RING1-0408N,SPAO/E/RING1-0408,"1"" Combination Spanner",45,"Interpolated from Kincrome 15/16"" and 1-1/16"""
SPAO/E/RING1-0428N,SPAO/E/RING1-0428,"1"" Combination Spanner",45,"Interpolated from Kincrome 15/16"" and 1-1/16"""
SPAOERG1116-0006N,SPAOERG1116-0008,"11/16"" Combination Spanner",29,"Interpolated from Kincrome 3/4"""
SPAOERG1116-0009,SPAOERG1116-0009,"11/16"" Combination Spanner",29,"Interpolated from Kincrome 3/4"""
SPAOERG1116-0010,SPAOERG1116-0010,"11/16"" Combination Spanner",29,"Interpolated from Kincrome 3/4"""
SPAOERG1116-0012,SPAOERG1116-0012,"11/16"" Combination Spanner",29,"Interpolated from Kincrome 3/4"""
SPAOERG1116-0013,SPAOERG1116-0013,"11/16"" Combination Spanner",29,"Interpolated from Kincrome 3/4"""
SPAOERG1116-0014,SPAOERG1116-0014,"11/16"" Combination Spanner",29,"Interpolated from Kincrome 3/4"""
SPAOERG1116-0015,SPAOERG1116-0015,"11/16"" Combination Spanner",29,"Interpolated from Kincrome 3/4"""
SPAOERG1116-0016,SPAOERG1116-0016,"11/16"" Combination Spanner",29,"Interpolated from Kincrome 3/4"""
SPAOERG1116-0017,SPAOERG1116-0017,"11/16"" Combination Spanner",29,"Interpolated from Kincrome 3/4"""
SPAOERG1116-0018,SPAOERG1116-0018,"11/16"" Combination Spanner",29,"Interpolated from Kincrome 3/4"""
SPAOERG1116-0028N,SPAOERG1116-0028,"11/16"" Combination Spanner",29,"Interpolated from Kincrome 3/4"""
SPAOERG1116-0939W,SPAOERG1116-0939,"11/16"" Combination Spanner",29,"Interpolated from Kincrome 3/4"""
SPAOERG1116-0955W,SPAOERG1116-0955,"11/16"" Combination Spanner",29,"Interpolated from Kincrome 3/4"""
SPAOERG1 - 1316-000415,SPAOERG1 - 1316-000415,"1 13/16"" Combination Spanner",65,Kincrome via Total Tools
SPAOERG1 - 1316-0054,SPAOERG1 - 1316-0054,"1 13/16"" Combination Spanner",65,Kincrome via Total Tools
SPAOERG1 - 1316-0055,SPAOERG1 - 1316-0055,"1 13/16"" Combination Spanner",65,Kincrome via Total Tools
SPAOERG1 - 1316-0057,SPAOERG1 - 1316-0057,"1 13/16"" Combination Spanner",65,Kincrome via Total Tools
SPAOERG1 - 1316-0404N,SPAOERG1 - 1316-0404,"1 13/16"" Combination Spanner",65,Kincrome via Total Tools
SPAOERG1 - 1316-0432N,SPAOERG1 - 1316-0432,"1 13/16"" Combination Spanner",65,Kincrome via Total Tools
SPAOERG1 - 1316-0819N,SPAOERG1 - 1316-0819,"1 13/16"" Combination Spanner",65,Kincrome via Total Tools
SPAOERG1316-0001N,SPAOERG1316-0006,"13/16"" Combination Spanner",35,"Interpolated from Kincrome 3/4"""
SPAOERG1316-0007,SPAOERG1316-0007,"13/16"" Combination Spanner",35,"Interpolated from Kincrome 3/4"""
SPAOERG1316-0009,SPAOERG1316-0009,"13/16"" Combination Spanner",35,"Interpolated from Kincrome 3/4"""
SPAOERG1316-0010,SPAOERG1316-0010,"13/16"" Combination Spanner",35,"Interpolated from Kincrome 3/4"""
SPAOERG1316-0011,SPAOERG1316-0011,"13/16"" Combination Spanner",35,"Interpolated from Kincrome 3/4"""
SPAOERG1316-0012,SPAOERG1316-0012,"13/16"" Combination Spanner",35,"Interpolated from Kincrome 3/4"""
SPAOERG1316-0013,SPAOERG1316-0013,"13/16"" Combination Spanner",35,"Interpolated from Kincrome 3/4"""
SPAOERG1316-0015,SPAOERG1316-0015,"13/16"" Combination Spanner",35,"Interpolated from Kincrome 3/4"""
SPAOERG1316-0016,SPAOERG1316-0016,"13/16"" Combination Spanner",35,"Interpolated from Kincrome 3/4"""
SPAOERG1316-0017,SPAOERG1316-0017,"13/16"" Combination Spanner",35,"Interpolated from Kincrome 3/4"""
SPAOERG1316-0040W,SPAOERG1316-0040,"13/16"" Combination Spanner",35,"Interpolated from Kincrome 3/4"""
SPAOERG1316-0058W,SPAOERG1316-0058,"13/16"" Combination Spanner",35,"Interpolated from Kincrome 3/4"""
SPAOERG1316-0401N,SPAOERG1316-0401,"13/16"" Combination Spanner",35,"Interpolated from Kincrome 3/4"""
SPAOERG1 - 34-0115,SPAOERG1 - 34-0115,"1 3/4"" Combination Spanner",110,Kincrome/Sutton/Irwin via Total Tools (Estimated)
SPAOERG1 - 34-0416,SPAOERG1 - 34-0416,"1 3/4"" Combination Spanner",110,Kincrome/Sutton/Irwin via Total Tools (Estimated)
SPAOERG1 - 34-0421,SPAOERG1 - 34-0421,"1 3/4"" Combination Spanner",110,Kincrome/Sutton/Irwin via Total Tools (Estimated)
SPAOERG1 - 34-0429,SPAOERG1 - 34-0429,"1 3/4"" Combination Spanner",110,Kincrome/Sutton/Irwin via Total Tools (Estimated)
SPAOERG1 - 34-0430,SPAOERG1 - 34-0430,"1 3/4"" Combination Spanner",110,Kincrome/Sutton/Irwin via Total Tools (Estimated)
SPAOERG1 - 34-0432,SPAOERG1 - 34-0432,"1 3/4"" Combination Spanner",110,Kincrome/Sutton/Irwin via Total Tools (Estimated)
SPAOERG2 - 14-0450N,SPAOERG2 - 14-0001,"2 1/4"" Combination Spanner",185,Kincrome/Sutton/Irwin via Total Tools (Estimated)
SPAOERG2 - 14-0006,SPAOERG2 - 14-0006,"2 1/4"" Combination Spanner",185,Kincrome/Sutton/Irwin via Total Tools (Estimated)
SPAOERG2 - 14-0007,SPAOERG2 - 14-0007,"2 1/4"" Combination Spanner",185,Kincrome/Sutton/Irwin via Total Tools (Estimated)
SPAOERG2 - 14-0009,SPAOERG2 - 14-0009,"2 1/4"" Combination Spanner",185,Kincrome/Sutton/Irwin via Total Tools (Estimated)
SPAOERG2 - 14-0010,SPAOERG2 - 14-0010,"2 1/4"" Combination Spanner",185,Kincrome/Sutton/Irwin via Total Tools (Estimated)
SPAOERG2 - 14-0409,SPAOERG2 - 14-0409,"2 1/4"" Combination Spanner",185,Kincrome/Sutton/Irwin via Total Tools (Estimated)
SPAOERG2 - 18-0405N,SPAOERG2 - 18-0001,"2 1/8"" Combination Spanner",110,Kincrome via Total Tools
SPAOERG2 - 18-0006,SPAOERG2 - 18-0006,"2 1/8"" Combination Spanner",110,Kincrome via Total Tools
SPAOERG2 - 18-0452,SPAOERG2 - 18-0452,"2 1/8"" Combination Spanner",110,Kincrome via Total Tools
SPAOERG2 - 716-0015,SPAOERG2 - 716-0015,"2 7/16"" Combination Spanner",150,Kincrome via Total Tools
SPAOERG2 - 716-0017,SPAOERG2 - 716-0017,"2 7/16"" Combination Spanner",150,Kincrome via Total Tools
SPAOERG2 - 716-0601N,SPAOERG2 - 716-0601,"2 7/16"" Combination Spanner",150,Kincrome via Total Tools
SPAO/E/RING7/16-0007,SPAO/E/RING7/16-0007,"7/16"" Combination Spanner",24.5,"Interpolated from Kincrome 1/2"""
SPAO/E/RING7/16-0008,SPAO/E/RING7/16-0008,"7/16"" Combination Spanner",24.5,"Interpolated from Kincrome 1/2"""
SPAO/E/RING7/16-0009,SPAO/E/RING7/16-0009,"7/16"" Combination Spanner",24.5,"Interpolated from Kincrome 1/2"""
SPAO/E/RING7/16-0010,SPAO/E/RING7/16-0010,"7/16"" Combination Spanner",24.5,"Interpolated from Kincrome 1/2"""
SPAO/E/RING7/16-0011,SPAO/E/RING7/16-0011,"7/16"" Combination Spanner",24.5,"Interpolated from Kincrome 1/2"""
SPAO/E/RING7/16-0012,SPAO/E/RING7/16-0012,"7/16"" Combination Spanner",24.5,"Interpolated from Kincrome 1/2"""
SPAO/E/RING7/16-0013,SPAO/E/RING7/16-0013,"7/16"" Combination Spanner",24.5,"Interpolated from Kincrome 1/2"""
SPAO/E/RING7/16-0014,SPAO/E/RING7/16-0014,"7/16"" Combination Spanner",24.5,"Interpolated from Kincrome 1/2"""
SPAO/E/RING7/16-0017,SPAO/E/RING7/16-0017,"7/16"" Combination Spanner",24.5,"Interpolated from Kincrome 1/2"""
SPAO/E/RING7/16-0018,SPAO/E/RING7/16-0018,"7/16"" Combination Spanner",24.5,"Interpolated from Kincrome 1/2"""
SPAO/E/RING7/16-0019,SPAO/E/RING7/16-0019,"7/16"" Combination Spanner",24.5,"Interpolated from Kincrome 1/2"""
SPAO/E/RING7/16-0020,SPAO/E/RING7/16-0020,"7/16"" Combination Spanner",24.5,"Interpolated from Kincrome 1/2"""
SPAO/E/RING7/16-0021,SPAO/E/RING7/16-0021,"7/16"" Combination Spanner",24.5,"Interpolated from Kincrome 1/2"""
SPAO/E/RING7/16-0022,SPAO/E/RING7/16-0022,"7/16"" Combination Spanner",24.5,"Interpolated from Kincrome 1/2"""
SPAO/E/RING7/16-0800N,SPAO/E/RING7/16-0800,"7/16"" Combination Spanner",24.5,"Interpolated from Kincrome 1/2"""
SPARINGO/E10MM-0073,SPARINGO/E10MM-0073,10 mm Combination Spanner,12.5,Kincrome/Sutton/Irwin via Total Tools (Estimated)
SPARINGO/E10MM-0074,SPARINGO/E10MM-0074,10 mm Combination Spanner,12.5,Kincrome/Sutton/Irwin via Total Tools (Estimated)
SPARINGO/E10MM-0075,SPARINGO/E10MM-0075,10 mm Combination Spanner,12.5,Kincrome/Sutton/Irwin via Total Tools (Estimated)
SPARINGO/E10MM-0203N,SPARINGO/E10MM-0203,10 mm Combination Spanner,12.5,Kincrome/Sutton/Irwin via Total Tools (Estimated)
SPARINGO/E10MM-0210N,SPARINGO/E10MM-0210,10 mm Combination Spanner,12.5,Kincrome/Sutton/Irwin via Total Tools (Estimated)
SPARINGO/E-17MM-0088,SPARINGO/E-17MM-0088,17 mm Combination Spanner,22,Kincrome/Sutton/Irwin via Total Tools (Estimated)
SPARINGO/E-17MM-0096,SPARINGO/E-17MM-0096,17 mm Combination Spanner,22,Kincrome/Sutton/Irwin via Total Tools (Estimated)
SPARINGO/E-17MM-0105,SPARINGO/E-17MM-0105,17 mm Combination Spanner,22,Kincrome/Sutton/Irwin via Total Tools (Estimated)
SPARINGO/E-17MM-0106,SPARINGO/E-17MM-0106,17 mm Combination Spanner,22,Kincrome/Sutton/Irwin via Total Tools (Estimated)
SPARINGO/E-17MM-0107,SPARINGO/E-17MM-0107,17 mm Combination Spanner,22,Kincrome/Sutton/Irwin via Total Tools (Estimated)
SPARINGO/E-18MM-0023,SPARINGO/E-18MM-0023,18 mm Combination Spanner,12.5,Kincrome/Sutton/Irwin via Total Tools (Estimated)
SPARINGO/E-18MM-0024,SPARINGO/E-18MM-0024,18 mm Combination Spanner,12.5,Kincrome/Sutton/Irwin via Total Tools (Estimated)
SPARINGO/E-18MM-0032,SPARINGO/E-18MM-0032,18 mm Combination Spanner,12.5,Kincrome/Sutton/Irwin via Total Tools (Estimated)
SPARINGO/E-18MM-0034,SPARINGO/E-18MM-0034,18 mm Combination Spanner,12.5,Kincrome/Sutton/Irwin via Total Tools (Estimated)
SPARINGO/E-18MM-0035,SPARINGO/E-18MM-0035,18 mm Combination Spanner,12.5,Kincrome/Sutton/Irwin via Total Tools (Estimated)
SPARINGO/E-19MM-0062,SPARINGO/E-19MM-0062,19 mm Combination Spanner,22,Kincrome/Sutton/Irwin via Total Tools (Estimated)
SPARINGO/E-19MM-0063,SPARINGO/E-19MM-0063,19 mm Combination Spanner,22,Kincrome/Sutton/Irwin via Total Tools (Estimated)
SPARINGO/E-19MM-0082,SPARINGO/E-19MM-0082,19 mm Combination Spanner,22,Kincrome/Sutton/Irwin via Total Tools (Estimated)
SPARINGO/E-19MM-0083,SPARINGO/E-19MM-0083,19 mm Combination Spanner,22,Kincrome/Sutton/Irwin via Total Tools (Estimated)
SPARINGO/E-19MM-0084,SPARINGO/E-19MM-0084,19 mm Combination Spanner,22,Kincrome/Sutton/Irwin via Total Tools (Estimated)
SPARINGO/E-27MM-0018,SPARINGO/E-27MM-0018,27 mm Combination Spanner,22,TTI via Total Tools
SPARINGO/E-27MM-0108,SPARINGO/E-27MM-0108,27 mm Combination Spanner,22,TTI via Total Tools
SPARINGO/E-27MM-0109,SPARINGO/E-27MM-0109,27 mm Combination Spanner,22,TTI via Total Tools
SPARINGO/E-27MM-0113,SPARINGO/E-27MM-0113,27 mm Combination Spanner,22,TTI via Total Tools
SPARINGO/E-27MM-0114,SPARINGO/E-27MM-0114,27 mm Combination Spanner,22,TTI via Total Tools
SPARINGO/E-27MM-0117,SPARINGO/E-27MM-0117,27 mm Combination Spanner,22,TTI via Total Tools
SPARINGO/E-27MM-0144,SPARINGO/E-27MM-0144,27 mm Combination Spanner,22,TTI via Total Tools
SPARINGO/E-27MM-0148,SPARINGO/E-27MM-0148,27 mm Combination Spanner,22,TTI via Total Tools
SPARINGO/E-27MM-0163,SPARINGO/E-27MM-0163,27 mm Combination Spanner,22,TTI via Total Tools
SPARINGO/E-27MM-0448,SPARINGO/E-27MM-0448,27 mm Combination Spanner,22,TTI via Total Tools
SPARINGO/E-46MM-0046,SPARINGO/E-46MM-0046,46 mm Combination Spanner,65,Estimated based on similar sizes
SPARINGO/E-46MM-0048,SPARINGO/E-46MM-0048,46 mm Combination Spanner,65,Estimated based on similar sizes
SPARINGO/E-46MM-0054,SPARINGO/E-46MM-0054,46 mm Combination Spanner,65,Estimated based on similar sizes
SPARINGO/E-46MM-0132,SPARINGO/E-46MM-0132,46 mm Combination Spanner,65,Estimated based on similar sizes
SPARINGO/E-46MM-0851,SPARINGO/E-46MM-0851,46 mm Combination Spanner,65,Estimated based on similar sizes
SPARINGO/E-9MM-0014,SPARINGO/E-9MM-0014,9 mm Combination Spanner,11,Kincrome via Total Tools
SPARINGO/E-9MM-0015,SPARINGO/E-9MM-0015,9 mm Combination Spanner,11,Kincrome via Total Tools
SPARINGO/E-9MM-0016,SPARINGO/E-9MM-0016,9 mm Combination Spanner,11,Kincrome via Total Tools
SPANFLOG1-1/2-0005,SPANFLOG1-1/2-0005,"1 1/2"" Flogging Spanner",110,Kincrome via Total Tools
SPANFLOG1-1/2-0006,SPANFLOG1-1/2-0006,"1 1/2"" Flogging Spanner",110,Kincrome via Total Tools
SPANFLOG1-1/2-0007,SPANFLOG1-1/2-0007,"1 1/2"" Flogging Spanner",110,Kincrome via Total Tools
SPANFLOG1-1/4-0004,SPANFLOG1-1/4-0004,"1 1/4"" Flogging Spanner",85,Estimated trade quality
SPANFLOG1-1/4-0006,SPANFLOG1-1/4-0006,"1 1/4"" Flogging Spanner",85,Estimated trade quality
SPANFLOG1-11/16-0002,SPANFLOG1-11/16-0002,"1 11/16"" Flogging Spanner",85,Toledo via Total Tools
SPANFLOG1-11/16-0003,SPANFLOG1-11/16-0003,"1 11/16"" Flogging Spanner",85,Toledo via Total Tools
SPANFLOG1-3/4-0002,SPANFLOG1-3/4-0002,"1 3/4"" Flogging Spanner",140,Kincrome via Total Tools
SPANFLOG1-3/4-0500N,SPANFLOG1-3/4-0500,"1 3/4"" Flogging Spanner",140,Kincrome via Total Tools
SPANFLOG2-1/16-0001N,SPANFLOG2-1/16-0002,"2 1/16"" Flogging Spanner",115,Toledo via Total Tools
SPANFLOG2-1/16-0009N,SPANFLOG2-1/16-0009,"2 1/16"" Flogging Spanner",115,Toledo via Total Tools
SPANFLOGOF2-1/4-0001,SPANFLOGOF2-1/4-0001,"2 1/4"" Flogging Spanner",275,Torque Warehouse
SPANFLOG36MM -0038,SPANFLOG36MM -0038,36 mm Flogging Spanner,95,Kincrome via Total Tools
SPANFLOG36MM -0039,SPANFLOG36MM -0039,36 mm Flogging Spanner,95,Kincrome via Total Tools
SPANFLOG36MM -0041,SPANFLOG36MM -0041,36 mm Flogging Spanner,95,Kincrome via Total Tools
SPANFLOG50MM-0041,SPANFLOG50MM-0041,50 mm Flogging Spanner,100,Toledo via Total Tools
SPANFLOG50MM-0042,SPANFLOG50MM-0042,50 mm Flogging Spanner,100,Toledo via Total Tools
SPANFLOG65MM-0012,SPANFLOG65MM-0012,65 mm Flogging Spanner,190,Geodore via Total Tools
SPANFLOF1-9/16-0001,SPANFLOF1-9/16-0001,"1 9/16"" Offset Flogging Spanner",65,Toledo/Daytona via Total Tools/Sydney Tools
SPANFLOF1-9/16-0002,SPANFLOF1-9/16-0002,"1 9/16"" Offset Flogging Spanner",65,Toledo/Daytona via Total Tools/Sydney Tools
SPANPODOE1-7/16-0001,SPANPODOE1-7/16-0001,"1 7/16"" Open-End Podger Spanner",75,Toledo/Kincrome via Total Tools
SPANPODOE1-7/16-0003,SPANPODOE1-7/16-0003,"1 7/16"" Open-End Podger Spanner",75,Toledo/Kincrome via Total Tools
SPANPDOE2-15/16-0001,SPANPDOE2-15/16-0001,"2 15/16"" Open-End Podger Spanner",150,Action via Industrial Shed
SPANNERPMM 27MM-0011,SPANNERPMM 27MM-0011,24 mm × 27 mm Ratchet Podger Spanner,85,Kincrome via Total Tools
SPANNERPMM 27MM-0014,SPANNERPMM 27MM-0014,24 mm × 27 mm Ratchet Podger Spanner,85,Kincrome via Total Tools
SPANNERPMM 27MM-0030,SPANNERPMM 27MM-0030,24 mm × 27 mm Ratchet Podger Spanner,85,Kincrome via Total Tools
SPARG2-582-1316-0004,SPARG2-582-1316-0004,"2 5/8"" × 2 13/16"" Ring Spanner",129,VBW via eBay
SPASHI450MM18IN-0006,SPASHI450MM18IN-0006,"450 mm (18"") Adjustable Spanner",85,Bahco via Total Tools
SPASHI450MM18IN-0011,SPASHI450MM18IN-0011,"450 mm (18"") Adjustable Spanner",85,Bahco via Total Tools
SPASHI450MM18IN-0019,SPASHI450MM18IN-0019,"450 mm (18"") Adjustable Spanner",85,Bahco via Total Tools
SPASHI450MM18IN-0022,SPASHI450MM18IN-0022,"450 mm (18"") Adjustable Spanner",85,Bahco via Total Tools
SPASHI450MM18IN-0031,SPASHI450MM18IN-0031,"450 mm (18"") Adjustable Spanner",85,Bahco via Total Tools
SPASHI450MM18IN-0040,SPASHI450MM18IN-0040,"450 mm (18"") Adjustable Spanner",85,Bahco via Total Tools
SPASHI450MM18IN-0802N,SPASHI450MM18IN-0802,"450 mm (18"") Adjustable Spanner",85,Bahco via Total Tools
SPANNERSER770MM-0001,SPANNERSER770MM-0001,770 mm Adjustable Spanner,150,Expert via eBay
STAMPLETTTER3MM-0003,STAMPLETTTER3MM-0003,Stamp - Letter - 3 mm,45,Kincrome via Total Tools
STILSEN6EN600MM-0012,STILSEN6EN600MM-0012,600 mm Stillson Pipe Wrench,175,Toledo via Total Tools
STILSEN6EN600MM-0014,STILSEN6EN600MM-0014,600 mm Stillson Pipe Wrench,175,Toledo via Total Tools
STILSEN6EN600MM-0034,STILSEN6EN600MM-0034,600 mm Stillson Pipe Wrench,175,Toledo via Total Tools
STILSENAUM350MM-0002,STILSENAUM350MM-0002,350 mm Stillson Pipe Wrench,59.95,OX Pro via Total Tools (interpolated)
STILSENAUM350MM-0004,STILSENAUM350MM-0004,350 mm Stillson Pipe Wrench,59.95,OX Pro via Total Tools (interpolated)
STRAIGHTTEDGE1M-0005,STRAIGHTTEDGE1M-0005,Straight Edge - 1 m,85,Estimated based on 1M straight edges
STRAIGHTTEDGE1M-0018,STRAIGHTTEDGE1M-0018,Straight Edge - 1 m,85,Estimated based on 1M straight edges
STRAIGHTTEDGE2M-0015,STRAIGHTTEDGE2M-0015,Straight Edge - 2 m,180,Toledo via Total Tools
STAMPLETTTER5MM-0002,STAMPLETTTER5MM-0002,Stamp - Letter - 5 mm,55,Kincrome via Total Tools
STAMPNUMBER 3MM-0001,STAMPNUMBER 3MM-0001,Stamp - Number - 3 mm,35,Kincrome via Total Tools
STAMPNUMBER 8MM-0002,STAMPNUMBER 8MM-0002,Stamp - Number - 8 mm,65,Toledo via Total Tools
STAMPNUMBER 8MM-0003,STAMPNUMBER 8MM-0003,Stamp - Number - 8 mm,65,Toledo via Total Tools
STAMPNUMBER 8MM-0002N,STAMPNUMBER 8MM-0004,Stamp - Number - 8 mm,65,Toledo via Total Tools
HMRSLEDGE4LB-0096,HMRSLEDGE4LB-0096,Hammer - Sledge 4 lb,45,Estimated trade quality
SLIDEHAMPUL18P-0002,SLIDEHAMPUL18P-0002,Slide Hammer Puller Set 18 Piece,159,Toledo via Total Tools
1287718,1287718,Bolt Cutters - Large,230,https://www.totaltools.com.au/19656-kincrome-900mm-36-bolt-cutter-bc36
STAMPSETLET10MM-0001,STAMPSETLET10MM-0001,Stamp Set - Letter - 10 mm,45,Estimated based on 10mm letter stamp sets
STAMPSETLET10MM-0004,STAMPSETLET10MM-0004,Stamp Set - Letter - 10 mm,45,Estimated based on 10mm letter stamp sets
STAMPSETNUM10MM-0003,STAMPSETNUM10MM-0003,Stamp Set - Number - 10 mm,75,Kincrome via Total Tools
SKTHEX22MM1/2-0002,SKTHEX22MM1/2-0002,"1/2"" Drive Impact Inhex Socket - 22 mm",22,Kincrome/Sutton/Irwin via Total Tools (Estimated)
SKTHEX22MM1/2-0003,SKTHEX22MM1/2-0003,"1/2"" Drive Impact Inhex Socket - 22 mm",22,Kincrome/Sutton/Irwin via Total Tools (Estimated)
SKTHEX22MM1/2-0004,SKTHEX22MM1/2-0004,"1/2"" Drive Impact Inhex Socket - 22 mm",22,Kincrome/Sutton/Irwin via Total Tools (Estimated)
SKTHEX22MM1/2-0005,SKTHEX22MM1/2-0005,"1/2"" Drive Impact Inhex Socket - 22 mm",22,Kincrome/Sutton/Irwin via Total Tools (Estimated)
SKTHEX22MM1/2-0006,SKTHEX22MM1/2-0006,"1/2"" Drive Impact Inhex Socket - 22 mm",22,Kincrome/Sutton/Irwin via Total Tools (Estimated)
SKTHEX22MM1/2-0007,SKTHEX22MM1/2-0007,"1/2"" Drive Impact Inhex Socket - 22 mm",22,Kincrome/Sutton/Irwin via Total Tools (Estimated)
AIRLINEYEYPIECE-0019,AIRLINEYEYPIECE-0019,Airline Y Piece,42.17,https://www.capsshop.com.au/minsup-3-way
AIRLINEYEYPIECE-0018,AIRLINEYEYPIECE-0018,Airline Y Piece,42.17,https://www.capsshop.com.au/minsup-3-way
COA~5306659,412874,"Torque Wrench - Manual - 500–1,000 ft-lb - 1"" Drive",2087,https://www.primesupplies.com.au/product/sykes-torque-wrench-motorq-gen-2-550-1-square-drive/
COA~463561,1085000,Hydraulic Torque Wrench - Cassette - 50–51 mm - 2000 ft-lb,7196.26,https://www.raptorsupplies.com.au/pd/enerpac/w2200x
COA~463641,405516,Hydraulic Torque Wrench - Cassette - 70 mm - 4000 ft-lb,9818.73,https://www.raptorsupplies.com.au/pd/enerpac/w4212x
COA~440678,649550,Torque Wrench - Manual - 19 mm (3/4 in) Drive,3525.51,https://mektronics.com.au/products/wera-torque-wrench-200-1000-nm-reversible-ratchet-3-4-drive-075630
COA~176138,1084427,Hydraulic Torque Wrench - Actuator - 4000 ft-lb,7500,https://buyenerpac.com/w4000x-low-profile-torque-wrench-drive-unit-4000-ft-lbs/
COA~5261083,1258333,Hydraulic Torque Wrench - Cassette - 55–56 mm - 2000 ft-lb,7196.26,https://www.raptorsupplies.com.au/pd/enerpac/w2203x
COA~434052,1111816,Hydraulic Torque Wrench - Actuator - 2000 ft-lb,6000,https://buyenerpac.com/products/w2000x-low-profile-torque-wrench-drive-unit-2000-ft-lbs
COA~5373418,204097,Hydraulic Torque Wrench - Actuator - 4000 ft-lb,7500,https://buyenerpac.com/w4000x-low-profile-torque-wrench-drive-unit-4000-ft-lbs/
1237287,1237287,Torque Wrench - Manual - 30–250 ft-lb - 1/2 in Drive,355,https://www.primesupplies.com.au/product/1-2-dr-120xp-micrometer-torque-wrench-30-250-ft-lbs/
COA~334106,1099036,Torque/Tension Wrench - 12 mm - 1/2 in Drive,233,https://www.primesupplies.com.au/product/1-2-dr-micrometer-torque-wrench-30-250-ft-lbs/
COA~322801,215746,Torque Wrench - Manual - 19 mm (3/4 in) Drive,3525.51,https://mektronics.com.au/products/wera-torque-wrench-200-1000-nm-reversible-ratchet-3-4-drive-075630
COA~197467,1008952,Hydraulic Torque Wrench - Cassette - 32 mm - 2000 ft-lb,7196.26,https://www.raptorsupplies.com.au/pd/enerpac/w2104x
COA~264814,1258480,Hydraulic Torque Pump - Electric 240 V,26126.85,https://www.raptorsupplies.com.au/pd/enerpac/tq700e
COA~5261065,1258328,Hydraulic Torque Wrench - Cassette - 46 mm - 2000 ft-lb,7196.26,https://www.raptorsupplies.com.au/pd/enerpac/w2113x
COA~5261076,1258326,Hydraulic Torque Wrench - Cassette - 41 mm - 2000 ft-lb,7196.26,https://www.raptorsupplies.com.au/pd/enerpac/w2110x
COA~466175,1019106,Hydraulic Torque Hose Set - 6 m × 10000 psi,996,https://www.primesupplies.com.au/product/hydr-twin-torque-wrench-hose-assembly-6m-enerpac/
COA~466408,1132416,Hydraulic Torque Wrench - 1 in Square Drive - 3300 ft-lb,13448,https://www.primesupplies.com.au/product/hydraulic-torque-wrench-1-square-drive-s3000x/
COA~466659,1132409,Hydraulic Torque Wrench - Actuator - 2000 ft-lb,6000,https://buyenerpac.com/products/w2000x-low-profile-torque-wrench-drive-unit-2000-ft-lbs
COA~158635,308534,"Hydraulic Torque Wrench - 1 1/2 in Square Drive - 6,010 ft-lb",18500,https://www.mrosupply.com/hydraulics-and-pneumatics/5766243_s6000x_enerpac/
COA~5261075,1258324,Hydraulic Torque Wrench - Cassette - 36–37 mm - 2000 ft-lb,7196.26,https://www.raptorsupplies.com.au/pd/enerpac/w2107x
1239895,1239895,Torque/Tension Wrench - 12 mm - 1/2 in Drive,233,https://www.primesupplies.com.au/product/1-2-dr-micrometer-torque-wrench-30-250-ft-lbs/
1237258,1237258,Torque Wrench - Manual - 30–250 ft-lb - 1/2 in Drive,355,https://www.primesupplies.com.au/product/1-2-dr-120xp-micrometer-torque-wrench-30-250-ft-lbs/
BARRIERCROWDCON-0514,BARRIERCROWDCON-0514,Barrier - Crowd Control,,
BARRIERCROWDCON-0515,BARRIERCROWDCON-0515,Barrier - Crowd Control,,
BARRIERCROWDCON-0516,BARRIERCROWDCON-0516,Barrier - Crowd Control,,
BARRIERCROWDCON-0517,BARRIERCROWDCON-0517,Barrier - Crowd Control,,
BARRIERCROWDCON-0518,BARRIERCROWDCON-0518,Barrier - Crowd Control,,
BARRIERCROWDCON-0519,BARRIERCROWDCON-0519,Barrier - Crowd Control,,
BARRIERCROWDCON-0520,BARRIERCROWDCON-0520,Barrier - Crowd Control,,
BARRIERCROWDCON-0521,BARRIERCROWDCON-0521,Barrier - Crowd Control,,
BARRIERCROWDCON-0522,BARRIERCROWDCON-0522,Barrier - Crowd Control,,
BARRIERCROWDCON-0523,BARRIERCROWDCON-0523,Barrier - Crowd Control,,
BARRIERCROWDCON-0524,BARRIERCROWDCON-0524,Barrier - Crowd Control,,
BARRIERCROWDCON-0525,BARRIERCROWDCON-0525,Barrier - Crowd Control,,
BARRIERCROWDCON-0526,BARRIERCROWDCON-0526,Barrier - Crowd Control,,
BARRIERCROWDCON-0527,BARRIERCROWDCON-0527,Barrier - Crowd Control,,
BARRIERCROWDCON-0528,BARRIERCROWDCON-0528,Barrier - Crowd Control,,
BARRIERCROWDCON-0529,BARRIERCROWDCON-0529,Barrier - Crowd Control,,
BARRIERCROWDCON-0530,BARRIERCROWDCON-0530,Barrier - Crowd Control,,
BARRIERCROWDCON-0531,BARRIERCROWDCON-0531,Barrier - Crowd Control,,
BARRIERCROWDCON-0532,BARRIERCROWDCON-0532,Barrier - Crowd Control,,
BARRIERCROWDCON-0533,BARRIERCROWDCON-0533,Barrier - Crowd Control,,
BARRIERCROWDCON-0534,BARRIERCROWDCON-0534,Barrier - Crowd Control,,
BARRIERCROWDCON-0535,BARRIERCROWDCON-0535,Barrier - Crowd Control,,
BARRIERCROWDCON-0536,BARRIERCROWDCON-0536,Barrier - Crowd Control,,
BARRIERCROWDCON-0537,BARRIERCROWDCON-0537,Barrier - Crowd Control,,
BARRIERCROWDCON-0538,BARRIERCROWDCON-0538,Barrier - Crowd Control,,
BARRIERCROWDCON-0539,BARRIERCROWDCON-0539,Barrier - Crowd Control,,
BARRIERCROWDCON-0540,BARRIERCROWDCON-0540,Barrier - Crowd Control,,
BARRIERCROWDCON-0541,BARRIERCROWDCON-0541,Barrier - Crowd Control,,
BARRIERCROWDCON-0542,BARRIERCROWDCON-0542,Barrier - Crowd Control,,
BARRIERCROWDCON-0543,BARRIERCROWDCON-0543,Barrier - Crowd Control,,
BARRIERCROWDCON-0544,BARRIERCROWDCON-0544,Barrier - Crowd Control,,
BARRIERCROWDCON-0545,BARRIERCROWDCON-0545,Barrier - Crowd Control,,
BARRIERCROWDCON-0546,BARRIERCROWDCON-0546,Barrier - Crowd Control,,
BARRIERCROWDCON-0547,BARRIERCROWDCON-0547,Barrier - Crowd Control,,
BARRIERCROWDCON-0548,BARRIERCROWDCON-0548,Barrier - Crowd Control,,
BARRIERCROWDCON-0549,BARRIERCROWDCON-0549,Barrier - Crowd Control,,
BARRIERCROWDCON-0550,BARRIERCROWDCON-0550,Barrier - Crowd Control,,
BARRIERCROWDCON-0551,BARRIERCROWDCON-0551,Barrier - Crowd Control,,
BARRIERCROWDCON-0552,BARRIERCROWDCON-0552,Barrier - Crowd Control,,
BARRIERCROWDCON-0553,BARRIERCROWDCON-0553,Barrier - Crowd Control,,
ARMORZONEBARIER-0076,ARMORZONEBARIER-0076,Barrier - Crash Rated Water filled - Armorzone,,
ARMORZONEBARIER-0077,ARMORZONEBARIER-0077,Barrier - Crash Rated Water filled - Armorzone,,
ARMORZONEBARIER-0078,ARMORZONEBARIER-0078,Barrier - Crash Rated Water filled - Armorzone,,
ARMORZONEBARIER-0079,ARMORZONEBARIER-0079,Barrier - Crash Rated Water filled - Armorzone,,
ARMORZONEBARIER-0080,ARMORZONEBARIER-0080,Barrier - Crash Rated Water filled - Armorzone,,
ARMORZONEBARIER-0081,ARMORZONEBARIER-0081,Barrier - Crash Rated Water filled - Armorzone,,
ARMORZONEBARIER-0082,ARMORZONEBARIER-0082,Barrier - Crash Rated Water filled - Armorzone,,
ARMORZONEBARIER-0083,ARMORZONEBARIER-0083,Barrier - Crash Rated Water filled - Armorzone,,
ARMORZONEBARIER-0084,ARMORZONEBARIER-0084,Barrier - Crash Rated Water filled - Armorzone,,
ARMORZONEBARIER-0085,ARMORZONEBARIER-0085,Barrier - Crash Rated Water filled - Armorzone,,
ARMORZONEBARIER-0086,ARMORZONEBARIER-0086,Barrier - Crash Rated Water filled - Armorzone,,
ARMORZONEBARIER-0087,ARMORZONEBARIER-0087,Barrier - Crash Rated Water filled - Armorzone,,
ARMORZONEBARIER-0088,ARMORZONEBARIER-0088,Barrier - Crash Rated Water filled - Armorzone,,
ARMORZONEBARIER-0089,ARMORZONEBARIER-0089,Barrier - Crash Rated Water filled - Armorzone,,
ARMORZONEBARIER-0090,ARMORZONEBARIER-0090,Barrier - Crash Rated Water filled - Armorzone,,
ARMORZONEBARIER-0091,ARMORZONEBARIER-0091,Barrier - Crash Rated Water filled - Armorzone,,
ARMORZONEBARIER-0092,ARMORZONEBARIER-0092,Barrier - Crash Rated Water filled - Armorzone,,
ARMORZONEBARIER-0093,ARMORZONEBARIER-0093,Barrier - Crash Rated Water filled - Armorzone,,
ARMORZONEBARIER-0094,ARMORZONEBARIER-0094,Barrier - Crash Rated Water filled - Armorzone,,
ARMORZONEBARIER-0095,ARMORZONEBARIER-0095,Barrier - Crash Rated Water filled - Armorzone,,
ARMORZONEBARIER-0096,ARMORZONEBARIER-0096,Barrier - Crash Rated Water filled - Armorzone,,
ARMORZONEBARIER-0097,ARMORZONEBARIER-0097,Barrier - Crash Rated Water filled - Armorzone,,
ARMORZONEBARIER-0098,ARMORZONEBARIER-0098,Barrier - Crash Rated Water filled - Armorzone,,
ARMORZONEBARIER-0099,ARMORZONEBARIER-0099,Barrier - Crash Rated Water filled - Armorzone,,
ARMORZONEBARIER-0100,ARMORZONEBARIER-0100,Barrier - Crash Rated Water filled - Armorzone,,
ARMORZONEBARIER-0101,ARMORZONEBARIER-0101,Barrier - Crash Rated Water filled - Armorzone,,
ARMORZONEBARIER-0102,ARMORZONEBARIER-0102,Barrier - Crash Rated Water filled - Armorzone,,
ARMORZONEBARIER-0103,ARMORZONEBARIER-0103,Barrier - Crash Rated Water filled - Armorzone,,
ARMORZONEBARIER-0104,ARMORZONEBARIER-0104,Barrier - Crash Rated Water filled - Armorzone,,
ARMORZONEBARIER-0105,ARMORZONEBARIER-0105,Barrier - Crash Rated Water filled - Armorzone,,
ARMORZONEBARIER-0106,ARMORZONEBARIER-0106,Barrier - Crash Rated Water filled - Armorzone,,
ARMORZONEBARIER-0107,ARMORZONEBARIER-0107,Barrier - Crash Rated Water filled - Armorzone,,
ARMORZONEBARIER-0108,ARMORZONEBARIER-0108,Barrier - Crash Rated Water filled - Armorzone,,
ARMORZONEBARIER-0109,ARMORZONEBARIER-0109,Barrier - Crash Rated Water filled - Armorzone,,
ARMORZONEBARIER-0110,ARMORZONEBARIER-0110,Barrier - Crash Rated Water filled - Armorzone,,
ARMORZONEBARIER-0111,ARMORZONEBARIER-0111,Barrier - Crash Rated Water filled - Armorzone,,
ARMORZONEBARIER-0112,ARMORZONEBARIER-0112,Barrier - Crash Rated Water filled - Armorzone,,
ARMORZONEBARIER-0113,ARMORZONEBARIER-0113,Barrier - Crash Rated Water filled - Armorzone,,
ARMORZONEBARIER-0114,ARMORZONEBARIER-0114,Barrier - Crash Rated Water filled - Armorzone,,
ARMORZONEBARIER-0115,ARMORZONEBARIER-0115,Barrier - Crash Rated Water filled - Armorzone,,
ARMORZONEBARIER-0116,ARMORZONEBARIER-0116,Barrier - Crash Rated Water filled - Armorzone,,
ARMORZONEBARIER-0117,ARMORZONEBARIER-0117,Barrier - Crash Rated Water filled - Armorzone,,
ARMORZONEBARIER-0118,ARMORZONEBARIER-0118,Barrier - Crash Rated Water filled - Armorzone,,
ARMORZONEBARIER-0119,ARMORZONEBARIER-0119,Barrier - Crash Rated Water filled - Armorzone,,
ARMORZONEBARIER-0120,ARMORZONEBARIER-0120,Barrier - Crash Rated Water filled - Armorzone,,
ARMORZONEBARIER-0121,ARMORZONEBARIER-0121,Barrier - Crash Rated Water filled - Armorzone,,
ARMORZONEBARIER-0122,ARMORZONEBARIER-0122,Barrier - Crash Rated Water filled - Armorzone,,
ARMORZONEBARIER-0123,ARMORZONEBARIER-0123,Barrier - Crash Rated Water filled - Armorzone,,
ARMORZONEBARIER-0124,ARMORZONEBARIER-0124,Barrier - Crash Rated Water filled - Armorzone,,
ARMORZONEBARIER-0125,ARMORZONEBARIER-0125,Barrier - Crash Rated Water filled - Armorzone,,
COA~5020451,1117098,Fuel Trailer 1000L Double Bunded,,
COA~5492800,1193145,Trailer - Water Cartage 950L With Pump,,
COA~5465214,1185159,Mini Excavator Trailer < 4.5T,,
1288808,1288808,Trailer - Water Cartage 950L With Pump,,
1203084,1203084,Welding Electrode Hotbox,159,https://www.hampdon.com.au/5kg-stick-electrode-arc-rod-drying-oven-hot-box-quiver
COA~5143674,1220001,Wire Feeder LN25,7899,https://www.gasweld.com.au/ln-25pro-dual-power
COA~5143670,1219981,Wire Feeder LN25,7899,https://www.gasweld.com.au/ln-25pro-dual-power
COA~5286034,1219998,Wire Feeder LN25,7899,https://www.gasweld.com.au/ln-25pro-dual-power
COA~5143676,1220000,Wire Feeder LN25,7899,https://www.gasweld.com.au/ln-25pro-dual-power
COA~5178824,1182978,Wire Feeder LN25,7899,https://www.gasweld.com.au/ln-25pro-dual-power
COA~5444547,1182967,Wire Feeder LN25,7899,https://www.gasweld.com.au/ln-25pro-dual-power
WELDLEAD50MM-0076,WELDLEAD50MM-0076,Welding Extension Lead - 50 mm²,259.99,https://www.hampdon.com.au/500a-0-gauge-welder-generator-welding-extension-lead-10-meter-50mm
WELDLEAD50MM-0085,WELDLEAD50MM-0085,Welding Extension Lead - 50 mm²,259.99,https://www.hampdon.com.au/500a-0-gauge-welder-generator-welding-extension-lead-10-meter-50mm
WELDLEAD50MM-0074,WELDLEAD50MM-0074,Welding Extension Lead - 50 mm²,259.99,https://www.hampdon.com.au/500a-0-gauge-welder-generator-welding-extension-lead-10-meter-50mm
WELDLEAD50MM-0111,WELDLEAD50MM-0111,Welding Extension Lead - 50 mm²,259.99,https://www.hampdon.com.au/500a-0-gauge-welder-generator-welding-extension-lead-10-meter-50mm
WELDLEAD50MM-0107,WELDLEAD50MM-0107,Welding Extension Lead - 50 mm²,259.99,https://www.hampdon.com.au/500a-0-gauge-welder-generator-welding-extension-lead-10-meter-50mm
WELDLEAD50MM-0033,WELDLEAD50MM-0033,Welding Extension Lead - 50 mm²,259.99,https://www.hampdon.com.au/500a-0-gauge-welder-generator-welding-extension-lead-10-meter-50mm
WELDLEAD50MM-0021,WELDLEAD50MM-0021,Welding Extension Lead - 50 mm²,259.99,https://www.hampdon.com.au/500a-0-gauge-welder-generator-welding-extension-lead-10-meter-50mm
WELDLEAD50MM-0098,WELDLEAD50MM-0098,Welding Extension Lead - 50 mm²,259.99,https://www.hampdon.com.au/500a-0-gauge-welder-generator-welding-extension-lead-10-meter-50mm
WELDLEAD50MM-0102,WELDLEAD50MM-0102,Welding Extension Lead - 50 mm²,259.99,https://www.hampdon.com.au/500a-0-gauge-welder-generator-welding-extension-lead-10-meter-50mm
WELDLEAD50MM-0118,WELDLEAD50MM-0118,Welding Extension Lead - 50 mm²,259.99,https://www.hampdon.com.au/500a-0-gauge-welder-generator-welding-extension-lead-10-meter-50mm
WELDLEAD50MM-0113,WELDLEAD50MM-0113,Welding Extension Lead - 50 mm²,259.99,https://www.hampdon.com.au/500a-0-gauge-welder-generator-welding-extension-lead-10-meter-50mm
WELDLEAD50MM-0112,WELDLEAD50MM-0112,Welding Extension Lead - 50 mm²,259.99,https://www.hampdon.com.au/500a-0-gauge-welder-generator-welding-extension-lead-10-meter-50mm
WELDLEAD50MM-0100,WELDLEAD50MM-0100,Welding Extension Lead - 50 mm²,259.99,https://www.hampdon.com.au/500a-0-gauge-welder-generator-welding-extension-lead-10-meter-50mm
WELDLEAD50MM-0080,WELDLEAD50MM-0080,Welding Extension Lead - 50 mm²,259.99,https://www.hampdon.com.au/500a-0-gauge-welder-generator-welding-extension-lead-10-meter-50mm
WELDLEAD50MM-0105,WELDLEAD50MM-0105,Welding Extension Lead - 50 mm²,259.99,https://www.hampdon.com.au/500a-0-gauge-welder-generator-welding-extension-lead-10-meter-50mm
WELDLEAD50MM-0106,WELDLEAD50MM-0106,Welding Extension Lead - 50 mm²,259.99,https://www.hampdon.com.au/500a-0-gauge-welder-generator-welding-extension-lead-10-meter-50mm
WELDLEAD50MM-0157,WELDLEAD50MM-0157,Welding Extension Lead - 50 mm²,259.99,https://www.hampdon.com.au/500a-0-gauge-welder-generator-welding-extension-lead-10-meter-50mm
WELDLEAD50MM-0115,WELDLEAD50MM-0115,Welding Extension Lead - 50 mm²,259.99,https://www.hampdon.com.au/500a-0-gauge-welder-generator-welding-extension-lead-10-meter-50mm
WELDLEAD50MM-0007,WELDLEAD50MM-0007,Welding Extension Lead - 50 mm²,259.99,https://www.hampdon.com.au/500a-0-gauge-welder-generator-welding-extension-lead-10-meter-50mm
WELDLEAD50MM-0155,WELDLEAD50MM-0155,Welding Extension Lead - 50 mm²,259.99,https://www.hampdon.com.au/500a-0-gauge-welder-generator-welding-extension-lead-10-meter-50mm
WELDLEAD50MM-0116,WELDLEAD50MM-0116,Welding Extension Lead - 50 mm²,259.99,https://www.hampdon.com.au/500a-0-gauge-welder-generator-welding-extension-lead-10-meter-50mm
WELDLEAD50MM-0079,WELDLEAD50MM-0079,Welding Extension Lead - 50 mm²,259.99,https://www.hampdon.com.au/500a-0-gauge-welder-generator-welding-extension-lead-10-meter-50mm
WELDLEAD50MM-0012,WELDLEAD50MM-0012,Welding Extension Lead - 50 mm²,259.99,https://www.hampdon.com.au/500a-0-gauge-welder-generator-welding-extension-lead-10-meter-50mm
WELDLEAD50MM-0071,WELDLEAD50MM-0071,Welding Extension Lead - 50 mm²,259.99,https://www.hampdon.com.au/500a-0-gauge-welder-generator-welding-extension-lead-10-meter-50mm
WELDLEAD50MM-0093,WELDLEAD50MM-0093,Welding Extension Lead - 50 mm²,259.99,https://www.hampdon.com.au/500a-0-gauge-welder-generator-welding-extension-lead-10-meter-50mm
WELDLEAD50MM-0104,WELDLEAD50MM-0104,Welding Extension Lead - 50 mm²,259.99,https://www.hampdon.com.au/500a-0-gauge-welder-generator-welding-extension-lead-10-meter-50mm
WELDLEAD50MM-0096,WELDLEAD50MM-0096,Welding Extension Lead - 50 mm²,259.99,https://www.hampdon.com.au/500a-0-gauge-welder-generator-welding-extension-lead-10-meter-50mm
WELDLEAD50MM-0092,WELDLEAD50MM-0092,Welding Extension Lead - 50 mm²,259.99,https://www.hampdon.com.au/500a-0-gauge-welder-generator-welding-extension-lead-10-meter-50mm
WELDLEAD50MM-0108,WELDLEAD50MM-0108,Welding Extension Lead - 50 mm²,259.99,https://www.hampdon.com.au/500a-0-gauge-welder-generator-welding-extension-lead-10-meter-50mm
WELDLEAD50MM-0109,WELDLEAD50MM-0109,Welding Extension Lead - 50 mm²,259.99,https://www.hampdon.com.au/500a-0-gauge-welder-generator-welding-extension-lead-10-meter-50mm
WELDLEAD50MM-0082,WELDLEAD50MM-0082,Welding Extension Lead - 50 mm²,259.99,https://www.hampdon.com.au/500a-0-gauge-welder-generator-welding-extension-lead-10-meter-50mm
WELDLEAD50MM-0087,WELDLEAD50MM-0087,Welding Extension Lead - 50 mm²,259.99,https://www.hampdon.com.au/500a-0-gauge-welder-generator-welding-extension-lead-10-meter-50mm
WELDLEAD50MM-0110,WELDLEAD50MM-0110,Welding Extension Lead - 50 mm²,259.99,https://www.hampdon.com.au/500a-0-gauge-welder-generator-welding-extension-lead-10-meter-50mm
WELDLEAD50MM-0097,WELDLEAD50MM-0097,Welding Extension Lead - 50 mm²,259.99,https://www.hampdon.com.au/500a-0-gauge-welder-generator-welding-extension-lead-10-meter-50mm
WELDLEAD50MM-0095,WELDLEAD50MM-0095,Welding Extension Lead - 50 mm²,259.99,https://www.hampdon.com.au/500a-0-gauge-welder-generator-welding-extension-lead-10-meter-50mm
WELDLEAD50MM-0114,WELDLEAD50MM-0114,Welding Extension Lead - 50 mm²,259.99,https://www.hampdon.com.au/500a-0-gauge-welder-generator-welding-extension-lead-10-meter-50mm
WELDLEAD50MM-0101,WELDLEAD50MM-0101,Welding Extension Lead - 50 mm²,259.99,https://www.hampdon.com.au/500a-0-gauge-welder-generator-welding-extension-lead-10-meter-50mm
WELDLEAD50MM-0119,WELDLEAD50MM-0119,Welding Extension Lead - 50 mm²,259.99,https://www.hampdon.com.au/500a-0-gauge-welder-generator-welding-extension-lead-10-meter-50mm
WELDLEAD50MM-0153,WELDLEAD50MM-0153,Welding Extension Lead - 50 mm²,259.99,https://www.hampdon.com.au/500a-0-gauge-welder-generator-welding-extension-lead-10-meter-50mm
WELDLEAD50MM-0154,WELDLEAD50MM-0154,Welding Extension Lead - 50 mm²,259.99,https://www.hampdon.com.au/500a-0-gauge-welder-generator-welding-extension-lead-10-meter-50mm
WELDLEAD50MM-0103,WELDLEAD50MM-0103,Welding Extension Lead - 50 mm²,259.99,https://www.hampdon.com.au/500a-0-gauge-welder-generator-welding-extension-lead-10-meter-50mm
WELDLEAD50MM-0094,WELDLEAD50MM-0094,Welding Extension Lead - 50 mm²,259.99,https://www.hampdon.com.au/500a-0-gauge-welder-generator-welding-extension-lead-10-meter-50mm
WELDLEAD50MM-0072,WELDLEAD50MM-0072,Welding Extension Lead - 50 mm²,259.99,https://www.hampdon.com.au/500a-0-gauge-welder-generator-welding-extension-lead-10-meter-50mm
WELDLEAD50MM-0070,WELDLEAD50MM-0070,Welding Extension Lead - 50 mm²,259.99,https://www.hampdon.com.au/500a-0-gauge-welder-generator-welding-extension-lead-10-meter-50mm
WELDLEAD50MM-0075,WELDLEAD50MM-0075,Welding Extension Lead - 50 mm²,259.99,https://www.hampdon.com.au/500a-0-gauge-welder-generator-welding-extension-lead-10-meter-50mm
WELDLEAD50MM-0089,WELDLEAD50MM-0089,Welding Extension Lead - 50 mm²,259.99,https://www.hampdon.com.au/500a-0-gauge-welder-generator-welding-extension-lead-10-meter-50mm
WELDLEAD50MM-0083,WELDLEAD50MM-0083,Welding Extension Lead - 50 mm²,259.99,https://www.hampdon.com.au/500a-0-gauge-welder-generator-welding-extension-lead-10-meter-50mm
WELDLEAD50MM-0099,WELDLEAD50MM-0099,Welding Extension Lead - 50 mm²,259.99,https://www.hampdon.com.au/500a-0-gauge-welder-generator-welding-extension-lead-10-meter-50mm
WELDLEAD50MM-0078,WELDLEAD50MM-0078,Welding Extension Lead - 50 mm²,259.99,https://www.hampdon.com.au/500a-0-gauge-welder-generator-welding-extension-lead-10-meter-50mm
WELDLEAD50MM-0081,WELDLEAD50MM-0081,Welding Extension Lead - 50 mm²,259.99,https://www.hampdon.com.au/500a-0-gauge-welder-generator-welding-extension-lead-10-meter-50mm
WELDLEAD50MM-0159,WELDLEAD50MM-0159,Welding Extension Lead - 50 mm²,259.99,https://www.hampdon.com.au/500a-0-gauge-welder-generator-welding-extension-lead-10-meter-50mm
WELDLEAD50MM-0158,WELDLEAD50MM-0158,Welding Extension Lead - 50 mm²,259.99,https://www.hampdon.com.au/500a-0-gauge-welder-generator-welding-extension-lead-10-meter-50mm
WELDLPGHOSE-0002,WELDLPGHOSE-0002,LPG Hose,43.7,https://aclconnect.com.au/welding/gas-equipment/hose-hose-sets/single-5mm-lpg-hose-set-5m/
WELDPIPEIPEWRAP-0001,WELDPIPEIPEWRAP-0001,Welding - Pipe Wrap,71.53,https://www.atom.com.au/weldclass-curv-o-mark-164b-medium-1-220-x-100mm-pipe-wrap
T86380/361,WELDEARTHCLPCAD-0361,Caddy Welding Earth Lead,74.95,https://electroweld.com.au/product/weldclass-4m-200a-earth-welding-lead-cable-earth-clamp-10-25-dinse-wc-06230/
T86100/154,WELDEARTHCLPCAD-0154,Caddy Welding Earth Lead,74.95,https://electroweld.com.au/product/weldclass-4m-200a-earth-welding-lead-cable-earth-clamp-10-25-dinse-wc-06230/
WELDEARTHCLPCAD-0156,WELDEARTHCLPCAD-0156,Caddy Welding Earth Lead,74.95,https://electroweld.com.au/product/weldclass-4m-200a-earth-welding-lead-cable-earth-clamp-10-25-dinse-wc-06230/
WELDEARTHCLPCAD-0159,WELDEARTHCLPCAD-0159,Caddy Welding Earth Lead,74.95,https://electroweld.com.au/product/weldclass-4m-200a-earth-welding-lead-cable-earth-clamp-10-25-dinse-wc-06230/
WELDEARTHCLPCAD-0207,WELDEARTHCLPCAD-0207,Caddy Welding Earth Lead,74.95,https://electroweld.com.au/product/weldclass-4m-200a-earth-welding-lead-cable-earth-clamp-10-25-dinse-wc-06230/
WELDEARTHCLPCAD-0246,WELDEARTHCLPCAD-0246,Caddy Welding Earth Lead,74.95,https://electroweld.com.au/product/weldclass-4m-200a-earth-welding-lead-cable-earth-clamp-10-25-dinse-wc-06230/
WELDEARTHCLPCAD-0032,WELDEARTHCLPCAD-0032,Caddy Welding Earth Lead,74.95,https://electroweld.com.au/product/weldclass-4m-200a-earth-welding-lead-cable-earth-clamp-10-25-dinse-wc-06230/
WELDEARTHCLPCAD-0168,WELDEARTHCLPCAD-0168,Caddy Welding Earth Lead,74.95,https://electroweld.com.au/product/weldclass-4m-200a-earth-welding-lead-cable-earth-clamp-10-25-dinse-wc-06230/
WELDEARTHCLPCAD-0244,WELDEARTHCLPCAD-0244,Caddy Welding Earth Lead,74.95,https://electroweld.com.au/product/weldclass-4m-200a-earth-welding-lead-cable-earth-clamp-10-25-dinse-wc-06230/
WELDEARTHCLPCAD-0170,WELDEARTHCLPCAD-0170,Caddy Welding Earth Lead,74.95,https://electroweld.com.au/product/weldclass-4m-200a-earth-welding-lead-cable-earth-clamp-10-25-dinse-wc-06230/
T86360/036,WELDEARTHCLPCAD-0036,Caddy Welding Earth Lead,74.95,https://electroweld.com.au/product/weldclass-4m-200a-earth-welding-lead-cable-earth-clamp-10-25-dinse-wc-06230/
WELDEARTHCLPCAD-0125,WELDEARTHCLPCAD-0125,Caddy Welding Earth Lead,74.95,https://electroweld.com.au/product/weldclass-4m-200a-earth-welding-lead-cable-earth-clamp-10-25-dinse-wc-06230/
WELDEARTHCLPCAD-0245,WELDEARTHCLPCAD-0245,Caddy Welding Earth Lead,74.95,https://electroweld.com.au/product/weldclass-4m-200a-earth-welding-lead-cable-earth-clamp-10-25-dinse-wc-06230/
T86380/155,WELDEARTHCLPCAD-0155,Caddy Welding Earth Lead,74.95,https://electroweld.com.au/product/weldclass-4m-200a-earth-welding-lead-cable-earth-clamp-10-25-dinse-wc-06230/
T86100/152,WELDEARTHCLPCAD-0152,Caddy Welding Earth Lead,74.95,https://electroweld.com.au/product/weldclass-4m-200a-earth-welding-lead-cable-earth-clamp-10-25-dinse-wc-06230/
WELDEARTHCLPCAD-0206,WELDEARTHCLPCAD-0206,Caddy Welding Earth Lead,74.95,https://electroweld.com.au/product/weldclass-4m-200a-earth-welding-lead-cable-earth-clamp-10-25-dinse-wc-06230/
WELDEARTHCLPCAD-0973E,WELDEARTHCLPCAD-0973,Caddy Welding Earth Lead,74.95,https://electroweld.com.au/product/weldclass-4m-200a-earth-welding-lead-cable-earth-clamp-10-25-dinse-wc-06230/
WELDEARTHLD16MM-0025,WELDEARTHLD16MM-0025,Welding Earth Lead,449,https://www.gasweld.com.au/earth-work-return-lead-9m-50mm
WELDEARTHLD16MM-0021,WELDEARTHLD16MM-0021,Welding Earth Lead,449,https://www.gasweld.com.au/earth-work-return-lead-9m-50mm
WELDEARTHLD16MM-0014,WELDEARTHLD16MM-0014,Welding Earth Lead,449,https://www.gasweld.com.au/earth-work-return-lead-9m-50mm
WELDEARTHLD16MM-0030,WELDEARTHLD16MM-0030,Welding Earth Lead,449,https://www.gasweld.com.au/earth-work-return-lead-9m-50mm
WELDEARTHLD16MM-0022,WELDEARTHLD16MM-0022,Welding Earth Lead,449,https://www.gasweld.com.au/earth-work-return-lead-9m-50mm
WELDEARTHLD16MM-0007,WELDEARTHLD16MM-0007,Welding Earth Lead,449,https://www.gasweld.com.au/earth-work-return-lead-9m-50mm
WELDEARTHLD16MM-0002,WELDEARTHLD16MM-0002,Welding Earth Lead,449,https://www.gasweld.com.au/earth-work-return-lead-9m-50mm
WELDEARTHLD16MM-0008,WELDEARTHLD16MM-0008,Welding Earth Lead,449,https://www.gasweld.com.au/earth-work-return-lead-9m-50mm
WELDEARTHLD16MM-0050,WELDEARTHLD16MM-0050,Welding Earth Lead,449,https://www.gasweld.com.au/earth-work-return-lead-9m-50mm
1258138,1258138,Air Arc Gouging Torch,449,https://www.totaltools.com.au/194498-weldclass-promax-k4-gouging-torch-6-k4gt
ARGONFLOWMETER-0023,ARGONFLOWMETER-0023,Argon Flow Meter,95.95,https://www.totaltools.com.au/37973-unimig-argon-flowmeter-w-bubble-type-regulator-argon-flowmeter
WELDERLDDHNDPCE-0004,WELDERLDDHNDPCE-0004,Welding Electrode Holder,27.9,https://www.gasweld.com.au/electrode-holder-400amp
WELDERLDDHNDPCE-0012,WELDERLDDHNDPCE-0012,Welding Electrode Holder,27.9,https://www.gasweld.com.au/electrode-holder-400amp
WELDERLDDHNDPCE-0016,WELDERLDDHNDPCE-0016,Welding Electrode Holder,27.9,https://www.gasweld.com.au/electrode-holder-400amp
WELDERLDDHNDPCE-0006,WELDERLDDHNDPCE-0006,Welding Electrode Holder,27.9,https://www.gasweld.com.au/electrode-holder-400amp
WELDERLDDHNDPCE-0008,WELDERLDDHNDPCE-0008,Welding Electrode Holder,27.9,https://www.gasweld.com.au/electrode-holder-400amp
WELDERLDDHNDPCE-0014,WELDERLDDHNDPCE-0014,Welding Electrode Holder,27.9,https://www.gasweld.com.au/electrode-holder-400amp
WELDERLDDHNDPCE-0017,WELDERLDDHNDPCE-0017,Welding Electrode Holder,27.9,https://www.gasweld.com.au/electrode-holder-400amp
WELDERLDDHNDPCE-0007,WELDERLDDHNDPCE-0007,Welding Electrode Holder,27.9,https://www.gasweld.com.au/electrode-holder-400amp
WELDERLDDHNDPCE-0009,WELDERLDDHNDPCE-0009,Welding Electrode Holder,27.9,https://www.gasweld.com.au/electrode-holder-400amp
WELDERLDDHNDPCE-0011,WELDERLDDHNDPCE-0011,Welding Electrode Holder,27.9,https://www.gasweld.com.au/electrode-holder-400amp
WELDERLDDHNDPCE-0002,WELDERLDDHNDPCE-0002,Welding Electrode Holder,27.9,https://www.gasweld.com.au/electrode-holder-400amp
WELDERLDDHNDPCE-0013,WELDERLDDHNDPCE-0013,Welding Electrode Holder,27.9,https://www.gasweld.com.au/electrode-holder-400amp
WELDERLDDHNDPCE-0003,WELDERLDDHNDPCE-0003,Welding Electrode Holder,27.9,https://www.gasweld.com.au/electrode-holder-400amp
WELDERLDDHNDPCE-0010,WELDERLDDHNDPCE-0010,Welding Electrode Holder,27.9,https://www.gasweld.com.au/electrode-holder-400amp
1277706,1277706,Wire Feeder LN25,7899,https://www.gasweld.com.au/ln-25pro-dual-power
1277705,1277705,Wire Feeder LN25,7899,https://www.gasweld.com.au/ln-25pro-dual-power
1277637,1277637,Wire Feeder LN25,7899,https://www.gasweld.com.au/ln-25pro-dual-power
1277703,1277703,Wire Feeder LN25,7899,https://www.gasweld.com.au/ln-25pro-dual-power
1277699,1277699,Wire Feeder LN25,7899,https://www.gasweld.com.au/ln-25pro-dual-power
1277639,1277639,Wire Feeder LN25,7899,https://www.gasweld.com.au/ln-25pro-dual-power
1277638,1277638,Wire Feeder LN25,7899,https://www.gasweld.com.au/ln-25pro-dual-power
1258134,1258134,Air Arc Gouging Torch,449,https://www.totaltools.com.au/194498-weldclass-promax-k4-gouging-torch-6-k4gt
1258135,1258135,Air Arc Gouging Torch,449,https://www.totaltools.com.au/194498-weldclass-promax-k4-gouging-torch-6-k4gt
1258137,1258137,Air Arc Gouging Torch,449,https://www.totaltools.com.au/194498-weldclass-promax-k4-gouging-torch-6-k4gt
1258139,1258139,Air Arc Gouging Torch,449,https://www.totaltools.com.au/194498-weldclass-promax-k4-gouging-torch-6-k4gt
1258144,1258144,Air Arc Gouging Torch,449,https://www.totaltools.com.au/194498-weldclass-promax-k4-gouging-torch-6-k4gt
OXY/ACETHNDPCE-000022,OXY/ACETHNDPCE-000022,Welding Handpiece - Oxy/Acetylene,360,https://www.totaltools.com.au/21221-cigweld-comet-blowpipe-handpiece-3-oxy-fuel-304001
COA~334208,781125,Welding Electrode Hotbox,159,https://www.hampdon.com.au/5kg-stick-electrode-arc-rod-drying-oven-hot-box-quiver
1259074,1259074,Welding Electrode Oven 5 kg Electric,179,https://www.gasweld.com.au/5kg-electrode-oven-5kg-electrode-oven-uni
1257916,1257916,Wire Feeder LN25,7899,https://www.gasweld.com.au/ln-25pro-dual-power
COA~5619717,1257923,Wire Feeder LN25,7899,https://www.gasweld.com.au/ln-25pro-dual-power
PROPANETNETORCH-0018,PROPANETNETORCH-0018,Propane Torch,399,https://www.totaltools.com.au/179460-weldclass-platinum-lt40-lpg-burner-heating-torch-combo-kit-wc-02991
PROPANETNETORCH-0008,PROPANETNETORCH-0008,Propane Torch,399,https://www.totaltools.com.au/179460-weldclass-platinum-lt40-lpg-burner-heating-torch-combo-kit-wc-02991
PROPANETNETORCH-0006,PROPANETNETORCH-0006,Propane Torch,399,https://www.totaltools.com.au/179460-weldclass-platinum-lt40-lpg-burner-heating-torch-combo-kit-wc-02991
PROPANETNETORCH-0017,PROPANETNETORCH-0017,Propane Torch,399,https://www.totaltools.com.au/179460-weldclass-platinum-lt40-lpg-burner-heating-torch-combo-kit-wc-02991
PROPANETNETORCH-0010,PROPANETNETORCH-0010,Propane Torch,399,https://www.totaltools.com.au/179460-weldclass-platinum-lt40-lpg-burner-heating-torch-combo-kit-wc-02991
PROPANETNETORCH-0013,PROPANETNETORCH-0013,Propane Torch,399,https://www.totaltools.com.au/179460-weldclass-platinum-lt40-lpg-burner-heating-torch-combo-kit-wc-02991
PROPANETNETORCH-0019,PROPANETNETORCH-0019,Propane Torch,399,https://www.totaltools.com.au/179460-weldclass-platinum-lt40-lpg-burner-heating-torch-combo-kit-wc-02991
PROPANETNETORCH-0016,PROPANETNETORCH-0016,Propane Torch,399,https://www.totaltools.com.au/179460-weldclass-platinum-lt40-lpg-burner-heating-torch-combo-kit-wc-02991
PROPANETNETORCH-0007,PROPANETNETORCH-0007,Propane Torch,399,https://www.totaltools.com.au/179460-weldclass-platinum-lt40-lpg-burner-heating-torch-combo-kit-wc-02991
PROPANETNETORCH-0011,PROPANETNETORCH-0011,Propane Torch,399,https://www.totaltools.com.au/179460-weldclass-platinum-lt40-lpg-burner-heating-torch-combo-kit-wc-02991
PROPANETNETORCH-0014,PROPANETNETORCH-0014,Propane Torch,399,https://www.totaltools.com.au/179460-weldclass-platinum-lt40-lpg-burner-heating-torch-combo-kit-wc-02991
PROPANETNETORCH-0012,PROPANETNETORCH-0012,Propane Torch,399,https://www.totaltools.com.au/179460-weldclass-platinum-lt40-lpg-burner-heating-torch-combo-kit-wc-02991
PROPANETNETORCH-0015,PROPANETNETORCH-0015,Propane Torch,399,https://www.totaltools.com.au/179460-weldclass-platinum-lt40-lpg-burner-heating-torch-combo-kit-wc-02991
HOSEOXYLYLPG15M-0015,HOSEOXYLYLPG15M-0015,Hose - Oxy/LPG - 15 m,189,https://www.gasweld.com.au/unimig-uni-flame-oxy-lpg-twin-gas-ho-uflpgth15m-uni
HOSEOXYLYLPG15M-0032,HOSEOXYLYLPG15M-0032,Hose - Oxy/LPG - 15 m,189,https://www.gasweld.com.au/unimig-uni-flame-oxy-lpg-twin-gas-ho-uflpgth15m-uni
HOSEOXYLYLPG15M-0033,HOSEOXYLYLPG15M-0033,Hose - Oxy/LPG - 15 m,189,https://www.gasweld.com.au/unimig-uni-flame-oxy-lpg-twin-gas-ho-uflpgth15m-uni
HOSEOXYLYLPG15M-0034,HOSEOXYLYLPG15M-0034,Hose - Oxy/LPG - 15 m,189,https://www.gasweld.com.au/unimig-uni-flame-oxy-lpg-twin-gas-ho-uflpgth15m-uni
HOSEOXYLYLPG15M-0036,HOSEOXYLYLPG15M-0036,Hose - Oxy/LPG - 15 m,189,https://www.gasweld.com.au/unimig-uni-flame-oxy-lpg-twin-gas-ho-uflpgth15m-uni
HOSEOXYLYLPG15M-0035,HOSEOXYLYLPG15M-0035,Hose - Oxy/LPG - 15 m,189,https://www.gasweld.com.au/unimig-uni-flame-oxy-lpg-twin-gas-ho-uflpgth15m-uni
HOSEOXYLYLPG15M-0018,HOSEOXYLYLPG15M-0018,Hose - Oxy/LPG - 15 m,189,https://www.gasweld.com.au/unimig-uni-flame-oxy-lpg-twin-gas-ho-uflpgth15m-uni
HOSEOXYLYLPG15M-0031,HOSEOXYLYLPG15M-0031,Hose - Oxy/LPG - 15 m,189,https://www.gasweld.com.au/unimig-uni-flame-oxy-lpg-twin-gas-ho-uflpgth15m-uni
HOSEOXYLYLPG15M-0030,HOSEOXYLYLPG15M-0030,Hose - Oxy/LPG - 15 m,189,https://www.gasweld.com.au/unimig-uni-flame-oxy-lpg-twin-gas-ho-uflpgth15m-uni
HOSEOXYLYLPG15M-0029,HOSEOXYLYLPG15M-0029,Hose - Oxy/LPG - 15 m,189,https://www.gasweld.com.au/unimig-uni-flame-oxy-lpg-twin-gas-ho-uflpgth15m-uni
WELDARGONGAUGE-0167,WELDARGONGAUGE-0167,Argon Flow Gauge,69.95,https://www.totaltools.com.au/150578-cigweld-55lpm-cutskill-twin-gauge-argon-regulator-201019
WELDARGONGAUGE-0108,WELDARGONGAUGE-0108,Argon Flow Gauge,69.95,https://www.totaltools.com.au/150578-cigweld-55lpm-cutskill-twin-gauge-argon-regulator-201019
WELDARGONGAUGE-0168,WELDARGONGAUGE-0168,Argon Flow Gauge,69.95,https://www.totaltools.com.au/150578-cigweld-55lpm-cutskill-twin-gauge-argon-regulator-201019
WELDARGONGAUGE-0165,WELDARGONGAUGE-0165,Argon Flow Gauge,69.95,https://www.totaltools.com.au/150578-cigweld-55lpm-cutskill-twin-gauge-argon-regulator-201019
WELDARGONGAUGE-0169,WELDARGONGAUGE-0169,Argon Flow Gauge,69.95,https://www.totaltools.com.au/150578-cigweld-55lpm-cutskill-twin-gauge-argon-regulator-201019
WELDARGONGAUGE-0030,WELDARGONGAUGE-0030,Argon Flow Gauge,69.95,https://www.totaltools.com.au/150578-cigweld-55lpm-cutskill-twin-gauge-argon-regulator-201019
WELDARGONGAUGE-0142,WELDARGONGAUGE-0142,Argon Flow Gauge,69.95,https://www.totaltools.com.au/150578-cigweld-55lpm-cutskill-twin-gauge-argon-regulator-201019
WELDARGONGAUGE-0036,WELDARGONGAUGE-0036,Argon Flow Gauge,69.95,https://www.totaltools.com.au/150578-cigweld-55lpm-cutskill-twin-gauge-argon-regulator-201019
WELDARGONGAUGE-0096,WELDARGONGAUGE-0096,Argon Flow Gauge,69.95,https://www.totaltools.com.au/150578-cigweld-55lpm-cutskill-twin-gauge-argon-regulator-201019
WELDARGONGAUGE-0146,WELDARGONGAUGE-0146,Argon Flow Gauge,69.95,https://www.totaltools.com.au/150578-cigweld-55lpm-cutskill-twin-gauge-argon-regulator-201019
WELDARGONGAUGE-0166,WELDARGONGAUGE-0166,Argon Flow Gauge,69.95,https://www.totaltools.com.au/150578-cigweld-55lpm-cutskill-twin-gauge-argon-regulator-201019
WELDARGONGAUGE-0144,WELDARGONGAUGE-0144,Argon Flow Gauge,69.95,https://www.totaltools.com.au/150578-cigweld-55lpm-cutskill-twin-gauge-argon-regulator-201019
WELDARGONGAUGE-0147,WELDARGONGAUGE-0147,Argon Flow Gauge,69.95,https://www.totaltools.com.au/150578-cigweld-55lpm-cutskill-twin-gauge-argon-regulator-201019
WELDARGONGAUGE-0103,WELDARGONGAUGE-0103,Argon Flow Gauge,69.95,https://www.totaltools.com.au/150578-cigweld-55lpm-cutskill-twin-gauge-argon-regulator-201019
WELDARGONGAUGE-0141,WELDARGONGAUGE-0141,Argon Flow Gauge,69.95,https://www.totaltools.com.au/150578-cigweld-55lpm-cutskill-twin-gauge-argon-regulator-201019
WELDARGONGAUGE-0151,WELDARGONGAUGE-0151,Argon Flow Gauge,69.95,https://www.totaltools.com.au/150578-cigweld-55lpm-cutskill-twin-gauge-argon-regulator-201019
WELDARGONGAUGE-0112,WELDARGONGAUGE-0112,Argon Flow Gauge,69.95,https://www.totaltools.com.au/150578-cigweld-55lpm-cutskill-twin-gauge-argon-regulator-201019
WELDARGONGAUGE-0026,WELDARGONGAUGE-0026,Argon Flow Gauge,69.95,https://www.totaltools.com.au/150578-cigweld-55lpm-cutskill-twin-gauge-argon-regulator-201019
WELDARGONGAUGE-0145,WELDARGONGAUGE-0145,Argon Flow Gauge,69.95,https://www.totaltools.com.au/150578-cigweld-55lpm-cutskill-twin-gauge-argon-regulator-201019
WELDARGONGAUGE-0109,WELDARGONGAUGE-0109,Argon Flow Gauge,69.95,https://www.totaltools.com.au/150578-cigweld-55lpm-cutskill-twin-gauge-argon-regulator-201019
WELDARGONGAUGE-0099,WELDARGONGAUGE-0099,Argon Flow Gauge,69.95,https://www.totaltools.com.au/150578-cigweld-55lpm-cutskill-twin-gauge-argon-regulator-201019
WELDARGONGAUGE-0143,WELDARGONGAUGE-0143,Argon Flow Gauge,69.95,https://www.totaltools.com.au/150578-cigweld-55lpm-cutskill-twin-gauge-argon-regulator-201019
WELDARGONGAUGE-0101,WELDARGONGAUGE-0101,Argon Flow Gauge,69.95,https://www.totaltools.com.au/150578-cigweld-55lpm-cutskill-twin-gauge-argon-regulator-201019
WELDARGONGAUGE-0137,WELDARGONGAUGE-0137,Argon Flow Gauge,69.95,https://www.totaltools.com.au/150578-cigweld-55lpm-cutskill-twin-gauge-argon-regulator-201019
WELDARGONGAUGE-0153,WELDARGONGAUGE-0153,Argon Flow Gauge,69.95,https://www.totaltools.com.au/150578-cigweld-55lpm-cutskill-twin-gauge-argon-regulator-201019
WELDARGONGAUGE-0105,WELDARGONGAUGE-0105,Argon Flow Gauge,69.95,https://www.totaltools.com.au/150578-cigweld-55lpm-cutskill-twin-gauge-argon-regulator-201019
WELDARGONGAUGE-0138,WELDARGONGAUGE-0138,Argon Flow Gauge,69.95,https://www.totaltools.com.au/150578-cigweld-55lpm-cutskill-twin-gauge-argon-regulator-201019
WELDLEAD70MM-0265,WELDLEAD70MM-0265,Welding Extension Lead - 70 mm²,695,https://custompowercables.com.au/products/welding-cable-70mm-per-metre
WELDLEAD70MM-0266,WELDLEAD70MM-0266,Welding Extension Lead - 70 mm²,695,https://custompowercables.com.au/products/welding-cable-70mm-per-metre
WELDLEAD70MM-0267,WELDLEAD70MM-0267,Welding Extension Lead - 70 mm²,695,https://custompowercables.com.au/products/welding-cable-70mm-per-metre
WELDLEAD70MM-0268,WELDLEAD70MM-0268,Welding Extension Lead - 70 mm²,695,https://custompowercables.com.au/products/welding-cable-70mm-per-metre
WELDLEAD70MM-0171,WELDLEAD70MM-0171,Welding Extension Lead - 70 mm²,695,https://custompowercables.com.au/products/welding-cable-70mm-per-metre
WELDLEAD70MM-0109,WELDLEAD70MM-0109,Welding Extension Lead - 70 mm²,695,https://custompowercables.com.au/products/welding-cable-70mm-per-metre
WELDLEAD70MM-0147,WELDLEAD70MM-0147,Welding Extension Lead - 70 mm²,695,https://custompowercables.com.au/products/welding-cable-70mm-per-metre
WELDLEAD70MM-0142,WELDLEAD70MM-0142,Welding Extension Lead - 70 mm²,695,https://custompowercables.com.au/products/welding-cable-70mm-per-metre
WELDLEAD70MM-0145,WELDLEAD70MM-0145,Welding Extension Lead - 70 mm²,695,https://custompowercables.com.au/products/welding-cable-70mm-per-metre
WELDLEAD70MM-0132,WELDLEAD70MM-0132,Welding Extension Lead - 70 mm²,695,https://custompowercables.com.au/products/welding-cable-70mm-per-metre
WELDLEAD70MM-0186,WELDLEAD70MM-0186,Welding Extension Lead - 70 mm²,695,https://custompowercables.com.au/products/welding-cable-70mm-per-metre
WELDLEAD70MM-0111,WELDLEAD70MM-0111,Welding Extension Lead - 70 mm²,695,https://custompowercables.com.au/products/welding-cable-70mm-per-metre
WELDLEAD70MM-0113,WELDLEAD70MM-0113,Welding Extension Lead - 70 mm²,695,https://custompowercables.com.au/products/welding-cable-70mm-per-metre
WELDLEAD70MM-0106,WELDLEAD70MM-0106,Welding Extension Lead - 70 mm²,695,https://custompowercables.com.au/products/welding-cable-70mm-per-metre
WELDLEAD70MM-0187,WELDLEAD70MM-0187,Welding Extension Lead - 70 mm²,695,https://custompowercables.com.au/products/welding-cable-70mm-per-metre
WELDLEAD70MM-0185,WELDLEAD70MM-0185,Welding Extension Lead - 70 mm²,695,https://custompowercables.com.au/products/welding-cable-70mm-per-metre
WELDLEAD70MM-0190,WELDLEAD70MM-0190,Welding Extension Lead - 70 mm²,695,https://custompowercables.com.au/products/welding-cable-70mm-per-metre
WELDLEAD70MM-0247,WELDLEAD70MM-0247,Welding Extension Lead - 70 mm²,695,https://custompowercables.com.au/products/welding-cable-70mm-per-metre
WELDLEAD70MM-0134,WELDLEAD70MM-0134,Welding Extension Lead - 70 mm²,695,https://custompowercables.com.au/products/welding-cable-70mm-per-metre
WELDLEAD70MM-0158,WELDLEAD70MM-0158,Welding Extension Lead - 70 mm²,695,https://custompowercables.com.au/products/welding-cable-70mm-per-metre
WELDLEAD70MM-0191,WELDLEAD70MM-0191,Welding Extension Lead - 70 mm²,695,https://custompowercables.com.au/products/welding-cable-70mm-per-metre
WELDLEAD70MM-0128,WELDLEAD70MM-0128,Welding Extension Lead - 70 mm²,695,https://custompowercables.com.au/products/welding-cable-70mm-per-metre
WELDLEAD70MM-0140,WELDLEAD70MM-0140,Welding Extension Lead - 70 mm²,695,https://custompowercables.com.au/products/welding-cable-70mm-per-metre
WELDLEAD70MM-0248,WELDLEAD70MM-0248,Welding Extension Lead - 70 mm²,695,https://custompowercables.com.au/products/welding-cable-70mm-per-metre
WELDLEAD70MM-0159,WELDLEAD70MM-0159,Welding Extension Lead - 70 mm²,695,https://custompowercables.com.au/products/welding-cable-70mm-per-metre
WELDLEAD70MM-0184,WELDLEAD70MM-0184,Welding Extension Lead - 70 mm²,695,https://custompowercables.com.au/products/welding-cable-70mm-per-metre
WELDLEAD70MM-0088N,WELDLEAD70MM-0094,Welding Extension Lead - 70 mm²,695,https://custompowercables.com.au/products/welding-cable-70mm-per-metre
WELDLEAD70MM-0192,WELDLEAD70MM-0192,Welding Extension Lead - 70 mm²,695,https://custompowercables.com.au/products/welding-cable-70mm-per-metre
WELDLEAD70MM-0105,WELDLEAD70MM-0105,Welding Extension Lead - 70 mm²,695,https://custompowercables.com.au/products/welding-cable-70mm-per-metre
WELDLEAD70MM-0173,WELDLEAD70MM-0173,Welding Extension Lead - 70 mm²,695,https://custompowercables.com.au/products/welding-cable-70mm-per-metre
WELDLEAD70MM-0056N,WELDLEAD70MM-0101,Welding Extension Lead - 70 mm²,695,https://custompowercables.com.au/products/welding-cable-70mm-per-metre
WELDLEAD70MM-0214N,WELDLEAD70MM-0244,Welding Extension Lead - 70 mm²,695,https://custompowercables.com.au/products/welding-cable-70mm-per-metre
WELDLEAD70MM-0108,WELDLEAD70MM-0108,Welding Extension Lead - 70 mm²,695,https://custompowercables.com.au/products/welding-cable-70mm-per-metre
WELDEARTHCLP-0312,WELDEARTHCLP-0312,Welding Earth Lead,449,https://www.gasweld.com.au/earth-work-return-lead-9m-50mm
WELDEARTHCLP-0338,WELDEARTHCLP-0338,Welding Earth Lead,449,https://www.gasweld.com.au/earth-work-return-lead-9m-50mm
WELDEARTHCLP-0102E,WELDEARTHCLP-0071,Welding Earth Lead,449,https://www.gasweld.com.au/earth-work-return-lead-9m-50mm
WELDEARTHCLP-0344,WELDEARTHCLP-0344,Welding Earth Lead,449,https://www.gasweld.com.au/earth-work-return-lead-9m-50mm
WELDEARTHCLP-0244,WELDEARTHCLP-0244,Welding Earth Lead,449,https://www.gasweld.com.au/earth-work-return-lead-9m-50mm
WELDEARTHCLP-0345,WELDEARTHCLP-0345,Welding Earth Lead,449,https://www.gasweld.com.au/earth-work-return-lead-9m-50mm
WELDEARTHCLP-0264,WELDEARTHCLP-0264,Welding Earth Lead,449,https://www.gasweld.com.au/earth-work-return-lead-9m-50mm
WELDEARTHCLP-0266,WELDEARTHCLP-0266,Welding Earth Lead,449,https://www.gasweld.com.au/earth-work-return-lead-9m-50mm
WELDEARTHCLP-0241,WELDEARTHCLP-0241,Welding Earth Lead,449,https://www.gasweld.com.au/earth-work-return-lead-9m-50mm
WELDEARTHCLP-0256,WELDEARTHCLP-0256,Welding Earth Lead,449,https://www.gasweld.com.au/earth-work-return-lead-9m-50mm
WELDEARTHCLP-0235,WELDEARTHCLP-0235,Welding Earth Lead,449,https://www.gasweld.com.au/earth-work-return-lead-9m-50mm
WELDEARTHCLP-0242,WELDEARTHCLP-0242,Welding Earth Lead,449,https://www.gasweld.com.au/earth-work-return-lead-9m-50mm
WELDEARTHCLP-0314,WELDEARTHCLP-0314,Welding Earth Lead,449,https://www.gasweld.com.au/earth-work-return-lead-9m-50mm
WELDEARTHCLP-0334,WELDEARTHCLP-0334,Welding Earth Lead,449,https://www.gasweld.com.au/earth-work-return-lead-9m-50mm
WELDEARTHCLP-0336,WELDEARTHCLP-0336,Welding Earth Lead,449,https://www.gasweld.com.au/earth-work-return-lead-9m-50mm
WELDEARTHCLP-0261,WELDEARTHCLP-0261,Welding Earth Lead,449,https://www.gasweld.com.au/earth-work-return-lead-9m-50mm
WELDEARTHCLP-0321,WELDEARTHCLP-0321,Welding Earth Lead,449,https://www.gasweld.com.au/earth-work-return-lead-9m-50mm
WELDEARTHCLP-0343,WELDEARTHCLP-0343,Welding Earth Lead,449,https://www.gasweld.com.au/earth-work-return-lead-9m-50mm
WELDEARTHCLP-0339,WELDEARTHCLP-0339,Welding Earth Lead,449,https://www.gasweld.com.au/earth-work-return-lead-9m-50mm
WELDEARTHCLP-0322,WELDEARTHCLP-0322,Welding Earth Lead,449,https://www.gasweld.com.au/earth-work-return-lead-9m-50mm
WELDEARTHCLP-0092,WELDEARTHCLP-0092,Welding Earth Lead,449,https://www.gasweld.com.au/earth-work-return-lead-9m-50mm
WELDEARTHCLP-0088,WELDEARTHCLP-0088,Welding Earth Lead,449,https://www.gasweld.com.au/earth-work-return-lead-9m-50mm
WELDEARTHCLP-0253,WELDEARTHCLP-0253,Welding Earth Lead,449,https://www.gasweld.com.au/earth-work-return-lead-9m-50mm
WELDEARTHCLP-0243,WELDEARTHCLP-0243,Welding Earth Lead,449,https://www.gasweld.com.au/earth-work-return-lead-9m-50mm
WELDEARTHCLP-0218,WELDEARTHCLP-0218,Welding Earth Lead,449,https://www.gasweld.com.au/earth-work-return-lead-9m-50mm
WELDEARTHCLP-0095,WELDEARTHCLP-0095,Welding Earth Lead,449,https://www.gasweld.com.au/earth-work-return-lead-9m-50mm
WELDEARTHCLP-0216,WELDEARTHCLP-0216,Welding Earth Lead,449,https://www.gasweld.com.au/earth-work-return-lead-9m-50mm
WELDEARTHCLP-0238,WELDEARTHCLP-0238,Welding Earth Lead,449,https://www.gasweld.com.au/earth-work-return-lead-9m-50mm
WELDEARTHCLP-0201,WELDEARTHCLP-0201,Welding Earth Lead,449,https://www.gasweld.com.au/earth-work-return-lead-9m-50mm
WELDEARTHCLP-0209,WELDEARTHCLP-0209,Welding Earth Lead,449,https://www.gasweld.com.au/earth-work-return-lead-9m-50mm
WELDEARTHCLP-0272,WELDEARTHCLP-0272,Welding Earth Lead,449,https://www.gasweld.com.au/earth-work-return-lead-9m-50mm
WELDEARTHCLP-0304,WELDEARTHCLP-0304,Welding Earth Lead,449,https://www.gasweld.com.au/earth-work-return-lead-9m-50mm
WELDEARTHCLP-0084,WELDEARTHCLP-0084,Welding Earth Lead,449,https://www.gasweld.com.au/earth-work-return-lead-9m-50mm
WELDEARTHCLP-0341,WELDEARTHCLP-0341,Welding Earth Lead,449,https://www.gasweld.com.au/earth-work-return-lead-9m-50mm
WELDEARTHCLP-0229,WELDEARTHCLP-0229,Welding Earth Lead,449,https://www.gasweld.com.au/earth-work-return-lead-9m-50mm
WELDELECDEHOLER-0999E,WELDELECDEHOLER-0999,Welding Electrode Holder,27.9,https://www.gasweld.com.au/electrode-holder-400amp
WELDELECDEHOLER-0052,WELDELECDEHOLER-0052,Welding Electrode Holder,27.9,https://www.gasweld.com.au/electrode-holder-400amp
WELDELECDEHOLER-0051,WELDELECDEHOLER-0051,Welding Electrode Holder,27.9,https://www.gasweld.com.au/electrode-holder-400amp
WELDELECDEHOLER-0043,WELDELECDEHOLER-0043,Welding Electrode Holder,27.9,https://www.gasweld.com.au/electrode-holder-400amp
WELDELECDEHOLER-0044,WELDELECDEHOLER-0044,Welding Electrode Holder,27.9,https://www.gasweld.com.au/electrode-holder-400amp
WELDELECDEHOLER-0045,WELDELECDEHOLER-0045,Welding Electrode Holder,27.9,https://www.gasweld.com.au/electrode-holder-400amp
WELDELECDEHOLER-0047,WELDELECDEHOLER-0047,Welding Electrode Holder,27.9,https://www.gasweld.com.au/electrode-holder-400amp
WELDELECDEHOLER-0048,WELDELECDEHOLER-0048,Welding Electrode Holder,27.9,https://www.gasweld.com.au/electrode-holder-400amp
T86360/029,WELDELECDEHOLER-0029,Welding Electrode Holder,27.9,https://www.gasweld.com.au/electrode-holder-400amp
WELDELECDEHOLER-0033,WELDELECDEHOLER-0033,Welding Electrode Holder,27.9,https://www.gasweld.com.au/electrode-holder-400amp
WELDELECDEHOLER-0028,WELDELECDEHOLER-0028,Welding Electrode Holder,27.9,https://www.gasweld.com.au/electrode-holder-400amp
WELDELECDEHOLER-0034,WELDELECDEHOLER-0034,Welding Electrode Holder,27.9,https://www.gasweld.com.au/electrode-holder-400amp
WELDELECDEHOLER-0031,WELDELECDEHOLER-0031,Welding Electrode Holder,27.9,https://www.gasweld.com.au/electrode-holder-400amp
WELDERLDHNDPCE-0073,WELDERLDHNDPCE-0073,Welding Handpiece Lead,469,https://www.gasweld.com.au/wmaw-lead-50mm-x-10m-holder
WELDERLDHNDPCE-0075,WELDERLDHNDPCE-0075,Welding Handpiece Lead,469,https://www.gasweld.com.au/wmaw-lead-50mm-x-10m-holder
WELDERLDHNDPCE-0074,WELDERLDHNDPCE-0074,Welding Handpiece Lead,469,https://www.gasweld.com.au/wmaw-lead-50mm-x-10m-holder
WELDERLDHNDPCE-0009,WELDERLDHNDPCE-0009,Welding Handpiece Lead,469,https://www.gasweld.com.au/wmaw-lead-50mm-x-10m-holder
WELDERLDHNDPCE-0032,WELDERLDHNDPCE-0032,Welding Handpiece Lead,469,https://www.gasweld.com.au/wmaw-lead-50mm-x-10m-holder
WELDERLDHNDPCE-0076,WELDERLDHNDPCE-0076,Welding Handpiece Lead,469,https://www.gasweld.com.au/wmaw-lead-50mm-x-10m-holder
WELDERLDHNDPCE-0020,WELDERLDHNDPCE-0020,Welding Handpiece Lead,469,https://www.gasweld.com.au/wmaw-lead-50mm-x-10m-holder
WELDERLDHNDPCE-0019,WELDERLDHNDPCE-0019,Welding Handpiece Lead,469,https://www.gasweld.com.au/wmaw-lead-50mm-x-10m-holder
WELDERLDHNDPCE-0017,WELDERLDHNDPCE-0017,Welding Handpiece Lead,469,https://www.gasweld.com.au/wmaw-lead-50mm-x-10m-holder
WELDERLDHNDPCE-0041,WELDERLDHNDPCE-0041,Welding Handpiece Lead,469,https://www.gasweld.com.au/wmaw-lead-50mm-x-10m-holder
WELDERLDHNDPCE-0033,WELDERLDHNDPCE-0033,Welding Handpiece Lead,469,https://www.gasweld.com.au/wmaw-lead-50mm-x-10m-holder
WELDERLDHNDPCE-0072,WELDERLDHNDPCE-0072,Welding Handpiece Lead,469,https://www.gasweld.com.au/wmaw-lead-50mm-x-10m-holder
WELDERLDHNDPCE-0071,WELDERLDHNDPCE-0071,Welding Handpiece Lead,469,https://www.gasweld.com.au/wmaw-lead-50mm-x-10m-holder
WELDERLDHNDPCE-0013,WELDERLDHNDPCE-0013,Welding Handpiece Lead,469,https://www.gasweld.com.au/wmaw-lead-50mm-x-10m-holder
WELDERLDHNDPCE-0012,WELDERLDHNDPCE-0012,Welding Handpiece Lead,469,https://www.gasweld.com.au/wmaw-lead-50mm-x-10m-holder
WELDERLDHNDPCE-0008,WELDERLDHNDPCE-0008,Welding Handpiece Lead,469,https://www.gasweld.com.au/wmaw-lead-50mm-x-10m-holder
WELDERLDHNDPCE-0029,WELDERLDHNDPCE-0029,Welding Handpiece Lead,469,https://www.gasweld.com.au/wmaw-lead-50mm-x-10m-holder
WELDERLDHNDPCE-0037,WELDERLDHNDPCE-0037,Welding Handpiece Lead,469,https://www.gasweld.com.au/wmaw-lead-50mm-x-10m-holder
WELDERLDHNDPCE-0048,WELDERLDHNDPCE-0048,Welding Handpiece Lead,469,https://www.gasweld.com.au/wmaw-lead-50mm-x-10m-holder
WELDERLDHNDPCE-0016,WELDERLDHNDPCE-0016,Welding Handpiece Lead,469,https://www.gasweld.com.au/wmaw-lead-50mm-x-10m-holder
WELDERLDHNDPCE-0034,WELDERLDHNDPCE-0034,Welding Handpiece Lead,469,https://www.gasweld.com.au/wmaw-lead-50mm-x-10m-holder
WELDERLDHNDPCE-0021,WELDERLDHNDPCE-0021,Welding Handpiece Lead,469,https://www.gasweld.com.au/wmaw-lead-50mm-x-10m-holder
WELDERLDHNDPCE-0035,WELDERLDHNDPCE-0035,Welding Handpiece Lead,469,https://www.gasweld.com.au/wmaw-lead-50mm-x-10m-holder
WELDHANDCECADDY-0198,WELDHANDCECADDY-0198,Caddy Welding Handpiece Lead,97.95,https://electroweld.com.au/product/weldclass-200a-earth-welding-lead-cable-electrode-holder-10-25-dinse-wc-06231/
WELDHANDCECADDY-0196,WELDHANDCECADDY-0196,Caddy Welding Handpiece Lead,97.95,https://electroweld.com.au/product/weldclass-200a-earth-welding-lead-cable-electrode-holder-10-25-dinse-wc-06231/
WELDHANDCECADDY-0207,WELDHANDCECADDY-0207,Caddy Welding Handpiece Lead,97.95,https://electroweld.com.au/product/weldclass-200a-earth-welding-lead-cable-electrode-holder-10-25-dinse-wc-06231/
WELDHANDCECADDY-0250,WELDHANDCECADDY-0250,Caddy Welding Handpiece Lead,97.95,https://electroweld.com.au/product/weldclass-200a-earth-welding-lead-cable-electrode-holder-10-25-dinse-wc-06231/
WELDHANDCECADDY-0236,WELDHANDCECADDY-0236,Caddy Welding Handpiece Lead,97.95,https://electroweld.com.au/product/weldclass-200a-earth-welding-lead-cable-electrode-holder-10-25-dinse-wc-06231/
WELDHANDCECADDY-0194,WELDHANDCECADDY-0194,Caddy Welding Handpiece Lead,97.95,https://electroweld.com.au/product/weldclass-200a-earth-welding-lead-cable-electrode-holder-10-25-dinse-wc-06231/
WELDHANDCECADDY-0210,WELDHANDCECADDY-0210,Caddy Welding Handpiece Lead,97.95,https://electroweld.com.au/product/weldclass-200a-earth-welding-lead-cable-electrode-holder-10-25-dinse-wc-06231/
WELDHANDCECADDY-0195,WELDHANDCECADDY-0195,Caddy Welding Handpiece Lead,97.95,https://electroweld.com.au/product/weldclass-200a-earth-welding-lead-cable-electrode-holder-10-25-dinse-wc-06231/
WELDHANDCECADDY-0144,WELDHANDCECADDY-0144,Caddy Welding Handpiece Lead,97.95,https://electroweld.com.au/product/weldclass-200a-earth-welding-lead-cable-electrode-holder-10-25-dinse-wc-06231/
WELDHANDCECADDY-0154,WELDHANDCECADDY-0154,Caddy Welding Handpiece Lead,97.95,https://electroweld.com.au/product/weldclass-200a-earth-welding-lead-cable-electrode-holder-10-25-dinse-wc-06231/
WELDHANDCECADDY-0292,WELDHANDCECADDY-0292,Caddy Welding Handpiece Lead,97.95,https://electroweld.com.au/product/weldclass-200a-earth-welding-lead-cable-electrode-holder-10-25-dinse-wc-06231/
WELDHANDCECADDY-0218,WELDHANDCECADDY-0218,Caddy Welding Handpiece Lead,97.95,https://electroweld.com.au/product/weldclass-200a-earth-welding-lead-cable-electrode-holder-10-25-dinse-wc-06231/
WELDHANDCECADDY-0204E,WELDHANDCECADDY-0204,Caddy Welding Handpiece Lead,97.95,https://electroweld.com.au/product/weldclass-200a-earth-welding-lead-cable-electrode-holder-10-25-dinse-wc-06231/
WELDHANDCECADDY-0221,WELDHANDCECADDY-0221,Caddy Welding Handpiece Lead,97.95,https://electroweld.com.au/product/weldclass-200a-earth-welding-lead-cable-electrode-holder-10-25-dinse-wc-06231/
WELDHANDCECADDY-0064,WELDHANDCECADDY-0064,Caddy Welding Handpiece Lead,97.95,https://electroweld.com.au/product/weldclass-200a-earth-welding-lead-cable-electrode-holder-10-25-dinse-wc-06231/
WELDHANDCECADDY-0037,WELDHANDCECADDY-0037,Caddy Welding Handpiece Lead,97.95,https://electroweld.com.au/product/weldclass-200a-earth-welding-lead-cable-electrode-holder-10-25-dinse-wc-06231/
WELDHANDCECADDY-0031,WELDHANDCECADDY-0031,Caddy Welding Handpiece Lead,97.95,https://electroweld.com.au/product/weldclass-200a-earth-welding-lead-cable-electrode-holder-10-25-dinse-wc-06231/
WELDHANDCECADDY-0039,WELDHANDCECADDY-0039,Caddy Welding Handpiece Lead,97.95,https://electroweld.com.au/product/weldclass-200a-earth-welding-lead-cable-electrode-holder-10-25-dinse-wc-06231/
WELDHANDCECADDY-0035,WELDHANDCECADDY-0035,Caddy Welding Handpiece Lead,97.95,https://electroweld.com.au/product/weldclass-200a-earth-welding-lead-cable-electrode-holder-10-25-dinse-wc-06231/
WELDHANDCECADDY-0130,WELDHANDCECADDY-0130,Caddy Welding Handpiece Lead,97.95,https://electroweld.com.au/product/weldclass-200a-earth-welding-lead-cable-electrode-holder-10-25-dinse-wc-06231/
WELDHANDCECADDY-0224,WELDHANDCECADDY-0224,Caddy Welding Handpiece Lead,97.95,https://electroweld.com.au/product/weldclass-200a-earth-welding-lead-cable-electrode-holder-10-25-dinse-wc-06231/
WELDHANDCECADDY-0152,WELDHANDCECADDY-0152,Caddy Welding Handpiece Lead,97.95,https://electroweld.com.au/product/weldclass-200a-earth-welding-lead-cable-electrode-holder-10-25-dinse-wc-06231/
WELDHANDCECADDY-0238,WELDHANDCECADDY-0238,Caddy Welding Handpiece Lead,97.95,https://electroweld.com.au/product/weldclass-200a-earth-welding-lead-cable-electrode-holder-10-25-dinse-wc-06231/
WELDHANDCECADDY-0239,WELDHANDCECADDY-0239,Caddy Welding Handpiece Lead,97.95,https://electroweld.com.au/product/weldclass-200a-earth-welding-lead-cable-electrode-holder-10-25-dinse-wc-06231/
WELDHANDCECADDY-0235,WELDHANDCECADDY-0235,Caddy Welding Handpiece Lead,97.95,https://electroweld.com.au/product/weldclass-200a-earth-welding-lead-cable-electrode-holder-10-25-dinse-wc-06231/
WELDHANDCECADDY-0237,WELDHANDCECADDY-0237,Caddy Welding Handpiece Lead,97.95,https://electroweld.com.au/product/weldclass-200a-earth-welding-lead-cable-electrode-holder-10-25-dinse-wc-06231/
T86360/105,WELDHANDCECADDY-0276,Caddy Welding Handpiece Lead,97.95,https://electroweld.com.au/product/weldclass-200a-earth-welding-lead-cable-electrode-holder-10-25-dinse-wc-06231/
WELDHANDCECADDY-0280,WELDHANDCECADDY-0280,Caddy Welding Handpiece Lead,97.95,https://electroweld.com.au/product/weldclass-200a-earth-welding-lead-cable-electrode-holder-10-25-dinse-wc-06231/
WELDHANDCECADDY-0281,WELDHANDCECADDY-0281,Caddy Welding Handpiece Lead,97.95,https://electroweld.com.au/product/weldclass-200a-earth-welding-lead-cable-electrode-holder-10-25-dinse-wc-06231/
WELDHANDCECADDY-0282,WELDHANDCECADDY-0282,Caddy Welding Handpiece Lead,97.95,https://electroweld.com.au/product/weldclass-200a-earth-welding-lead-cable-electrode-holder-10-25-dinse-wc-06231/
WELDHANDCECADDY-0182,WELDHANDCECADDY-0182,Caddy Welding Handpiece Lead,97.95,https://electroweld.com.au/product/weldclass-200a-earth-welding-lead-cable-electrode-holder-10-25-dinse-wc-06231/
T86005/013,WELDHANDCECADDY-0013,Caddy Welding Handpiece Lead,97.95,https://electroweld.com.au/product/weldclass-200a-earth-welding-lead-cable-electrode-holder-10-25-dinse-wc-06231/
T86005/009,WELDHANDCECADDY-0009,Caddy Welding Handpiece Lead,97.95,https://electroweld.com.au/product/weldclass-200a-earth-welding-lead-cable-electrode-holder-10-25-dinse-wc-06231/
WELDHANDCECADDY-0034,WELDHANDCECADDY-0034,Caddy Welding Handpiece Lead,97.95,https://electroweld.com.au/product/weldclass-200a-earth-welding-lead-cable-electrode-holder-10-25-dinse-wc-06231/
T86005/005,WELDHANDCECADDY-0005,Caddy Welding Handpiece Lead,97.95,https://electroweld.com.au/product/weldclass-200a-earth-welding-lead-cable-electrode-holder-10-25-dinse-wc-06231/
WELDHANDCECADDY-0066,WELDHANDCECADDY-0066,Caddy Welding Handpiece Lead,97.95,https://electroweld.com.au/product/weldclass-200a-earth-welding-lead-cable-electrode-holder-10-25-dinse-wc-06231/
WELDHANDCECADDY-0170,WELDHANDCECADDY-0170,Caddy Welding Handpiece Lead,97.95,https://electroweld.com.au/product/weldclass-200a-earth-welding-lead-cable-electrode-holder-10-25-dinse-wc-06231/
WELDHANDCECADDY-0175,WELDHANDCECADDY-0175,Caddy Welding Handpiece Lead,97.95,https://electroweld.com.au/product/weldclass-200a-earth-welding-lead-cable-electrode-holder-10-25-dinse-wc-06231/
WELDHANDCECADDY-0977E,WELDHANDCECADDY-0977,Caddy Welding Handpiece Lead,97.95,https://electroweld.com.au/product/weldclass-200a-earth-welding-lead-cable-electrode-holder-10-25-dinse-wc-06231/
WELDHANDCEMIGWF-0045,WELDHANDCEMIGWF-0045,Welding Handpiece - MIG Wire Feeder,1399,https://www.gasweld.com.au/k126-350a-4-6m-1-7-2-4mm-l
WELDHANDCEMIGWF-0084,WELDHANDCEMIGWF-0084,Welding Handpiece - MIG Wire Feeder,1399,https://www.gasweld.com.au/k126-350a-4-6m-1-7-2-4mm-l
WELDHANDCEMIGWF-0085,WELDHANDCEMIGWF-0085,Welding Handpiece - MIG Wire Feeder,1399,https://www.gasweld.com.au/k126-350a-4-6m-1-7-2-4mm-l
WELDHANDCEMIGWF-0082,WELDHANDCEMIGWF-0082,Welding Handpiece - MIG Wire Feeder,1399,https://www.gasweld.com.au/k126-350a-4-6m-1-7-2-4mm-l
WELDHANDCEMIGWF-0073,WELDHANDCEMIGWF-0073,Welding Handpiece - MIG Wire Feeder,1399,https://www.gasweld.com.au/k126-350a-4-6m-1-7-2-4mm-l
WELDHANDCEMIGWF-0081,WELDHANDCEMIGWF-0081,Welding Handpiece - MIG Wire Feeder,1399,https://www.gasweld.com.au/k126-350a-4-6m-1-7-2-4mm-l
WELDHANDCEMIGWF-0039,WELDHANDCEMIGWF-0039,Welding Handpiece - MIG Wire Feeder,1399,https://www.gasweld.com.au/k126-350a-4-6m-1-7-2-4mm-l
WELDHANDCEMIGWF-0028,WELDHANDCEMIGWF-0028,Welding Handpiece - MIG Wire Feeder,1399,https://www.gasweld.com.au/k126-350a-4-6m-1-7-2-4mm-l
WELDHANDCEMIGWF-0086,WELDHANDCEMIGWF-0086,Welding Handpiece - MIG Wire Feeder,1399,https://www.gasweld.com.au/k126-350a-4-6m-1-7-2-4mm-l
WELDHANDCEMIGWF-0070,WELDHANDCEMIGWF-0070,Welding Handpiece - MIG Wire Feeder,1399,https://www.gasweld.com.au/k126-350a-4-6m-1-7-2-4mm-l
WELDHANDCEMIGWF-0069,WELDHANDCEMIGWF-0069,Welding Handpiece - MIG Wire Feeder,1399,https://www.gasweld.com.au/k126-350a-4-6m-1-7-2-4mm-l
WELDHANDCEMIGWF-0122,WELDHANDCEMIGWF-0122,Welding Handpiece - MIG Wire Feeder,1399,https://www.gasweld.com.au/k126-350a-4-6m-1-7-2-4mm-l
WELDHANDCEMIGWF-0123,WELDHANDCEMIGWF-0123,Welding Handpiece - MIG Wire Feeder,1399,https://www.gasweld.com.au/k126-350a-4-6m-1-7-2-4mm-l
WELDHANDCEMIGWF-0120,WELDHANDCEMIGWF-0120,Welding Handpiece - MIG Wire Feeder,1399,https://www.gasweld.com.au/k126-350a-4-6m-1-7-2-4mm-l
WELDHANDCEMIGWF-0121,WELDHANDCEMIGWF-0121,Welding Handpiece - MIG Wire Feeder,1399,https://www.gasweld.com.au/k126-350a-4-6m-1-7-2-4mm-l
WELDHANDCEMIGWF-0124,WELDHANDCEMIGWF-0124,Welding Handpiece - MIG Wire Feeder,1399,https://www.gasweld.com.au/k126-350a-4-6m-1-7-2-4mm-l
WELDHANDCEMIGWF-0125,WELDHANDCEMIGWF-0125,Welding Handpiece - MIG Wire Feeder,1399,https://www.gasweld.com.au/k126-350a-4-6m-1-7-2-4mm-l
WELDLEADTAIL-0882N,WELDLEADTAIL-0882,Welding Lead Tail,34.5,https://www.hampdon.com.au/500a-50cm-welder-generator-lead-connector-tails-50
WELDLEADTAIL-0019,WELDLEADTAIL-0019,Welding Lead Tail,34.5,https://www.hampdon.com.au/500a-50cm-welder-generator-lead-connector-tails-50
WELDLEADTAIL-0884N,WELDLEADTAIL-0884,Welding Lead Tail,34.5,https://www.hampdon.com.au/500a-50cm-welder-generator-lead-connector-tails-50
WELDLEADTAIL-0820N,WELDLEADTAIL-0820,Welding Lead Tail,34.5,https://www.hampdon.com.au/500a-50cm-welder-generator-lead-connector-tails-50
WELDLEADTAIL-0020,WELDLEADTAIL-0020,Welding Lead Tail,34.5,https://www.hampdon.com.au/500a-50cm-welder-generator-lead-connector-tails-50
WELDLEADTAIL-0022,WELDLEADTAIL-0022,Welding Lead Tail,34.5,https://www.hampdon.com.au/500a-50cm-welder-generator-lead-connector-tails-50
WELDLEADTAIL-0023,WELDLEADTAIL-0023,Welding Lead Tail,34.5,https://www.hampdon.com.au/500a-50cm-welder-generator-lead-connector-tails-50
WELDLEADTAIL-0024,WELDLEADTAIL-0024,Welding Lead Tail,34.5,https://www.hampdon.com.au/500a-50cm-welder-generator-lead-connector-tails-50
WELDLEADTAIL-0025,WELDLEADTAIL-0025,Welding Lead Tail,34.5,https://www.hampdon.com.au/500a-50cm-welder-generator-lead-connector-tails-50
COA~5296709,1135004,Oxy/Acetylene Welding Kit,534,https://www.totaltools.com.au/best-sellers/55767-cigweld-oxy-acet-trade-gas-cutting-and-welding-kit-bluejet
1240866,1240866,Oxy/Acetylene Welding Kit,534,https://www.totaltools.com.au/best-sellers/55767-cigweld-oxy-acet-trade-gas-cutting-and-welding-kit-bluejet
OXYEXTHOSE-0036,OXYEXTHOSE-0036,Oxy Extension Hose,90.9,https://www.gasweld.com.au/oxy-hose-10mtr
OXYEXTHOSE-0014,OXYEXTHOSE-0014,Oxy Extension Hose,90.9,https://www.gasweld.com.au/oxy-hose-10mtr
OXYEXTHOSE-0851N,OXYEXTHOSE-0009,Oxy Extension Hose,90.9,https://www.gasweld.com.au/oxy-hose-10mtr
OXYEXTHOSE-0852N,OXYEXTHOSE-0007,Oxy Extension Hose,90.9,https://www.gasweld.com.au/oxy-hose-10mtr
OXYEXTHOSE-0029,OXYEXTHOSE-0029,Oxy Extension Hose,90.9,https://www.gasweld.com.au/oxy-hose-10mtr
OXYEXTHOSE-0850N,OXYEXTHOSE-0006,Oxy Extension Hose,90.9,https://www.gasweld.com.au/oxy-hose-10mtr
OXYEXTHOSE-0002N,OXYEXTHOSE-0011,Oxy Extension Hose,90.9,https://www.gasweld.com.au/oxy-hose-10mtr
OXYEXTHOSE-0001N,OXYEXTHOSE-0010,Oxy Extension Hose,90.9,https://www.gasweld.com.au/oxy-hose-10mtr
OXYEXTHOSE-0052,OXYEXTHOSE-0052,Oxy Extension Hose,90.9,https://www.gasweld.com.au/oxy-hose-10mtr
OXYEXTHOSE-0003N,OXYEXTHOSE-0012,Oxy Extension Hose,90.9,https://www.gasweld.com.au/oxy-hose-10mtr
COA~322908,1157330,Oxy/Acetylene Welding Kit,534,https://www.totaltools.com.au/best-sellers/55767-cigweld-oxy-acet-trade-gas-cutting-and-welding-kit-bluejet
REGULATOR-0005,REGULATOR-0005,LPG Gauge,289,https://www.totaltools.com.au/20419-cigweld-comet-lpg-regulator-301525
REGULATOR-0007,REGULATOR-0007,LPG Gauge,289,https://www.totaltools.com.au/20419-cigweld-comet-lpg-regulator-301525
REGULATOR-0011,REGULATOR-0011,LPG Gauge,289,https://www.totaltools.com.au/20419-cigweld-comet-lpg-regulator-301525
REGULATOR-0018,REGULATOR-0018,LPG Gauge,289,https://www.totaltools.com.au/20419-cigweld-comet-lpg-regulator-301525
REGULATOR-0013,REGULATOR-0013,LPG Gauge,289,https://www.totaltools.com.au/20419-cigweld-comet-lpg-regulator-301525
REGULATOR-0012,REGULATOR-0012,LPG Gauge,289,https://www.totaltools.com.au/20419-cigweld-comet-lpg-regulator-301525
REGULATOR-0006,REGULATOR-0006,LPG Gauge,289,https://www.totaltools.com.au/20419-cigweld-comet-lpg-regulator-301525
REGULATOR-0014,REGULATOR-0014,LPG Gauge,289,https://www.totaltools.com.au/20419-cigweld-comet-lpg-regulator-301525
REGULATOR-0015,REGULATOR-0015,LPG Gauge,289,https://www.totaltools.com.au/20419-cigweld-comet-lpg-regulator-301525
REGULATOR-0017,REGULATOR-0017,LPG Gauge,289,https://www.totaltools.com.au/20419-cigweld-comet-lpg-regulator-301525
REGULATOR-0010,REGULATOR-0010,LPG Gauge,289,https://www.totaltools.com.au/20419-cigweld-comet-lpg-regulator-301525
ACETYLEGUAGE-0004,ACETYLEGUAGE-0004,Acetylene Gauge,88.95,https://www.totaltools.com.au/229283-cigweld-bluejet-acetylene-side-inlet-regulator-210224
ACETYLEGUAGE-0003,ACETYLEGUAGE-0003,Acetylene Gauge,88.95,https://www.totaltools.com.au/229283-cigweld-bluejet-acetylene-side-inlet-regulator-210224
ACETYLEGUAGE-0010,ACETYLEGUAGE-0010,Acetylene Gauge,88.95,https://www.totaltools.com.au/229283-cigweld-bluejet-acetylene-side-inlet-regulator-210224
ACETYLEGUAGE-0002,ACETYLEGUAGE-0002,Acetylene Gauge,88.95,https://www.totaltools.com.au/229283-cigweld-bluejet-acetylene-side-inlet-regulator-210224
ACETYLEGUAGE-0009,ACETYLEGUAGE-0009,Acetylene Gauge,88.95,https://www.totaltools.com.au/229283-cigweld-bluejet-acetylene-side-inlet-regulator-210224
ACETYLEGUAGE-0011,ACETYLEGUAGE-0011,Acetylene Gauge,88.95,https://www.totaltools.com.au/229283-cigweld-bluejet-acetylene-side-inlet-regulator-210224
ACETYLEGUAGE-0008,ACETYLEGUAGE-0008,Acetylene Gauge,88.95,https://www.totaltools.com.au/229283-cigweld-bluejet-acetylene-side-inlet-regulator-210224
ACETYLEGUAGE-0006,ACETYLEGUAGE-0006,Acetylene Gauge,88.95,https://www.totaltools.com.au/229283-cigweld-bluejet-acetylene-side-inlet-regulator-210224
1292611,1292611,Oxy/Acetylene Welding Kit,534,https://www.totaltools.com.au/best-sellers/55767-cigweld-oxy-acet-trade-gas-cutting-and-welding-kit-bluejet
1303432,1303432,Welder Electric 140 A (240 V),779,https://www.totaltools.com.au/200070-unimig-razor-arc-160-pfc-welder-u13002k
1303454,1303454,Welder Electric 140 A (240 V),779,https://www.totaltools.com.au/200070-unimig-razor-arc-160-pfc-welder-u13002k
1303453,1303453,Welder Electric 140 A (240 V),779,https://www.totaltools.com.au/200070-unimig-razor-arc-160-pfc-welder-u13002k
1303449,1303449,Welder Electric 140 A (240 V),779,https://www.totaltools.com.au/200070-unimig-razor-arc-160-pfc-welder-u13002k
1303447,1303447,Welder Electric 140 A (240 V),779,https://www.totaltools.com.au/200070-unimig-razor-arc-160-pfc-welder-u13002k
1303445,1303445,Welder Electric 140 A (240 V),779,https://www.totaltools.com.au/200070-unimig-razor-arc-160-pfc-welder-u13002k
1303443,1303443,Welder Electric 140 A (240 V),779,https://www.totaltools.com.au/200070-unimig-razor-arc-160-pfc-welder-u13002k
1303441,1303441,Welder Electric 140 A (240 V),779,https://www.totaltools.com.au/200070-unimig-razor-arc-160-pfc-welder-u13002k
1303439,1303439,Welder Electric 140 A (240 V),779,https://www.totaltools.com.au/200070-unimig-razor-arc-160-pfc-welder-u13002k
1303438,1303438,Welder Electric 140 A (240 V),779,https://www.totaltools.com.au/200070-unimig-razor-arc-160-pfc-welder-u13002k
1303435,1303435,Welder Electric 140 A (240 V),779,https://www.totaltools.com.au/200070-unimig-razor-arc-160-pfc-welder-u13002k
1303433,1303433,Welder Electric 140 A (240 V),779,https://www.totaltools.com.au/200070-unimig-razor-arc-160-pfc-welder-u13002k
1293272,1293272,Welder Electric 140 A (240 V),779,https://www.totaltools.com.au/200070-unimig-razor-arc-160-pfc-welder-u13002k
1293273,1293273,Welder Electric 140 A (240 V),779,https://www.totaltools.com.au/200070-unimig-razor-arc-160-pfc-welder-u13002k
1293274,1293274,Welder Electric 140 A (240 V),779,https://www.totaltools.com.au/200070-unimig-razor-arc-160-pfc-welder-u13002k
1293275,1293275,Welder Electric 140 A (240 V),779,https://www.totaltools.com.au/200070-unimig-razor-arc-160-pfc-welder-u13002k
1285017,1285017,Plasma Cutter 10 mm Electric,2129,https://bilba.com.au/products/unimig-razorcut-40-air-plasma-cutter
1277115,1277115,"Plasma Cutter 40 mm cutting capacity, 415 V x 32 A plug",4464,https://www.totaltools.com.au/brands/unimig/unimig-razor/178773-unimig-razor-cut-120-plasma-cutter-u14002k
1277716,1277716,Welder - TIG - Electric - 220 A,1615,https://www.totaltools.com.au/200069-unimig-razor-tig-220-dc-welder-u12003k
1277715,1277715,Welder - TIG - Electric - 220 A,1615,https://www.totaltools.com.au/200069-unimig-razor-tig-220-dc-welder-u12003k
1277714,1277714,Welder - TIG - Electric - 220 A,1615,https://www.totaltools.com.au/200069-unimig-razor-tig-220-dc-welder-u12003k
1277713,1277713,Welder - TIG - Electric - 220 A,1615,https://www.totaltools.com.au/200069-unimig-razor-tig-220-dc-welder-u12003k
1277711,1277711,Welder - TIG - Electric - 220 A,1615,https://www.totaltools.com.au/200069-unimig-razor-tig-220-dc-welder-u12003k
1277710,1277710,Welder - TIG - Electric - 220 A,1615,https://www.totaltools.com.au/200069-unimig-razor-tig-220-dc-welder-u12003k
1277709,1277709,Welder - TIG - Electric - 220 A,1615,https://www.totaltools.com.au/200069-unimig-razor-tig-220-dc-welder-u12003k
1257941,1257941,Welder - TIG - Electric - 220 A,1615,https://www.totaltools.com.au/200069-unimig-razor-tig-220-dc-welder-u12003k
1257942,1257942,Welder - TIG - Electric - 220 A,1615,https://www.totaltools.com.au/200069-unimig-razor-tig-220-dc-welder-u12003k
1257927,1257927,Welder - TIG - Electric - 220 A,1615,https://www.totaltools.com.au/200069-unimig-razor-tig-220-dc-welder-u12003k
COA~5477739,1235657,Welder Diesel 500A,,
COA~61400,1096333,Welder - Motorised - Diesel - 500A Air Vantage,,
COA~5206371,1235626,Welder - Motorised - Diesel - 600A Air Vantage,,
COA~5464784,1235624,Welder - Motorised - Diesel - 600A Air Vantage,,
COA~5554204,1226045,Welder - Motorised - Diesel - 600A Air Vantage,,
COA~5206338,1226041,Welder - Motorised - Diesel - 600A Air Vantage,,
16816-1-0061,16816-1-0061,Milwaukee MXF XC406 Battery,898,https://www.primesupplies.com.au/product/mx-fuel-redlithium-xc406-battery/
16816-1-0060,16816-1-0060,Milwaukee MXF XC406 Battery,898,https://www.primesupplies.com.au/product/mx-fuel-redlithium-xc406-battery/
COATESEQUIPMENT110,16816-579919-0001,Orange Mallets 5 lb,65,Thor via Total Tools
COATESEQUIPMENT112,16816-579920-0002,Orange Mallets 8 lb,85,Estimated trade quality
COATESEQUIPMENT113,16816-579920-0003,Orange Mallets 8 lb,85,Estimated trade quality
COATESEQUIPMENT116,16816-579918-0003,Oxy/Acetylene Welding Kit,534,https://www.totaltools.com.au/best-sellers/55767-cigweld-oxy-acet-trade-gas-cutting-and-welding-kit-bluejet
UGL135/028,UNIT8601-571684-0006,"1/2"" Drive Socket Ratchet",73,https://www.primesupplies.com.au/product/ratchet-1-2-dr-250mm-reversible-sidchrome/
PLAMAHANDPIECE4,16816-6-0004,Plasma Handpiece,529,https://www.gasweld.com.au/dynaweld-bossweld-6mt-plasma-torch-lt10-94-00157-dyn
NRGSHUT085,16816-588965-0001,Bit Drill Set HSS Reduced 16–25 mm 1/2-SH 5 pc,150,Estimated trade quality
NRGSHUT086,16816-588965-0002,Bit Drill Set HSS Reduced 16–25 mm 1/2-SH 5 pc,150,Estimated trade quality
NRGSHUT049,16816-588998-0001,Dial Gauge,150,Accud imperial dial indicator via Total Tools (encoding-damaged description)
NRGSHUT050,16816-588999-0001,Dial Gauge,150,Accud imperial dial indicator via Total Tools (encoding-damaged description)
NRGSHUT048,16816-589000-0001,Dial Gauge,213.52,Mitutoyo via Mektronics
NRGSHUT127,16816-589001-0001,49 mm Flogging Spanner,154.88,Ultimate Tools via Sydney Tools
NRGSHUT128,16816-589001-0002,49 mm Flogging Spanner,154.88,Ultimate Tools via Sydney Tools
NRGSHUT045,16816-589002-0001,Base Magnetic Solid Arm 75 kg Power Mitutoyo,150,Mitutoyo via Total Tools
NRGSHUT084,16816-589003-0001,Bit Screwdriver and Drill Set Shockwave 86 pc,120,Estimated trade quality
NRGSHUT083,16816-589003-0002,Bit Screwdriver and Drill Set Shockwave 86 pc,120,Estimated trade quality
NRGSHUT135,16816-589005-0001,Cutter Annular HSS-TiN 16 × 25 mm 3/4-SH Multifit,65,Alpha via Total Tools
NRGSHUT136,16816-589006-0001,Cutter Annular HSS-TiN 17 × 25 mm 3/4-SH Multifit,68,Alpha via Total Tools
NRGSHUT137,16816-589007-0001,Cutter Annular HSS-TiN 18 × 25 mm 3/4-SH Multifit,72,Alpha via Total Tools
NRGSHUT138,16816-589008-0001,Cutter Annular HSS-TiN 19 × 25 mm 3/4-SH Multifit,75,Alpha via Total Tools
NRGSHUT139,16816-589009-0001,Cutter Annular HSS-TiN 20 × 25 mm 3/4-SH Multifit,78,Alpha via Total Tools
NRGSHUT140,16816-589010-0001,Cutter Annular HSS-TiN 21 × 25 mm 3/4-SH Multifit,82,Alpha via Total Tools
NRGSHUT142,16816-589011-0001,Cutter Annular HSS-TiN 23 × 25 mm 3/4-SH Multifit,88,Alpha via Total Tools
NRGSHUT143,16816-589012-0001,Cutter Annular HSS-TiN 24 × 25 mm 3/4-SH Multifit,92,Alpha via Total Tools
NRGSHUT144,16816-589013-0001,Cutter Annular HSS-TiN 25 × 25 mm 3/4-SH Multifit,95,Alpha via Total Tools
NRGSHUT145,16816-589014-0001,Cutter Annular HSS-TiN 26 × 25 mm 3/4-SH Multifit,98,Alpha via Total Tools
NRGSHUT141,16816-589015-0001,Cutter Annular HSS-TiN 22 × 25 mm 3/4-SH Multifit,45,Alpha via Total Tools
NRGSHUT047,16816-589016-0001,Dial Gauge,172.95,Grip via Tools Warehouse
NRGSHUT087,16816-589017-0001,Feeler Gauge - 20 Leaf - 300 mm - Accud,45,Accud via Total Tools
NRGSHUT088,16816-589018-0001,"Feeler Gauge 36 Blade Met/AF 0.051–0.889 mm,",35,Toledo via Total Tools
NRGSHUT106,16816-589020-0001,File Set 6 pc 150 mm Precision in Case Handle,45,Nicholson/Bahco via Total Tools
NRGSHUT105,16816-589020-0002,File Set 6 pc 150 mm Precision in Case Handle,45,Nicholson/Bahco via Total Tools
NRGSHUT104,16816-589021-0001,"Hammer Club 4 lb/1.8 kg Fibreglass, Rubber Grip",45,Cyclone via Bunnings
NRGSHUT067,16816-589022-0001,"Hammer Copper 2.75 lb/1.26 kg 38 mm, Wooden",95,Thor/Mumme via Total Tools
NRGSHUT068,16816-589022-0002,"Hammer Copper 2.75 lb/1.26 kg 38 mm, Wooden",95,Thor/Mumme via Total Tools
NRGSHUT070,16816-589023-0001,"Hammer Copper 4 lb/1.94 kg 44 mm, Wooden",135,Thor/Mumme via Total Tools
NRGSHUT069,16816-589023-0002,"Hammer Copper 4 lb/1.94 kg 44 mm, Wooden",135,Thor/Mumme via Total Tools
NRGSHUT082,16816-589024-0001,Holesaw Set BIM Metal/Wood 19–76 mm,180,Sutton via Bunnings
NRGSHUT077,16816-589024-0002,Holesaw Set BIM Metal/Wood 19–76 mm,180,Sutton via Bunnings
NRGSHUT080,16816-589024-0003,Holesaw Set BIM Metal/Wood 19–76 mm,180,Sutton via Bunnings
NRGSHUT079,16816-589024-0004,Holesaw Set BIM Metal/Wood 19–76 mm,180,Sutton via Bunnings
NRGSHUT078,16816-589024-0005,Holesaw Set BIM Metal/Wood 19–76 mm,180,Sutton via Bunnings
NRGSHUT081,16816-589024-0006,Holesaw Set BIM Metal/Wood 19–76 mm,180,Sutton via Bunnings
NRGSHUT090,16816-589025-0001,Hook & Pick Set 4 pc Miniature TTI,14.95,TTI via Total Tools
NRGSHUT091,16816-589025-0002,Hook & Pick Set 4 pc Miniature TTI,14.95,TTI via Total Tools
NRGSHUT046,16816-589027-0001,Dial Gauge,110,Mitutoyo via Total Tools
NRGSHUT103,16816-589028-0001,Pick Up Tool Magnetic Claw Flexible Toledo,35,Toledo via Total Tools
NRGSHUT117,16816-589029-0001,Pick Up Tool Magnetic Telescopic 100–760 mm 0.7 kg,15,Estimated trade quality
NRGSHUT116,16816-589029-0002,Pick Up Tool Magnetic Telescopic 100–760 mm 0.7 kg,15,Estimated trade quality
NRGSHUT114,16816-589030-0001,Pick Up Tool Magnetic Telescopic 100–760 mm 3.6 kg,25,Estimated trade quality
NRGSHUT113,16816-589030-0002,Pick Up Tool Magnetic Telescopic 100–760 mm 3.6 kg,25,Estimated trade quality
NRGSHUT119,16816-589031-0001,Pick Up Tool Magnetic Telescopic 125–635 mm,20,Estimated trade quality
NRGSHUT120,16816-589031-0003,Pick Up Tool Magnetic Telescopic 125–635 mm,20,Estimated trade quality
NRGSHUT109,16816-589032-0002,Pick Up Tool Magnetic Telescopic 150–670 mm,22,Estimated trade quality
NRGSHUT111,16816-589032-0003,Pick Up Tool Magnetic Telescopic 150–670 mm,22,Estimated trade quality
NRGSHUT107,16816-589033-0001,Saw Hack Heavy Duty Square Frame 300 mm Wolf,35,Estimated based on heavy duty hacksaws
NRGSHUT108,16816-589033-0002,Saw Hack Heavy Duty Square Frame 300 mm Wolf,35,Estimated based on heavy duty hacksaws
NRGSHUT089,16816-589034-0001,Scriber Double Ended 250 mm Straight & 90°,15,Toledo via Total Tools
NRGSHUT059,16816-589037-0002,"1/2"" Drive Impact Hex Socket - 17 mm × 78 mm",16.9,https://www.primesupplies.com.au/product/hex-impact-socket-17mm-x-78mm-1-2-dr/
NRGSHUT066,16816-589040-0001,6–21 mm Metric Ratcheting Ring Spanner Set - 5 Piece,130,Estimated trade quality
NRGSHUT065,16816-589040-0002,6–21 mm Metric Ratcheting Ring Spanner Set - 5 Piece,130,Estimated trade quality
NRGSHUT064,16816-589041-0001,"1/4–7/8"" SAE Ratcheting Ring Spanner Set - 5 Piece",120,Estimated based on 5pc ratchet ring spanner sets
NRGSHUT063,16816-589041-0002,"1/4–7/8"" SAE Ratcheting Ring Spanner Set - 5 Piece",120,Estimated based on 5pc ratchet ring spanner sets
NRGSHUT133,16816-589042-0001,"15/16"" Flogging Spanner",35,Estimated based on Daytona pricing
NRGSHUT134,16816-589042-0002,"15/16"" Flogging Spanner",35,Estimated based on Daytona pricing
NRGSHUT125,16816-589043-0001,40 mm Flogging Spanner,50,Daytona via Sydney Tools
NRGSHUT126,16816-589043-0002,40 mm Flogging Spanner,50,Daytona via Sydney Tools
NRGSHUT129,16816-589044-0001,58 mm Flat Flogging Spanner,110,Toledo via Total Tools
NRGSHUT130,16816-589044-0002,58 mm Flat Flogging Spanner,110,Toledo via Total Tools
NRGSHUT131,16816-589045-0001,"13/16"" Flat Flogging Spanner",45,Toledo via Total Tools
NRGSHUT132,16816-589045-0002,"13/16"" Flat Flogging Spanner",45,Toledo via Total Tools
NRGSHUT074,16816-589046-0001,Wedge - Fox - 100 × 25 × 8 mm - Mumme,15.95,Mumme via Sydney Tools
NRGSHUT073,16816-589046-0002,Wedge - Fox - 100 × 25 × 8 mm - Mumme,15.95,Mumme via Sydney Tools
NRGSHUT075,16816-589047-0001,Wedge - Fox - 75 × 38 × 13 mm - Mumme,14,Estimated based on Mumme pricing
NRGSHUT076,16816-589047-0002,Wedge - Fox - 75 × 38 × 13 mm - Mumme,14,Estimated based on Mumme pricing
NRGSHUT121,16816-589048-0001,Wrench Tap T-Type Ratcheting Suits M3-M6,45,Bordo via AIMS Industrial
NRGSHUT122,16816-589049-0001,Wrench Tap T-Type Ratcheting Suits M6-M12,55,Sutton via AIMS Industrial
NRGSHUT167,16816-589050-0001,Digital Vernier (USB Chargeable),150,Toledo/Mitutoyo via Total Tools
NRGSHUT166,16816-589050-0002,Digital Vernier (USB Chargeable),150,Toledo/Mitutoyo via Total Tools
NRGSHUT151,16816-589055-0001,"1/2"" × 9/16"" Ratchet Ring Spanner",45,Estimated trade quality
NRGSHUT150,16816-589055-0002,"1/2"" × 9/16"" Ratchet Ring Spanner",45,Estimated trade quality
NRGSHUT146,16816-589056-0001,"1/4"" × 5/16"" Ratchet Ring Spanner",35,Estimated trade quality
NRGSHUT147,16816-589056-0002,"1/4"" × 5/16"" Ratchet Ring Spanner",35,Estimated trade quality
NRGSHUT159,16816-589057-0001,10 mm × 12 mm Ratchet Ring Spanner,40,Estimated trade quality
NRGSHUT158,16816-589057-0002,10 mm × 12 mm Ratchet Ring Spanner,40,Estimated trade quality
NRGSHUT160,16816-589058-0001,11 mm × 13 mm Ratchet Ring Spanner,42,Estimated trade quality
NRGSHUT161,16816-589058-0002,11 mm × 13 mm Ratchet Ring Spanner,42,Estimated trade quality
NRGSHUT163,16816-589059-0001,14 mm × 17 mm Ratchet Ring Spanner,35,KC Tools via Total Tools
NRGSHUT162,16816-589059-0002,14 mm × 17 mm Ratchet Ring Spanner,35,KC Tools via Total Tools
NRGSHUT165,16816-589060-0001,19 mm × 21 mm Ratchet Ring Spanner,35.5,Legion Tools via Legion Warehouse
NRGSHUT164,16816-589060-0002,19 mm × 21 mm Ratchet Ring Spanner,35.5,Legion Tools via Legion Warehouse
NRGSHUT154,16816-589061-0001,"3/4"" × 7/8"" Ratchet Ring Spanner",50.49,Stahlwille via KC Tool (converted to AUD approx)
NRGSHUT155,16816-589061-0002,"3/4"" × 7/8"" Ratchet Ring Spanner",50.49,Stahlwille via KC Tool (converted to AUD approx)
NRGSHUT148,16816-589062-0001,"3/8"" × 7/16"" Ratchet Ring Spanner",32.49,Stahlwille via KC Tool (converted to AUD approx)
NRGSHUT149,16816-589062-0002,"3/8"" × 7/16"" Ratchet Ring Spanner",32.49,Stahlwille via KC Tool (converted to AUD approx)
NRGSHUT153,16816-589063-0001,"5/8"" × 11/16"" Ratchet Ring Spanner",40,Estimated based on Stahlwille pricing
NRGSHUT152,16816-589063-0002,"5/8"" × 11/16"" Ratchet Ring Spanner",40,Estimated based on Stahlwille pricing
NRGSHUT157,16816-589064-0001,6 mm × 8 mm Ratchet Ring Spanner,15,Estimated based on similar ratchet spanners
NRGSHUT156,16816-589064-0002,6 mm × 8 mm Ratchet Ring Spanner,15,Estimated based on similar ratchet spanners
NRGSHUT174,16816-589065-0001,Bosch 18 V 3 Ah Battery,99,RENTAL_STOCK_22_07_2026_CANONICAL.xlsx / REPLACEMENT_COSTS
NRGSHUT175,16816-589065-0002,Bosch 18 V 3 Ah Battery,99,RENTAL_STOCK_22_07_2026_CANONICAL.xlsx / REPLACEMENT_COSTS
NRGSHUT168,16816-589315-0001,Bosch 18 V 4 Ah Battery,129,RENTAL_STOCK_22_07_2026_CANONICAL.xlsx / REPLACEMENT_COSTS
NRGSHUT169,16816-589315-0002,Bosch 18 V 4 Ah Battery,129,RENTAL_STOCK_22_07_2026_CANONICAL.xlsx / REPLACEMENT_COSTS
NRGSHUT170,16816-589315-0003,Bosch 18 V 4 Ah Battery,129,RENTAL_STOCK_22_07_2026_CANONICAL.xlsx / REPLACEMENT_COSTS
NRGSHUT171,16816-589315-0004,Bosch 18 V 4 Ah Battery,129,RENTAL_STOCK_22_07_2026_CANONICAL.xlsx / REPLACEMENT_COSTS
NRGSHUT172,16816-589315-0005,Bosch 18 V 4 Ah Battery,129,RENTAL_STOCK_22_07_2026_CANONICAL.xlsx / REPLACEMENT_COSTS
NRGSHUT173,16816-589315-0006,Bosch 18 V 4 Ah Battery,129,RENTAL_STOCK_22_07_2026_CANONICAL.xlsx / REPLACEMENT_COSTS
NRGSHUT176,16816-589316-0001,"Bosch 1/2"" Drive Impact Wrench",1009,https://www.totaltools.com.au/178530-bosch-18v-brushless-2-x-8-0ah-1-2inch-impact-wrench-kit-0615990m65
NRGSHUT177,16816-589316-0002,"Bosch 1/2"" Drive Impact Wrench",1009,https://www.totaltools.com.au/178530-bosch-18v-brushless-2-x-8-0ah-1-2inch-impact-wrench-kit-0615990m65
NRGSHUT178,16816-589316-0003,"Bosch 1/2"" Drive Impact Wrench",1009,https://www.totaltools.com.au/178530-bosch-18v-brushless-2-x-8-0ah-1-2inch-impact-wrench-kit-0615990m65
COATESSHUT029,16816-589317-0001,"1/2"" Drive Impact Inhex Socket - 1/2""",15,TTI via Total Tools
COATESSHUT033,16816-589415-0001,"1/2"" Drive Impact Inhex Socket - 1/4""",15,TTI via Total Tools
COATESSHUT016,16816-589416-0001,"1/2"" Drive Impact Inhex Socket - 10 mm",19,Budgong Tools
COATESSHUT015,16816-589416-0002,"1/2"" Drive Impact Inhex Socket - 10 mm",19,Budgong Tools
COATESSHUT014,16816-589416-0003,"1/2"" Drive Impact Inhex Socket - 10 mm",19,Budgong Tools
COATESSHUT017,16816-589416-0004,"1/2"" Drive Impact Inhex Socket - 10 mm",19,Budgong Tools
COATESSHUT011,16816-589417-0001,"1/2"" Drive Impact Inhex Socket - 12 mm",20,Kincrome via Total Tools
COATESSHUT012,16816-589417-0002,"1/2"" Drive Impact Inhex Socket - 12 mm",20,Kincrome via Total Tools
COATESSHUT013,16816-589417-0003,"1/2"" Drive Impact Inhex Socket - 12 mm",20,Kincrome via Total Tools
COATESSHUT007,16816-589418-0001,"1/2"" Drive Impact Inhex Socket - 14 mm",12.95,TTI via Total Tools
COATESSHUT008,16816-589418-0002,"1/2"" Drive Impact Inhex Socket - 14 mm",12.95,TTI via Total Tools
COATESSHUT009,16816-589418-0003,"1/2"" Drive Impact Inhex Socket - 14 mm",12.95,TTI via Total Tools
COATESSHUT010,16816-589418-0004,"1/2"" Drive Impact Inhex Socket - 14 mm",12.95,TTI via Total Tools
COATESSHUT006,16816-589418-0005,"1/2"" Drive Impact Inhex Socket - 14 mm",12.95,TTI via Total Tools
COATESSHUT005,16816-589419-0001,"1/2"" Drive Impact Inhex Socket - 17 mm",25,Kincrome via Total Tools
COATESSHUT004,16816-589419-0002,"1/2"" Drive Impact Inhex Socket - 17 mm",25,Kincrome via Total Tools
COATESSHUT003,16816-589419-0003,"1/2"" Drive Impact Inhex Socket - 17 mm",25,Kincrome via Total Tools
COATESSHUT002,16816-589420-0001,"1/2"" Drive Impact Inhex Socket - 19 mm",25,Sidchrome via Sydney Tools
COATESSHUT001,16816-589420-0002,"1/2"" Drive Impact Inhex Socket - 19 mm",25,Sidchrome via Sydney Tools
COATESSHUT027,16816-589421-0001,"1/2"" Drive Impact Inhex Socket - 3/4""",25,Kincrome via Total Tools
COATESSHUT032,16816-589422-0001,"1/2"" Drive Impact Inhex Socket - 3/8""",18,Kincrome via Total Tools
COATESSHUT028,16816-589423-0001,"1/2"" Drive Impact Inhex Socket - 5/8""",22,Kincrome via Total Tools
COATESSHUT024,16816-589424-0001,"1/2"" Drive Impact Inhex Socket - 6 mm",15,Kincrome via Total Tools
COATESSHUT025,16816-589424-0002,"1/2"" Drive Impact Inhex Socket - 6 mm",15,Kincrome via Total Tools
COATESSHUT026,16816-589424-0003,"1/2"" Drive Impact Inhex Socket - 6 mm",15,Kincrome via Total Tools
COATESSHUT031,16816-589425-0001,"1/2"" Drive Impact Inhex Socket - 7/16""",18,Kincrome via Total Tools
COATESSHUT021,16816-589426-0001,"1/2"" Drive Impact Inhex Socket - 7 mm",12,Kincrome via Total Tools
COATESSHUT022,16816-589426-0002,"1/2"" Drive Impact Inhex Socket - 7 mm",12,Kincrome via Total Tools
COATESSHUT023,16816-589426-0003,"1/2"" Drive Impact Inhex Socket - 7 mm",12,Kincrome via Total Tools
COATESSHUT018,16816-589427-0001,"1/2"" Drive Impact Inhex Socket - 8 mm",16.6,Estimated based on TTI/Sidchrome pricing
COATESSHUT019,16816-589427-0002,"1/2"" Drive Impact Inhex Socket - 8 mm",16.6,Estimated based on TTI/Sidchrome pricing
COATESSHUT020,16816-589427-0003,"1/2"" Drive Impact Inhex Socket - 8 mm",16.6,Estimated based on TTI/Sidchrome pricing
COATESSHUT030,16816-589428-0001,"1/2"" Drive Impact Inhex Socket - 9/16""",20,Kincrome via Total Tools
COATESSHUT067,16816-589429-0001,Crowfoot - 27 mm - 1/2 in Drive,20,T&E Tools via Sydney Tools
COATESSHUT068,16816-589471-0001,Crowfoot - 29 mm - 1/2 in Drive,22,T&E Tools via Sydney Tools
COATESSHUT069,16816-589472-0001,Crowfoot - 30 mm - 1/2 in Drive,23,T&E Tools via Sydney Tools
COATESSHUT070,16816-589473-0001,Crowfoot - 32 mm - 1/2 in Drive,25,T&E Tools via Sydney Tools
COATESSHUT071,16816-589474-0001,Crowfoot - 33 mm - 1/2 in Drive,24.5,Toledo via Total Tools
COATESSHUT062,16816-589475-0001,Crowfoot - 34 mm - 1/2 in Drive,26,Toledo via Total Tools
COATESSHUT063,16816-589476-0001,Crowfoot - 35 mm - 1/2 in Drive,27.5,Toledo via Total Tools
COATESSHUT064,16816-589477-0001,Crowfoot - 36 mm - 1/2 in Drive,29,Toledo via Total Tools
COATESSHUT065,16816-589478-0001,Crowfoot - 38 mm - 1/2 in Drive,32,Toledo via Total Tools
COATESSHUT066,16816-589479-0001,Crowfoot - 41 mm - 1/2 in Drive,36.5,Toledo via Total Tools
COATESSHUT058,16816-589480-0001,Crowfoot - 43 mm - 1/2 in Drive,39.5,Toledo via Total Tools
COATESSHUT059,16816-589481-0001,Crowfoot - 46 mm - 1/2 in Drive,44,Toledo via Total Tools
COATESSHUT060,16816-589482-0001,Crowfoot - 48 mm - 1/2 in Drive,47,Toledo via Total Tools
COATESSHUT061,16816-589483-0001,Crowfoot - 50 mm - 1/2 in Drive,50,Toledo via Total Tools
COATESSHUT146,16816-589487-0001,Holesaw Adaptor - Bi-Metal Cobalt,34.14,Sutton Tools via Bunnings
COATESSHUT160,16816-589487-0002,Holesaw Adaptor - Bi-Metal Cobalt,34.14,Sutton Tools via Bunnings
COATESSHUT159,16816-589487-0003,Holesaw Adaptor - Bi-Metal Cobalt,34.14,Sutton Tools via Bunnings
COATESSHUT158,16816-589487-0004,Holesaw Adaptor - Bi-Metal Cobalt,34.14,Sutton Tools via Bunnings
COATESSHUT157,16816-589487-0005,Holesaw Adaptor - Bi-Metal Cobalt,34.14,Sutton Tools via Bunnings
COATESSHUT156,16816-589487-0006,Holesaw Adaptor - Bi-Metal Cobalt,34.14,Sutton Tools via Bunnings
COATESSHUT155,16816-589487-0007,Holesaw Adaptor - Bi-Metal Cobalt,34.14,Sutton Tools via Bunnings
COATESSHUT148,16816-589487-0008,Holesaw Adaptor - Bi-Metal Cobalt,34.14,Sutton Tools via Bunnings
COATESSHUT154,16816-589487-0009,Holesaw Adaptor - Bi-Metal Cobalt,34.14,Sutton Tools via Bunnings
COATESSHUT152,16816-589487-0010,Holesaw Adaptor - Bi-Metal Cobalt,34.14,Sutton Tools via Bunnings
COATESSHUT151,16816-589487-0011,Holesaw Adaptor - Bi-Metal Cobalt,34.14,Sutton Tools via Bunnings
COATESSHUT150,16816-589487-0012,Holesaw Adaptor - Bi-Metal Cobalt,34.14,Sutton Tools via Bunnings
COATESSHUT149,16816-589487-0013,Holesaw Adaptor - Bi-Metal Cobalt,34.14,Sutton Tools via Bunnings
COATESSHUT161,16816-589487-0014,Holesaw Adaptor - Bi-Metal Cobalt,34.14,Sutton Tools via Bunnings
COATESSHUT145,16816-589487-0015,Holesaw Adaptor - Bi-Metal Cobalt,34.14,Sutton Tools via Bunnings
COATESSHUT153,16816-589487-0016,Holesaw Adaptor - Bi-Metal Cobalt,34.14,Sutton Tools via Bunnings
COATESSHUT147,16816-589487-0017,Holesaw Adaptor - Bi-Metal Cobalt,34.14,Sutton Tools via Bunnings
COATESSHUT162,16816-589487-0018,Holesaw Adaptor - Bi-Metal Cobalt,34.14,Sutton Tools via Bunnings
COATESSHUT073,16816-589488-0001,Holesaw - Bi-Metal Cobalt - 19 mm,18,Sutton via Bunnings
COATESSHUT074,16816-589488-0002,Holesaw - Bi-Metal Cobalt - 19 mm,18,Sutton via Bunnings
COATESSHUT075,16816-589488-0003,Holesaw - Bi-Metal Cobalt - 19 mm,18,Sutton via Bunnings
COATESSHUT076,16816-589488-0004,Holesaw - Bi-Metal Cobalt - 19 mm,18,Sutton via Bunnings
COATESSHUT077,16816-589488-0005,Holesaw - Bi-Metal Cobalt - 19 mm,18,Sutton via Bunnings
COATESSHUT078,16816-589488-0006,Holesaw - Bi-Metal Cobalt - 19 mm,18,Sutton via Bunnings
COATESSHUT083,16816-589489-0001,Holesaw - Bi-Metal Cobalt - 22 mm,20,Sutton via Bunnings
COATESSHUT084,16816-589489-0002,Holesaw - Bi-Metal Cobalt - 22 mm,20,Sutton via Bunnings
COATESSHUT082,16816-589489-0003,Holesaw - Bi-Metal Cobalt - 22 mm,20,Sutton via Bunnings
COATESSHUT081,16816-589489-0004,Holesaw - Bi-Metal Cobalt - 22 mm,20,Sutton via Bunnings
COATESSHUT080,16816-589489-0005,Holesaw - Bi-Metal Cobalt - 22 mm,20,Sutton via Bunnings
COATESSHUT079,16816-589489-0006,Holesaw - Bi-Metal Cobalt - 22 mm,20,Sutton via Bunnings
COATESSHUT085,16816-589490-0001,Holesaw - Bi-Metal Cobalt - 25 mm,22,Sutton via Bunnings
COATESSHUT086,16816-589490-0002,Holesaw - Bi-Metal Cobalt - 25 mm,22,Sutton via Bunnings
COATESSHUT087,16816-589490-0003,Holesaw - Bi-Metal Cobalt - 25 mm,22,Sutton via Bunnings
COATESSHUT088,16816-589490-0004,Holesaw - Bi-Metal Cobalt - 25 mm,22,Sutton via Bunnings
COATESSHUT089,16816-589490-0005,Holesaw - Bi-Metal Cobalt - 25 mm,22,Sutton via Bunnings
COATESSHUT090,16816-589490-0006,Holesaw - Bi-Metal Cobalt - 25 mm,22,Sutton via Bunnings
COATESSHUT094,16816-589491-0001,Holesaw - Bi-Metal Cobalt - 32 mm,25,Kincrome/Sutton/Irwin via Total Tools (Estimated)
COATESSHUT093,16816-589491-0002,Holesaw - Bi-Metal Cobalt - 32 mm,25,Kincrome/Sutton/Irwin via Total Tools (Estimated)
COATESSHUT095,16816-589491-0003,Holesaw - Bi-Metal Cobalt - 32 mm,25,Kincrome/Sutton/Irwin via Total Tools (Estimated)
COATESSHUT092,16816-589491-0004,Holesaw - Bi-Metal Cobalt - 32 mm,25,Kincrome/Sutton/Irwin via Total Tools (Estimated)
COATESSHUT096,16816-589491-0005,Holesaw - Bi-Metal Cobalt - 32 mm,25,Kincrome/Sutton/Irwin via Total Tools (Estimated)
COATESSHUT091,16816-589491-0006,Holesaw - Bi-Metal Cobalt - 32 mm,25,Kincrome/Sutton/Irwin via Total Tools (Estimated)
COATESSHUT100,16816-589492-0001,Holesaw - Bi-Metal Cobalt - 35 mm,25,Kincrome/Sutton/Irwin via Total Tools (Estimated)
COATESSHUT101,16816-589492-0002,Holesaw - Bi-Metal Cobalt - 35 mm,25,Kincrome/Sutton/Irwin via Total Tools (Estimated)
COATESSHUT102,16816-589492-0003,Holesaw - Bi-Metal Cobalt - 35 mm,25,Kincrome/Sutton/Irwin via Total Tools (Estimated)
COATESSHUT099,16816-589492-0004,Holesaw - Bi-Metal Cobalt - 35 mm,25,Kincrome/Sutton/Irwin via Total Tools (Estimated)
COATESSHUT098,16816-589492-0005,Holesaw - Bi-Metal Cobalt - 35 mm,25,Kincrome/Sutton/Irwin via Total Tools (Estimated)
COATESSHUT097,16816-589492-0006,Holesaw - Bi-Metal Cobalt - 35 mm,25,Kincrome/Sutton/Irwin via Total Tools (Estimated)
COATESSHUT108,16816-589493-0001,Holesaw - Bi-Metal Cobalt - 38 mm,25,Kincrome/Sutton/Irwin via Total Tools (Estimated)
COATESSHUT106,16816-589493-0002,Holesaw - Bi-Metal Cobalt - 38 mm,25,Kincrome/Sutton/Irwin via Total Tools (Estimated)
COATESSHUT105,16816-589493-0003,Holesaw - Bi-Metal Cobalt - 38 mm,25,Kincrome/Sutton/Irwin via Total Tools (Estimated)
COATESSHUT104,16816-589493-0004,Holesaw - Bi-Metal Cobalt - 38 mm,25,Kincrome/Sutton/Irwin via Total Tools (Estimated)
COATESSHUT107,16816-589493-0005,Holesaw - Bi-Metal Cobalt - 38 mm,25,Kincrome/Sutton/Irwin via Total Tools (Estimated)
COATESSHUT103,16816-589493-0006,Holesaw - Bi-Metal Cobalt - 38 mm,25,Kincrome/Sutton/Irwin via Total Tools (Estimated)
COATESSHUT114,16816-589494-0001,Holesaw - Bi-Metal Cobalt - 44 mm,28,Kincrome/Sutton/Irwin via Total Tools (Estimated)
COATESSHUT109,16816-589494-0002,Holesaw - Bi-Metal Cobalt - 44 mm,28,Kincrome/Sutton/Irwin via Total Tools (Estimated)
COATESSHUT110,16816-589494-0003,Holesaw - Bi-Metal Cobalt - 44 mm,28,Kincrome/Sutton/Irwin via Total Tools (Estimated)
COATESSHUT111,16816-589494-0004,Holesaw - Bi-Metal Cobalt - 44 mm,28,Kincrome/Sutton/Irwin via Total Tools (Estimated)
COATESSHUT112,16816-589494-0005,Holesaw - Bi-Metal Cobalt - 44 mm,28,Kincrome/Sutton/Irwin via Total Tools (Estimated)
COATESSHUT113,16816-589494-0006,Holesaw - Bi-Metal Cobalt - 44 mm,28,Kincrome/Sutton/Irwin via Total Tools (Estimated)
COATESSHUT120,16816-589495-0001,Holesaw - Bi-Metal Cobalt - 51 mm,32,Kincrome/Sutton/Irwin via Total Tools (Estimated)
COATESSHUT119,16816-589495-0002,Holesaw - Bi-Metal Cobalt - 51 mm,32,Kincrome/Sutton/Irwin via Total Tools (Estimated)
COATESSHUT118,16816-589495-0003,Holesaw - Bi-Metal Cobalt - 51 mm,32,Kincrome/Sutton/Irwin via Total Tools (Estimated)
COATESSHUT117,16816-589495-0004,Holesaw - Bi-Metal Cobalt - 51 mm,32,Kincrome/Sutton/Irwin via Total Tools (Estimated)
COATESSHUT116,16816-589495-0005,Holesaw - Bi-Metal Cobalt - 51 mm,32,Kincrome/Sutton/Irwin via Total Tools (Estimated)
COATESSHUT115,16816-589495-0006,Holesaw - Bi-Metal Cobalt - 51 mm,32,Kincrome/Sutton/Irwin via Total Tools (Estimated)
COATESSHUT121,16816-589496-0001,Holesaw - Bi-Metal Cobalt - 54 mm,32,Kincrome/Sutton/Irwin via Total Tools (Estimated)
COATESSHUT122,16816-589496-0002,Holesaw - Bi-Metal Cobalt - 54 mm,32,Kincrome/Sutton/Irwin via Total Tools (Estimated)
COATESSHUT123,16816-589496-0003,Holesaw - Bi-Metal Cobalt - 54 mm,32,Kincrome/Sutton/Irwin via Total Tools (Estimated)
COATESSHUT124,16816-589496-0004,Holesaw - Bi-Metal Cobalt - 54 mm,32,Kincrome/Sutton/Irwin via Total Tools (Estimated)
COATESSHUT125,16816-589496-0005,Holesaw - Bi-Metal Cobalt - 54 mm,32,Kincrome/Sutton/Irwin via Total Tools (Estimated)
COATESSHUT126,16816-589496-0006,Holesaw - Bi-Metal Cobalt - 54 mm,32,Kincrome/Sutton/Irwin via Total Tools (Estimated)
COATESSHUT132,16816-589497-0001,Holesaw - Bi-Metal Cobalt - 63 mm,38,Kincrome/Sutton/Irwin via Total Tools (Estimated)
COATESSHUT131,16816-589497-0002,Holesaw - Bi-Metal Cobalt - 63 mm,38,Kincrome/Sutton/Irwin via Total Tools (Estimated)
COATESSHUT130,16816-589497-0003,Holesaw - Bi-Metal Cobalt - 63 mm,38,Kincrome/Sutton/Irwin via Total Tools (Estimated)
COATESSHUT129,16816-589497-0004,Holesaw - Bi-Metal Cobalt - 63 mm,38,Kincrome/Sutton/Irwin via Total Tools (Estimated)
COATESSHUT128,16816-589497-0005,Holesaw - Bi-Metal Cobalt - 63 mm,38,Kincrome/Sutton/Irwin via Total Tools (Estimated)
COATESSHUT127,16816-589497-0006,Holesaw - Bi-Metal Cobalt - 63 mm,38,Kincrome/Sutton/Irwin via Total Tools (Estimated)
COATESSHUT133,16816-589498-0001,Holesaw - Bi-Metal Cobalt - 76 mm,45,Kincrome/Sutton/Irwin via Total Tools (Estimated)
COATESSHUT134,16816-589498-0002,Holesaw - Bi-Metal Cobalt - 76 mm,45,Kincrome/Sutton/Irwin via Total Tools (Estimated)
COATESSHUT135,16816-589498-0003,Holesaw - Bi-Metal Cobalt - 76 mm,45,Kincrome/Sutton/Irwin via Total Tools (Estimated)
COATESSHUT136,16816-589498-0004,Holesaw - Bi-Metal Cobalt - 76 mm,45,Kincrome/Sutton/Irwin via Total Tools (Estimated)
COATESSHUT137,16816-589498-0005,Holesaw - Bi-Metal Cobalt - 76 mm,45,Kincrome/Sutton/Irwin via Total Tools (Estimated)
COATESSHUT138,16816-589498-0006,Holesaw - Bi-Metal Cobalt - 76 mm,45,Kincrome/Sutton/Irwin via Total Tools (Estimated)
COATESSHUT142,16816-589499-0001,Holesaw Arbor - Bi-Metal Cobalt - Quick-Fit,35,Sutton via Bunnings
COATESSHUT143,16816-589499-0002,Holesaw Arbor - Bi-Metal Cobalt - Quick-Fit,35,Sutton via Bunnings
COATESSHUT144,16816-589499-0003,Holesaw Arbor - Bi-Metal Cobalt - Quick-Fit,35,Sutton via Bunnings
COATESSHUT141,16816-589499-0004,Holesaw Arbor - Bi-Metal Cobalt - Quick-Fit,35,Sutton via Bunnings
COATESSHUT139,16816-589499-0005,Holesaw Arbor - Bi-Metal Cobalt - Quick-Fit,35,Sutton via Bunnings
COATESSHUT140,16816-589499-0006,Holesaw Arbor - Bi-Metal Cobalt - Quick-Fit,35,Sutton via Bunnings
COATESSHUT047,16816-589500-0001,Flat File - #2 = Second Cut (medium),15,Estimated based on typical trade quality
COATESSHUT046,16816-589500-0002,Flat File - #2 = Second Cut (medium),15,Estimated based on typical trade quality
COATESSHUT045,16816-589500-0003,Flat File - #2 = Second Cut (medium),15,Estimated based on typical trade quality
COATESSHUT044,16816-589500-0004,Flat File - #2 = Second Cut (medium),15,Estimated based on typical trade quality
COATESSHUT053,16816-589501-0001,Half Round File - #1 = Bastard Cut (coarse),22,Nicholson via Total Tools
COATESSHUT052,16816-589501-0002,Half Round File - #1 = Bastard Cut (coarse),22,Nicholson via Total Tools
COATESSHUT051,16816-589501-0003,Half Round File - #1 = Bastard Cut (coarse),22,Nicholson via Total Tools
COATESSHUT050,16816-589501-0004,Half Round File - #1 = Bastard Cut (coarse),22,Nicholson via Total Tools
COATESSHUT049,16816-589501-0005,Half Round File - #1 = Bastard Cut (coarse),22,Nicholson via Total Tools
COATESSHUT048,16816-589501-0006,Half Round File - #1 = Bastard Cut (coarse),22,Nicholson via Total Tools
COATESSHUT072,16816-589502-0001,Milwaukee 460 mm Battery Fan,383.9,RENTAL_STOCK_22_07_2026_CANONICAL.xlsx / REPLACEMENT_COSTS
COATESSHUT055,16816-589503-0001,Round File - #1 = Bastard Cut (coarse),18,Estimated based on bastard cut files
COATESSHUT054,16816-589503-0002,Round File - #1 = Bastard Cut (coarse),18,Estimated based on bastard cut files
COATESSHUT057,16816-589504-0001,Square File - #1 = Bastard Cut (coarse),25,Estimated trade quality
COATESSHUT056,16816-589504-0002,Square File - #1 = Bastard Cut (coarse),25,Estimated trade quality
COATESSHUT042,16816-589505-0001,Wood Chisel 12 mm,22,Stanley via Bunnings
COATESSHUT043,16816-589505-0002,Wood Chisel 12 mm,22,Stanley via Bunnings
COATESSHUT041,16816-589506-0001,Wood Chisel 18 mm,25,Stanley via Bunnings
COATESSHUT040,16816-589506-0002,Wood Chisel 18 mm,25,Stanley via Bunnings
COATESSHUT039,16816-589507-0001,Wood Chisel 25 mm,25,Stanley/Bahco via Bunnings
COATESSHUT038,16816-589507-0002,Wood Chisel 25 mm,25,Stanley/Bahco via Bunnings
COATESAMP010,19659-589652-0003,Safety Step,109.99,https://www.rsea.com.au/workplace-safety/material-handling/safety-step-safety-step-250kg-orange-ssr002
COATESAMP005,19659-589652-0002,Safety Step,109.99,https://www.rsea.com.au/workplace-safety/material-handling/safety-step-safety-step-250kg-orange-ssr002
COATES - 1217092,19659-589670-0001,Heavy-Duty Wheelbarrow,369,https://www.gasweld.com.au/wheelbarrow-heavy-trade-steel-tray-100-lite-4-8-flat-free-wheel
COATESAMP015,CALT8312-589784-0004,Water-Filled Extension Lead Stand,146.66,https://www.atom.com.au/safehook-plastic-fibreglass-non-conductive-lead-stand-yellow
COATESSHUT185,16816-589508-0001,"3/4"" Drive Impact Inhex Socket - 1/2""",35,Kincrome via Total Tools
COATESSHUT169,16816-589833-0001,"1/2"" Drive Impact Inhex Socket - 10 mm",16.95,TTI via Total Tools
COATESSHUT170,16816-589833-0002,"1/2"" Drive Impact Inhex Socket - 10 mm",16.95,TTI via Total Tools
COATESSHUT179,16816-589834-0001,"1/2"" Drive Impact Inhex Socket - 12 mm",15,Kincrome via Total Tools
COATESSHUT171,16816-589834-0002,"1/2"" Drive Impact Inhex Socket - 12 mm",15,Kincrome via Total Tools
COATESSHUT172,16816-589834-0003,"1/2"" Drive Impact Inhex Socket - 12 mm",15,Kincrome via Total Tools
COATESSHUT173,16816-589835-0001,"1/2"" Drive Impact Inhex Socket - 14 mm",21.4,Estimated based on TTI/Sidchrome pricing
COATESSHUT174,16816-589835-0002,"1/2"" Drive Impact Inhex Socket - 14 mm",21.4,Estimated based on TTI/Sidchrome pricing
COATESSHUT180,16816-589836-0001,"3/4"" Drive Impact Inhex Socket - 14 mm",32,Kincrome via Total Tools
COATESSHUT175,16816-589837-0001,"1/2"" Drive Impact Inhex Socket - 15 mm",22.2,Estimated based on TTI/Sidchrome pricing
COATESSHUT176,16816-589838-0001,"1/2"" Drive Impact Inhex Socket - 17 mm",23.8,Estimated based on TTI/Sidchrome pricing
COATESSHUT177,16816-589838-0002,"1/2"" Drive Impact Inhex Socket - 17 mm",23.8,Estimated based on TTI/Sidchrome pricing
COATESSHUT181,16816-589839-0001,"3/4"" Drive Impact Inhex Socket - 17 mm",35,Kincrome via Total Tools
COATESSHUT178,16816-589840-0001,"1/2"" Drive Impact Inhex Socket - 19 mm",25,Sidchrome via Sydney Tools
COATESSHUT182,16816-589841-0001,"3/4"" Drive Impact Inhex Socket - 19 mm",38,Kincrome via Total Tools
COATESSHUT190,16816-589842-0001,"3/4"" Drive Impact Inhex Socket - 1""",45,Kincrome via Total Tools
COATESSHUT183,16816-589843-0001,"3/4"" Drive Impact Inhex Socket - 22 mm",42,Kincrome via Total Tools
COATESSHUT184,16816-589844-0001,"3/4"" Drive Impact Inhex Socket - 24 mm",45,Kincrome via Total Tools
COATESSHUT188,16816-589845-0001,"3/4"" Drive Impact Inhex Socket - 3/4""",38,Kincrome via Total Tools
COATESSHUT187,16816-589846-0001,"3/4"" Drive Impact Inhex Socket - 5/8""",36,Kincrome via Total Tools
COATESSHUT164,16816-589847-0001,"1/2"" Drive Impact Inhex Socket - 6 mm",15,Estimated based on TTI/Sidchrome pricing
COATESSHUT163,16816-589847-0002,"1/2"" Drive Impact Inhex Socket - 6 mm",15,Estimated based on TTI/Sidchrome pricing
COATESSHUT189,16816-589848-0001,"3/4"" Drive Impact Inhex Socket - 7/8""",40,Kincrome via Total Tools
COATESSHUT166,16816-589849-0001,"1/2"" Drive Impact Inhex Socket - 7 mm",15.8,Estimated based on TTI/Sidchrome pricing
COATESSHUT165,16816-589849-0002,"1/2"" Drive Impact Inhex Socket - 7 mm",15.8,Estimated based on TTI/Sidchrome pricing
COATESSHUT168,16816-589850-0001,"1/2"" Drive Impact Inhex Socket - 8 mm",16.6,Estimated based on TTI/Sidchrome pricing
COATESSHUT167,16816-589850-0002,"1/2"" Drive Impact Inhex Socket - 8 mm",16.6,Estimated based on TTI/Sidchrome pricing
COATESSHUT186,16816-589851-0001,"3/4"" Drive Impact Inhex Socket - 9/16""",25,TTI via Total Tools
COATESSHUT191,16816-589852-0001,"3/4"" Drive Impact Inhex Socket - 12 mm",30,Kincrome via Total Tools
COATESSHUT193,16816-589858-0001,"1/2"" Drive Impact Inhex Socket - 15 mm",22.2,Estimated based on TTI/Sidchrome pricing
COATESSHUT194,16816-589859-0001,"1/2"" Drive Impact Inhex Socket - 18 mm",24.6,Estimated based on TTI/Sidchrome pricing
COATESSHUT195,16816-589859-0002,"1/2"" Drive Impact Inhex Socket - 18 mm",24.6,Estimated based on TTI/Sidchrome pricing
COATESSHUT192,16816-589860-0001,"1/2"" Drive Impact Inhex Socket - 19 mm",25,Sidchrome via Sydney Tools
GM206136,16816-589987-0001,Multi-Gas Detector - Honeywell BW Flex - Serial GM206136,1815,K2 Daily Report / Client Justification Pack
GM206394,16816-589987-0002,Multi-Gas Detector - Honeywell BW Flex - Serial GM206394,1815,K2 Daily Report / Client Justification Pack
GM206393,16816-589987-0003,Multi-Gas Detector - Honeywell BW Flex - Serial GM206393,1815,K2 Daily Report / Client Justification Pack
GM206391,16816-589987-0004,Multi-Gas Detector - Honeywell BW Flex - Serial GM206391,1815,K2 Daily Report / Client Justification Pack
GM206389,16816-589987-0005,Multi-Gas Detector - Honeywell BW Flex - Serial GM206389,1815,K2 Daily Report / Client Justification Pack
GM206388,16816-589987-0006,Multi-Gas Detector - Honeywell BW Flex - Serial GM206388,1815,K2 Daily Report / Client Justification Pack
GM206387,16816-589987-0007,Multi-Gas Detector - Honeywell BW Flex - Serial GM206387,1815,K2 Daily Report / Client Justification Pack
GM206384,16816-589987-0008,Multi-Gas Detector - Honeywell BW Flex - Serial GM206384,1815,K2 Daily Report / Client Justification Pack
GM206383,16816-589987-0009,Multi-Gas Detector - Honeywell BW Flex - Serial GM206383,1815,K2 Daily Report / Client Justification Pack
GM206382,16816-589987-0010,Multi-Gas Detector - Honeywell BW Flex - Serial GM206382,1815,K2 Daily Report / Client Justification Pack
GM206381,16816-589987-0011,Multi-Gas Detector - Honeywell BW Flex - Serial GM206381,1815,K2 Daily Report / Client Justification Pack
GM206181,16816-589987-0012,Multi-Gas Detector - Honeywell BW Flex - Serial GM206181,1815,K2 Daily Report / Client Justification Pack
GM206180,16816-589987-0013,Multi-Gas Detector - Honeywell BW Flex - Serial GM206180,1815,K2 Daily Report / Client Justification Pack
GM206179,16816-589987-0014,Multi-Gas Detector - Honeywell BW Flex - Serial GM206179,1815,K2 Daily Report / Client Justification Pack
GM206171,16816-589987-0015,Multi-Gas Detector - Honeywell BW Flex - Serial GM206171,1815,K2 Daily Report / Client Justification Pack
GM206170,16816-589987-0016,Multi-Gas Detector - Honeywell BW Flex - Serial GM206170,1815,K2 Daily Report / Client Justification Pack
GM206169,16816-589987-0017,Multi-Gas Detector - Honeywell BW Flex - Serial GM206169,1815,K2 Daily Report / Client Justification Pack
GM206168,16816-589987-0018,Multi-Gas Detector - Honeywell BW Flex - Serial GM206168,1815,K2 Daily Report / Client Justification Pack
GM206167,16816-589987-0019,Multi-Gas Detector - Honeywell BW Flex - Serial GM206167,1815,K2 Daily Report / Client Justification Pack
GM206166,16816-589987-0020,Multi-Gas Detector - Honeywell BW Flex - Serial GM206166,1815,K2 Daily Report / Client Justification Pack
GM206145,16816-589987-0021,Multi-Gas Detector - Honeywell BW Flex - Serial GM206145,1815,K2 Daily Report / Client Justification Pack
GM206144,16816-589987-0022,Multi-Gas Detector - Honeywell BW Flex - Serial GM206144,1815,K2 Daily Report / Client Justification Pack
GM206143,16816-589987-0023,Multi-Gas Detector - Honeywell BW Flex - Serial GM206143,1815,K2 Daily Report / Client Justification Pack
GM206141,16816-589987-0024,Multi-Gas Detector - Honeywell BW Flex - Serial GM206141,1815,K2 Daily Report / Client Justification Pack
GM206140,16816-589987-0025,Multi-Gas Detector - Honeywell BW Flex - Serial GM206140,1815,K2 Daily Report / Client Justification Pack
GM206139,16816-589987-0026,Multi-Gas Detector - Honeywell BW Flex - Serial GM206139,1815,K2 Daily Report / Client Justification Pack
GM206138,16816-589987-0027,Multi-Gas Detector - Honeywell BW Flex - Serial GM206138,1815,K2 Daily Report / Client Justification Pack
GM206137,16816-589987-0028,Multi-Gas Detector - Honeywell BW Flex - Serial GM206137,1815,K2 Daily Report / Client Justification Pack
GM206395,16816-589987-0029,Multi-Gas Detector - Honeywell BW Flex - Serial GM206395,1815,K2 Daily Report / Client Justification Pack
GM206396,16816-589987-0030,Multi-Gas Detector - Honeywell BW Flex - Serial GM206396,1815,K2 Daily Report / Client Justification Pack
CEM26RADIO043,16816-590069-0001,Motorola DP4801e Two-Way Radio - Serial 871TNK7668,600.28,K2 Daily Report / Client Justification Pack
CEM26RADIO023,16816-590463-0001,Motorola DP4801e Two-Way Radio - Serial 871TNK7676,600.28,K2 Daily Report / Client Justification Pack
CEM26RADIO062,16816-590464-0001,Motorola DP4801e Two-Way Radio - Serial 871TNK7872,600.28,K2 Daily Report / Client Justification Pack
CEM26RADIO041,16816-590465-0001,Motorola DP4801e Two-Way Radio - Serial 871TNP0350,600.28,K2 Daily Report / Client Justification Pack
CEM26RADIO034,16816-590466-0001,Motorola DP4801e Two-Way Radio - Serial 871TNP5864,600.28,K2 Daily Report / Client Justification Pack
CEM26RADIO044,16816-590467-0001,Motorola DP4801e Two-Way Radio - Serial 871TNP5886,600.28,K2 Daily Report / Client Justification Pack
CEM26RADIO018,16816-590468-0001,Motorola DP4801e Two-Way Radio - Serial 871TNP5893,600.28,K2 Daily Report / Client Justification Pack
CEM26RADIO017,16816-590469-0001,Motorola DP4801e Two-Way Radio - Serial 871TNV2639,600.28,K2 Daily Report / Client Justification Pack
CEM26RADIO032,16816-590470-0001,Motorola DP4801e Two-Way Radio - Serial 871TNV2814,600.28,K2 Daily Report / Client Justification Pack
CEM26RADIO045,16816-590471-0001,Motorola DP4801e Two-Way Radio - Serial 871TNX0375,600.28,K2 Daily Report / Client Justification Pack
CEM26RADIO006,16816-590472-0001,Motorola DP4801e Two-Way Radio - Serial 871TNX1329,600.28,K2 Daily Report / Client Justification Pack
CEM26RADIO004,16816-590473-0001,Motorola DP4801e Two-Way Radio - Serial 871TNX1346,600.28,K2 Daily Report / Client Justification Pack
CEM26RADIO056,16816-590474-0001,Motorola DP4801e Two-Way Radio - Serial 871TNX1400,600.28,K2 Daily Report / Client Justification Pack
CEM26RADIO008,16816-590475-0001,Motorola DP4801e Two-Way Radio - Serial 871TNX1876,600.28,K2 Daily Report / Client Justification Pack
CEM26RADIO058,16816-590476-0001,Motorola DP4801e Two-Way Radio - Serial 871TNZ0453,600.28,K2 Daily Report / Client Justification Pack
CEM26RADIO007,16816-590477-0001,Motorola DP4801e Two-Way Radio - Serial 871TNZ0625,600.28,K2 Daily Report / Client Justification Pack
CEM26RADIO051,16816-590478-0001,Motorola DP4801e Two-Way Radio - Serial 871TNZ2690,600.28,K2 Daily Report / Client Justification Pack
CEM26RADIO012,16816-590479-0001,Motorola DP4801e Two-Way Radio - Serial 871TPD5644,600.28,K2 Daily Report / Client Justification Pack
CEM26RADIO040,16816-590480-0001,Motorola DP4801e Two-Way Radio - Serial 871TPD5686,600.28,K2 Daily Report / Client Justification Pack
CEM26RADIO048,16816-590481-0001,Motorola DP4801e Two-Way Radio - Serial 871TPD5688,600.28,K2 Daily Report / Client Justification Pack
CEM26RADIO025,16816-590482-0001,Motorola DP4801e Two-Way Radio - Serial 871TPH6709,600.28,K2 Daily Report / Client Justification Pack
CEM26RADIO052,16816-590483-0001,Motorola DP4801e Two-Way Radio - Serial 871TPH6714,600.28,K2 Daily Report / Client Justification Pack
CEM26RADIO030,16816-590484-0001,Motorola DP4801e Two-Way Radio - Serial 871TPH6717,600.28,K2 Daily Report / Client Justification Pack
CEM26RADIO026,16816-590485-0001,Motorola DP4801e Two-Way Radio - Serial 871TPH6817,600.28,K2 Daily Report / Client Justification Pack
CEM26RADIO021,16816-590486-0001,Motorola DP4801e Two-Way Radio - Serial 871TPP3059,600.28,K2 Daily Report / Client Justification Pack
CEM26RADIO071,16816-590487-0001,Motorola DP4801e Two-Way Radio - Serial 871TPP3070,600.28,K2 Daily Report / Client Justification Pack
CEM26RADIO035,16816-590488-0001,Motorola DP4801e Two-Way Radio - Serial 871TPP3078,600.28,K2 Daily Report / Client Justification Pack
CEM26RADIO055,16816-590489-0001,Motorola DP4801e Two-Way Radio - Serial 871TPT8823,600.28,K2 Daily Report / Client Justification Pack
CEM26RADIO063,16816-590490-0001,Motorola DP4801e Two-Way Radio - Serial 871TPT8861,600.28,K2 Daily Report / Client Justification Pack
CEM26RADIO028,16816-590491-0001,Motorola DP4801e Two-Way Radio - Serial 871TPT9248,600.28,K2 Daily Report / Client Justification Pack
CEM26RADIO013,16816-590492-0001,Motorola DP4801e Two-Way Radio - Serial 871TPZ0175,600.28,K2 Daily Report / Client Justification Pack
CEM26RADIO061,16816-590493-0001,Motorola DP4801e Two-Way Radio - Serial 871TQK0636,600.28,K2 Daily Report / Client Justification Pack
CEM26RADIO036,16816-590494-0001,Motorola DP4801e Two-Way Radio - Serial 871TQK7351,600.28,K2 Daily Report / Client Justification Pack
CEM26RADIO059,16816-590495-0001,Motorola DP4801e Two-Way Radio - Serial 871TQMJ321,600.28,K2 Daily Report / Client Justification Pack
CEM26RADIO029,16816-590496-0001,Motorola DP4801e Two-Way Radio - Serial 871TQMJ361,600.28,K2 Daily Report / Client Justification Pack
CEM26RADIO050,16816-590497-0001,Motorola DP4801e Two-Way Radio - Serial 871TQMJ395,600.28,K2 Daily Report / Client Justification Pack
CEM26RADIO053,16816-590498-0001,Motorola DP4801e Two-Way Radio - Serial 871TQXW372,600.28,K2 Daily Report / Client Justification Pack
CEM26RADIO069,16816-590499-0001,Motorola DP4801e Two-Way Radio - Serial 871TQXW377,600.28,K2 Daily Report / Client Justification Pack
CEM26RADIO015,16816-590500-0001,Motorola DP4801e Two-Way Radio - Serial 871TQXW461,600.28,K2 Daily Report / Client Justification Pack
CEM26RADIO014,16816-590501-0001,Motorola DP4801e Two-Way Radio - Serial 871TRBL353,600.28,K2 Daily Report / Client Justification Pack
CEM26RADIO070,16816-590502-0001,Motorola DP4801e Two-Way Radio - Serial 871TRBL528,600.28,K2 Daily Report / Client Justification Pack
CEM26RADIO020,16816-590503-0001,Motorola DP4801e Two-Way Radio - Serial 871TRBL589,600.28,K2 Daily Report / Client Justification Pack
CEM26RADIO054,16816-590504-0001,Motorola DP4801e Two-Way Radio - Serial 871TRBL674,600.28,K2 Daily Report / Client Justification Pack
CEM26RADIO024,16816-590505-0001,Motorola DP4801e Two-Way Radio - Serial 871TRBL679,600.28,K2 Daily Report / Client Justification Pack
CEM26RADIO019,16816-590506-0001,Motorola DP4801e Two-Way Radio - Serial 871TRDE560,600.28,K2 Daily Report / Client Justification Pack
CEM26RADIO065,16816-590507-0001,Motorola DP4801e Two-Way Radio - Serial 871TRDE679,600.28,K2 Daily Report / Client Justification Pack
CEM26RADIO066,16816-590508-0001,Motorola DP4801e Two-Way Radio - Serial 871TRZT501,600.28,K2 Daily Report / Client Justification Pack
CEM26RADIO064,16816-590509-0001,Motorola DP4801e Two-Way Radio - Serial 871TRZT510,600.28,K2 Daily Report / Client Justification Pack
CEM26RADIO057,16816-590510-0001,Motorola DP4801e Two-Way Radio - Serial 871TRZT590,600.28,K2 Daily Report / Client Justification Pack
CEM26RADIO039,16816-590511-0001,Motorola DP4801e Two-Way Radio - Serial 871TRZT663,600.28,K2 Daily Report / Client Justification Pack
CEM26RADIO042,16816-590512-0001,Motorola DP4801e Two-Way Radio - Serial 871TRZT696,600.28,K2 Daily Report / Client Justification Pack
CEM26RADIO038,16816-590513-0001,Motorola DP4801e Two-Way Radio - Serial 871TRZT697,600.28,K2 Daily Report / Client Justification Pack
CEM26RADIO003,16816-590514-0001,Motorola DP4801e Two-Way Radio - Serial 871TRZT722,600.28,K2 Daily Report / Client Justification Pack
CEM26RADIO031,16816-590515-0001,Motorola DP4801e Two-Way Radio - Serial 871TRZT755,600.28,K2 Daily Report / Client Justification Pack
CEM26RADIO037,16816-590516-0001,Motorola DP4801e Two-Way Radio - Serial 871TRZT769,600.28,K2 Daily Report / Client Justification Pack
CEM26RADIO047,16816-590517-0001,Motorola DP4801e Two-Way Radio - Serial 871TRZZ776,600.28,K2 Daily Report / Client Justification Pack
CEM26RADIO016,16816-590518-0001,Motorola DP4801e Two-Way Radio - Serial 871TRZZ823,600.28,K2 Daily Report / Client Justification Pack
CEM26RADIO002,16816-590519-0001,Motorola DP4801e Two-Way Radio - Serial 871TRZZ858,600.28,K2 Daily Report / Client Justification Pack
CEM26RADIO011,16816-590520-0001,Motorola DP4801e Two-Way Radio - Serial 871TSD4066,600.28,K2 Daily Report / Client Justification Pack
CEM26RADIO009,16816-590521-0001,Motorola DP4801e Two-Way Radio - Serial 871TSH8976,600.28,K2 Daily Report / Client Justification Pack
CEM26RADIO027,16816-590522-0001,Motorola DP4801e Two-Way Radio - Serial 871TSH9002,600.28,K2 Daily Report / Client Justification Pack
CEM26RADIO046,16816-590523-0001,Motorola DP4801e Two-Way Radio - Serial 871TSH9010,600.28,K2 Daily Report / Client Justification Pack
CEM26RADIO010,16816-590524-0001,Motorola DP4801e Two-Way Radio - Serial 871TSH9016,600.28,K2 Daily Report / Client Justification Pack
CEM26RADIO072,16816-590525-0001,Motorola DP4801e Two-Way Radio - Serial 871TSH9037,600.28,K2 Daily Report / Client Justification Pack
CEM26RADIO049,16816-590526-0001,Motorola DP4801e Two-Way Radio - Serial 871TSH9078,600.28,K2 Daily Report / Client Justification Pack
CEM26RADIO068,16816-590527-0001,Motorola DP4801e Two-Way Radio - Serial 871TSH9113,600.28,K2 Daily Report / Client Justification Pack
CEM26RADIO001,16816-590528-0001,Motorola DP4801e Two-Way Radio - Serial 871TSH9179,600.28,K2 Daily Report / Client Justification Pack
CEM26RADIO005,16816-590529-0001,Motorola DP4801e Two-Way Radio - Serial 871TSH9190,600.28,K2 Daily Report / Client Justification Pack
CEM26RADIO060,16816-590530-0001,Motorola DP4801e Two-Way Radio - Serial 871TSH9205,600.28,K2 Daily Report / Client Justification Pack
CEM26RADIO067,16816-590531-0001,Motorola DP4801e Two-Way Radio - Serial 871TSH9229,600.28,K2 Daily Report / Client Justification Pack
CEM26RADIO033,16816-590532-0001,Motorola DP4801e Two-Way Radio - Serial 871TSH9247,600.28,K2 Daily Report / Client Justification Pack
CEM26RADIO022,16816-590533-0001,Motorola DP4801e Two-Way Radio - Serial 871TSH9297,600.28,K2 Daily Report / Client Justification Pack
CEM26BAT053,16816-590534-0001,Radio Battery - Motorola NNTN8129 IMPRES,61.43,K2 Daily Report / Client Justification Pack
CEM26BAT075,16816-590534-0002,Radio Battery - Motorola NNTN8129 IMPRES,61.43,K2 Daily Report / Client Justification Pack
CEM26BAT074,16816-590534-0003,Radio Battery - Motorola NNTN8129 IMPRES,61.43,K2 Daily Report / Client Justification Pack
CEM26BAT073,16816-590534-0004,Radio Battery - Motorola NNTN8129 IMPRES,61.43,K2 Daily Report / Client Justification Pack
CEM26BAT072,16816-590534-0005,Radio Battery - Motorola NNTN8129 IMPRES,61.43,K2 Daily Report / Client Justification Pack
CEM26BAT071,16816-590534-0006,Radio Battery - Motorola NNTN8129 IMPRES,61.43,K2 Daily Report / Client Justification Pack
CEM26BAT070,16816-590534-0007,Radio Battery - Motorola NNTN8129 IMPRES,61.43,K2 Daily Report / Client Justification Pack
CEM26BAT069,16816-590534-0008,Radio Battery - Motorola NNTN8129 IMPRES,61.43,K2 Daily Report / Client Justification Pack
CEM26BAT068,16816-590534-0009,Radio Battery - Motorola NNTN8129 IMPRES,61.43,K2 Daily Report / Client Justification Pack
CEM26BAT067,16816-590534-0010,Radio Battery - Motorola NNTN8129 IMPRES,61.43,K2 Daily Report / Client Justification Pack
CEM26BAT066,16816-590534-0011,Radio Battery - Motorola NNTN8129 IMPRES,61.43,K2 Daily Report / Client Justification Pack
CEM26BAT063,16816-590534-0012,Radio Battery - Motorola NNTN8129 IMPRES,61.43,K2 Daily Report / Client Justification Pack
CEM26BAT064,16816-590534-0013,Radio Battery - Motorola NNTN8129 IMPRES,61.43,K2 Daily Report / Client Justification Pack
CEM26BAT076,16816-590534-0014,Radio Battery - Motorola NNTN8129 IMPRES,61.43,K2 Daily Report / Client Justification Pack
CEM26BAT062,16816-590534-0015,Radio Battery - Motorola NNTN8129 IMPRES,61.43,K2 Daily Report / Client Justification Pack
CEM26BAT061,16816-590534-0016,Radio Battery - Motorola NNTN8129 IMPRES,61.43,K2 Daily Report / Client Justification Pack
CEM26BAT060,16816-590534-0017,Radio Battery - Motorola NNTN8129 IMPRES,61.43,K2 Daily Report / Client Justification Pack
CEM26BAT059,16816-590534-0018,Radio Battery - Motorola NNTN8129 IMPRES,61.43,K2 Daily Report / Client Justification Pack
CEM26BAT058,16816-590534-0019,Radio Battery - Motorola NNTN8129 IMPRES,61.43,K2 Daily Report / Client Justification Pack
CEM26BAT057,16816-590534-0020,Radio Battery - Motorola NNTN8129 IMPRES,61.43,K2 Daily Report / Client Justification Pack
CEM26BAT056,16816-590534-0021,Radio Battery - Motorola NNTN8129 IMPRES,61.43,K2 Daily Report / Client Justification Pack
CEM26BAT055,16816-590534-0022,Radio Battery - Motorola NNTN8129 IMPRES,61.43,K2 Daily Report / Client Justification Pack
CEM26BAT054,16816-590534-0023,Radio Battery - Motorola NNTN8129 IMPRES,61.43,K2 Daily Report / Client Justification Pack
CEM26BAT065,16816-590534-0024,Radio Battery - Motorola NNTN8129 IMPRES,61.43,K2 Daily Report / Client Justification Pack
CEM26BAT077,16816-590534-0025,Radio Battery - Motorola NNTN8129 IMPRES,61.43,K2 Daily Report / Client Justification Pack
CEM26BAT080,16816-590534-0026,Radio Battery - Motorola NNTN8129 IMPRES,61.43,K2 Daily Report / Client Justification Pack
CEM26BAT079,16816-590534-0027,Radio Battery - Motorola NNTN8129 IMPRES,61.43,K2 Daily Report / Client Justification Pack
CEM26BAT102,16816-590534-0028,Radio Battery - Motorola NNTN8129 IMPRES,61.43,K2 Daily Report / Client Justification Pack
CEM26BAT101,16816-590534-0029,Radio Battery - Motorola NNTN8129 IMPRES,61.43,K2 Daily Report / Client Justification Pack
CEM26BAT100,16816-590534-0030,Radio Battery - Motorola NNTN8129 IMPRES,61.43,K2 Daily Report / Client Justification Pack
CEM26BAT099,16816-590534-0031,Radio Battery - Motorola NNTN8129 IMPRES,61.43,K2 Daily Report / Client Justification Pack
CEM26BAT098,16816-590534-0032,Radio Battery - Motorola NNTN8129 IMPRES,61.43,K2 Daily Report / Client Justification Pack
CEM26BAT097,16816-590534-0033,Radio Battery - Motorola NNTN8129 IMPRES,61.43,K2 Daily Report / Client Justification Pack
CEM26BAT096,16816-590534-0034,Radio Battery - Motorola NNTN8129 IMPRES,61.43,K2 Daily Report / Client Justification Pack
CEM26BAT095,16816-590534-0035,Radio Battery - Motorola NNTN8129 IMPRES,61.43,K2 Daily Report / Client Justification Pack
CEM26BAT094,16816-590534-0036,Radio Battery - Motorola NNTN8129 IMPRES,61.43,K2 Daily Report / Client Justification Pack
CEM26BAT093,16816-590534-0037,Radio Battery - Motorola NNTN8129 IMPRES,61.43,K2 Daily Report / Client Justification Pack
CEM26BAT078,16816-590534-0038,Radio Battery - Motorola NNTN8129 IMPRES,61.43,K2 Daily Report / Client Justification Pack
CEM26BAT092,16816-590534-0039,Radio Battery - Motorola NNTN8129 IMPRES,61.43,K2 Daily Report / Client Justification Pack
CEM26BAT090,16816-590534-0040,Radio Battery - Motorola NNTN8129 IMPRES,61.43,K2 Daily Report / Client Justification Pack
CEM26BAT089,16816-590534-0041,Radio Battery - Motorola NNTN8129 IMPRES,61.43,K2 Daily Report / Client Justification Pack
CEM26BAT088,16816-590534-0042,Radio Battery - Motorola NNTN8129 IMPRES,61.43,K2 Daily Report / Client Justification Pack
CEM26BAT087,16816-590534-0043,Radio Battery - Motorola NNTN8129 IMPRES,61.43,K2 Daily Report / Client Justification Pack
CEM26BAT086,16816-590534-0044,Radio Battery - Motorola NNTN8129 IMPRES,61.43,K2 Daily Report / Client Justification Pack
CEM26BAT085,16816-590534-0045,Radio Battery - Motorola NNTN8129 IMPRES,61.43,K2 Daily Report / Client Justification Pack
CEM26BAT084,16816-590534-0046,Radio Battery - Motorola NNTN8129 IMPRES,61.43,K2 Daily Report / Client Justification Pack
CEM26BAT083,16816-590534-0047,Radio Battery - Motorola NNTN8129 IMPRES,61.43,K2 Daily Report / Client Justification Pack
CEM26BAT082,16816-590534-0048,Radio Battery - Motorola NNTN8129 IMPRES,61.43,K2 Daily Report / Client Justification Pack
CEM26BAT081,16816-590534-0049,Radio Battery - Motorola NNTN8129 IMPRES,61.43,K2 Daily Report / Client Justification Pack
CEM26BAT091,16816-590534-0050,Radio Battery - Motorola NNTN8129 IMPRES,61.43,K2 Daily Report / Client Justification Pack
CEM26BAT052,16816-590534-0051,Radio Battery - Motorola NNTN8129 IMPRES,61.43,K2 Daily Report / Client Justification Pack
CEM26BAT016,16816-590534-0052,Radio Battery - Motorola NNTN8129 IMPRES,61.43,K2 Daily Report / Client Justification Pack
CEM26BAT050,16816-590534-0053,Radio Battery - Motorola NNTN8129 IMPRES,61.43,K2 Daily Report / Client Justification Pack
CEM26BAT022,16816-590534-0054,Radio Battery - Motorola NNTN8129 IMPRES,61.43,K2 Daily Report / Client Justification Pack
CEM26BAT021,16816-590534-0055,Radio Battery - Motorola NNTN8129 IMPRES,61.43,K2 Daily Report / Client Justification Pack
CEM26BAT020,16816-590534-0056,Radio Battery - Motorola NNTN8129 IMPRES,61.43,K2 Daily Report / Client Justification Pack
CEM26BAT019,16816-590534-0057,Radio Battery - Motorola NNTN8129 IMPRES,61.43,K2 Daily Report / Client Justification Pack
CEM26BAT018,16816-590534-0058,Radio Battery - Motorola NNTN8129 IMPRES,61.43,K2 Daily Report / Client Justification Pack
CEM26BAT017,16816-590534-0059,Radio Battery - Motorola NNTN8129 IMPRES,61.43,K2 Daily Report / Client Justification Pack
CEM26BAT103,16816-590534-0060,Radio Battery - Motorola NNTN8129 IMPRES,61.43,K2 Daily Report / Client Justification Pack
CEM26BAT015,16816-590534-0061,Radio Battery - Motorola NNTN8129 IMPRES,61.43,K2 Daily Report / Client Justification Pack
CEM26BAT014,16816-590534-0062,Radio Battery - Motorola NNTN8129 IMPRES,61.43,K2 Daily Report / Client Justification Pack
CEM26BAT013,16816-590534-0063,Radio Battery - Motorola NNTN8129 IMPRES,61.43,K2 Daily Report / Client Justification Pack
CEM26BAT023,16816-590534-0064,Radio Battery - Motorola NNTN8129 IMPRES,61.43,K2 Daily Report / Client Justification Pack
CEM26BAT012,16816-590534-0065,Radio Battery - Motorola NNTN8129 IMPRES,61.43,K2 Daily Report / Client Justification Pack
CEM26BAT010,16816-590534-0066,Radio Battery - Motorola NNTN8129 IMPRES,61.43,K2 Daily Report / Client Justification Pack
CEM26BAT009,16816-590534-0067,Radio Battery - Motorola NNTN8129 IMPRES,61.43,K2 Daily Report / Client Justification Pack
CEM26BAT008,16816-590534-0068,Radio Battery - Motorola NNTN8129 IMPRES,61.43,K2 Daily Report / Client Justification Pack
CEM26BAT007,16816-590534-0069,Radio Battery - Motorola NNTN8129 IMPRES,61.43,K2 Daily Report / Client Justification Pack
CEM26BAT006,16816-590534-0070,Radio Battery - Motorola NNTN8129 IMPRES,61.43,K2 Daily Report / Client Justification Pack
CEM26BAT005,16816-590534-0071,Radio Battery - Motorola NNTN8129 IMPRES,61.43,K2 Daily Report / Client Justification Pack
CEM26BAT004,16816-590534-0072,Radio Battery - Motorola NNTN8129 IMPRES,61.43,K2 Daily Report / Client Justification Pack
CEM26BAT003,16816-590534-0073,Radio Battery - Motorola NNTN8129 IMPRES,61.43,K2 Daily Report / Client Justification Pack
CEM26BAT002,16816-590534-0074,Radio Battery - Motorola NNTN8129 IMPRES,61.43,K2 Daily Report / Client Justification Pack
CEM26BAT001,16816-590534-0075,Radio Battery - Motorola NNTN8129 IMPRES,61.43,K2 Daily Report / Client Justification Pack
CEM26BAT011,16816-590534-0076,Radio Battery - Motorola NNTN8129 IMPRES,61.43,K2 Daily Report / Client Justification Pack
CEM26BAT024,16816-590534-0077,Radio Battery - Motorola NNTN8129 IMPRES,61.43,K2 Daily Report / Client Justification Pack
CEM26BAT025,16816-590534-0078,Radio Battery - Motorola NNTN8129 IMPRES,61.43,K2 Daily Report / Client Justification Pack
CEM26BAT026,16816-590534-0079,Radio Battery - Motorola NNTN8129 IMPRES,61.43,K2 Daily Report / Client Justification Pack
CEM26BAT049,16816-590534-0080,Radio Battery - Motorola NNTN8129 IMPRES,61.43,K2 Daily Report / Client Justification Pack
CEM26BAT048,16816-590534-0081,Radio Battery - Motorola NNTN8129 IMPRES,61.43,K2 Daily Report / Client Justification Pack
CEM26BAT047,16816-590534-0082,Radio Battery - Motorola NNTN8129 IMPRES,61.43,K2 Daily Report / Client Justification Pack
CEM26BAT046,16816-590534-0083,Radio Battery - Motorola NNTN8129 IMPRES,61.43,K2 Daily Report / Client Justification Pack
CEM26BAT045,16816-590534-0084,Radio Battery - Motorola NNTN8129 IMPRES,61.43,K2 Daily Report / Client Justification Pack
CEM26BAT044,16816-590534-0085,Radio Battery - Motorola NNTN8129 IMPRES,61.43,K2 Daily Report / Client Justification Pack
CEM26BAT043,16816-590534-0086,Radio Battery - Motorola NNTN8129 IMPRES,61.43,K2 Daily Report / Client Justification Pack
CEM26BAT042,16816-590534-0087,Radio Battery - Motorola NNTN8129 IMPRES,61.43,K2 Daily Report / Client Justification Pack
CEM26BAT041,16816-590534-0088,Radio Battery - Motorola NNTN8129 IMPRES,61.43,K2 Daily Report / Client Justification Pack
CEM26BAT040,16816-590534-0089,Radio Battery - Motorola NNTN8129 IMPRES,61.43,K2 Daily Report / Client Justification Pack
CEM26BAT039,16816-590534-0090,Radio Battery - Motorola NNTN8129 IMPRES,61.43,K2 Daily Report / Client Justification Pack
CEM26BAT038,16816-590534-0091,Radio Battery - Motorola NNTN8129 IMPRES,61.43,K2 Daily Report / Client Justification Pack
CEM26BAT037,16816-590534-0092,Radio Battery - Motorola NNTN8129 IMPRES,61.43,K2 Daily Report / Client Justification Pack
CEM26BAT036,16816-590534-0093,Radio Battery - Motorola NNTN8129 IMPRES,61.43,K2 Daily Report / Client Justification Pack
CEM26BAT035,16816-590534-0094,Radio Battery - Motorola NNTN8129 IMPRES,61.43,K2 Daily Report / Client Justification Pack
CEM26BAT034,16816-590534-0095,Radio Battery - Motorola NNTN8129 IMPRES,61.43,K2 Daily Report / Client Justification Pack
CEM26BAT033,16816-590534-0096,Radio Battery - Motorola NNTN8129 IMPRES,61.43,K2 Daily Report / Client Justification Pack
CEM26BAT032,16816-590534-0097,Radio Battery - Motorola NNTN8129 IMPRES,61.43,K2 Daily Report / Client Justification Pack
CEM26BAT031,16816-590534-0098,Radio Battery - Motorola NNTN8129 IMPRES,61.43,K2 Daily Report / Client Justification Pack
CEM26BAT030,16816-590534-0099,Radio Battery - Motorola NNTN8129 IMPRES,61.43,K2 Daily Report / Client Justification Pack
CEM26BAT029,16816-590534-0100,Radio Battery - Motorola NNTN8129 IMPRES,61.43,K2 Daily Report / Client Justification Pack
CEM26BAT028,16816-590534-0101,Radio Battery - Motorola NNTN8129 IMPRES,61.43,K2 Daily Report / Client Justification Pack
CEM26BAT027,16816-590534-0102,Radio Battery - Motorola NNTN8129 IMPRES,61.43,K2 Daily Report / Client Justification Pack
CEM26BAT051,16816-590534-0103,Radio Battery - Motorola NNTN8129 IMPRES,61.43,K2 Daily Report / Client Justification Pack
CEM26BAT104,16816-590534-0104,Radio Battery - Motorola NNTN8129 IMPRES,61.43,K2 Daily Report / Client Justification Pack
COATESSHUT037,16816-589484-0002,1/4 in Air Angle Die Grinder,385,https://www.primesupplies.com.au/product/1-4-industrial-mini-angle-die-grinder-2/
COATESSHUT036,16816-589484-0001,1/4 in Air Angle Die Grinder,385,https://www.primesupplies.com.au/product/1-4-industrial-mini-angle-die-grinder-2/
COATESSHUT034,16816-589486-0001,Drill - Air - 3/8 in,202.33,https://www.capsshop.com.au/air-tools/air-drills/3-8-drill-rev-geared-chuck
COATESSHUT035,16816-589485-0001,Drill - Air - 1/2 in,549,https://www.totaltools.com.au/26821-chicago-pneumatic-13mm-keyed-pistol-air-drill-cp785h
NRGSHUT097,16816-589026-0001,13 mm Air Hose,115,https://www.peerlessproducts.com.au/products/industrial-green-flexible-air-hose
NRGSHUT102,16816-589026-0002,13 mm Air Hose,115,https://www.peerlessproducts.com.au/products/industrial-green-flexible-air-hose
NRGSHUT101,16816-589026-0003,13 mm Air Hose,115,https://www.peerlessproducts.com.au/products/industrial-green-flexible-air-hose
NRGSHUT100,16816-589026-0004,13 mm Air Hose,115,https://www.peerlessproducts.com.au/products/industrial-green-flexible-air-hose
NRGSHUT099,16816-589026-0005,13 mm Air Hose,115,https://www.peerlessproducts.com.au/products/industrial-green-flexible-air-hose
NRGSHUT098,16816-589026-0006,13 mm Air Hose,115,https://www.peerlessproducts.com.au/products/industrial-green-flexible-air-hose
NRGSHUT096,16816-589026-0007,13 mm Air Hose,115,https://www.peerlessproducts.com.au/products/industrial-green-flexible-air-hose
NRGSHUT095,16816-589026-0008,13 mm Air Hose,115,https://www.peerlessproducts.com.au/products/industrial-green-flexible-air-hose
NRGSHUT094,16816-589026-0009,13 mm Air Hose,115,https://www.peerlessproducts.com.au/products/industrial-green-flexible-air-hose
NRGSHUT093,16816-589026-0010,13 mm Air Hose,115,https://www.peerlessproducts.com.au/products/industrial-green-flexible-air-hose
NRGSHUT092,16816-589026-0011,13 mm Air Hose,115,https://www.peerlessproducts.com.au/products/industrial-green-flexible-air-hose
THREADIMPERIAL002,16816-588004-0002,Thread File Imperial,45,Toledo via Total Tools
THREADIMPERIAL003,16816-588004-0003,Thread File Imperial,45,Toledo via Total Tools
THREADIMPERIAL004,16816-588004-0004,Thread File Imperial,45,Toledo via Total Tools
THREADMETRIC001,16816-588007-0001,Thread File Metric,45,Toledo via Total Tools
THREADMETRIC002,16816-588007-0002,Thread File Metric,45,Toledo via Total Tools
THREADMETRIC003,16816-588007-0003,Thread File Metric,45,Toledo via Total Tools
NRGSHUT028,16816-588008-0001,"1/2"" Eye Bolt",7.98,https://www.industrialautomotiveparts.com.au/604005/Imperial-Rated-Eye-Bolts/pd.php
NRGSHUT027,16816-588008-0002,"1/2"" Eye Bolt",7.98,https://www.industrialautomotiveparts.com.au/604005/Imperial-Rated-Eye-Bolts/pd.php
NRGSHUT044,16816-588907-0001,"1"" Eye Bolt",32.7,https://www.industrialautomotiveparts.com.au/604005/Imperial-Rated-Eye-Bolts/pd.php
NRGSHUT042,16816-588907-0002,"1"" Eye Bolt",32.7,https://www.industrialautomotiveparts.com.au/604005/Imperial-Rated-Eye-Bolts/pd.php
NRGSHUT041,16816-588907-0003,"1"" Eye Bolt",32.7,https://www.industrialautomotiveparts.com.au/604005/Imperial-Rated-Eye-Bolts/pd.php
NRGSHUT036,16816-588908-0001,"3/4"" Eye Bolt",17.85,https://www.primesupplies.com.au/product/eye-bolt-lifting-3-4-unc-collared-1-40t-top-load-0-40t-side-load/
NRGSHUT032,16816-588909-0001,"5/8"" Eye Bolt",12.45,https://www.industrialautomotiveparts.com.au/604005/Imperial-Rated-Eye-Bolts/pd.php
NRGSHUT019,16816-588910-0001,M12 Eye Bolt,3.25,https://www.primesupplies.com.au/product-category/lifting-and-materials-handling/eye-bolts-nuts/
NRGSHUT020,16816-588910-0002,M12 Eye Bolt,3.25,https://www.primesupplies.com.au/product-category/lifting-and-materials-handling/eye-bolts-nuts/
NRGSHUT018,16816-588910-0003,M12 Eye Bolt,3.25,https://www.primesupplies.com.au/product-category/lifting-and-materials-handling/eye-bolts-nuts/
NRGSHUT017,16816-588910-0004,M12 Eye Bolt,3.25,https://www.primesupplies.com.au/product-category/lifting-and-materials-handling/eye-bolts-nuts/
NRGSHUT008,16816-588911-0001,M16 Eye Bolt,4.5,https://www.primesupplies.com.au/product-category/lifting-and-materials-handling/eye-bolts-nuts/
NRGSHUT011,16816-588912-0001,M20 Eye Bolt,8.45,https://www.primesupplies.com.au/product-category/lifting-and-materials-handling/eye-bolts-nuts/
NRGSHUT012,16816-588912-0002,M20 Eye Bolt,8.45,https://www.primesupplies.com.au/product-category/lifting-and-materials-handling/eye-bolts-nuts/
NRGSHUT009,16816-588912-0003,M20 Eye Bolt,8.45,https://www.primesupplies.com.au/product-category/lifting-and-materials-handling/eye-bolts-nuts/
NRGSHUT013,16816-588913-0001,M24 Eye Bolt,18.3,https://www.primesupplies.com.au/product/eye-bolt-lifting-m24-collared-din580-1-80t-top-load-0-45t-side-load/
NRGSHUT015,16816-588913-0002,M24 Eye Bolt,18.3,https://www.primesupplies.com.au/product/eye-bolt-lifting-m24-collared-din580-1-80t-top-load-0-45t-side-load/
NRGSHUT016,16816-588913-0003,M24 Eye Bolt,18.3,https://www.primesupplies.com.au/product/eye-bolt-lifting-m24-collared-din580-1-80t-top-load-0-45t-side-load/
NRGSHUT001,16816-588914-0001,M8 Eye Bolt,1.8,https://www.primesupplies.com.au/product-category/lifting-and-materials-handling/eye-bolts-nuts/
NRGSHUT004,16816-588914-0002,M8 Eye Bolt,1.8,https://www.primesupplies.com.au/product-category/lifting-and-materials-handling/eye-bolts-nuts/
NRGSHUT025,16816-588915-0001,"1/2"" Eye Bolt",7.98,https://www.industrialautomotiveparts.com.au/604005/Imperial-Rated-Eye-Bolts/pd.php
NRGSHUT026,16816-588915-0002,"1/2"" Eye Bolt",7.98,https://www.industrialautomotiveparts.com.au/604005/Imperial-Rated-Eye-Bolts/pd.php
NRGSHUT043,16816-588916-0001,"1"" Eye Bolt",32.7,https://www.industrialautomotiveparts.com.au/604005/Imperial-Rated-Eye-Bolts/pd.php
NRGSHUT035,16816-588917-0001,"3/4"" Eye Bolt",17.85,https://www.primesupplies.com.au/product/eye-bolt-lifting-3-4-unc-collared-1-40t-top-load-0-40t-side-load/
NRGSHUT034,16816-588917-0002,"3/4"" Eye Bolt",17.85,https://www.primesupplies.com.au/product/eye-bolt-lifting-3-4-unc-collared-1-40t-top-load-0-40t-side-load/
NRGSHUT033,16816-588917-0003,"3/4"" Eye Bolt",17.85,https://www.primesupplies.com.au/product/eye-bolt-lifting-3-4-unc-collared-1-40t-top-load-0-40t-side-load/
NRGSHUT022,16816-588918-0001,"3/8"" Eye Bolt",4.81,https://www.industrialautomotiveparts.com.au/604005/Imperial-Rated-Eye-Bolts/pd.php
NRGSHUT021,16816-588918-0002,"3/8"" Eye Bolt",4.81,https://www.industrialautomotiveparts.com.au/604005/Imperial-Rated-Eye-Bolts/pd.php
NRGSHUT023,16816-588918-0003,"3/8"" Eye Bolt",4.81,https://www.industrialautomotiveparts.com.au/604005/Imperial-Rated-Eye-Bolts/pd.php
NRGSHUT024,16816-588918-0004,"3/8"" Eye Bolt",4.81,https://www.industrialautomotiveparts.com.au/604005/Imperial-Rated-Eye-Bolts/pd.php
NRGSHUT029,16816-588919-0001,"5/8"" Eye Bolt",12.45,https://www.industrialautomotiveparts.com.au/604005/Imperial-Rated-Eye-Bolts/pd.php
NRGSHUT030,16816-588919-0002,"5/8"" Eye Bolt",12.45,https://www.industrialautomotiveparts.com.au/604005/Imperial-Rated-Eye-Bolts/pd.php
NRGSHUT031,16816-588919-0003,"5/8"" Eye Bolt",12.45,https://www.industrialautomotiveparts.com.au/604005/Imperial-Rated-Eye-Bolts/pd.php
NRGSHUT039,16816-588920-0001,"7/8"" Eye Bolt",27,https://rkaindustrialsolutions.com.au/product/eye-bolt-bs529-zinc/
NRGSHUT040,16816-588920-0002,"7/8"" Eye Bolt",27,https://rkaindustrialsolutions.com.au/product/eye-bolt-bs529-zinc/
NRGSHUT038,16816-588920-0003,"7/8"" Eye Bolt",27,https://rkaindustrialsolutions.com.au/product/eye-bolt-bs529-zinc/
NRGSHUT037,16816-588920-0004,"7/8"" Eye Bolt",27,https://rkaindustrialsolutions.com.au/product/eye-bolt-bs529-zinc/
NRGSHUT005,16816-588921-0001,M16 Eye Bolt,4.5,https://www.primesupplies.com.au/product-category/lifting-and-materials-handling/eye-bolts-nuts/
NRGSHUT006,16816-588921-0002,M16 Eye Bolt,4.5,https://www.primesupplies.com.au/product-category/lifting-and-materials-handling/eye-bolts-nuts/
NRGSHUT007,16816-588921-0003,M16 Eye Bolt,4.5,https://www.primesupplies.com.au/product-category/lifting-and-materials-handling/eye-bolts-nuts/
NRGSHUT010,16816-588922-0001,M20 Eye Bolt,8.45,https://www.primesupplies.com.au/product-category/lifting-and-materials-handling/eye-bolts-nuts/
NRGSHUT014,16816-588923-0001,M24 Eye Bolt,18.3,https://www.primesupplies.com.au/product/eye-bolt-lifting-m24-collared-din580-1-80t-top-load-0-45t-side-load/
NRGSHUT003,16816-588924-0001,M8 Eye Bolt,1.8,https://www.primesupplies.com.au/product-category/lifting-and-materials-handling/eye-bolts-nuts/
NRGSHUT002,16816-588924-0002,M8 Eye Bolt,1.8,https://www.primesupplies.com.au/product-category/lifting-and-materials-handling/eye-bolts-nuts/
USAGEPURCHASE1019,16816-587951-0005,Sling - Round - 1 t - 1 m,3.45,https://www.primesupplies.com.au/product-category/lifting-and-materials-handling/slings/fibre-soft-slings/round-slings/
USAGEPURCHASE1015,16816-587951-0020,Sling - Round - 1 t - 1 m,3.45,https://www.primesupplies.com.au/product-category/lifting-and-materials-handling/slings/fibre-soft-slings/round-slings/
USAGEPURCHASE1005,16816-587951-0016,Sling - Round - 1 t - 1 m,3.45,https://www.primesupplies.com.au/product-category/lifting-and-materials-handling/slings/fibre-soft-slings/round-slings/
USAGEPURCHASE1020,16816-587951-0021,Sling - Round - 1 t - 1 m,3.45,https://www.primesupplies.com.au/product-category/lifting-and-materials-handling/slings/fibre-soft-slings/round-slings/
USAGEPURCHASE1004,16816-587951-0017,Sling - Round - 1 t - 1 m,3.45,https://www.primesupplies.com.au/product-category/lifting-and-materials-handling/slings/fibre-soft-slings/round-slings/
USAGEPURCHASE1008,16816-587951-0013,Sling - Round - 1 t - 1 m,3.45,https://www.primesupplies.com.au/product-category/lifting-and-materials-handling/slings/fibre-soft-slings/round-slings/
USAGEPURCHASE1002,16816-587951-0019,Sling - Round - 1 t - 1 m,3.45,https://www.primesupplies.com.au/product-category/lifting-and-materials-handling/slings/fibre-soft-slings/round-slings/
USAGEPURCHASE1006,16816-587951-0015,Sling - Round - 1 t - 1 m,3.45,https://www.primesupplies.com.au/product-category/lifting-and-materials-handling/slings/fibre-soft-slings/round-slings/
USAGEPURCHASE1016,16816-587951-0012,Sling - Round - 1 t - 1 m,3.45,https://www.primesupplies.com.au/product-category/lifting-and-materials-handling/slings/fibre-soft-slings/round-slings/
USAGEPURCHASE1010,16816-587951-0010,Sling - Round - 1 t - 1 m,3.45,https://www.primesupplies.com.au/product-category/lifting-and-materials-handling/slings/fibre-soft-slings/round-slings/
USAGEPURCHASE1011,16816-587951-0009,Sling - Round - 1 t - 1 m,3.45,https://www.primesupplies.com.au/product-category/lifting-and-materials-handling/slings/fibre-soft-slings/round-slings/
USAGEPURCHASE1007,16816-587951-0014,Sling - Round - 1 t - 1 m,3.45,https://www.primesupplies.com.au/product-category/lifting-and-materials-handling/slings/fibre-soft-slings/round-slings/
USAGEPURCHASE1017,16816-587951-0022,Sling - Round - 1 t - 1 m,3.45,https://www.primesupplies.com.au/product-category/lifting-and-materials-handling/slings/fibre-soft-slings/round-slings/
USAGEPURCHASE1018,16816-587951-0023,Sling - Round - 1 t - 1 m,3.45,https://www.primesupplies.com.au/product-category/lifting-and-materials-handling/slings/fibre-soft-slings/round-slings/
USAGEPURCHASE1012,16816-587951-0008,Sling - Round - 1 t - 1 m,3.45,https://www.primesupplies.com.au/product-category/lifting-and-materials-handling/slings/fibre-soft-slings/round-slings/
USAGEPURCHASE1001,16816-587951-0004,Sling - Round - 1 t - 1 m,3.45,https://www.primesupplies.com.au/product-category/lifting-and-materials-handling/slings/fibre-soft-slings/round-slings/
USAGEPURCHASE1009,16816-587951-0011,Sling - Round - 1 t - 1 m,3.45,https://www.primesupplies.com.au/product-category/lifting-and-materials-handling/slings/fibre-soft-slings/round-slings/
USAGEPURCHASE1013,16816-587951-0007,Sling - Round - 1 t - 1 m,3.45,https://www.primesupplies.com.au/product-category/lifting-and-materials-handling/slings/fibre-soft-slings/round-slings/
USAGEPURCHASE1021,16816-587951-0003,Sling - Round - 1 t - 1 m,3.45,https://www.primesupplies.com.au/product-category/lifting-and-materials-handling/slings/fibre-soft-slings/round-slings/
USAGEPURCHASE2010,16816-587952-0002,Sling - Round - 1 t - 2 m,6.95,https://www.primesupplies.com.au/product-category/lifting-and-materials-handling/slings/fibre-soft-slings/round-slings/
USAGEPURCHASE2011,16816-587952-0001,Sling - Round - 1 t - 2 m,6.95,https://www.primesupplies.com.au/product-category/lifting-and-materials-handling/slings/fibre-soft-slings/round-slings/
USAGEPURCHASE2007,16816-587952-0005,Sling - Round - 1 t - 2 m,6.95,https://www.primesupplies.com.au/product-category/lifting-and-materials-handling/slings/fibre-soft-slings/round-slings/
USAGEPURCHASE2008,16816-587952-0004,Sling - Round - 1 t - 2 m,6.95,https://www.primesupplies.com.au/product-category/lifting-and-materials-handling/slings/fibre-soft-slings/round-slings/
USAGEPURCHASE2009,16816-587952-0003,Sling - Round - 1 t - 2 m,6.95,https://www.primesupplies.com.au/product-category/lifting-and-materials-handling/slings/fibre-soft-slings/round-slings/
USAGEPURCHASE2017,16816-587952-0014,Sling - Round - 1 t - 2 m,6.95,https://www.primesupplies.com.au/product-category/lifting-and-materials-handling/slings/fibre-soft-slings/round-slings/
USAGEPURCHASE2014,16816-587952-0017,Sling - Round - 1 t - 2 m,6.95,https://www.primesupplies.com.au/product-category/lifting-and-materials-handling/slings/fibre-soft-slings/round-slings/
USAGEPURCHASE2005,16816-587952-0008,Sling - Round - 1 t - 2 m,6.95,https://www.primesupplies.com.au/product-category/lifting-and-materials-handling/slings/fibre-soft-slings/round-slings/
USAGEPURCHASE2016,16816-587952-0015,Sling - Round - 1 t - 2 m,6.95,https://www.primesupplies.com.au/product-category/lifting-and-materials-handling/slings/fibre-soft-slings/round-slings/
USAGEPURCHASE2003,16816-587952-0010,Sling - Round - 1 t - 2 m,6.95,https://www.primesupplies.com.au/product-category/lifting-and-materials-handling/slings/fibre-soft-slings/round-slings/
USAGEPURCHASE2001,16816-587952-0012,Sling - Round - 1 t - 2 m,6.95,https://www.primesupplies.com.au/product-category/lifting-and-materials-handling/slings/fibre-soft-slings/round-slings/
USAGEPURCHASE2013,16816-587952-0007,Sling - Round - 1 t - 2 m,6.95,https://www.primesupplies.com.au/product-category/lifting-and-materials-handling/slings/fibre-soft-slings/round-slings/
USAGEPURCHASE2004,16816-587952-0009,Sling - Round - 1 t - 2 m,6.95,https://www.primesupplies.com.au/product-category/lifting-and-materials-handling/slings/fibre-soft-slings/round-slings/
USAGEPURCHASE2006,16816-587952-0006,Sling - Round - 1 t - 2 m,6.95,https://www.primesupplies.com.au/product-category/lifting-and-materials-handling/slings/fibre-soft-slings/round-slings/
USAGEPURCHASE3003,16816-587953-0008,Sling - Round - 1 t - 3 m,9.95,https://www.primesupplies.com.au/product/sling-round-fibre-1t-x-3m/
USAGEPURCHASE3007,16816-587953-0004,Sling - Round - 1 t - 3 m,9.95,https://www.primesupplies.com.au/product/sling-round-fibre-1t-x-3m/
USAGEPURCHASE3006,16816-587953-0005,Sling - Round - 1 t - 3 m,9.95,https://www.primesupplies.com.au/product/sling-round-fibre-1t-x-3m/
USAGEPURCHASE3002,16816-587953-0009,Sling - Round - 1 t - 3 m,9.95,https://www.primesupplies.com.au/product/sling-round-fibre-1t-x-3m/
USAGEPURCHASE3001,16816-587953-0010,Sling - Round - 1 t - 3 m,9.95,https://www.primesupplies.com.au/product/sling-round-fibre-1t-x-3m/
USAGEPURCHASE3004,16816-587953-0007,Sling - Round - 1 t - 3 m,9.95,https://www.primesupplies.com.au/product/sling-round-fibre-1t-x-3m/
USAGEPURCHASE3010,16816-587953-0001,Sling - Round - 1 t - 3 m,9.95,https://www.primesupplies.com.au/product/sling-round-fibre-1t-x-3m/
USAGEPURCHASE3005,16816-587953-0006,Sling - Round - 1 t - 3 m,9.95,https://www.primesupplies.com.au/product/sling-round-fibre-1t-x-3m/
USAGEPURCHASE3008,16816-587953-0003,Sling - Round - 1 t - 3 m,9.95,https://www.primesupplies.com.au/product/sling-round-fibre-1t-x-3m/
USAGEPURCHASE4002,16816-587954-0003,Sling - Round - 1 t - 4 m,13.2,https://www.primesupplies.com.au/product/sling-round-fibre-1t-x-4m/
USAGEPURCHASE4004,16816-587954-0005,Sling - Round - 1 t - 4 m,13.2,https://www.primesupplies.com.au/product/sling-round-fibre-1t-x-4m/
USAGEPURCHASE4010,16816-587954-0010,Sling - Round - 1 t - 4 m,13.2,https://www.primesupplies.com.au/product/sling-round-fibre-1t-x-4m/
USAGEPURCHASE4007,16816-587954-0008,Sling - Round - 1 t - 4 m,13.2,https://www.primesupplies.com.au/product/sling-round-fibre-1t-x-4m/
USAGEPURCHASE4005,16816-587954-0006,Sling - Round - 1 t - 4 m,13.2,https://www.primesupplies.com.au/product/sling-round-fibre-1t-x-4m/
USAGEPURCHASE4003,16816-587954-0004,Sling - Round - 1 t - 4 m,13.2,https://www.primesupplies.com.au/product/sling-round-fibre-1t-x-4m/
USAGEPURCHASE4009,16816-587954-0009,Sling - Round - 1 t - 4 m,13.2,https://www.primesupplies.com.au/product/sling-round-fibre-1t-x-4m/
USAGEPURCHASE4006,16816-587954-0007,Sling - Round - 1 t - 4 m,13.2,https://www.primesupplies.com.au/product/sling-round-fibre-1t-x-4m/
USAGEPURCHASE5011,16816-587955-0016,Sling - Round - 2 t - 1 m,6,https://www.primesupplies.com.au/product-category/lifting-and-materials-handling/slings/fibre-soft-slings/round-slings/
USAGEPURCHASE5013,16816-587955-0014,Sling - Round - 2 t - 1 m,6,https://www.primesupplies.com.au/product-category/lifting-and-materials-handling/slings/fibre-soft-slings/round-slings/
USAGEPURCHASE5005,16816-587955-0019,Sling - Round - 2 t - 1 m,6,https://www.primesupplies.com.au/product-category/lifting-and-materials-handling/slings/fibre-soft-slings/round-slings/
USAGEPURCHASE5009,16816-587955-0018,Sling - Round - 2 t - 1 m,6,https://www.primesupplies.com.au/product-category/lifting-and-materials-handling/slings/fibre-soft-slings/round-slings/
USAGEPURCHASE5014,16816-587955-0013,Sling - Round - 2 t - 1 m,6,https://www.primesupplies.com.au/product-category/lifting-and-materials-handling/slings/fibre-soft-slings/round-slings/
USAGEPURCHASE5010,16816-587955-0017,Sling - Round - 2 t - 1 m,6,https://www.primesupplies.com.au/product-category/lifting-and-materials-handling/slings/fibre-soft-slings/round-slings/
USAGEPURCHASE5007,16816-587955-0020,Sling - Round - 2 t - 1 m,6,https://www.primesupplies.com.au/product-category/lifting-and-materials-handling/slings/fibre-soft-slings/round-slings/
USAGEPURCHASE5018,16816-587955-0009,Sling - Round - 2 t - 1 m,6,https://www.primesupplies.com.au/product-category/lifting-and-materials-handling/slings/fibre-soft-slings/round-slings/
USAGEPURCHASE5012,16816-587955-0015,Sling - Round - 2 t - 1 m,6,https://www.primesupplies.com.au/product-category/lifting-and-materials-handling/slings/fibre-soft-slings/round-slings/
USAGEPURCHASE5016,16816-587955-0011,Sling - Round - 2 t - 1 m,6,https://www.primesupplies.com.au/product-category/lifting-and-materials-handling/slings/fibre-soft-slings/round-slings/
USAGEPURCHASE5015,16816-587955-0012,Sling - Round - 2 t - 1 m,6,https://www.primesupplies.com.au/product-category/lifting-and-materials-handling/slings/fibre-soft-slings/round-slings/
USAGEPURCHASE5008,16816-587955-0001,Sling - Round - 2 t - 1 m,6,https://www.primesupplies.com.au/product-category/lifting-and-materials-handling/slings/fibre-soft-slings/round-slings/
USAGEPURCHASE5001,16816-587955-0002,Sling - Round - 2 t - 1 m,6,https://www.primesupplies.com.au/product-category/lifting-and-materials-handling/slings/fibre-soft-slings/round-slings/
USAGEPURCHASE5002,16816-587955-0003,Sling - Round - 2 t - 1 m,6,https://www.primesupplies.com.au/product-category/lifting-and-materials-handling/slings/fibre-soft-slings/round-slings/
USAGEPURCHASE6009,16816-587956-0009,Sling - Round - 2 t - 2 m,10.8,https://www.primesupplies.com.au/product-category/lifting-and-materials-handling/slings/fibre-soft-slings/round-slings/
USAGEPURCHASE6006,16816-587956-0007,Sling - Round - 2 t - 2 m,10.8,https://www.primesupplies.com.au/product-category/lifting-and-materials-handling/slings/fibre-soft-slings/round-slings/
USAGEPURCHASE6010,16816-587956-0010,Sling - Round - 2 t - 2 m,10.8,https://www.primesupplies.com.au/product-category/lifting-and-materials-handling/slings/fibre-soft-slings/round-slings/
USAGEPURCHASE6003,16816-587956-0004,Sling - Round - 2 t - 2 m,10.8,https://www.primesupplies.com.au/product-category/lifting-and-materials-handling/slings/fibre-soft-slings/round-slings/
USAGEPURCHASE6007,16816-587956-0008,Sling - Round - 2 t - 2 m,10.8,https://www.primesupplies.com.au/product-category/lifting-and-materials-handling/slings/fibre-soft-slings/round-slings/
USAGEPURCHASE6004,16816-587956-0005,Sling - Round - 2 t - 2 m,10.8,https://www.primesupplies.com.au/product-category/lifting-and-materials-handling/slings/fibre-soft-slings/round-slings/
USAGEPURCHASE7007,16816-587957-0007,Sling - Round - 2 t - 3 m,16.4,https://www.primesupplies.com.au/product/sling-round-fibre-2t-x-3m/
USAGEPURCHASE7006,16816-587957-0001,Sling - Round - 2 t - 3 m,16.4,https://www.primesupplies.com.au/product/sling-round-fibre-2t-x-3m/
USAGEPURCHASE7010,16816-587957-0009,Sling - Round - 2 t - 3 m,16.4,https://www.primesupplies.com.au/product/sling-round-fibre-2t-x-3m/
USAGEPURCHASE7004,16816-587957-0005,Sling - Round - 2 t - 3 m,16.4,https://www.primesupplies.com.au/product/sling-round-fibre-2t-x-3m/
USAGEPURCHASE7003,16816-587957-0004,Sling - Round - 2 t - 3 m,16.4,https://www.primesupplies.com.au/product/sling-round-fibre-2t-x-3m/
USAGEPURCHASE7008,16816-587957-0008,Sling - Round - 2 t - 3 m,16.4,https://www.primesupplies.com.au/product/sling-round-fibre-2t-x-3m/
USAGEPURCHASE7009,16816-587957-0010,Sling - Round - 2 t - 3 m,16.4,https://www.primesupplies.com.au/product/sling-round-fibre-2t-x-3m/
USAGEPURCHASE7005,16816-587957-0006,Sling - Round - 2 t - 3 m,16.4,https://www.primesupplies.com.au/product/sling-round-fibre-2t-x-3m/
USAGEPURCHASE8007,16816-587958-0002,Sling - Round - 2 t - 4 m,22.35,https://www.primesupplies.com.au/product/sling-round-fibre-2t-x-4m/
USAGEPURCHASE8005,16816-587958-0004,Sling - Round - 2 t - 4 m,22.35,https://www.primesupplies.com.au/product/sling-round-fibre-2t-x-4m/
USAGEPURCHASE8004,16816-587958-0005,Sling - Round - 2 t - 4 m,22.35,https://www.primesupplies.com.au/product/sling-round-fibre-2t-x-4m/
USAGEPURCHASE8006,16816-587958-0003,Sling - Round - 2 t - 4 m,22.35,https://www.primesupplies.com.au/product/sling-round-fibre-2t-x-4m/
USAGEPURCHASE8001,16816-587958-0008,Sling - Round - 2 t - 4 m,22.35,https://www.primesupplies.com.au/product/sling-round-fibre-2t-x-4m/
USAGEPURCHASE8003,16816-587958-0006,Sling - Round - 2 t - 4 m,22.35,https://www.primesupplies.com.au/product/sling-round-fibre-2t-x-4m/
USAGEPURCHASE8002,16816-587958-0007,Sling - Round - 2 t - 4 m,22.35,https://www.primesupplies.com.au/product/sling-round-fibre-2t-x-4m/
USAGEPURCHASE9012,16816-587959-0013,Sling - Round - 3 t - 1 m,7.95,https://www.primesupplies.com.au/product-category/lifting-and-materials-handling/slings/fibre-soft-slings/round-slings/
USAGEPURCHASE9011,16816-587959-0012,Sling - Round - 3 t - 1 m,7.95,https://www.primesupplies.com.au/product-category/lifting-and-materials-handling/slings/fibre-soft-slings/round-slings/
USAGEPURCHASE9006,16816-587959-0003,Sling - Round - 3 t - 1 m,7.95,https://www.primesupplies.com.au/product-category/lifting-and-materials-handling/slings/fibre-soft-slings/round-slings/
USAGEPURCHASE9005,16816-587959-0005,Sling - Round - 3 t - 1 m,7.95,https://www.primesupplies.com.au/product-category/lifting-and-materials-handling/slings/fibre-soft-slings/round-slings/
USAGEPURCHASE9003,16816-587959-0006,Sling - Round - 3 t - 1 m,7.95,https://www.primesupplies.com.au/product-category/lifting-and-materials-handling/slings/fibre-soft-slings/round-slings/
USAGEPURCHASE9013,16816-587959-0014,Sling - Round - 3 t - 1 m,7.95,https://www.primesupplies.com.au/product-category/lifting-and-materials-handling/slings/fibre-soft-slings/round-slings/
USAGEPURCHASE9002,16816-587959-0002,Sling - Round - 3 t - 1 m,7.95,https://www.primesupplies.com.au/product-category/lifting-and-materials-handling/slings/fibre-soft-slings/round-slings/
USAGEPURCHASE9009,16816-587959-0010,Sling - Round - 3 t - 1 m,7.95,https://www.primesupplies.com.au/product-category/lifting-and-materials-handling/slings/fibre-soft-slings/round-slings/
USAGEPURCHASE9008,16816-587959-0009,Sling - Round - 3 t - 1 m,7.95,https://www.primesupplies.com.au/product-category/lifting-and-materials-handling/slings/fibre-soft-slings/round-slings/
USAGEPURCHASE9004,16816-587959-0007,Sling - Round - 3 t - 1 m,7.95,https://www.primesupplies.com.au/product-category/lifting-and-materials-handling/slings/fibre-soft-slings/round-slings/
USAGEPURCHASE9007,16816-587959-0001,Sling - Round - 3 t - 1 m,7.95,https://www.primesupplies.com.au/product-category/lifting-and-materials-handling/slings/fibre-soft-slings/round-slings/
USAGEPURCHASE9014,16816-587959-0008,Sling - Round - 3 t - 1 m,7.95,https://www.primesupplies.com.au/product-category/lifting-and-materials-handling/slings/fibre-soft-slings/round-slings/
USAGEPURCHASE9001,16816-587959-0004,Sling - Round - 3 t - 1 m,7.95,https://www.primesupplies.com.au/product-category/lifting-and-materials-handling/slings/fibre-soft-slings/round-slings/
USAGEPURCHASE9010,16816-587959-0011,Sling - Round - 3 t - 1 m,7.95,https://www.primesupplies.com.au/product-category/lifting-and-materials-handling/slings/fibre-soft-slings/round-slings/
USAGEPURCHASE10006,16816-587960-0007,Sling - Round - 3 t - 2 m,14.95,https://www.primesupplies.com.au/product-category/lifting-and-materials-handling/slings/fibre-soft-slings/round-slings/
USAGEPURCHASE10001,16816-587960-0009,Sling - Round - 3 t - 2 m,14.95,https://www.primesupplies.com.au/product-category/lifting-and-materials-handling/slings/fibre-soft-slings/round-slings/
USAGEPURCHASE10002,16816-587960-0003,Sling - Round - 3 t - 2 m,14.95,https://www.primesupplies.com.au/product-category/lifting-and-materials-handling/slings/fibre-soft-slings/round-slings/
USAGEPURCHASE10005,16816-587960-0006,Sling - Round - 3 t - 2 m,14.95,https://www.primesupplies.com.au/product-category/lifting-and-materials-handling/slings/fibre-soft-slings/round-slings/
USAGEPURCHASE10004,16816-587960-0005,Sling - Round - 3 t - 2 m,14.95,https://www.primesupplies.com.au/product-category/lifting-and-materials-handling/slings/fibre-soft-slings/round-slings/
USAGEPURCHASE10007,16816-587960-0008,Sling - Round - 3 t - 2 m,14.95,https://www.primesupplies.com.au/product-category/lifting-and-materials-handling/slings/fibre-soft-slings/round-slings/
USAGEPURCHASE10009,16816-587960-0010,Sling - Round - 3 t - 2 m,14.95,https://www.primesupplies.com.au/product-category/lifting-and-materials-handling/slings/fibre-soft-slings/round-slings/
USAGEPURCHASE10010,16816-587960-0002,Sling - Round - 3 t - 2 m,14.95,https://www.primesupplies.com.au/product-category/lifting-and-materials-handling/slings/fibre-soft-slings/round-slings/
USAGEPURCHASE11010,16816-587961-0010,Sling - Round - 3 t - 3 m,22.1,https://www.primesupplies.com.au/product-category/lifting-and-materials-handling/slings/fibre-soft-slings/round-slings/
USAGEPURCHASE11005,16816-587961-0005,Sling - Round - 3 t - 3 m,22.1,https://www.primesupplies.com.au/product-category/lifting-and-materials-handling/slings/fibre-soft-slings/round-slings/
USAGEPURCHASE11008,16816-587961-0008,Sling - Round - 3 t - 3 m,22.1,https://www.primesupplies.com.au/product-category/lifting-and-materials-handling/slings/fibre-soft-slings/round-slings/
USAGEPURCHASE11009,16816-587961-0009,Sling - Round - 3 t - 3 m,22.1,https://www.primesupplies.com.au/product-category/lifting-and-materials-handling/slings/fibre-soft-slings/round-slings/
USAGEPURCHASE11002,16816-587961-0003,Sling - Round - 3 t - 3 m,22.1,https://www.primesupplies.com.au/product-category/lifting-and-materials-handling/slings/fibre-soft-slings/round-slings/
USAGEPURCHASE11007,16816-587961-0007,Sling - Round - 3 t - 3 m,22.1,https://www.primesupplies.com.au/product-category/lifting-and-materials-handling/slings/fibre-soft-slings/round-slings/
USAGEPURCHASE11001,16816-587961-0002,Sling - Round - 3 t - 3 m,22.1,https://www.primesupplies.com.au/product-category/lifting-and-materials-handling/slings/fibre-soft-slings/round-slings/
USAGEPURCHASE11006,16816-587961-0006,Sling - Round - 3 t - 3 m,22.1,https://www.primesupplies.com.au/product-category/lifting-and-materials-handling/slings/fibre-soft-slings/round-slings/
USAGEPURCHASE11003,16816-587961-0004,Sling - Round - 3 t - 3 m,22.1,https://www.primesupplies.com.au/product-category/lifting-and-materials-handling/slings/fibre-soft-slings/round-slings/
USAGEPURCHASE11004,16816-587961-0001,Sling - Round - 3 t - 3 m,22.1,https://www.primesupplies.com.au/product-category/lifting-and-materials-handling/slings/fibre-soft-slings/round-slings/
USAGEPURCHASE12001,16816-587962-0002,Sling - Round - 3 t - 4 m,29.9,https://www.primesupplies.com.au/product/sling-round-fibre-3t-x-4m/
USAGEPURCHASE12007,16816-587962-0007,Sling - Round - 3 t - 4 m,29.9,https://www.primesupplies.com.au/product/sling-round-fibre-3t-x-4m/
USAGEPURCHASE12006,16816-587962-0006,Sling - Round - 3 t - 4 m,29.9,https://www.primesupplies.com.au/product/sling-round-fibre-3t-x-4m/
USAGEPURCHASE12003,16816-587962-0008,Sling - Round - 3 t - 4 m,29.9,https://www.primesupplies.com.au/product/sling-round-fibre-3t-x-4m/
USAGEPURCHASE12002,16816-587962-0003,Sling - Round - 3 t - 4 m,29.9,https://www.primesupplies.com.au/product/sling-round-fibre-3t-x-4m/
USAGEPURCHASE12004,16816-587962-0004,Sling - Round - 3 t - 4 m,29.9,https://www.primesupplies.com.au/product/sling-round-fibre-3t-x-4m/
USAGEPURCHASE12005,16816-587962-0005,Sling - Round - 3 t - 4 m,29.9,https://www.primesupplies.com.au/product/sling-round-fibre-3t-x-4m/
USAGEPURCHASE13009,16816-587963-0001,Sling - Round - 3 t - 6 m,41.1,https://www.primesupplies.com.au/product/sling-round-fibre-3t-x-6m/
USAGEPURCHASE13006,16816-587963-0004,Sling - Round - 3 t - 6 m,41.1,https://www.primesupplies.com.au/product/sling-round-fibre-3t-x-6m/
USAGEPURCHASE13007,16816-587963-0003,Sling - Round - 3 t - 6 m,41.1,https://www.primesupplies.com.au/product/sling-round-fibre-3t-x-6m/
USAGEPURCHASE13003,16816-587963-0007,Sling - Round - 3 t - 6 m,41.1,https://www.primesupplies.com.au/product/sling-round-fibre-3t-x-6m/
USAGEPURCHASE13008,16816-587963-0002,Sling - Round - 3 t - 6 m,41.1,https://www.primesupplies.com.au/product/sling-round-fibre-3t-x-6m/
USAGEPURCHASE13004,16816-587963-0006,Sling - Round - 3 t - 6 m,41.1,https://www.primesupplies.com.au/product/sling-round-fibre-3t-x-6m/
COATESEQUIPMENT064,16816-578700-0003,Exhaust Fan - Electric - 300 mm,297.7,https://www.fanmaster.com.au/product/masterfans-portable-ventilator/
COATESEQUIPMENT063,16816-578700-0002,Exhaust Fan - Electric - 300 mm,297.7,https://www.fanmaster.com.au/product/masterfans-portable-ventilator/
COATESEQUIPMENT066,16816-578700-0005,Exhaust Fan - Electric - 300 mm,297.7,https://www.fanmaster.com.au/product/masterfans-portable-ventilator/
COATESEQUIPMENT059,16816-578700-0010,Exhaust Fan - Electric - 300 mm,297.7,https://www.fanmaster.com.au/product/masterfans-portable-ventilator/
COATESEQUIPMENT060,16816-578700-0008,Exhaust Fan - Electric - 300 mm,297.7,https://www.fanmaster.com.au/product/masterfans-portable-ventilator/
COATESEQUIPMENT061,16816-578700-0007,Exhaust Fan - Electric - 300 mm,297.7,https://www.fanmaster.com.au/product/masterfans-portable-ventilator/
COATESEQUIPMENT072,16816-578697-0002,Spray Gun - Air - 2.0 mm - 1 L - Suction Feed - Star,155,https://www.totaltools.com.au/26094-star-1l-2mm-suction-feed-air-spray-gun-s77031s
COATESEQUIPMENT062,16816-578700-0001,Exhaust Fan - Electric - 300 mm,297.7,https://www.fanmaster.com.au/product/masterfans-portable-ventilator/
COATESEQUIPMENT065,16816-578700-0004,Exhaust Fan - Electric - 300 mm,297.7,https://www.fanmaster.com.au/product/masterfans-portable-ventilator/
COATESEQUIPMENT068,16816-578700-0006,Exhaust Fan - Electric - 300 mm,297.7,https://www.fanmaster.com.au/product/masterfans-portable-ventilator/
COATESEQUIPMENT067,16816-578700-0009,Exhaust Fan - Electric - 300 mm,297.7,https://www.fanmaster.com.au/product/masterfans-portable-ventilator/
COATESEQUIPMENT008,16816-578669-0001,34 mm Spanner,55,Kincrome via Total Tools
COATESEQUIPMENT019,16816-578673-0003,34 mm Spanner,55,Kincrome via Total Tools
COATESEQUIPMENT020,16816-578673-0004,34 mm Spanner,55,Kincrome via Total Tools
COATESEQUIPMENT028,16816-578680-0001,2 t Girder Clamp,102.9,https://penrithsafety.com.au/product/girder-clamp-2/
COATESEQUIPMENT030,16816-578681-0001,2 t Girder Clamp,102.9,https://penrithsafety.com.au/product/girder-clamp-2/
COATESEQUIPMENT031,16816-578682-0001,2 t Girder Clamp,102.9,https://penrithsafety.com.au/product/girder-clamp-2/
COATESEQUIPMENT033,16816-578683-0001,2 t Girder Clamp,102.9,https://penrithsafety.com.au/product/girder-clamp-2/
COATESEQUIPMENT029,16816-578685-0001,2 t Girder Clamp,102.9,https://penrithsafety.com.au/product/girder-clamp-2/
COATESEQUIPMENT035,16816-578686-0001,5 t Girder Clamp,240,https://rkaindustrialsolutions.com.au/product/girder-clamp-model-gc01/
COATESEQUIPMENT034,16816-578688-0001,5 t Girder Clamp,240,https://rkaindustrialsolutions.com.au/product/girder-clamp-model-gc01/
COATESEQUIPMENT037,16816-578689-0001,5 t Girder Clamp,240,https://rkaindustrialsolutions.com.au/product/girder-clamp-model-gc01/
COATESEQUIPMENT044,16816-578698-0001,Milwaukee 10 mm Angle Drill,329,RENTAL_STOCK_22_07_2026_CANONICAL.xlsx / REPLACEMENT_COSTS
COATESEQUIPMENT071,16816-578702-0001,Dial Gauge,85,Mitutoyo via Total Tools
COATESEQUIPMENT055,16816-578707-0001,Ridgid Pipe Cutter 6–66 mm,150,Estimated based on Ridgid pipe cutters
COATESEQUIPMENT056,16816-578707-0002,Ridgid Pipe Cutter 6–66 mm,150,Estimated based on Ridgid pipe cutters
SUBHARVEY002,16816-590535-0001,Welding Air Vantage Diesel 500(HGA014),,
SUBHARVEY001,16816-590736-0001,Welding Air Vantage Diesel 500(HGA032),,
SUBHARVEY005,16816-590737-0001,Welding Vantage Diesel 500(HGA009),,
SUBHARVEY007,16816-590738-0001,Welding Vantage Diesel 500(HGA044),,
SUBHARVEY003,16816-590739-0001,Welding Vantage Diesel 580 (HGA047),,
SUBHARVEY008,16816-590740-0001,Welding Vantage Diesel 580(HGA035),,
SUBHARVEY006,16816-590741-0001,Welding Vantage Diesel 580(HGA041,,
SUBHARVEY004,16816-590742-0001,Welding Vantage Diesel 580(HGA042),,
1257525,1257525,Scissor Lift With Operator Protection 19ft (5.7m)  Electric - Greener Choice,,
1247956,1247956,Scissor Lift With Operator Protection 32ft (9.7m)  Electric,,
1221712,1221712,Knuckle Boom 130ft (39.5M) - Diesel,,
1036936,1036936,Air Chipping Hammer,629,https://www.totaltools.com.au/182918-chicago-pneumatic-2500bpm-pistol-grip-air-chipping-hammer-cp7165k
1118715,1118715,Air Chipping Hammer,629,https://www.totaltools.com.au/182918-chicago-pneumatic-2500bpm-pistol-grip-air-chipping-hammer-cp7165k
1219260,1219260,Breaker - Air - Light,1493.8,https://airtoolswa.com.au/atlas-copco-5-5kg-pneumatic-hammer-tex05p/
1199402,1199402,Breaker - Air - Light,1493.8,https://airtoolswa.com.au/atlas-copco-5-5kg-pneumatic-hammer-tex05p/
1041043,1041043,Air Needle Gun,561,https://www.totaltools.com.au/120646-sp-air-12-composite-air-needle-scaler-sp2472
1218490,1218490,Scabbler - Air - 3 Head,679.99,https://www.capsshop.com.au/air-tools/air-sanders-polishers-scalers/air-scaling-hammer
224664,224664,"1/2"" Drive Air Impact Wrench",499,https://www.totaltools.com.au/22467-chicago-pneumatic-1-2inch-air-impact-wrench-cp734h
1236788,1236788,Air Needle Gun,561,https://www.totaltools.com.au/120646-sp-air-12-composite-air-needle-scaler-sp2472
1194249,1194249,Air Needle Gun,561,https://www.totaltools.com.au/120646-sp-air-12-composite-air-needle-scaler-sp2472
1199620,1199620,Impact Wrench - Air - 25 mm,2399,https://www.totaltools.com.au/182946-chicago-pneumatic-1inch-drive-air-impact-wrench-cp7776
1170937,1170937,Impact Wrench - Air - 25 mm,2399,https://www.totaltools.com.au/182946-chicago-pneumatic-1inch-drive-air-impact-wrench-cp7776
1163026,1163026,Impact Wrench - Air - 25 mm,2399,https://www.totaltools.com.au/182946-chicago-pneumatic-1inch-drive-air-impact-wrench-cp7776
216C,216C,Impact Wrench - Air - 38 mm,3080,https://www.primesupplies.com.au/product/1-1-2-super-duty-impact-wrench/
1199619,1199619,Impact Wrench - Air - 25 mm,2399,https://www.totaltools.com.au/182946-chicago-pneumatic-1inch-drive-air-impact-wrench-cp7776
1170936,1170936,Impact Wrench - Air - 25 mm,2399,https://www.totaltools.com.au/182946-chicago-pneumatic-1inch-drive-air-impact-wrench-cp7776
1199624,1199624,Impact Wrench - Air - 25 mm,2399,https://www.totaltools.com.au/182946-chicago-pneumatic-1inch-drive-air-impact-wrench-cp7776
1218387,1218387,Impact Wrench - Air - 19 mm,486,https://www.totaltools.com.au/150598-itm-3-4-drive-1200nm-4200rpm-pistol-grip-air-impact-wrench-tm340-145
1218383,1218383,Impact Wrench - Air - 19 mm,486,https://www.totaltools.com.au/150598-itm-3-4-drive-1200nm-4200rpm-pistol-grip-air-impact-wrench-tm340-145
1218404,1218404,Impact Wrench - Air - 19 mm,486,https://www.totaltools.com.au/150598-itm-3-4-drive-1200nm-4200rpm-pistol-grip-air-impact-wrench-tm340-145
1218391,1218391,Impact Wrench - Air - 19 mm,486,https://www.totaltools.com.au/150598-itm-3-4-drive-1200nm-4200rpm-pistol-grip-air-impact-wrench-tm340-145
1236790,1236790,Scabbler - Air - 3 Head,679.99,https://www.capsshop.com.au/air-tools/air-sanders-polishers-scalers/air-scaling-hammer
1183514,1183514,Air Needle Gun,561,https://www.totaltools.com.au/120646-sp-air-12-composite-air-needle-scaler-sp2472
1218455,1218455,Air Needle Gun,561,https://www.totaltools.com.au/120646-sp-air-12-composite-air-needle-scaler-sp2472
1265441,1265441,Manifold - Air - 19 mm,1349,https://airtoolswa.com.au/airquip-air-distribution-manifold-6-port-air-pig-6-litre-capacity-with-minsups-aqm6-min/
1265442,1265442,Manifold - Air - 19 mm,1349,https://airtoolswa.com.au/airquip-air-distribution-manifold-6-port-air-pig-6-litre-capacity-with-minsups-aqm6-min/
1265448,1265448,Manifold - Air - 19 mm,1349,https://airtoolswa.com.au/airquip-air-distribution-manifold-6-port-air-pig-6-litre-capacity-with-minsups-aqm6-min/
1265453,1265453,Manifold - Air - 19 mm,1349,https://airtoolswa.com.au/airquip-air-distribution-manifold-6-port-air-pig-6-litre-capacity-with-minsups-aqm6-min/
1265460,1265460,Manifold - Air - 19 mm,1349,https://airtoolswa.com.au/airquip-air-distribution-manifold-6-port-air-pig-6-litre-capacity-with-minsups-aqm6-min/
1224327,1224327,Bull Hose Std - 50MM (2in) - 7.5Mtr,,
1142988,1142988,Bull Hose Std - 50MM (2in) - 7.5Mtr,,
1142981,1142981,Bull Hose Std - 50MM (2in) - 7.5Mtr,,
1142982,1142982,Bull Hose Std - 50MM (2in) - 7.5Mtr,,
1189303,1189303,Compressor 1050CFM (Diesel),,
1217089,1217089,Heavy-Duty Wheelbarrow,369,https://www.gasweld.com.au/wheelbarrow-heavy-trade-steel-tray-100-lite-4-8-flat-free-wheel
1217090,1217090,Heavy-Duty Wheelbarrow,369,https://www.gasweld.com.au/wheelbarrow-heavy-trade-steel-tray-100-lite-4-8-flat-free-wheel
1217091,1217091,Heavy-Duty Wheelbarrow,369,https://www.gasweld.com.au/wheelbarrow-heavy-trade-steel-tray-100-lite-4-8-flat-free-wheel
1217093,1217093,Heavy-Duty Wheelbarrow,369,https://www.gasweld.com.au/wheelbarrow-heavy-trade-steel-tray-100-lite-4-8-flat-free-wheel
1217094,1217094,Heavy-Duty Wheelbarrow,369,https://www.gasweld.com.au/wheelbarrow-heavy-trade-steel-tray-100-lite-4-8-flat-free-wheel
1217099,1217099,Heavy-Duty Wheelbarrow,369,https://www.gasweld.com.au/wheelbarrow-heavy-trade-steel-tray-100-lite-4-8-flat-free-wheel
1240624,1240624,Heavy-Duty Wheelbarrow,369,https://www.gasweld.com.au/wheelbarrow-heavy-trade-steel-tray-100-lite-4-8-flat-free-wheel
1167105,1167105,Heavy-Duty Wheelbarrow,369,https://www.gasweld.com.au/wheelbarrow-heavy-trade-steel-tray-100-lite-4-8-flat-free-wheel
1167104,1167104,Heavy-Duty Wheelbarrow,369,https://www.gasweld.com.au/wheelbarrow-heavy-trade-steel-tray-100-lite-4-8-flat-free-wheel
1167112,1167112,Heavy-Duty Wheelbarrow,369,https://www.gasweld.com.au/wheelbarrow-heavy-trade-steel-tray-100-lite-4-8-flat-free-wheel
1167113,1167113,Heavy-Duty Wheelbarrow,369,https://www.gasweld.com.au/wheelbarrow-heavy-trade-steel-tray-100-lite-4-8-flat-free-wheel
1167117,1167117,Heavy-Duty Wheelbarrow,369,https://www.gasweld.com.au/wheelbarrow-heavy-trade-steel-tray-100-lite-4-8-flat-free-wheel
1167119,1167119,Heavy-Duty Wheelbarrow,369,https://www.gasweld.com.au/wheelbarrow-heavy-trade-steel-tray-100-lite-4-8-flat-free-wheel
1253445,1253445,Breaker - Electric - Small - 0 to 7.9 kg,1039,https://www.totaltools.com.au/42114-bosch-1150w-6kg-sds-max-demolition-hammer-0611321040
1220765,1220765,Breaker Drill - Electric - Small - 0 to 5.5 kg,699,https://www.totaltools.com.au/69356-bosch-900w-sds-3-mode-4-7kg-rotary-hammer-0611332141
1253403,1253403,Breaker Drill - Electric - Small - 0 to 5.5 kg,699,https://www.totaltools.com.au/69356-bosch-900w-sds-3-mode-4-7kg-rotary-hammer-0611332141
1215100,1215100,Breaker Drill - Electric - Small - 0 to 5.5 kg,699,https://www.totaltools.com.au/69356-bosch-900w-sds-3-mode-4-7kg-rotary-hammer-0611332141
1253442,1253442,Breaker - Electric - Small - 0 to 7.9 kg,1039,https://www.totaltools.com.au/42114-bosch-1150w-6kg-sds-max-demolition-hammer-0611321040
1252734,1252734,Breaker Drill - Electric - Small - 0 to 5.5 kg,699,https://www.totaltools.com.au/69356-bosch-900w-sds-3-mode-4-7kg-rotary-hammer-0611332141
1229487,1229487,Excavator Mud Bucket 1000mm,,
1229501,1229501,Excavator Bucket 450mm,,
1203928,1203928,Excavator Bucket 300mm,,
1226186,1226186,Mini Excavator 1.7t,,
1231552,1231552,Water Blaster - 3000 PSI Mobile On Trailer (Diesel),,
1199534,1199534,Vacuum Cleaner 30 L Electric,849,https://www.totaltools.com.au/203842-metabo-1200w-30l-m-class-wet-dry-vacuum-602087190
1199533,1199533,Vacuum Cleaner 30 L Electric,849,https://www.totaltools.com.au/203842-metabo-1200w-30l-m-class-wet-dry-vacuum-602087190
1216123,1216123,Vacuum Cleaner 30 L Electric,849,https://www.totaltools.com.au/203842-metabo-1200w-30l-m-class-wet-dry-vacuum-602087190
PURGEMONMONITOR-0027,PURGEMONMONITOR-0027,Purge Monitor,925.65,https://orbimax.com.au/products/orbimax-purge-1000-oxygen-analyser-set
PURGEMONMONITOR-0017,PURGEMONMONITOR-0017,Purge Monitor,925.65,https://orbimax.com.au/products/orbimax-purge-1000-oxygen-analyser-set
1165815,1165815,Ladder - Step Fibreglass 1.8 m,335,https://www.bunnings.com.au/indalex-1-8m-industrial-fibreglass-180kg-pro-series-single-sided-step-ladder_p0860775
1215837,1215837,Ladder - Platform Step Fibreglass 1.2 m,674,https://www.bunnings.com.au/bailey-1-2m-150kg-p150-fibreglass-platform-ladder_p0430294
1165743,1165743,Ladder - Platform Step Fibreglass 0.86 m,614,https://www.bunnings.com.au/bailey-0-9m-150kg-p150-fibreglass-platform-ladder_p0430291
1165748,1165748,Ladder - Platform Step Fibreglass 0.86 m,614,https://www.bunnings.com.au/bailey-0-9m-150kg-p150-fibreglass-platform-ladder_p0430291
1165734,1165734,Ladder - Platform Step Fibreglass 0.86 m,614,https://www.bunnings.com.au/bailey-0-9m-150kg-p150-fibreglass-platform-ladder_p0430291
1263419,1263419,"Milwaukee 3,000 lm Telescopic LED Battery Light - 2.10 m",713.9,RENTAL_STOCK_22_07_2026_CANONICAL.xlsx / REPLACEMENT_COSTS
1263413,1263413,"Milwaukee 3,000 lm Telescopic LED Battery Light - 2.10 m",713.9,RENTAL_STOCK_22_07_2026_CANONICAL.xlsx / REPLACEMENT_COSTS
1263424,1263424,"Milwaukee 3,000 lm Telescopic LED Battery Light - 2.10 m",713.9,RENTAL_STOCK_22_07_2026_CANONICAL.xlsx / REPLACEMENT_COSTS
1219855,1219855,Twin Head LED Floodlight - 2 × 20 W,149,https://www.lasoo.com.au/products/kg-group/945777/ultracharge-2x-20w-led-twin-floodlight-outdoor-workflood-light-w-16m-stand
1219846,1219846,Twin Head LED Floodlight - 2 × 20 W,149,https://www.lasoo.com.au/products/kg-group/945777/ultracharge-2x-20w-led-twin-floodlight-outdoor-workflood-light-w-16m-stand
1219839,1219839,Twin Head LED Floodlight - 2 × 20 W,149,https://www.lasoo.com.au/products/kg-group/945777/ultracharge-2x-20w-led-twin-floodlight-outdoor-workflood-light-w-16m-stand
1219834,1219834,Twin Head LED Floodlight - 2 × 20 W,149,https://www.lasoo.com.au/products/kg-group/945777/ultracharge-2x-20w-led-twin-floodlight-outdoor-workflood-light-w-16m-stand
1219880,1219880,Twin Head LED Floodlight - 2 × 20 W,149,https://www.lasoo.com.au/products/kg-group/945777/ultracharge-2x-20w-led-twin-floodlight-outdoor-workflood-light-w-16m-stand
1219879,1219879,Twin Head LED Floodlight - 2 × 20 W,149,https://www.lasoo.com.au/products/kg-group/945777/ultracharge-2x-20w-led-twin-floodlight-outdoor-workflood-light-w-16m-stand
1219876,1219876,Twin Head LED Floodlight - 2 × 20 W,149,https://www.lasoo.com.au/products/kg-group/945777/ultracharge-2x-20w-led-twin-floodlight-outdoor-workflood-light-w-16m-stand
1219874,1219874,Twin Head LED Floodlight - 2 × 20 W,149,https://www.lasoo.com.au/products/kg-group/945777/ultracharge-2x-20w-led-twin-floodlight-outdoor-workflood-light-w-16m-stand
1219869,1219869,Twin Head LED Floodlight - 2 × 20 W,149,https://www.lasoo.com.au/products/kg-group/945777/ultracharge-2x-20w-led-twin-floodlight-outdoor-workflood-light-w-16m-stand
1219881,1219881,Twin Head LED Floodlight - 2 × 20 W,149,https://www.lasoo.com.au/products/kg-group/945777/ultracharge-2x-20w-led-twin-floodlight-outdoor-workflood-light-w-16m-stand
1219882,1219882,Twin Head LED Floodlight - 2 × 20 W,149,https://www.lasoo.com.au/products/kg-group/945777/ultracharge-2x-20w-led-twin-floodlight-outdoor-workflood-light-w-16m-stand
1219885,1219885,Twin Head LED Floodlight - 2 × 20 W,149,https://www.lasoo.com.au/products/kg-group/945777/ultracharge-2x-20w-led-twin-floodlight-outdoor-workflood-light-w-16m-stand
1219889,1219889,Twin Head LED Floodlight - 2 × 20 W,149,https://www.lasoo.com.au/products/kg-group/945777/ultracharge-2x-20w-led-twin-floodlight-outdoor-workflood-light-w-16m-stand
1229297,1229297,Lighting Tower LED 170-240k Lumens Mine Spec,,
1229366,1229366,Lighting Tower LED 170-240k Lumens Mine Spec,,
1219222,1219222,Lighting Tower POD Metro,,
1219218,1219218,Lighting Tower POD Metro,,
1226154,1226154,Lighting Tower LED Cube Diesel,,
BOWSHACKALL6 T-0019,BOWSHACKALL6 T-0019,Shackle - Bow - Alloy - 6 t,16.35,https://www.primesupplies.com.au/product/bow-shackle-6-5t-grade-s/
BOWSHACKALL1 T-0044,BOWSHACKALL1 T-0044,Shackle - Bow - Alloy - 1 t,2.95,https://www.primesupplies.com.au/product-category/lifting-and-materials-handling/shackles/
BOWSHACKALL1 T-0045,BOWSHACKALL1 T-0045,Shackle - Bow - Alloy - 1 t,2.95,https://www.primesupplies.com.au/product-category/lifting-and-materials-handling/shackles/
BOWSHACKALL1 T-0046,BOWSHACKALL1 T-0046,Shackle - Bow - Alloy - 1 t,2.95,https://www.primesupplies.com.au/product-category/lifting-and-materials-handling/shackles/
BOWSHACKALL1 T-0047,BOWSHACKALL1 T-0047,Shackle - Bow - Alloy - 1 t,2.95,https://www.primesupplies.com.au/product-category/lifting-and-materials-handling/shackles/
BOWSHACKALL1 T-0048,BOWSHACKALL1 T-0048,Shackle - Bow - Alloy - 1 t,2.95,https://www.primesupplies.com.au/product-category/lifting-and-materials-handling/shackles/
BOWSHACKALL1 T-0049,BOWSHACKALL1 T-0049,Shackle - Bow - Alloy - 1 t,2.95,https://www.primesupplies.com.au/product-category/lifting-and-materials-handling/shackles/
BOWSHACKALL1 T-0051,BOWSHACKALL1 T-0051,Shackle - Bow - Alloy - 1 t,2.95,https://www.primesupplies.com.au/product-category/lifting-and-materials-handling/shackles/
BOWSHACKALL1 T-0052,BOWSHACKALL1 T-0052,Shackle - Bow - Alloy - 1 t,2.95,https://www.primesupplies.com.au/product-category/lifting-and-materials-handling/shackles/
BOWSHACKALL1 T-0053,BOWSHACKALL1 T-0053,Shackle - Bow - Alloy - 1 t,2.95,https://www.primesupplies.com.au/product-category/lifting-and-materials-handling/shackles/
BOWSHACKALL1 T-0054,BOWSHACKALL1 T-0054,Shackle - Bow - Alloy - 1 t,2.95,https://www.primesupplies.com.au/product-category/lifting-and-materials-handling/shackles/
BOWSHACKALL1 T-0055,BOWSHACKALL1 T-0055,Shackle - Bow - Alloy - 1 t,2.95,https://www.primesupplies.com.au/product-category/lifting-and-materials-handling/shackles/
BOWSHACKALL1 T-0056,BOWSHACKALL1 T-0056,Shackle - Bow - Alloy - 1 t,2.95,https://www.primesupplies.com.au/product-category/lifting-and-materials-handling/shackles/
BOWSHACKALL1 T-0057,BOWSHACKALL1 T-0057,Shackle - Bow - Alloy - 1 t,2.95,https://www.primesupplies.com.au/product-category/lifting-and-materials-handling/shackles/
BOWSHACKALL1 T-0058,BOWSHACKALL1 T-0058,Shackle - Bow - Alloy - 1 t,2.95,https://www.primesupplies.com.au/product-category/lifting-and-materials-handling/shackles/
BOWSHACKALL1 T-0060,BOWSHACKALL1 T-0060,Shackle - Bow - Alloy - 1 t,2.95,https://www.primesupplies.com.au/product-category/lifting-and-materials-handling/shackles/
BOWSHACKALL1 T-0061,BOWSHACKALL1 T-0061,Shackle - Bow - Alloy - 1 t,2.95,https://www.primesupplies.com.au/product-category/lifting-and-materials-handling/shackles/
BOWSHACKALL1 T-0062,BOWSHACKALL1 T-0062,Shackle - Bow - Alloy - 1 t,2.95,https://www.primesupplies.com.au/product-category/lifting-and-materials-handling/shackles/
BOWSHACKALL1 T-0063,BOWSHACKALL1 T-0063,Shackle - Bow - Alloy - 1 t,2.95,https://www.primesupplies.com.au/product-category/lifting-and-materials-handling/shackles/
BOWSHACKALL1 T-0064,BOWSHACKALL1 T-0064,Shackle - Bow - Alloy - 1 t,2.95,https://www.primesupplies.com.au/product-category/lifting-and-materials-handling/shackles/
BOWSHACKALL1 T-0065,BOWSHACKALL1 T-0065,Shackle - Bow - Alloy - 1 t,2.95,https://www.primesupplies.com.au/product-category/lifting-and-materials-handling/shackles/
BOWSHACKALL1 T-0066,BOWSHACKALL1 T-0066,Shackle - Bow - Alloy - 1 t,2.95,https://www.primesupplies.com.au/product-category/lifting-and-materials-handling/shackles/
BOWSHACKALL1 T-0067,BOWSHACKALL1 T-0067,Shackle - Bow - Alloy - 1 t,2.95,https://www.primesupplies.com.au/product-category/lifting-and-materials-handling/shackles/
BOWSHACKALL1 T-0068,BOWSHACKALL1 T-0068,Shackle - Bow - Alloy - 1 t,2.95,https://www.primesupplies.com.au/product-category/lifting-and-materials-handling/shackles/
BOWSHACKALL1 T-0069,BOWSHACKALL1 T-0069,Shackle - Bow - Alloy - 1 t,2.95,https://www.primesupplies.com.au/product-category/lifting-and-materials-handling/shackles/
BOWSHACKALL1 T-0070,BOWSHACKALL1 T-0070,Shackle - Bow - Alloy - 1 t,2.95,https://www.primesupplies.com.au/product-category/lifting-and-materials-handling/shackles/
1115202,1115202,Girder Clamp - 3 t,215,https://www.totaltools.com.au/210114-ozblok-3-tonne-girder-clamp-gcoz030
1115201,1115201,Girder Clamp - 3 t,215,https://www.totaltools.com.au/210114-ozblok-3-tonne-girder-clamp-gcoz030
1214759,1214759,Hydraulic Cylinder - Pancake Cylinder - 100 t - 50 mm Stroke,8279.49,https://www.atom.com.au/cylinder-hydraulic-aluminium-double-acting-50mm-stroke-100t-enerpac
1258503,1258503,Hydraulic Cylinder - General Purpose Cylinder - 25 t - 102 mm Stroke,1619.75,https://au.rs-online.com/web/p/high-pressure-hydraulic-cylinders/7502711
1258501,1258501,Hydraulic Cylinder - General Purpose Cylinder - 25 t - 102 mm Stroke,1619.75,https://au.rs-online.com/web/p/high-pressure-hydraulic-cylinders/7502711
1258492,1258492,Hydraulic Cylinder - General Purpose Cylinder - 10 t - 105 mm Stroke,831,https://www.primesupplies.com.au/product/cylinder-ram-10t-x-4-stroke-enerpac/
1258598,1258598,Hydraulic Cylinder Pump - Hand Pump 2 Speed - P80,1481,https://www.primesupplies.com.au/product/hand-pump-steel-enerpac-p80/
1258586,1258586,Hydraulic Cylinder - Low Height Cylinder - 20 t - 45 mm Stroke,986,https://www.primesupplies.com.au/product/cylinder-ram-20t-low-height-enerpac/
1258585,1258585,Hydraulic Cylinder - Low Height Cylinder - 20 t - 45 mm Stroke,986,https://www.primesupplies.com.au/product/cylinder-ram-20t-low-height-enerpac/
1258523,1258523,Hydraulic Cylinder - General Purpose Cylinder 10 t,309,https://www.primesupplies.com.au/product/cylinder-ram-10t-x-1-stroke-enerpac/
1258499,1258499,Hydraulic Cylinder - General Purpose Cylinder 10 t,309,https://www.primesupplies.com.au/product/cylinder-ram-10t-x-1-stroke-enerpac/
1258592,1258592,Hydraulic Cylinder - Low Height Cylinder - 45 t - 60 mm Stroke,1199,https://www.primesupplies.com.au/product/50t-single-acting-ram-pancake-style-60mm-stroke/
1258627,1258627,Load Holding Valve - V66,373,https://www.primesupplies.com.au/product/check-valve-manually-operated-with-built-in-relief-valve-enerpac/
1237841,1237841,Hydraulic Cylinder Pump - Hand Pump 2 Speed - P80,1481,https://www.primesupplies.com.au/product/hand-pump-steel-enerpac-p80/
201688,201688,Hydraulic Cylinder - General Purpose Cylinder 25 t,1262,https://www.primesupplies.com.au/product/cylinder-ram-25t-x-2-stroke-enerpac/
203826,203826,Hydraulic Cylinder - Flat Jack Cylinder - 90 t - 16 mm Stroke,3707,https://waltan.com.au/product/hydraulic-cylinder-single-acting-extra-low-height-90-ton-16-mm-stroke-length-rsm-1000-flat-jac-enerpac/
1076756,1076756,Hydraulic Cylinder - General Purpose Cylinder 25 t,1262,https://www.primesupplies.com.au/product/cylinder-ram-25t-x-2-stroke-enerpac/
1258587,1258587,Hydraulic Cylinder - Low Height Cylinder - 30 t - 62 mm Stroke,1156,https://www.primesupplies.com.au/product/cylinder-ram-30t-x-2-stroke-low-height-enerpac/
1258582,1258582,Hydraulic Cylinder - Low Height Cylinder - 10 t - 38 mm Stroke,746,https://www.primesupplies.com.au/product/cylinder-ram-10t-low-height-enerpac/
1258606,1258606,Hydraulic Wedge Cylinder 0.75 t,772,https://www.primesupplies.com.au/product/wedge-hydraulic-1t-wr-5-enerpac/
460876,460876,Hydraulic Cylinder - General Purpose Cylinder - 10 t - 105 mm Stroke,831,https://www.primesupplies.com.au/product/cylinder-ram-10t-x-4-stroke-enerpac/
460273,460273,Hydraulic Cylinder - General Purpose Cylinder - 10 t - 105 mm Stroke,831,https://www.primesupplies.com.au/product/cylinder-ram-10t-x-4-stroke-enerpac/
463834,463834,Hydraulic Cylinder - Low Height Cylinder 20 t,986,https://www.primesupplies.com.au/product/cylinder-ram-20t-low-height-enerpac/
460590,460590,Hydraulic Cylinder - 20 t,986,https://www.primesupplies.com.au/product/cylinder-ram-20t-low-height-enerpac/
1198347,1198347,Hydraulic Cylinder Pump - Hand Pump 2 Speed - P80,1481,https://www.primesupplies.com.au/product/hand-pump-steel-enerpac-p80/
1198334,1198334,Hydraulic Cylinder Pump - Hand Pump 2 Speed - P80,1481,https://www.primesupplies.com.au/product/hand-pump-steel-enerpac-p80/
1120272,1120272,Hydraulic Cylinder - Flat Jack Cylinder - 90 t - 16 mm Stroke,3707,https://waltan.com.au/product/hydraulic-cylinder-single-acting-extra-low-height-90-ton-16-mm-stroke-length-rsm-1000-flat-jac-enerpac/
1250580,1250580,Hydraulic Cylinder - General Purpose Cylinder - 10 t - 257 mm Stroke,1171,https://www.primesupplies.com.au/product/cylinder-ram-10t-x-10-stroke-enerpac/
403072,403072,Hydraulic Cylinder - Low Height Cylinder - 10 t - 38 mm Stroke,746,https://www.primesupplies.com.au/product/cylinder-ram-10t-low-height-enerpac/
872448,872448,Hydraulic Cylinder - Flat Jack Cylinder - 30 t - 13 mm Stroke,1374,https://www.primesupplies.com.au/product/cylinder-ram-30t-low-height-enerpac/
872468,872468,Hydraulic Cylinder - Flat Jack Cylinder - 30 t - 13 mm Stroke,1374,https://www.primesupplies.com.au/product/cylinder-ram-30t-low-height-enerpac/
1118370,1118370,Hydraulic Cylinder Pump - Electric 240 V - Zu4408je,9000,https://www.primesupplies.com.au/product/electric-hydraulic-pump-standard-3-3-manual-valve-with-pendant-enerpac/
402585,402585,Hydraulic Cylinder - 10 t,309,https://www.primesupplies.com.au/product/cylinder-ram-10t-x-1-stroke-enerpac/
1246368,1246368,Hydraulic Cylinder - Pancake Cylinder - 100 t - 50 mm Stroke,8279.49,https://www.atom.com.au/cylinder-hydraulic-aluminium-double-acting-50mm-stroke-100t-enerpac
1246367,1246367,Hydraulic Cylinder - Pancake Cylinder - 100 t - 50 mm Stroke,8279.49,https://www.atom.com.au/cylinder-hydraulic-aluminium-double-acting-50mm-stroke-100t-enerpac
460819,460819,Hydraulic Cylinder - 10 t,309,https://www.primesupplies.com.au/product/cylinder-ram-10t-x-1-stroke-enerpac/
1120363,1120363,Hydraulic Cylinder - Low Height Cylinder - 90 t - 57 mm Stroke,5090.83,https://www.raptorsupplies.com.au/pd/enerpac/rcs-1002
1120360,1120360,Hydraulic Cylinder - Low Height Cylinder - 90 t - 57 mm Stroke,5090.83,https://www.raptorsupplies.com.au/pd/enerpac/rcs-1002
1249608,1249608,Hydraulic Cylinder - General Purpose Cylinder - 10 t - 257 mm Stroke,1171,https://www.primesupplies.com.au/product/cylinder-ram-10t-x-10-stroke-enerpac/
306054,306054,Hydraulic Cylinder - Low Height Cylinder - 45 t - 60 mm Stroke,1199,https://www.primesupplies.com.au/product/50t-single-acting-ram-pancake-style-60mm-stroke/
1120347,1120347,Hydraulic Cylinder - Low Height Cylinder - 45 t - 60 mm Stroke,1199,https://www.primesupplies.com.au/product/50t-single-acting-ram-pancake-style-60mm-stroke/
1158307,1158307,Chain Block - Air Operated - 2 t,16000,https://www.machines4u.com.au/view/advert/NIPPON-NPK-RHL-1000-Air-Powered-Pneumatic-Chain-Hoist-1000kg-Winch/1125533/
1158285,1158285,Chain Block - Air Operated - 1 t - 10 m Drop,11000,https://www.machines4u.com.au/view/advert/NIPPON-NPK-RHL-1000-Air-Powered-Pneumatic-Chain-Hoist-1000kg-Winch/1125533/
1125370,1125370,Chain Block - Air Operated - 6 t - 15 m Drop,32000,https://www.gumtree.com.au/web/listing/power-tools/1332015798
1000244,1000244,Chain Block - Air Operated - 6 t - 15 m Drop,32000,https://www.gumtree.com.au/web/listing/power-tools/1332015798
1252555,1252555,Chain Block - Manual - 1 t - 6 m Drop,249,https://www.discounttrader.com.au/product/beaver-503106-3s-industrial-manual-chain-block-violet-1000kg-6m/
1016353,1016353,Chain Block - Manual - 5 t - 3 m Drop,609,https://www.gasweld.com.au/chain-block-5-tonne-3-meter-503503-bea
1178759,1178759,Chain Block - Manual - 1 t - 6 m Drop,249,https://www.discounttrader.com.au/product/beaver-503106-3s-industrial-manual-chain-block-violet-1000kg-6m/
1177484,1177484,Chain Block - Manual - 5 t - 6 m Drop,883,https://www.totaltools.com.au/114317-beaver-3s-industrial-manual-chain-block-red-503506
1267303,1267303,Chain Block - Manual - 5 t - 6 m Drop,883,https://www.totaltools.com.au/114317-beaver-3s-industrial-manual-chain-block-red-503506
1267304,1267304,Chain Block - Manual - 5 t - 6 m Drop,883,https://www.totaltools.com.au/114317-beaver-3s-industrial-manual-chain-block-red-503506
1014037,1014037,Chain Block - Manual - 10 t - 6 m Drop,1399,https://www.gasweld.com.au/garrick-herbert-gcbll1006-industrial-chain-block-load-limited-10t-6m
1013884,1013884,Chain Block - Manual - 10 t - 6 m Drop,1399,https://www.gasweld.com.au/garrick-herbert-gcbll1006-industrial-chain-block-load-limited-10t-6m
1161663,1161663,Chain Block - Manual - 5 t - 3 m Drop,609,https://www.gasweld.com.au/chain-block-5-tonne-3-meter-503503-bea
463358,463358,Chain Block - Manual - 5 t - 3 m Drop,609,https://www.gasweld.com.au/chain-block-5-tonne-3-meter-503503-bea
1235752,1235752,Chain Block - Manual - 2 t - 6 m Drop,399,https://www.totaltools.com.au/114313-beaver-3s-industrial-manual-chain-block-2000kg-6m-503206
1235754,1235754,Chain Block - Manual - 2 t - 6 m Drop,399,https://www.totaltools.com.au/114313-beaver-3s-industrial-manual-chain-block-2000kg-6m-503206
1235750,1235750,Chain Block - Manual - 2 t - 6 m Drop,399,https://www.totaltools.com.au/114313-beaver-3s-industrial-manual-chain-block-2000kg-6m-503206
1235755,1235755,Chain Block - Manual - 2 t - 6 m Drop,399,https://www.totaltools.com.au/114313-beaver-3s-industrial-manual-chain-block-2000kg-6m-503206
874274,874274,Chain Block - Manual - 10 t - 6 m Drop,1399,https://www.gasweld.com.au/garrick-herbert-gcbll1006-industrial-chain-block-load-limited-10t-6m
874304,874304,Chain Block - Manual - 10 t - 6 m Drop,1399,https://www.gasweld.com.au/garrick-herbert-gcbll1006-industrial-chain-block-load-limited-10t-6m
1252534,1252534,Chain Block - Manual - 1 t - 6 m Drop,249,https://www.discounttrader.com.au/product/beaver-503106-3s-industrial-manual-chain-block-violet-1000kg-6m/
1177438,1177438,Chain Block - Manual - 1 t - 6 m Drop,249,https://www.discounttrader.com.au/product/beaver-503106-3s-industrial-manual-chain-block-violet-1000kg-6m/
1177433,1177433,Chain Block - Manual - 1 t - 6 m Drop,249,https://www.discounttrader.com.au/product/beaver-503106-3s-industrial-manual-chain-block-violet-1000kg-6m/
1177525,1177525,6 t Lever Block,524.7,https://www.aceworkwear.com.au/products/lever-block-6-3tx1-5m
1163572,1163572,0.75 t Lever Block,125,https://www.bunnings.com.au/gorilla-750kg-lever-block-with-1-5m-lift_p4211278
200195,200195,0.75 t Lever Block,125,https://www.bunnings.com.au/gorilla-750kg-lever-block-with-1-5m-lift_p4211278
1161826,1161826,0.75 t Lever Block,125,https://www.bunnings.com.au/gorilla-750kg-lever-block-with-1-5m-lift_p4211278
1178813,1178813,3 t Lever Block,245,https://www.bunnings.com.au/gorilla-3000kg-lever-block-with-1-5m-lift_p4211281
1178810,1178810,3 t Lever Block,245,https://www.bunnings.com.au/gorilla-3000kg-lever-block-with-1-5m-lift_p4211281
1178809,1178809,3 t Lever Block,245,https://www.bunnings.com.au/gorilla-3000kg-lever-block-with-1-5m-lift_p4211281
1201889,1201889,Tirfor Winch - 3.2 t,3900,https://www.winchesonline.com.au/tractel-tu-series-tirfor-winch-3200kg.html
1200663,1200663,Tirfor Winch - 3.2 t,3900,https://www.winchesonline.com.au/tractel-tu-series-tirfor-winch-3200kg.html
1172006,1172006,Grout Kibble 1m3,,
872940,872940,Crane Brick/Block Cage 1240mm - 1290mm,,
1235477,1235477,Forklift 2.5t Container Diesel,,
1217884,1217884,Distribution Board Lifeguard 17,,
1217882,1217882,Distribution Board Lifeguard 17,,
1217883,1217883,Distribution Board Lifeguard 17,,
1217879,1217879,Distribution Board Lifeguard 17,,
1200718,1200718,Lifeguard 16,,
1200726,1200726,Lifeguard 16,,
1200744,1200744,Lifeguard 16,,
1200747,1200747,Lifeguard 16,,
1155277,1155277,Distribution Board Lifeguard 17,,
1180409,1180409,"Distrubution Outlet Board - 32 A Plug 6x15, 4x10, 1x20 A, Single Phase",,
535217,535217,Lifeguard 16,,
1207042,1207042,Distribution Board Lifeguard 17,,
1207043,1207043,Distribution Board Lifeguard 17,,
1207045,1207045,Distribution Board Lifeguard 17,,
1207049,1207049,Distribution Board Lifeguard 17,,
1207019,1207019,Distribution Board Lifeguard 17,,
1206954,1206954,Lifeguard 16,,
1166931,1166931,Distribution Board Lifeguard 6 15 A,915.14,https://www.spinefex.com.au/product/lifeguard-6/
1206829,1206829,Distribution Board Lifeguard 6 15 A,915.14,https://www.spinefex.com.au/product/lifeguard-6/
1217835,1217835,Distribution Board Lifeguard 4 10 A,741.9,https://www.atom.com.au/rcd-earth-leakage-unit-4-way-outlet-10a-spinefex
1185334,1185334,Distribution Board Lifeguard 6 10 A,802.92,https://www.atom.com.au/rcd-earth-leakage-unit-6-way-outlet-10a-spinefex
1185336,1185336,Distribution Board Lifeguard 6 10 A,802.92,https://www.atom.com.au/rcd-earth-leakage-unit-6-way-outlet-10a-spinefex
1217818,1217818,Distribution Board Lifeguard 4 10 A,741.9,https://www.atom.com.au/rcd-earth-leakage-unit-4-way-outlet-10a-spinefex
1206803,1206803,Distribution Board Lifeguard 4 10 A,741.9,https://www.atom.com.au/rcd-earth-leakage-unit-4-way-outlet-10a-spinefex
1217815,1217815,Distribution Board Lifeguard 4 10 A,741.9,https://www.atom.com.au/rcd-earth-leakage-unit-4-way-outlet-10a-spinefex
1206790,1206790,Distribution Board Lifeguard 4 10 A,741.9,https://www.atom.com.au/rcd-earth-leakage-unit-4-way-outlet-10a-spinefex
1206762,1206762,Distribution Board Lifeguard 4 10 A,741.9,https://www.atom.com.au/rcd-earth-leakage-unit-4-way-outlet-10a-spinefex
1185333,1185333,Distribution Board Lifeguard 6 10 A,802.92,https://www.atom.com.au/rcd-earth-leakage-unit-6-way-outlet-10a-spinefex
1089485,1089485,Distribution Board Lifeguard 4 15 A,854.12,https://www.atom.com.au/powerboard-4-outlet-15a-lifeguard-4-spinefex
1217802,1217802,Distribution Board Lifeguard 4 10 A,741.9,https://www.atom.com.au/rcd-earth-leakage-unit-4-way-outlet-10a-spinefex
1206776,1206776,Distribution Board Lifeguard 4 10 A,741.9,https://www.atom.com.au/rcd-earth-leakage-unit-4-way-outlet-10a-spinefex
1206791,1206791,Distribution Board Lifeguard 4 10 A,741.9,https://www.atom.com.au/rcd-earth-leakage-unit-4-way-outlet-10a-spinefex
1206769,1206769,Distribution Board Lifeguard 4 10 A,741.9,https://www.atom.com.au/rcd-earth-leakage-unit-4-way-outlet-10a-spinefex
1182839,1182839,Distribution Board Lifeguard 6 10 A,802.92,https://www.atom.com.au/rcd-earth-leakage-unit-6-way-outlet-10a-spinefex
1217814,1217814,Distribution Board Lifeguard 4 10 A,741.9,https://www.atom.com.au/rcd-earth-leakage-unit-4-way-outlet-10a-spinefex
1206756,1206756,Distribution Board Lifeguard 4 10 A,741.9,https://www.atom.com.au/rcd-earth-leakage-unit-4-way-outlet-10a-spinefex
1217825,1217825,Distribution Board Lifeguard 4 10 A,741.9,https://www.atom.com.au/rcd-earth-leakage-unit-4-way-outlet-10a-spinefex
1206794,1206794,Distribution Board Lifeguard 4 10 A,741.9,https://www.atom.com.au/rcd-earth-leakage-unit-4-way-outlet-10a-spinefex
1206748,1206748,Distribution Board Lifeguard 4 10 A,741.9,https://www.atom.com.au/rcd-earth-leakage-unit-4-way-outlet-10a-spinefex
1206771,1206771,Distribution Board Lifeguard 4 10 A,741.9,https://www.atom.com.au/rcd-earth-leakage-unit-4-way-outlet-10a-spinefex
1217813,1217813,Distribution Board Lifeguard 4 10 A,741.9,https://www.atom.com.au/rcd-earth-leakage-unit-4-way-outlet-10a-spinefex
1217821,1217821,Distribution Board Lifeguard 4 10 A,741.9,https://www.atom.com.au/rcd-earth-leakage-unit-4-way-outlet-10a-spinefex
1217816,1217816,Distribution Board Lifeguard 4 10 A,741.9,https://www.atom.com.au/rcd-earth-leakage-unit-4-way-outlet-10a-spinefex
1217783,1217783,Distribution Board Lifeguard 4 10 A,741.9,https://www.atom.com.au/rcd-earth-leakage-unit-4-way-outlet-10a-spinefex
1217817,1217817,Distribution Board Lifeguard 4 10 A,741.9,https://www.atom.com.au/rcd-earth-leakage-unit-4-way-outlet-10a-spinefex
1206770,1206770,Distribution Board Lifeguard 4 10 A,741.9,https://www.atom.com.au/rcd-earth-leakage-unit-4-way-outlet-10a-spinefex
1206831,1206831,Distribution Board Lifeguard 6 15 A,915.14,https://www.spinefex.com.au/product/lifeguard-6/
1172893,1172893,Distribution Board Lifeguard 6 15 A,915.14,https://www.spinefex.com.au/product/lifeguard-6/
1159745,1159745,Distribution Board Lifeguard 6 15 A,915.14,https://www.spinefex.com.au/product/lifeguard-6/
1217811,1217811,Distribution Board Lifeguard 4 10 A,741.9,https://www.atom.com.au/rcd-earth-leakage-unit-4-way-outlet-10a-spinefex
1206806,1206806,Distribution Board Lifeguard 4 10 A,741.9,https://www.atom.com.au/rcd-earth-leakage-unit-4-way-outlet-10a-spinefex
1159691,1159691,Distribution Board Lifeguard 4 15 A,854.12,https://www.atom.com.au/powerboard-4-outlet-15a-lifeguard-4-spinefex
1206773,1206773,Distribution Board Lifeguard 4 10 A,741.9,https://www.atom.com.au/rcd-earth-leakage-unit-4-way-outlet-10a-spinefex
1166921,1166921,Distribution Board Lifeguard 6 15 A,915.14,https://www.spinefex.com.au/product/lifeguard-6/
1166925,1166925,Distribution Board Lifeguard 6 15 A,915.14,https://www.spinefex.com.au/product/lifeguard-6/
1189073,1189073,Distribution Board Lifeguard 17,,
1189072,1189072,Distribution Board Lifeguard 17,,
1189060,1189060,Distribution Board Lifeguard 17,,
1207010,1207010,Lifeguard 16,,
1207017,1207017,Lifeguard 16,,
1207018,1207018,Lifeguard 16,,
1207008,1207008,Lifeguard 16,,
1127069,1127069,Toilet Portable - Fresh Water Flush,,
1058029,1058029,Toilet Portable - Fresh Water Flush,,
1000762,1000762,Site Storage Box - 1.2 m (1200 mm × 750 mm × 850 mm),3795,https://brickcage.com.au/site-box-1200x750x850mm
1087282,1087282,Site Storage Box - 1.2 m (1200 mm × 750 mm × 850 mm),3795,https://brickcage.com.au/site-box-1200x750x850mm
1023858,1023858,Site Storage Box - 1.2 m (1200 mm × 750 mm × 850 mm),3795,https://brickcage.com.au/site-box-1200x750x850mm
1015032,1015032,Site Storage Box - 1.2 m (1200 mm × 750 mm × 850 mm),3795,https://brickcage.com.au/site-box-1200x750x850mm
1037236,1037236,Site Storage Box - 1.2 m (1200 mm × 750 mm × 850 mm),3795,https://brickcage.com.au/site-box-1200x750x850mm
1037217,1037217,Site Storage Box - 1.2 m (1200 mm × 750 mm × 850 mm),3795,https://brickcage.com.au/site-box-1200x750x850mm
1037216,1037216,Site Storage Box - 1.2 m (1200 mm × 750 mm × 850 mm),3795,https://brickcage.com.au/site-box-1200x750x850mm
1189600,1189600,32 A 415 V Adaptor - 5 Pin - Ceeform to Clipsal,199,https://www.electrotraders.com.au/product/adapter-lead-5-pin-32-amp-cee-form-plug-to-5-pin-3
1189608,1189608,32 A 415 V Adaptor - 5 Pin - Ceeform to Clipsal,199,https://www.electrotraders.com.au/product/adapter-lead-5-pin-32-amp-cee-form-plug-to-5-pin-3
1189624,1189624,32 A 415 V Adaptor - 5 Pin - Clipsal to Ceeform,199,https://www.resourceelectrical.com.au/products/adapter-32-amp-5-pin-to-ceeform-32-amp-5-pin-three-phase-extension-lead
1038297,1038297,Transformer 32 V,233.3,https://www.schnap.com.au/dual-outlet-transformer-100va-240v-32v-ip20-repelec-vertrf100va240-32v.html
1075999,1075999,Transformer 32 V,233.3,https://www.schnap.com.au/dual-outlet-transformer-100va-240v-32v-ip20-repelec-vertrf100va240-32v.html
1078169,1078169,Transformer 32 V,233.3,https://www.schnap.com.au/dual-outlet-transformer-100va-240v-32v-ip20-repelec-vertrf100va240-32v.html
1052524,1052524,Earth Leakage Power Pack Device - 10 A,79.5,https://www.wagneronline.com.au/portable-rcd-safety-power-cube-rv-10a-15a/ac-power-rcd/power-electrical/power-lighting/ur100-rv-107446/963195/pd/
1093374,1093374,Earth Leakage Power Pack Device - 10 A,79.5,https://www.wagneronline.com.au/portable-rcd-safety-power-cube-rv-10a-15a/ac-power-rcd/power-electrical/power-lighting/ur100-rv-107446/963195/pd/
EXTNLEAD240V15A-0890,EXTNLEAD240V15A-0890,15 A Extension Lead,121.95,https://www.jettindustrial.com.au/extension-lead-heavy-duty-25mm-15-amp-x-20m
1189611,1189611,32 A 415 V Adaptor - 5 Pin - Ceeform to Clipsal,199,https://www.electrotraders.com.au/product/adapter-lead-5-pin-32-amp-cee-form-plug-to-5-pin-3
1234134,1234134,Extension Lead - 415V 5 Pin 32A 20M - Braided,,
1166232,1166232,Extension Lead - 415V 63A,,
1234140,1234140,Extension Lead - 415V 63A,,
1234141,1234141,Extension Lead - 415V 63A,,
1234146,1234146,Extension Lead - 415V 63A,,
1200729,1200729,Extension Lead - 415V 5 Pin 32A 25M,,
1200734,1200734,Extension Lead - 415V 5 Pin 32A 25M,,
1052180,1052180,Extension Lead - 415V 5 Pin 32A 25M,,
1207259,1207259,Extension Lead - 415V 63A,,
1207262,1207262,Extension Lead - 415V 63A,,
1200964,1200964,Extension Lead - 415V 5 Pin 32A 25M,,
1200961,1200961,Extension Lead - 415V 5 Pin 32A 25M,,
1099976,1099976,Extension Lead - 415V 5 Pin 32A 25M,,
1128726,1128726,Extension Lead - 415V 5 Pin 32A 25M,,
1128738,1128738,Extension Lead - 415V 5 Pin 32A 25M,,
1232776,1232776,Extension Lead - 415V 63A,,
1207169,1207169,Extension Lead - 415V 5 Pin 32A 20M - Braided,,
1207148,1207148,Extension Lead - 415V 5 Pin 32A 20M - Braided,,
1207147,1207147,Extension Lead - 415V 5 Pin 32A 20M - Braided,,
1207218,1207218,Extension Lead - 415V 5 Pin 32A 20M - Braided,,
1207216,1207216,Extension Lead - 415V 5 Pin 32A 20M - Braided,,
1167307,1167307,Extension Lead - 415V 5 Pin 32A 25M,,
1220664,1220664,Extension Lead - 415V 5 Pin 32A 25M,,
1148350,1148350,Extension Lead - 415V 63A,,
SAFETYHOOKFLOGG-0005,SAFETYHOOKFLOGG-0005,Safety Holder - Flogger,35,Estimated based on standard safety holders
SAFETYHOOKFLOGG-0006,SAFETYHOOKFLOGG-0006,Safety Holder - Flogger,35,Estimated based on standard safety holders
SAFETYHOOKFLOGG-0007,SAFETYHOOKFLOGG-0007,Safety Holder - Flogger,35,Estimated based on standard safety holders
SAFETYHOOKFLOGG-0011,SAFETYHOOKFLOGG-0011,Safety Holder - Flogger,35,Estimated based on standard safety holders
SAFETYHOOKFLOGG-0012,SAFETYHOOKFLOGG-0012,Safety Holder - Flogger,35,Estimated based on standard safety holders
SAFETYHOOKFLOGG-0013,SAFETYHOOKFLOGG-0013,Safety Holder - Flogger,35,Estimated based on standard safety holders
1148455,1148455,Exhaust Fan - Electric - 300 mm,297.7,https://www.fanmaster.com.au/product/masterfans-portable-ventilator/
1134546,1134546,Exhaust Fan - Electric - 300 mm,297.7,https://www.fanmaster.com.au/product/masterfans-portable-ventilator/
1132464,1132464,Exhaust Fan - Electric - 300 mm,297.7,https://www.fanmaster.com.au/product/masterfans-portable-ventilator/
1027915,1027915,Exhaust Fan - Electric - 300 mm,297.7,https://www.fanmaster.com.au/product/masterfans-portable-ventilator/
1038438,1038438,Exhaust Fan - Electric - 300 mm,297.7,https://www.fanmaster.com.au/product/masterfans-portable-ventilator/
1242393,1242393,Exhaust Fan - Electric - 300 mm,297.7,https://www.fanmaster.com.au/product/masterfans-portable-ventilator/
1242377,1242377,Exhaust Fan - Electric - 300 mm,297.7,https://www.fanmaster.com.au/product/masterfans-portable-ventilator/
1242308,1242308,Exhaust Fan - Electric - 300 mm,297.7,https://www.fanmaster.com.au/product/masterfans-portable-ventilator/
1226846,1226846,Exhaust Fan - Electric - 300 mm,297.7,https://www.fanmaster.com.au/product/masterfans-portable-ventilator/
1242388,1242388,Exhaust Fan - Electric - 300 mm,297.7,https://www.fanmaster.com.au/product/masterfans-portable-ventilator/
1242353,1242353,Exhaust Fan - Electric - 300 mm,297.7,https://www.fanmaster.com.au/product/masterfans-portable-ventilator/
1242323,1242323,Exhaust Fan - Electric - 300 mm,297.7,https://www.fanmaster.com.au/product/masterfans-portable-ventilator/
1242366,1242366,Exhaust Fan - Electric - 300 mm,297.7,https://www.fanmaster.com.au/product/masterfans-portable-ventilator/
1176596,1176596,Exhaust Fan - Electric - 300 mm,297.7,https://www.fanmaster.com.au/product/masterfans-portable-ventilator/
1012323,1012323,Exhaust Fan - Electric - 300 mm,297.7,https://www.fanmaster.com.au/product/masterfans-portable-ventilator/
208546,208546,Exhaust Fan - Electric - 300 mm,297.7,https://www.fanmaster.com.au/product/masterfans-portable-ventilator/
1242324,1242324,Exhaust Fan - Electric - 300 mm,297.7,https://www.fanmaster.com.au/product/masterfans-portable-ventilator/
1090501,1090501,Exhaust Fan - Electric 610mm,,
1242856,1242856,Exhaust Fan - Electric 610mm,,
1189634,1189634,Exhaust Fan - Electric 610mm,,
RADIOCOVER-0097,RADIOCOVER-0097,Radio Cover,114.4,https://shop.motorolasolutions.com.au/product/leather-carry-case-with-3-fixed-belt-loop-full-keypad-pmln5838
RADIOCOVER-0084,RADIOCOVER-0084,Radio Cover,114.4,https://shop.motorolasolutions.com.au/product/leather-carry-case-with-3-fixed-belt-loop-full-keypad-pmln5838
RADIOCOVER-0082,RADIOCOVER-0082,Radio Cover,114.4,https://shop.motorolasolutions.com.au/product/leather-carry-case-with-3-fixed-belt-loop-full-keypad-pmln5838
RADIOCOVER-0106,RADIOCOVER-0106,Radio Cover,114.4,https://shop.motorolasolutions.com.au/product/leather-carry-case-with-3-fixed-belt-loop-full-keypad-pmln5838
RADIOCOVER-0087,RADIOCOVER-0087,Radio Cover,114.4,https://shop.motorolasolutions.com.au/product/leather-carry-case-with-3-fixed-belt-loop-full-keypad-pmln5838
RADIOCOVER-0071,RADIOCOVER-0071,Radio Cover,114.4,https://shop.motorolasolutions.com.au/product/leather-carry-case-with-3-fixed-belt-loop-full-keypad-pmln5838
RADIOCOVER-0133,RADIOCOVER-0133,Radio Cover,114.4,https://shop.motorolasolutions.com.au/product/leather-carry-case-with-3-fixed-belt-loop-full-keypad-pmln5838
RADIOCOVER-0007,RADIOCOVER-0007,Radio Cover,114.4,https://shop.motorolasolutions.com.au/product/leather-carry-case-with-3-fixed-belt-loop-full-keypad-pmln5838
RADIOCOVER-0101,RADIOCOVER-0101,Radio Cover,114.4,https://shop.motorolasolutions.com.au/product/leather-carry-case-with-3-fixed-belt-loop-full-keypad-pmln5838
RADIOCOVER-0125,RADIOCOVER-0125,Radio Cover,114.4,https://shop.motorolasolutions.com.au/product/leather-carry-case-with-3-fixed-belt-loop-full-keypad-pmln5838
RADIOCOVER-0094,RADIOCOVER-0094,Radio Cover,114.4,https://shop.motorolasolutions.com.au/product/leather-carry-case-with-3-fixed-belt-loop-full-keypad-pmln5838
RADIOCOVER-0137,RADIOCOVER-0137,Radio Cover,114.4,https://shop.motorolasolutions.com.au/product/leather-carry-case-with-3-fixed-belt-loop-full-keypad-pmln5838
RADIOCOVER-0002,RADIOCOVER-0002,Radio Cover,114.4,https://shop.motorolasolutions.com.au/product/leather-carry-case-with-3-fixed-belt-loop-full-keypad-pmln5838
RADIOCOVER-0077,RADIOCOVER-0077,Radio Cover,114.4,https://shop.motorolasolutions.com.au/product/leather-carry-case-with-3-fixed-belt-loop-full-keypad-pmln5838
RADIOCOVER-0075,RADIOCOVER-0075,Radio Cover,114.4,https://shop.motorolasolutions.com.au/product/leather-carry-case-with-3-fixed-belt-loop-full-keypad-pmln5838
RADIOCOVER-0080,RADIOCOVER-0080,Radio Cover,114.4,https://shop.motorolasolutions.com.au/product/leather-carry-case-with-3-fixed-belt-loop-full-keypad-pmln5838
RADIOCOVER-0109,RADIOCOVER-0109,Radio Cover,114.4,https://shop.motorolasolutions.com.au/product/leather-carry-case-with-3-fixed-belt-loop-full-keypad-pmln5838
RADIOCOVER-0138,RADIOCOVER-0138,Radio Cover,114.4,https://shop.motorolasolutions.com.au/product/leather-carry-case-with-3-fixed-belt-loop-full-keypad-pmln5838
RADIOCOVER-0079,RADIOCOVER-0079,Radio Cover,114.4,https://shop.motorolasolutions.com.au/product/leather-carry-case-with-3-fixed-belt-loop-full-keypad-pmln5838
RADIOCOVER-0086,RADIOCOVER-0086,Radio Cover,114.4,https://shop.motorolasolutions.com.au/product/leather-carry-case-with-3-fixed-belt-loop-full-keypad-pmln5838
RADIOCOVER-0072,RADIOCOVER-0072,Radio Cover,114.4,https://shop.motorolasolutions.com.au/product/leather-carry-case-with-3-fixed-belt-loop-full-keypad-pmln5838
RADIOCOVER-0088,RADIOCOVER-0088,Radio Cover,114.4,https://shop.motorolasolutions.com.au/product/leather-carry-case-with-3-fixed-belt-loop-full-keypad-pmln5838
RADIOCOVER-0128,RADIOCOVER-0128,Radio Cover,114.4,https://shop.motorolasolutions.com.au/product/leather-carry-case-with-3-fixed-belt-loop-full-keypad-pmln5838
RADIOCOVER-0070,RADIOCOVER-0070,Radio Cover,114.4,https://shop.motorolasolutions.com.au/product/leather-carry-case-with-3-fixed-belt-loop-full-keypad-pmln5838
RADIOCOVER-0074,RADIOCOVER-0074,Radio Cover,114.4,https://shop.motorolasolutions.com.au/product/leather-carry-case-with-3-fixed-belt-loop-full-keypad-pmln5838
RADIOCOVER-0085,RADIOCOVER-0085,Radio Cover,114.4,https://shop.motorolasolutions.com.au/product/leather-carry-case-with-3-fixed-belt-loop-full-keypad-pmln5838
RADIOCOVER-0110,RADIOCOVER-0110,Radio Cover,114.4,https://shop.motorolasolutions.com.au/product/leather-carry-case-with-3-fixed-belt-loop-full-keypad-pmln5838
RADIOCOVER-0005,RADIOCOVER-0005,Radio Cover,114.4,https://shop.motorolasolutions.com.au/product/leather-carry-case-with-3-fixed-belt-loop-full-keypad-pmln5838
RADIOCOVER-0096,RADIOCOVER-0096,Radio Cover,114.4,https://shop.motorolasolutions.com.au/product/leather-carry-case-with-3-fixed-belt-loop-full-keypad-pmln5838
RADIOCOVER-0119,RADIOCOVER-0119,Radio Cover,114.4,https://shop.motorolasolutions.com.au/product/leather-carry-case-with-3-fixed-belt-loop-full-keypad-pmln5838
RADIOCOVER-0131,RADIOCOVER-0131,Radio Cover,114.4,https://shop.motorolasolutions.com.au/product/leather-carry-case-with-3-fixed-belt-loop-full-keypad-pmln5838
RADIOCOVER-0140,RADIOCOVER-0140,Radio Cover,114.4,https://shop.motorolasolutions.com.au/product/leather-carry-case-with-3-fixed-belt-loop-full-keypad-pmln5838
RADIOCOVER-0113,RADIOCOVER-0113,Radio Cover,114.4,https://shop.motorolasolutions.com.au/product/leather-carry-case-with-3-fixed-belt-loop-full-keypad-pmln5838
RADIOCOVER-0078,RADIOCOVER-0078,Radio Cover,114.4,https://shop.motorolasolutions.com.au/product/leather-carry-case-with-3-fixed-belt-loop-full-keypad-pmln5838
RADIOCOVER-0100,RADIOCOVER-0100,Radio Cover,114.4,https://shop.motorolasolutions.com.au/product/leather-carry-case-with-3-fixed-belt-loop-full-keypad-pmln5838
RADIOCOVER-0122,RADIOCOVER-0122,Radio Cover,114.4,https://shop.motorolasolutions.com.au/product/leather-carry-case-with-3-fixed-belt-loop-full-keypad-pmln5838
RADIOCOVER-0083,RADIOCOVER-0083,Radio Cover,114.4,https://shop.motorolasolutions.com.au/product/leather-carry-case-with-3-fixed-belt-loop-full-keypad-pmln5838
1269832,1269832,"Milwaukee 1"" Drive Impact Wrench",1538.9,RENTAL_STOCK_22_07_2026_CANONICAL.xlsx / REPLACEMENT_COSTS
1234655,1234655,Saw - Circular- 185 mm - 240 V,479,https://www.totaltools.com.au/61223-makita-1800w-185mm-circular-saw-5007mgk
261388,261388,Grinder - Angle - 175 mm - Electric - 240 V,449,https://www.totaltools.com.au/66070-makita-1800w-180mm-angle-grinder-ga7010c
1057902,1057902,Saw - Sabre (240 V),499,https://www.totaltools.com.au/power-tools/saws/reciprocating-saws/123654-metabo-32mm-ssep-1400-mvt-sabre-saw-606178500
1246949,1246949,Milwaukee Hammer Drill,383.9,RENTAL_STOCK_22_07_2026_CANONICAL.xlsx / REPLACEMENT_COSTS
1258024,1258024,Milwaukee 38 mm Magnetic Base Drill,2748.9,RENTAL_STOCK_22_07_2026_CANONICAL.xlsx / REPLACEMENT_COSTS
BATMIL18V5A-1364,BATMIL18V5A-1364,Milwaukee 18 V 5 Ah Battery,218.9,RENTAL_STOCK_22_07_2026_CANONICAL.xlsx / REPLACEMENT_COSTS
SCKTIM3/4D158-0417,SCKTIM3/4D158-0417,"3/4"" Drive Impact Socket - 1 5/8""",55,Kincrome via Total Tools
SKT1/2IN201-0050,SKT1/2IN201-0050,"1/2"" Drive Impact Socket - 20 mm",8.9,TTI via Total Tools
SKT1/2IN201-0804,SKT1/2IN201-0804,"1/2"" Drive Impact Socket - 20 mm",8.9,TTI via Total Tools
SKT1/2IN201-0824,SKT1/2IN201-0824,"1/2"" Drive Impact Socket - 20 mm",8.9,TTI via Total Tools
SKT-1/2-24MM1-0269,SKT-1/2-24mm1-0269,"1/2"" Drive Deep Impact Socket - 24 mm",22,TTI via Total Tools
SKT243/4IN1-000601,SKT243/4IN1-000601,"3/4"" Drive Deep Impact Socket - 24 mm",32,Daytona via Sydney Tools
SKT243/4IN1-0100,SKT243/4IN1-0100,"3/4"" Drive Deep Impact Socket - 24 mm",32,Daytona via Sydney Tools
SCKTIM3/4D1-116-0432,SCKTIM3/4D1-116-0432,"3/4"" Drive Impact Socket - 1 1/16""",25,Kincrome via Total Tools
COMBINATSETRULE-0023,COMBINATSETRULE-0023,Combination Set With Rule,35,Kincrome/Toledo via Total Tools
COMBINATSETRULE-0416,COMBINATSETRULE-0416,Combination Set With Rule,35,Kincrome/Toledo via Total Tools
DNUTSETUNC-0002,DNUTSETUNC-0002,Die Nut Set - Unc,475,Sutton via Total Tools
DRILLSETTCOBALT-0003,DRILLSETTCOBALT-0003,Drill Set - Cobalt,150,Sutton via Total Tools
HACKSAW300MM-0039,HACKSAW300MM-0039,Hacksaw - Hand 300 mm,25,Bahco via Bunnings
HAMCOPHEADLARGE-0004,HAMCOPHEADLARGE-0004,Hammer - Copper Head - Large,120,Thor via Total Tools
SCREWDRIIPSHEAD-0199,SCREWDRIIPSHEAD-0199,Screwdriver - Phillips Head,12.5,Estimated based on Bahco square screwdriver
SKT/41-3/16D1-0220,SKT/41-3/16D1-0220,"3/4"" Drive Deep Impact Socket - 1 3/16""",45,Kincrome via Total Tools
SKT/41-3/16D1-0418,SKT/41-3/16D1-0418,"3/4"" Drive Deep Impact Socket - 1 3/16""",45,Kincrome via Total Tools
SKT3/4IN241-0055,SKT3/4IN241-0055,"3/4"" Drive Impact Socket - 24 mm",35,Kincrome/Sutton/Irwin via Total Tools (Estimated)
HMRSLEDGE8LB-0005,HMRSLEDGE8LB-0005,Hammer - Sledge 8 lb,75,Estimated trade quality
HMRSLEDGE8LB-0514,HMRSLEDGE8LB-0514,Hammer - Sledge 8 lb,75,Estimated trade quality
MIRRORINPECTION-0018,MIRRORINPECTION-0018,Mirror - Inspection,15,Toledo via Total Tools
MIRRORINPECTION-0019,MIRRORINPECTION-0019,Mirror - Inspection,15,Toledo via Total Tools
PINCHBAR-0009,PINCHBAR-0009,Pinch Bar,35,Estimated based on typical trade quality
PLIERLKWITST230-0600,PLIERLKWITST230-0600,Pliers - Lockwire Twisting - 230 mm,65,Estimated based on typical trade quality
PLIERLKWITST230-0603,PLIERLKWITST230-0603,Pliers - Lockwire Twisting - 230 mm,65,Estimated based on typical trade quality
PLIERLKWITST230-0604,PLIERLKWITST230-0604,Pliers - Lockwire Twisting - 230 mm,65,Estimated based on typical trade quality
PLIERLKWITST230-0607,PLIERLKWITST230-0607,Pliers - Lockwire Twisting - 230 mm,65,Estimated based on typical trade quality
SKT1/2IN301-0424,SKT1/2IN301-0424,"1/2"" Drive Impact Socket - 30 mm",28,Kincrome/Sutton/Irwin via Total Tools (Estimated)
SKT3/41-3/8D1-0014,SKT3/41-3/8D1-0014,"3/4"" Drive Deep Impact Socket - 1 3/8""",45,Kincrome/Sutton/Irwin via Total Tools (Estimated)
SKT3/41-3/8D1-0015,SKT3/41-3/8D1-0015,"3/4"" Drive Deep Impact Socket - 1 3/8""",45,Kincrome/Sutton/Irwin via Total Tools (Estimated)
SKT/41-7/16D1-0046,SKT/41-7/16D1-0046,"3/4"" Drive Deep Impact Socket - 1 7/16""",45,Kincrome/Sutton/Irwin via Total Tools (Estimated)
SKT/41-7/16D1-0221,SKT/41-7/16D1-0221,"3/4"" Drive Deep Impact Socket - 1 7/16""",45,Kincrome/Sutton/Irwin via Total Tools (Estimated)
SCREWDRIRSQUARE-0066,SCREWDRIRSQUARE-0066,Screwdriver - Square,13.7,Bahco via Total Tools
SKT-1/2-32MM1-0501,SKT-1/2-32mm1-0501,"1/2"" Drive Deep Impact Socket - 32 mm",26.8,Kincrome via Bunnings
SKT3/41-1/8D1-0413,SKT3/41-1/8D1-0413,"3/4"" Drive Deep Impact Socket - 1 1/8""",38,Kincrome/Sutton/Irwin via Total Tools (Estimated)
SKT3/41-1/8D1-0514,SKT3/41-1/8D1-0514,"3/4"" Drive Deep Impact Socket - 1 1/8""",38,Kincrome/Sutton/Irwin via Total Tools (Estimated)
SKT3/4IN471-0221,SKT3/4IN471-0221,"3/4"" Drive Impact Socket - 47 mm",55,TTI via Total Tools
SCKTIMADP34-1D-0014,SCKTIMADP34-1D-0014,"3/4"" to 1"" Drive Socket Adaptor",45,Kincrome via Total Tools
SCKTIMADP34-1D-0504,SCKTIMADP34-1D-0504,"3/4"" to 1"" Drive Socket Adaptor",45,Kincrome via Total Tools
SCKTIMADP34-1D-0802,SCKTIMADP34-1D-0802,"3/4"" to 1"" Drive Socket Adaptor",45,Kincrome via Total Tools
PLIERCOMB200-0693,PLIERCOMB200-0693,Pliers - Combination 200 mm,35,Estimated based on standard combination pliers
SKTET1/2221-0430,SKTET1/2221-0430,"1/2"" Drive Impact Socket - 22 mm",13.53,Daytona via Sydney Tools
SKTET1/2221-0819,SKTET1/2221-0819,"1/2"" Drive Impact Socket - 22 mm",13.53,Daytona via Sydney Tools
SKTET1/2221-0823,SKTET1/2221-0823,"1/2"" Drive Impact Socket - 22 mm",13.53,Daytona via Sydney Tools
SKTET1/2221-0825,SKTET1/2221-0825,"1/2"" Drive Impact Socket - 22 mm",13.53,Daytona via Sydney Tools
SKTET1/2221-0828,SKTET1/2221-0828,"1/2"" Drive Impact Socket - 22 mm",13.53,Daytona via Sydney Tools
SKTIMP11-5/81-0430,SKTIMP11-5/81-0430,"1"" Drive Impact Socket - 1 5/8""",65,Kincrome via Total Tools
SKTMP11-1/8D1-0406,SKTMP11-1/8D1-0406,"1"" Drive Deep Impact Socket - 1 1/8""",55,Kincrome via Total Tools
SKTP11-15/161-0403,SKTP11-15/161-0403,"1"" Drive Impact Socket - 1 15/16""",85,SP Tools via Sydney Tools
SKTQUE1D113/161-0004,SKTQUE1D113/161-0004,"1"" Drive Impact Socket - 1 13/16""",80,Kincrome via Total Tools
SPANFLOG1-1/8-0022,SPANFLOG1-1/8-0022,"1 1/8"" Flogging Spanner",45,Toledo/Daytona via Total Tools/Sydney Tools
SPANFLOG1-13/16-0013,SPANFLOG1-13/16-0013,"1 13/16"" Flogging Spanner",95,Toledo via Total Tools
SPANFLOG1-13/16-0476,SPANFLOG1-13/16-0476,"1 13/16"" Flogging Spanner",95,Toledo via Total Tools
SPANFLOG41MM -0425,SPANFLOG41MM -0425,41 mm Flogging Spanner,95,Estimated based on 46mm size
STAMPNUMBER 8MM-0004,STAMPNUMBER 8MM-0004,Stamp - Number - 8 mm,65,Toledo via Total Tools
SKTET1/2251-0414,SKTET1/2251-0414,"1/2"" Drive Impact Socket - 25 mm",20,Daytona via Sydney Tools
SKTET1/2251-0415,SKTET1/2251-0415,"1/2"" Drive Impact Socket - 25 mm",20,Daytona via Sydney Tools
SKTTIMP3/41D1-0431,SKTTIMP3/41D1-0431,"3/4"" Drive Deep Impact Socket - 1""",28,Daytona via Sydney Tools
SKTTIMP3/41D1-0443,SKTTIMP3/41D1-0443,"3/4"" Drive Deep Impact Socket - 1""",28,Daytona via Sydney Tools
SKTPT1-1/2-11-0404,SKTPT1-1/2-11-0404,"1 1/2"" to 1"" Drive Socket Adaptor",75,Estimated trade quality
SKTPT1-1/2-11-0800,SKTPT1-1/2-11-0800,"1 1/2"" to 1"" Drive Socket Adaptor",75,Estimated trade quality
SOCKEXTN4D150MM-0032,SOCKEXTN4D150MM-0032,"3/4"" Drive Socket Extension - 150 mm",35,Kincrome/Sutton/Irwin via Total Tools (Estimated)
SOCKEXTN4D150MM-0806,SOCKEXTN4D150MM-0806,"3/4"" Drive Socket Extension - 150 mm",35,Kincrome/Sutton/Irwin via Total Tools (Estimated)
SOCKEXTN4D150MM-0807,SOCKEXTN4D150MM-0807,"3/4"" Drive Socket Extension - 150 mm",35,Kincrome/Sutton/Irwin via Total Tools (Estimated)
SPAOERG2 - 116-0002,SPAOERG2 - 116-0002,"2 1/16"" Combination Spanner",100,Kincrome via Total Tools
SPAOERG2 - 116-0003,SPAOERG2 - 116-0003,"2 1/16"" Combination Spanner",100,Kincrome via Total Tools
SPAO/E/RING7/8-0043,SPAO/E/RING7/8-0043,"7/8"" Combination Spanner",25,Kincrome via Total Tools
SPAO/E/RING7/8-0909,SPAO/E/RING7/8-0909,"7/8"" Combination Spanner",25,Kincrome via Total Tools
SPANFLOG24MM-0064,SPANFLOG24MM-0064,24 mm Flogging Spanner,65,Kincrome via Total Tools
SPANFLOG24MM-0066,SPANFLOG24MM-0066,24 mm Flogging Spanner,65,Kincrome via Total Tools
SKTCKET1651-0042,SKTCKET1651-0042,"1"" Drive Impact Socket - 65 mm",120,Kincrome via Total Tools
SKTCKET1651-0055,SKTCKET1651-0055,"1"" Drive Impact Socket - 65 mm",120,Kincrome via Total Tools
SKTCKET1651-0690,SKTCKET1651-0690,"1"" Drive Impact Socket - 65 mm",120,Kincrome via Total Tools
SKTET1IN601-0029,SKTET1IN601-0029,"1"" Drive Impact Socket - 60 mm",95,TTI via Total Tools
SKTIMP11-1/41-0440,SKTIMP11-1/41-0440,"1"" Drive Impact Socket - 1 1/4""",40,Daytona/Kincrome via Sydney Tools
SKTIMP11-1/41-0501,SKTIMP11-1/41-0501,"1"" Drive Impact Socket - 1 1/4""",40,Daytona/Kincrome via Sydney Tools
SKTMP11-3/161-0409,SKTMP11-3/161-0409,"1"" Drive Impact Socket - 1 3/16""",45,Kincrome via Total Tools
SKTP3/427D1-0106,SKTP3/427D1-0106,"3/4"" Drive Deep Impact Socket - 27 mm",35,Kincrome/Sutton/Irwin via Total Tools (Estimated)
SPANFLOG1-5/8-0452,SPANFLOG1-5/8-0452,"1 5/8"" Flogging Spanner",56.95,KC Tools via eBay
SPANFLOG1-5/8-0457,SPANFLOG1-5/8-0457,"1 5/8"" Flogging Spanner",56.95,KC Tools via eBay
SPANFLOG1-7/16-0050,SPANFLOG1-7/16-0050,"1 7/16"" Flogging Spanner",75,Toledo via Total Tools
SPASHI600MM24IN-0002,SPASHI600MM24IN-0002,"600 mm (24"") Adjustable Spanner",220,Crescent/Bahco via Total Tools
SKTP11-11/161-0012,SKTP11-11/161-0012,"1"" Drive Impact Socket - 1 11/16""",70,Kincrome via Total Tools
SKTIMP11-3/81-0407,SKTIMP11-3/81-0407,"1"" Drive Impact Socket - 1 3/8""",65,Kincrome via Total Tools
SKTMP12-7/161-0005,SKTMP12-7/161-0005,"1"" Drive Impact Socket - 2 7/16""",65,TTI via Total Tools
SKTP3/41-1/41-0034,SKTP3/41-1/41-0034,"3/4"" Drive Impact Socket - 1 1/4""",35,Kincrome via Total Tools
SKTP3/41-1/41-0425,SKTP3/41-1/41-0425,"3/4"" Drive Impact Socket - 1 1/4""",35,Kincrome via Total Tools
SKTP3/425D1-0522,SKTP3/425D1-0522,"3/4"" Drive Deep Impact Socket - 25 mm",45,Action via Total Tools
SKTP3/432D1-0461,SKTP3/432D1-0461,"3/4"" Drive Deep Impact Socket - 32 mm",35,Daytona via Sydney Tools
SKTMPEXT12001-0001,SKTMPEXT12001-0001,"1"" Drive Socket Extension - 200 mm",65,TTI via Total Tools
SPANFLOG1-3/16-0008,SPANFLOG1-3/16-0008,"1 3/16"" Flogging Spanner",56.8,Gedore via Haus of Tools
SPANFLOG1-3/16-0024,SPANFLOG1-3/16-0024,"1 3/16"" Flogging Spanner",56.8,Gedore via Haus of Tools
SPANFLOG31-3/8-0005,SPANFLOG31-3/8-0005,"1 3/8"" Offset Flogging Spanner",65,Toledo/Daytona via Total Tools/Sydney Tools
SPANFLOG31-3/8-0013,SPANFLOG31-3/8-0013,"1 3/8"" Offset Flogging Spanner",65,Toledo/Daytona via Total Tools/Sydney Tools
SPANFLOG2-0404,SPANFLOG2-0404,"2"" Flogging Spanner",120,Kincrome via Total Tools
SPANFLOG2-0444,SPANFLOG2-0444,"2"" Flogging Spanner",120,Kincrome via Total Tools
SPANFLOG2-0711,SPANFLOG2-0711,"2"" Flogging Spanner",120,Kincrome via Total Tools
SKTET3/4261-0401,SKTET3/4261-0401,"3/4"" Drive Impact Socket - 26 mm",22,Kincrome via Total Tools
SKTET3/4261-0480,SKTET3/4261-0480,"3/4"" Drive Impact Socket - 26 mm",22,Kincrome via Total Tools
SKTMP11-1/161-0502,SKTMP11-1/161-0502,"1"" Drive Impact Socket - 1 1/16""",48,Kincrome via Total Tools
SKTMP11-1/161-0503,SKTMP11-1/161-0503,"1"" Drive Impact Socket - 1 1/16""",48,Kincrome via Total Tools
SKTMP3/4-3/41-0001,SKTMP3/4-3/41-0001,"3/4"" Drive Impact Socket - 3/4""",45,TTI via Total Tools
SKTMPEXT13001-0001,SKTMPEXT13001-0001,"1"" Drive Socket Extension - 300 mm",110,Estimated trade quality
SKTMPEXT13001-0002,SKTMPEXT13001-0002,"1"" Drive Socket Extension - 300 mm",110,Estimated trade quality
SOCKSET14DAFMET-0010,SOCKSET14DAFMET-0010,"1/4"" Drive Socket Set - AF & Metric",95,Kincrome via Total Tools
SPAOERG1 - 12-0025,SPAOERG1 - 12-0025,"1 1/2"" Combination Spanner",150,"Interpolated from Kincrome 1-1/4"""
SPAOERG1 - 12-0220,SPAOERG1 - 12-0220,"1 1/2"" Combination Spanner",150,"Interpolated from Kincrome 1-1/4"""
SPAOERG1 - 12-0224,SPAOERG1 - 12-0224,"1 1/2"" Combination Spanner",150,"Interpolated from Kincrome 1-1/4"""
SPAOERG1 - 716-0002,SPAOERG1 - 716-0002,"1 7/16"" Combination Spanner",45,Kincrome via Total Tools
SPAOERG1 - 716-0003,SPAOERG1 - 716-0003,"1 7/16"" Combination Spanner",45,Kincrome via Total Tools
SPAO/E/RING3/8-0006,SPAO/E/RING3/8-0006,"3/8"" Combination Spanner",24,"Interpolated from Kincrome 1/2"""
SPAO/E/RING3/8-0011,SPAO/E/RING3/8-0011,"3/8"" Combination Spanner",24,"Interpolated from Kincrome 1/2"""
SPARINGO/E-12MM-0040,SPARINGO/E-12MM-0040,12 mm Combination Spanner,14,Kincrome via Total Tools
SPARINGO/E-12MM-0354,SPARINGO/E-12MM-0354,12 mm Combination Spanner,14,Kincrome via Total Tools
SPARINGO/E-16MM-0082,SPARINGO/E-16MM-0082,16 mm Combination Spanner,18,Kincrome via Total Tools
SPARINGO/E60MM-0223,SPARINGO/E60MM-0223,60 mm Combination Spanner,95,Estimated based on similar sizes
SPARINGO/E60MM-0504,SPARINGO/E60MM-0504,60 mm Combination Spanner,95,Estimated based on similar sizes
SKTKETIMP1-11-0006,SKTKETIMP1-11-0006,"1"" Drive Impact Socket - 1""",45,Kincrome via Total Tools
SKTTIMP1-3/41-0401,SKTTIMP1-3/41-0401,"1"" Drive Impact Socket - 3/4""",65,TTI via Total Tools
SKTQUE3/4D11/21-0001,SKTQUE3/4D11/21-0001,"3/4"" Drive Impact Socket - 1 1/2""",45,Estimated based on typical trade quality
SKTQUE3/4D11/21-0002,SKTQUE3/4D11/21-0002,"3/4"" Drive Impact Socket - 1 1/2""",45,Estimated based on typical trade quality
SKTQUE3/4D11/21-0003,SKTQUE3/4D11/21-0003,"3/4"" Drive Impact Socket - 1 1/2""",45,Estimated based on typical trade quality
SKTQUE3/4D11/21-0004,SKTQUE3/4D11/21-0004,"3/4"" Drive Impact Socket - 1 1/2""",45,Estimated based on typical trade quality
SPAO/E/RING1-0016,SPAO/E/RING1-0016,"1"" Combination Spanner",45,"Interpolated from Kincrome 15/16"" and 1-1/16"""
SPAO/E/RING1-0023,SPAO/E/RING1-0023,"1"" Combination Spanner",45,"Interpolated from Kincrome 15/16"" and 1-1/16"""
SPAO/E/RING1-0408,SPAO/E/RING1-0408,"1"" Combination Spanner",45,"Interpolated from Kincrome 15/16"" and 1-1/16"""
SPAO/E/RING1-0428,SPAO/E/RING1-0428,"1"" Combination Spanner",45,"Interpolated from Kincrome 15/16"" and 1-1/16"""
SPAOERG1116-0008,SPAOERG1116-0008,"11/16"" Combination Spanner",29,"Interpolated from Kincrome 3/4"""
SPAOERG1116-0028,SPAOERG1116-0028,"11/16"" Combination Spanner",29,"Interpolated from Kincrome 3/4"""
SPAOERG1116-0939,SPAOERG1116-0939,"11/16"" Combination Spanner",29,"Interpolated from Kincrome 3/4"""
SPAOERG1116-0955,SPAOERG1116-0955,"11/16"" Combination Spanner",29,"Interpolated from Kincrome 3/4"""
SPAOERG1 - 1316-0404,SPAOERG1 - 1316-0404,"1 13/16"" Combination Spanner",65,Kincrome via Total Tools
SPAOERG1 - 1316-0432,SPAOERG1 - 1316-0432,"1 13/16"" Combination Spanner",65,Kincrome via Total Tools
SPAOERG1 - 1316-0819,SPAOERG1 - 1316-0819,"1 13/16"" Combination Spanner",65,Kincrome via Total Tools
SPAOERG1316-0006,SPAOERG1316-0006,"13/16"" Combination Spanner",35,"Interpolated from Kincrome 3/4"""
SPAOERG1316-0040,SPAOERG1316-0040,"13/16"" Combination Spanner",35,"Interpolated from Kincrome 3/4"""
SPAOERG1316-0058,SPAOERG1316-0058,"13/16"" Combination Spanner",35,"Interpolated from Kincrome 3/4"""
SPAOERG1316-0401,SPAOERG1316-0401,"13/16"" Combination Spanner",35,"Interpolated from Kincrome 3/4"""
SPAOERG2 - 14-0001,SPAOERG2 - 14-0001,"2 1/4"" Combination Spanner",185,Kincrome/Sutton/Irwin via Total Tools (Estimated)
SPAOERG2 - 18-0001,SPAOERG2 - 18-0001,"2 1/8"" Combination Spanner",110,Kincrome via Total Tools
SPAOERG2 - 716-0601,SPAOERG2 - 716-0601,"2 7/16"" Combination Spanner",150,Kincrome via Total Tools
SPAO/E/RING7/16-0800,SPAO/E/RING7/16-0800,"7/16"" Combination Spanner",24.5,"Interpolated from Kincrome 1/2"""
SPARINGO/E10MM-0203,SPARINGO/E10MM-0203,10 mm Combination Spanner,12.5,Kincrome/Sutton/Irwin via Total Tools (Estimated)
SPARINGO/E10MM-0210,SPARINGO/E10MM-0210,10 mm Combination Spanner,12.5,Kincrome/Sutton/Irwin via Total Tools (Estimated)
SPANFLOG1-3/4-0500,SPANFLOG1-3/4-0500,"1 3/4"" Flogging Spanner",140,Kincrome via Total Tools
SPANFLOG2-1/16-0002,SPANFLOG2-1/16-0002,"2 1/16"" Flogging Spanner",115,Toledo via Total Tools
SPANFLOG2-1/16-0009,SPANFLOG2-1/16-0009,"2 1/16"" Flogging Spanner",115,Toledo via Total Tools
SPASHI450MM18IN-0802,SPASHI450MM18IN-0802,"450 mm (18"") Adjustable Spanner",85,Bahco via Total Tools
SKTET1/2211-0422,SKTET1/2211-0422,"1/2"" Drive Impact Socket - 21 mm",9,Gedore via Mektronics
SKTET1/2211-0811,SKTET1/2211-0811,"1/2"" Drive Impact Socket - 21 mm",9,Gedore via Mektronics
SKTMP11-7/161-0009,SKTMP11-7/161-0009,"1"" Drive Impact Socket - 1 7/16""",65,Kincrome via Total Tools
SPAO/E/RING1/2-0020,SPAO/E/RING1/2-0020,"1/2"" Combination Spanner",25.75,Kincrome via Bunnings
SPAOERG1 - 38-0011,SPAOERG1 - 38-0011,"1 3/8"" Combination Spanner",6.23,Draper Tools via Rolan
SPAOERG1 - 38-0012,SPAOERG1 - 38-0012,"1 3/8"" Combination Spanner",6.23,Draper Tools via Rolan
SPAOERG1 - 38-0031,SPAOERG1 - 38-0031,"1 3/8"" Combination Spanner",6.23,Draper Tools via Rolan
SPAOERG1 - 38-0351,SPAOERG1 - 38-0351,"1 3/8"" Combination Spanner",6.23,Draper Tools via Rolan
SPAOERG1516-0645,SPAOERG1516-0645,"15/16"" Combination Spanner",40,"Interpolated from Kincrome 1"""
SPAOERG1 - 516-0435,SPAOERG1 - 516-0435,"1 5/16"" Combination Spanner",5.5,Estimated based on 3/8 size
SPAOERG1 - 58-0010,SPAOERG1 - 58-0010,"1 5/8"" Combination Spanner",85,Kincrome/Sutton/Irwin via Total Tools (Estimated)
SPAOERG1 - 78-0001,SPAOERG1 - 78-0001,"1 7/8"" Combination Spanner",15,Estimated based on similar sizes
SPAOERG2-12-0752,SPAOERG2-12-0752,"2 1/2"" Combination Spanner",160,Kincrome via Total Tools
SPAOERG2-1316-0001,SPAOERG2-1316-0001,"2 13/16"" Combination Spanner",35,Estimated based on similar sizes
SPAOERG2-38-0006,SPAOERG2-38-0006,"2 3/8"" Combination Spanner",140,Kincrome via Total Tools
SPAO/E/RING3/4-0426,SPAO/E/RING3/4-0426,"3/4"" Combination Spanner",32,"Interpolated from Kincrome 1/2"" and 1"""
SPAO/E/RING3/4-0907,SPAO/E/RING3/4-0907,"3/4"" Combination Spanner",32,"Interpolated from Kincrome 1/2"" and 1"""
SPAO/E/RING5/8-0805,SPAO/E/RING5/8-0805,"5/8"" Flat Combination Spanner",27.5,"Interpolated from Kincrome 1/2"""
SPAO/E/RING5/8-0809,SPAO/E/RING5/8-0809,"5/8"" Flat Combination Spanner",27.5,"Interpolated from Kincrome 1/2"""
SPARINGO/E-55MM-0335,SPARINGO/E-55MM-0335,55 mm Combination Spanner,180,Kincrome via Total Tools
SPARINGO/E-65MM-0019,SPARINGO/E-65MM-0019,65 mm Combination Spanner,250,Kincrome via Total Tools
SPARINGO/E-6MM-0007,SPARINGO/E-6MM-0007,6 mm Combination Spanner,10,Kincrome via Total Tools
SPARINGO/E80MM-0500,SPARINGO/E80MM-0500,80 mm Combination Spanner,300,Kincrome/Toledo via Total Tools
SPARINGO/E-8MM-0804,SPARINGO/E-8MM-0804,8 mm Combination Spanner,12.5,Kincrome/Sutton/Irwin via Total Tools (Estimated)
SPASHIF200MM8IN-0037,SPASHIF200MM8IN-0037,200 mm Adjustable Spanner,30,"Estimated based on standard 8"" adjustable wrench"
SPASHI250MM10IN-0175,SPASHI250MM10IN-0175,"250 mm (10"") Adjustable Spanner",45,Bahco via Total Tools
215746,215746,Torque Wrench - Manual - 19 mm (3/4 in) Drive,3525.51,https://mektronics.com.au/products/wera-torque-wrench-200-1000-nm-reversible-ratchet-3-4-drive-075630
649550,649550,Torque Wrench - Manual - 19 mm (3/4 in) Drive,3525.51,https://mektronics.com.au/products/wera-torque-wrench-200-1000-nm-reversible-ratchet-3-4-drive-075630
1084427,1084427,Hydraulic Torque Wrench - Actuator - 4000 ft-lb,7500,https://buyenerpac.com/w4000x-low-profile-torque-wrench-drive-unit-4000-ft-lbs/
1099036,1099036,Torque/Tension Wrench - 12 mm - 1/2 in Drive,233,https://www.primesupplies.com.au/product/1-2-dr-micrometer-torque-wrench-30-250-ft-lbs/
405516,405516,Hydraulic Torque Wrench - Cassette - 70 mm - 4000 ft-lb,9818.73,https://www.raptorsupplies.com.au/pd/enerpac/w4212x
412874,412874,"Torque Wrench - Manual - 500–1,000 ft-lb - 1"" Drive",2087,https://www.primesupplies.com.au/product/sykes-torque-wrench-motorq-gen-2-550-1-square-drive/
1085000,1085000,Hydraulic Torque Wrench - Cassette - 50–51 mm - 2000 ft-lb,7196.26,https://www.raptorsupplies.com.au/pd/enerpac/w2200x
1258333,1258333,Hydraulic Torque Wrench - Cassette - 55–56 mm - 2000 ft-lb,7196.26,https://www.raptorsupplies.com.au/pd/enerpac/w2203x
204097,204097,Hydraulic Torque Wrench - Actuator - 4000 ft-lb,7500,https://buyenerpac.com/w4000x-low-profile-torque-wrench-drive-unit-4000-ft-lbs/
1258326,1258326,Hydraulic Torque Wrench - Cassette - 41 mm - 2000 ft-lb,7196.26,https://www.raptorsupplies.com.au/pd/enerpac/w2110x
1008952,1008952,Hydraulic Torque Wrench - Cassette - 32 mm - 2000 ft-lb,7196.26,https://www.raptorsupplies.com.au/pd/enerpac/w2104x
1258480,1258480,Hydraulic Torque Pump - Electric 240 V,26126.85,https://www.raptorsupplies.com.au/pd/enerpac/tq700e
1258328,1258328,Hydraulic Torque Wrench - Cassette - 46 mm - 2000 ft-lb,7196.26,https://www.raptorsupplies.com.au/pd/enerpac/w2113x
1111816,1111816,Hydraulic Torque Wrench - Actuator - 2000 ft-lb,6000,https://buyenerpac.com/products/w2000x-low-profile-torque-wrench-drive-unit-2000-ft-lbs
1019106,1019106,Hydraulic Torque Hose Set - 6 m × 10000 psi,996,https://www.primesupplies.com.au/product/hydr-twin-torque-wrench-hose-assembly-6m-enerpac/
308534,308534,"Hydraulic Torque Wrench - 1 1/2 in Square Drive - 6,010 ft-lb",18500,https://www.mrosupply.com/hydraulics-and-pneumatics/5766243_s6000x_enerpac/
1132416,1132416,Hydraulic Torque Wrench - 1 in Square Drive - 3300 ft-lb,13448,https://www.primesupplies.com.au/product/hydraulic-torque-wrench-1-square-drive-s3000x/
1132409,1132409,Hydraulic Torque Wrench - Actuator - 2000 ft-lb,6000,https://buyenerpac.com/products/w2000x-low-profile-torque-wrench-drive-unit-2000-ft-lbs
1258324,1258324,Hydraulic Torque Wrench - Cassette - 36–37 mm - 2000 ft-lb,7196.26,https://www.raptorsupplies.com.au/pd/enerpac/w2107x
1117098,1117098,Fuel Trailer 1000L Double Bunded,,
1193145,1193145,Trailer - Water Cartage 950L With Pump,,
1185159,1185159,Mini Excavator Trailer < 4.5T,,
1220001,1220001,Wire Feeder LN25,7899,https://www.gasweld.com.au/ln-25pro-dual-power
1219981,1219981,Wire Feeder LN25,7899,https://www.gasweld.com.au/ln-25pro-dual-power
1219998,1219998,Wire Feeder LN25,7899,https://www.gasweld.com.au/ln-25pro-dual-power
1220000,1220000,Wire Feeder LN25,7899,https://www.gasweld.com.au/ln-25pro-dual-power
WELDEARTHCLPCAD-0361,WELDEARTHCLPCAD-0361,Caddy Welding Earth Lead,74.95,https://electroweld.com.au/product/weldclass-4m-200a-earth-welding-lead-cable-earth-clamp-10-25-dinse-wc-06230/
WELDEARTHCLPCAD-0036,WELDEARTHCLPCAD-0036,Caddy Welding Earth Lead,74.95,https://electroweld.com.au/product/weldclass-4m-200a-earth-welding-lead-cable-earth-clamp-10-25-dinse-wc-06230/
WELDEARTHCLPCAD-0154,WELDEARTHCLPCAD-0154,Caddy Welding Earth Lead,74.95,https://electroweld.com.au/product/weldclass-4m-200a-earth-welding-lead-cable-earth-clamp-10-25-dinse-wc-06230/
WELDEARTHCLPCAD-0973,WELDEARTHCLPCAD-0973,Caddy Welding Earth Lead,74.95,https://electroweld.com.au/product/weldclass-4m-200a-earth-welding-lead-cable-earth-clamp-10-25-dinse-wc-06230/
WELDEARTHCLPCAD-0155,WELDEARTHCLPCAD-0155,Caddy Welding Earth Lead,74.95,https://electroweld.com.au/product/weldclass-4m-200a-earth-welding-lead-cable-earth-clamp-10-25-dinse-wc-06230/
WELDEARTHCLPCAD-0152,WELDEARTHCLPCAD-0152,Caddy Welding Earth Lead,74.95,https://electroweld.com.au/product/weldclass-4m-200a-earth-welding-lead-cable-earth-clamp-10-25-dinse-wc-06230/
1182978,1182978,Wire Feeder LN25,7899,https://www.gasweld.com.au/ln-25pro-dual-power
1182967,1182967,Wire Feeder LN25,7899,https://www.gasweld.com.au/ln-25pro-dual-power
781125,781125,Welding Electrode Hotbox,159,https://www.hampdon.com.au/5kg-stick-electrode-arc-rod-drying-oven-hot-box-quiver
1257923,1257923,Wire Feeder LN25,7899,https://www.gasweld.com.au/ln-25pro-dual-power
WELDLEAD70MM-0094,WELDLEAD70MM-0094,Welding Extension Lead - 70 mm²,695,https://custompowercables.com.au/products/welding-cable-70mm-per-metre
WELDLEAD70MM-0244,WELDLEAD70MM-0244,Welding Extension Lead - 70 mm²,695,https://custompowercables.com.au/products/welding-cable-70mm-per-metre
WELDLEAD70MM-0101,WELDLEAD70MM-0101,Welding Extension Lead - 70 mm²,695,https://custompowercables.com.au/products/welding-cable-70mm-per-metre
WELDEARTHCLP-0071,WELDEARTHCLP-0071,Welding Earth Lead,449,https://www.gasweld.com.au/earth-work-return-lead-9m-50mm
WELDELECDEHOLER-0029,WELDELECDEHOLER-0029,Welding Electrode Holder,27.9,https://www.gasweld.com.au/electrode-holder-400amp
WELDELECDEHOLER-0999,WELDELECDEHOLER-0999,Welding Electrode Holder,27.9,https://www.gasweld.com.au/electrode-holder-400amp
WELDHANDCECADDY-0204,WELDHANDCECADDY-0204,Caddy Welding Handpiece Lead,97.95,https://electroweld.com.au/product/weldclass-200a-earth-welding-lead-cable-electrode-holder-10-25-dinse-wc-06231/
WELDHANDCECADDY-0276,WELDHANDCECADDY-0276,Caddy Welding Handpiece Lead,97.95,https://electroweld.com.au/product/weldclass-200a-earth-welding-lead-cable-electrode-holder-10-25-dinse-wc-06231/
WELDHANDCECADDY-0977,WELDHANDCECADDY-0977,Caddy Welding Handpiece Lead,97.95,https://electroweld.com.au/product/weldclass-200a-earth-welding-lead-cable-electrode-holder-10-25-dinse-wc-06231/
WELDHANDCECADDY-0013,WELDHANDCECADDY-0013,Caddy Welding Handpiece Lead,97.95,https://electroweld.com.au/product/weldclass-200a-earth-welding-lead-cable-electrode-holder-10-25-dinse-wc-06231/
WELDHANDCECADDY-0009,WELDHANDCECADDY-0009,Caddy Welding Handpiece Lead,97.95,https://electroweld.com.au/product/weldclass-200a-earth-welding-lead-cable-electrode-holder-10-25-dinse-wc-06231/
WELDHANDCECADDY-0005,WELDHANDCECADDY-0005,Caddy Welding Handpiece Lead,97.95,https://electroweld.com.au/product/weldclass-200a-earth-welding-lead-cable-electrode-holder-10-25-dinse-wc-06231/
WELDLEADTAIL-0882,WELDLEADTAIL-0882,Welding Lead Tail,34.5,https://www.hampdon.com.au/500a-50cm-welder-generator-lead-connector-tails-50
WELDLEADTAIL-0884,WELDLEADTAIL-0884,Welding Lead Tail,34.5,https://www.hampdon.com.au/500a-50cm-welder-generator-lead-connector-tails-50
WELDLEADTAIL-0820,WELDLEADTAIL-0820,Welding Lead Tail,34.5,https://www.hampdon.com.au/500a-50cm-welder-generator-lead-connector-tails-50
1135004,1135004,Oxy/Acetylene Welding Kit,534,https://www.totaltools.com.au/best-sellers/55767-cigweld-oxy-acet-trade-gas-cutting-and-welding-kit-bluejet
1157330,1157330,Oxy/Acetylene Welding Kit,534,https://www.totaltools.com.au/best-sellers/55767-cigweld-oxy-acet-trade-gas-cutting-and-welding-kit-bluejet
OXYEXTHOSE-0009,OXYEXTHOSE-0009,Oxy Extension Hose,90.9,https://www.gasweld.com.au/oxy-hose-10mtr
OXYEXTHOSE-0007,OXYEXTHOSE-0007,Oxy Extension Hose,90.9,https://www.gasweld.com.au/oxy-hose-10mtr
OXYEXTHOSE-0006,OXYEXTHOSE-0006,Oxy Extension Hose,90.9,https://www.gasweld.com.au/oxy-hose-10mtr
OXYEXTHOSE-0011,OXYEXTHOSE-0011,Oxy Extension Hose,90.9,https://www.gasweld.com.au/oxy-hose-10mtr
OXYEXTHOSE-0010,OXYEXTHOSE-0010,Oxy Extension Hose,90.9,https://www.gasweld.com.au/oxy-hose-10mtr
OXYEXTHOSE-0012,OXYEXTHOSE-0012,Oxy Extension Hose,90.9,https://www.gasweld.com.au/oxy-hose-10mtr
1235657,1235657,Welder Diesel 500A,,
1235626,1235626,Welder - Motorised - Diesel - 600A Air Vantage,,
1235624,1235624,Welder - Motorised - Diesel - 600A Air Vantage,,
1096333,1096333,Welder - Motorised - Diesel - 500A Air Vantage,,
1226045,1226045,Welder - Motorised - Diesel - 600A Air Vantage,,
1226041,1226041,Welder - Motorised - Diesel - 600A Air Vantage,,
16816-579919-0001,16816-579919-0001,Orange Mallets 5 lb,65,Thor via Total Tools
16816-579920-0002,16816-579920-0002,Orange Mallets 8 lb,85,Estimated trade quality
16816-579920-0003,16816-579920-0003,Orange Mallets 8 lb,85,Estimated trade quality
16816-579918-0003,16816-579918-0003,Oxy/Acetylene Welding Kit,534,https://www.totaltools.com.au/best-sellers/55767-cigweld-oxy-acet-trade-gas-cutting-and-welding-kit-bluejet
UNIT8601-571684-0006,UNIT8601-571684-0006,"1/2"" Drive Socket Ratchet",73,https://www.primesupplies.com.au/product/ratchet-1-2-dr-250mm-reversible-sidchrome/
16816-6-0004,16816-6-0004,Plasma Handpiece,529,https://www.gasweld.com.au/dynaweld-bossweld-6mt-plasma-torch-lt10-94-00157-dyn
16816-588004-0002,16816-588004-0002,Thread File Imperial,45,Toledo via Total Tools
16816-588004-0003,16816-588004-0003,Thread File Imperial,45,Toledo via Total Tools
16816-588004-0004,16816-588004-0004,Thread File Imperial,45,Toledo via Total Tools
16816-588007-0001,16816-588007-0001,Thread File Metric,45,Toledo via Total Tools
16816-588007-0002,16816-588007-0002,Thread File Metric,45,Toledo via Total Tools
16816-588007-0003,16816-588007-0003,Thread File Metric,45,Toledo via Total Tools
16816-588008-0001,16816-588008-0001,"1/2"" Eye Bolt",7.98,https://www.industrialautomotiveparts.com.au/604005/Imperial-Rated-Eye-Bolts/pd.php
16816-588008-0002,16816-588008-0002,"1/2"" Eye Bolt",7.98,https://www.industrialautomotiveparts.com.au/604005/Imperial-Rated-Eye-Bolts/pd.php
16816-588907-0001,16816-588907-0001,"1"" Eye Bolt",32.7,https://www.industrialautomotiveparts.com.au/604005/Imperial-Rated-Eye-Bolts/pd.php
16816-588907-0002,16816-588907-0002,"1"" Eye Bolt",32.7,https://www.industrialautomotiveparts.com.au/604005/Imperial-Rated-Eye-Bolts/pd.php
16816-588907-0003,16816-588907-0003,"1"" Eye Bolt",32.7,https://www.industrialautomotiveparts.com.au/604005/Imperial-Rated-Eye-Bolts/pd.php
16816-588908-0001,16816-588908-0001,"3/4"" Eye Bolt",17.85,https://www.primesupplies.com.au/product/eye-bolt-lifting-3-4-unc-collared-1-40t-top-load-0-40t-side-load/
16816-588909-0001,16816-588909-0001,"5/8"" Eye Bolt",12.45,https://www.industrialautomotiveparts.com.au/604005/Imperial-Rated-Eye-Bolts/pd.php
16816-588910-0001,16816-588910-0001,M12 Eye Bolt,3.25,https://www.primesupplies.com.au/product-category/lifting-and-materials-handling/eye-bolts-nuts/
16816-588910-0002,16816-588910-0002,M12 Eye Bolt,3.25,https://www.primesupplies.com.au/product-category/lifting-and-materials-handling/eye-bolts-nuts/
16816-588910-0003,16816-588910-0003,M12 Eye Bolt,3.25,https://www.primesupplies.com.au/product-category/lifting-and-materials-handling/eye-bolts-nuts/
16816-588910-0004,16816-588910-0004,M12 Eye Bolt,3.25,https://www.primesupplies.com.au/product-category/lifting-and-materials-handling/eye-bolts-nuts/
16816-588911-0001,16816-588911-0001,M16 Eye Bolt,4.5,https://www.primesupplies.com.au/product-category/lifting-and-materials-handling/eye-bolts-nuts/
16816-588912-0001,16816-588912-0001,M20 Eye Bolt,8.45,https://www.primesupplies.com.au/product-category/lifting-and-materials-handling/eye-bolts-nuts/
16816-588912-0002,16816-588912-0002,M20 Eye Bolt,8.45,https://www.primesupplies.com.au/product-category/lifting-and-materials-handling/eye-bolts-nuts/
16816-588912-0003,16816-588912-0003,M20 Eye Bolt,8.45,https://www.primesupplies.com.au/product-category/lifting-and-materials-handling/eye-bolts-nuts/
16816-588913-0001,16816-588913-0001,M24 Eye Bolt,18.3,https://www.primesupplies.com.au/product/eye-bolt-lifting-m24-collared-din580-1-80t-top-load-0-45t-side-load/
16816-588913-0002,16816-588913-0002,M24 Eye Bolt,18.3,https://www.primesupplies.com.au/product/eye-bolt-lifting-m24-collared-din580-1-80t-top-load-0-45t-side-load/
16816-588913-0003,16816-588913-0003,M24 Eye Bolt,18.3,https://www.primesupplies.com.au/product/eye-bolt-lifting-m24-collared-din580-1-80t-top-load-0-45t-side-load/
16816-588914-0001,16816-588914-0001,M8 Eye Bolt,1.8,https://www.primesupplies.com.au/product-category/lifting-and-materials-handling/eye-bolts-nuts/
16816-588914-0002,16816-588914-0002,M8 Eye Bolt,1.8,https://www.primesupplies.com.au/product-category/lifting-and-materials-handling/eye-bolts-nuts/
16816-588915-0001,16816-588915-0001,"1/2"" Eye Bolt",7.98,https://www.industrialautomotiveparts.com.au/604005/Imperial-Rated-Eye-Bolts/pd.php
16816-588915-0002,16816-588915-0002,"1/2"" Eye Bolt",7.98,https://www.industrialautomotiveparts.com.au/604005/Imperial-Rated-Eye-Bolts/pd.php
16816-588916-0001,16816-588916-0001,"1"" Eye Bolt",32.7,https://www.industrialautomotiveparts.com.au/604005/Imperial-Rated-Eye-Bolts/pd.php
16816-588917-0001,16816-588917-0001,"3/4"" Eye Bolt",17.85,https://www.primesupplies.com.au/product/eye-bolt-lifting-3-4-unc-collared-1-40t-top-load-0-40t-side-load/
16816-588917-0002,16816-588917-0002,"3/4"" Eye Bolt",17.85,https://www.primesupplies.com.au/product/eye-bolt-lifting-3-4-unc-collared-1-40t-top-load-0-40t-side-load/
16816-588917-0003,16816-588917-0003,"3/4"" Eye Bolt",17.85,https://www.primesupplies.com.au/product/eye-bolt-lifting-3-4-unc-collared-1-40t-top-load-0-40t-side-load/
16816-588918-0001,16816-588918-0001,"3/8"" Eye Bolt",4.81,https://www.industrialautomotiveparts.com.au/604005/Imperial-Rated-Eye-Bolts/pd.php
16816-588918-0002,16816-588918-0002,"3/8"" Eye Bolt",4.81,https://www.industrialautomotiveparts.com.au/604005/Imperial-Rated-Eye-Bolts/pd.php
16816-588918-0003,16816-588918-0003,"3/8"" Eye Bolt",4.81,https://www.industrialautomotiveparts.com.au/604005/Imperial-Rated-Eye-Bolts/pd.php
16816-588918-0004,16816-588918-0004,"3/8"" Eye Bolt",4.81,https://www.industrialautomotiveparts.com.au/604005/Imperial-Rated-Eye-Bolts/pd.php
16816-588919-0001,16816-588919-0001,"5/8"" Eye Bolt",12.45,https://www.industrialautomotiveparts.com.au/604005/Imperial-Rated-Eye-Bolts/pd.php
16816-588919-0002,16816-588919-0002,"5/8"" Eye Bolt",12.45,https://www.industrialautomotiveparts.com.au/604005/Imperial-Rated-Eye-Bolts/pd.php
16816-588919-0003,16816-588919-0003,"5/8"" Eye Bolt",12.45,https://www.industrialautomotiveparts.com.au/604005/Imperial-Rated-Eye-Bolts/pd.php
16816-588920-0001,16816-588920-0001,"7/8"" Eye Bolt",27,https://rkaindustrialsolutions.com.au/product/eye-bolt-bs529-zinc/
16816-588920-0002,16816-588920-0002,"7/8"" Eye Bolt",27,https://rkaindustrialsolutions.com.au/product/eye-bolt-bs529-zinc/
16816-588920-0003,16816-588920-0003,"7/8"" Eye Bolt",27,https://rkaindustrialsolutions.com.au/product/eye-bolt-bs529-zinc/
16816-588920-0004,16816-588920-0004,"7/8"" Eye Bolt",27,https://rkaindustrialsolutions.com.au/product/eye-bolt-bs529-zinc/
16816-588921-0001,16816-588921-0001,M16 Eye Bolt,4.5,https://www.primesupplies.com.au/product-category/lifting-and-materials-handling/eye-bolts-nuts/
16816-588921-0002,16816-588921-0002,M16 Eye Bolt,4.5,https://www.primesupplies.com.au/product-category/lifting-and-materials-handling/eye-bolts-nuts/
16816-588921-0003,16816-588921-0003,M16 Eye Bolt,4.5,https://www.primesupplies.com.au/product-category/lifting-and-materials-handling/eye-bolts-nuts/
16816-588922-0001,16816-588922-0001,M20 Eye Bolt,8.45,https://www.primesupplies.com.au/product-category/lifting-and-materials-handling/eye-bolts-nuts/
16816-588923-0001,16816-588923-0001,M24 Eye Bolt,18.3,https://www.primesupplies.com.au/product/eye-bolt-lifting-m24-collared-din580-1-80t-top-load-0-45t-side-load/
16816-588924-0001,16816-588924-0001,M8 Eye Bolt,1.8,https://www.primesupplies.com.au/product-category/lifting-and-materials-handling/eye-bolts-nuts/
16816-588924-0002,16816-588924-0002,M8 Eye Bolt,1.8,https://www.primesupplies.com.au/product-category/lifting-and-materials-handling/eye-bolts-nuts/
16816-588965-0001,16816-588965-0001,Bit Drill Set HSS Reduced 16–25 mm 1/2-SH 5 pc,150,Estimated trade quality
16816-588965-0002,16816-588965-0002,Bit Drill Set HSS Reduced 16–25 mm 1/2-SH 5 pc,150,Estimated trade quality
16816-588998-0001,16816-588998-0001,Dial Gauge,150,Accud imperial dial indicator via Total Tools (encoding-damaged description)
16816-588999-0001,16816-588999-0001,Dial Gauge,150,Accud imperial dial indicator via Total Tools (encoding-damaged description)
16816-589000-0001,16816-589000-0001,Dial Gauge,213.52,Mitutoyo via Mektronics
16816-589001-0001,16816-589001-0001,49 mm Flogging Spanner,154.88,Ultimate Tools via Sydney Tools
16816-589001-0002,16816-589001-0002,49 mm Flogging Spanner,154.88,Ultimate Tools via Sydney Tools
16816-589002-0001,16816-589002-0001,Base Magnetic Solid Arm 75 kg Power Mitutoyo,150,Mitutoyo via Total Tools
16816-589003-0001,16816-589003-0001,Bit Screwdriver and Drill Set Shockwave 86 pc,120,Estimated trade quality
16816-589003-0002,16816-589003-0002,Bit Screwdriver and Drill Set Shockwave 86 pc,120,Estimated trade quality
16816-589005-0001,16816-589005-0001,Cutter Annular HSS-TiN 16 × 25 mm 3/4-SH Multifit,65,Alpha via Total Tools
16816-589006-0001,16816-589006-0001,Cutter Annular HSS-TiN 17 × 25 mm 3/4-SH Multifit,68,Alpha via Total Tools
16816-589007-0001,16816-589007-0001,Cutter Annular HSS-TiN 18 × 25 mm 3/4-SH Multifit,72,Alpha via Total Tools
16816-589008-0001,16816-589008-0001,Cutter Annular HSS-TiN 19 × 25 mm 3/4-SH Multifit,75,Alpha via Total Tools
16816-589009-0001,16816-589009-0001,Cutter Annular HSS-TiN 20 × 25 mm 3/4-SH Multifit,78,Alpha via Total Tools
16816-589010-0001,16816-589010-0001,Cutter Annular HSS-TiN 21 × 25 mm 3/4-SH Multifit,82,Alpha via Total Tools
16816-589011-0001,16816-589011-0001,Cutter Annular HSS-TiN 23 × 25 mm 3/4-SH Multifit,88,Alpha via Total Tools
16816-589012-0001,16816-589012-0001,Cutter Annular HSS-TiN 24 × 25 mm 3/4-SH Multifit,92,Alpha via Total Tools
16816-589013-0001,16816-589013-0001,Cutter Annular HSS-TiN 25 × 25 mm 3/4-SH Multifit,95,Alpha via Total Tools
16816-589014-0001,16816-589014-0001,Cutter Annular HSS-TiN 26 × 25 mm 3/4-SH Multifit,98,Alpha via Total Tools
16816-589015-0001,16816-589015-0001,Cutter Annular HSS-TiN 22 × 25 mm 3/4-SH Multifit,45,Alpha via Total Tools
16816-589016-0001,16816-589016-0001,Dial Gauge,172.95,Grip via Tools Warehouse
16816-589017-0001,16816-589017-0001,Feeler Gauge - 20 Leaf - 300 mm - Accud,45,Accud via Total Tools
16816-589018-0001,16816-589018-0001,"Feeler Gauge 36 Blade Met/AF 0.051–0.889 mm,",35,Toledo via Total Tools
16816-589020-0001,16816-589020-0001,File Set 6 pc 150 mm Precision in Case Handle,45,Nicholson/Bahco via Total Tools
16816-589020-0002,16816-589020-0002,File Set 6 pc 150 mm Precision in Case Handle,45,Nicholson/Bahco via Total Tools
16816-589021-0001,16816-589021-0001,"Hammer Club 4 lb/1.8 kg Fibreglass, Rubber Grip",45,Cyclone via Bunnings
16816-589022-0001,16816-589022-0001,"Hammer Copper 2.75 lb/1.26 kg 38 mm, Wooden",95,Thor/Mumme via Total Tools
16816-589022-0002,16816-589022-0002,"Hammer Copper 2.75 lb/1.26 kg 38 mm, Wooden",95,Thor/Mumme via Total Tools
16816-589023-0001,16816-589023-0001,"Hammer Copper 4 lb/1.94 kg 44 mm, Wooden",135,Thor/Mumme via Total Tools
16816-589023-0002,16816-589023-0002,"Hammer Copper 4 lb/1.94 kg 44 mm, Wooden",135,Thor/Mumme via Total Tools
16816-589024-0001,16816-589024-0001,Holesaw Set BIM Metal/Wood 19–76 mm,180,Sutton via Bunnings
16816-589024-0002,16816-589024-0002,Holesaw Set BIM Metal/Wood 19–76 mm,180,Sutton via Bunnings
16816-589024-0003,16816-589024-0003,Holesaw Set BIM Metal/Wood 19–76 mm,180,Sutton via Bunnings
16816-589024-0004,16816-589024-0004,Holesaw Set BIM Metal/Wood 19–76 mm,180,Sutton via Bunnings
16816-589024-0005,16816-589024-0005,Holesaw Set BIM Metal/Wood 19–76 mm,180,Sutton via Bunnings
16816-589024-0006,16816-589024-0006,Holesaw Set BIM Metal/Wood 19–76 mm,180,Sutton via Bunnings
16816-589025-0001,16816-589025-0001,Hook & Pick Set 4 pc Miniature TTI,14.95,TTI via Total Tools
16816-589025-0002,16816-589025-0002,Hook & Pick Set 4 pc Miniature TTI,14.95,TTI via Total Tools
16816-589027-0001,16816-589027-0001,Dial Gauge,110,Mitutoyo via Total Tools
16816-589028-0001,16816-589028-0001,Pick Up Tool Magnetic Claw Flexible Toledo,35,Toledo via Total Tools
16816-589029-0001,16816-589029-0001,Pick Up Tool Magnetic Telescopic 100–760 mm 0.7 kg,15,Estimated trade quality
16816-589029-0002,16816-589029-0002,Pick Up Tool Magnetic Telescopic 100–760 mm 0.7 kg,15,Estimated trade quality
16816-589030-0001,16816-589030-0001,Pick Up Tool Magnetic Telescopic 100–760 mm 3.6 kg,25,Estimated trade quality
16816-589030-0002,16816-589030-0002,Pick Up Tool Magnetic Telescopic 100–760 mm 3.6 kg,25,Estimated trade quality
16816-589031-0001,16816-589031-0001,Pick Up Tool Magnetic Telescopic 125–635 mm,20,Estimated trade quality
16816-589031-0003,16816-589031-0003,Pick Up Tool Magnetic Telescopic 125–635 mm,20,Estimated trade quality
16816-589032-0002,16816-589032-0002,Pick Up Tool Magnetic Telescopic 150–670 mm,22,Estimated trade quality
16816-589032-0003,16816-589032-0003,Pick Up Tool Magnetic Telescopic 150–670 mm,22,Estimated trade quality
16816-589033-0001,16816-589033-0001,Saw Hack Heavy Duty Square Frame 300 mm Wolf,35,Estimated based on heavy duty hacksaws
16816-589033-0002,16816-589033-0002,Saw Hack Heavy Duty Square Frame 300 mm Wolf,35,Estimated based on heavy duty hacksaws
16816-589034-0001,16816-589034-0001,Scriber Double Ended 250 mm Straight & 90°,15,Toledo via Total Tools
16816-589037-0002,16816-589037-0002,"1/2"" Drive Impact Hex Socket - 17 mm × 78 mm",16.9,https://www.primesupplies.com.au/product/hex-impact-socket-17mm-x-78mm-1-2-dr/
16816-589040-0001,16816-589040-0001,6–21 mm Metric Ratcheting Ring Spanner Set - 5 Piece,130,Estimated trade quality
16816-589040-0002,16816-589040-0002,6–21 mm Metric Ratcheting Ring Spanner Set - 5 Piece,130,Estimated trade quality
16816-589041-0001,16816-589041-0001,"1/4–7/8"" SAE Ratcheting Ring Spanner Set - 5 Piece",120,Estimated based on 5pc ratchet ring spanner sets
16816-589041-0002,16816-589041-0002,"1/4–7/8"" SAE Ratcheting Ring Spanner Set - 5 Piece",120,Estimated based on 5pc ratchet ring spanner sets
16816-589042-0001,16816-589042-0001,"15/16"" Flogging Spanner",35,Estimated based on Daytona pricing
16816-589042-0002,16816-589042-0002,"15/16"" Flogging Spanner",35,Estimated based on Daytona pricing
16816-589043-0001,16816-589043-0001,40 mm Flogging Spanner,50,Daytona via Sydney Tools
16816-589043-0002,16816-589043-0002,40 mm Flogging Spanner,50,Daytona via Sydney Tools
16816-589044-0001,16816-589044-0001,58 mm Flat Flogging Spanner,110,Toledo via Total Tools
16816-589044-0002,16816-589044-0002,58 mm Flat Flogging Spanner,110,Toledo via Total Tools
16816-589045-0001,16816-589045-0001,"13/16"" Flat Flogging Spanner",45,Toledo via Total Tools
16816-589045-0002,16816-589045-0002,"13/16"" Flat Flogging Spanner",45,Toledo via Total Tools
16816-589046-0001,16816-589046-0001,Wedge - Fox - 100 × 25 × 8 mm - Mumme,15.95,Mumme via Sydney Tools
16816-589046-0002,16816-589046-0002,Wedge - Fox - 100 × 25 × 8 mm - Mumme,15.95,Mumme via Sydney Tools
16816-589047-0001,16816-589047-0001,Wedge - Fox - 75 × 38 × 13 mm - Mumme,14,Estimated based on Mumme pricing
16816-589047-0002,16816-589047-0002,Wedge - Fox - 75 × 38 × 13 mm - Mumme,14,Estimated based on Mumme pricing
16816-589048-0001,16816-589048-0001,Wrench Tap T-Type Ratcheting Suits M3-M6,45,Bordo via AIMS Industrial
16816-589049-0001,16816-589049-0001,Wrench Tap T-Type Ratcheting Suits M6-M12,55,Sutton via AIMS Industrial
16816-589050-0001,16816-589050-0001,Digital Vernier (USB Chargeable),150,Toledo/Mitutoyo via Total Tools
16816-589050-0002,16816-589050-0002,Digital Vernier (USB Chargeable),150,Toledo/Mitutoyo via Total Tools
16816-589055-0001,16816-589055-0001,"1/2"" × 9/16"" Ratchet Ring Spanner",45,Estimated trade quality
16816-589055-0002,16816-589055-0002,"1/2"" × 9/16"" Ratchet Ring Spanner",45,Estimated trade quality
16816-589056-0001,16816-589056-0001,"1/4"" × 5/16"" Ratchet Ring Spanner",35,Estimated trade quality
16816-589056-0002,16816-589056-0002,"1/4"" × 5/16"" Ratchet Ring Spanner",35,Estimated trade quality
16816-589057-0001,16816-589057-0001,10 mm × 12 mm Ratchet Ring Spanner,40,Estimated trade quality
16816-589057-0002,16816-589057-0002,10 mm × 12 mm Ratchet Ring Spanner,40,Estimated trade quality
16816-589058-0001,16816-589058-0001,11 mm × 13 mm Ratchet Ring Spanner,42,Estimated trade quality
16816-589058-0002,16816-589058-0002,11 mm × 13 mm Ratchet Ring Spanner,42,Estimated trade quality
16816-589059-0001,16816-589059-0001,14 mm × 17 mm Ratchet Ring Spanner,35,KC Tools via Total Tools
16816-589059-0002,16816-589059-0002,14 mm × 17 mm Ratchet Ring Spanner,35,KC Tools via Total Tools
16816-589060-0001,16816-589060-0001,19 mm × 21 mm Ratchet Ring Spanner,35.5,Legion Tools via Legion Warehouse
16816-589060-0002,16816-589060-0002,19 mm × 21 mm Ratchet Ring Spanner,35.5,Legion Tools via Legion Warehouse
16816-589061-0001,16816-589061-0001,"3/4"" × 7/8"" Ratchet Ring Spanner",50.49,Stahlwille via KC Tool (converted to AUD approx)
16816-589061-0002,16816-589061-0002,"3/4"" × 7/8"" Ratchet Ring Spanner",50.49,Stahlwille via KC Tool (converted to AUD approx)
16816-589062-0001,16816-589062-0001,"3/8"" × 7/16"" Ratchet Ring Spanner",32.49,Stahlwille via KC Tool (converted to AUD approx)
16816-589062-0002,16816-589062-0002,"3/8"" × 7/16"" Ratchet Ring Spanner",32.49,Stahlwille via KC Tool (converted to AUD approx)
16816-589063-0001,16816-589063-0001,"5/8"" × 11/16"" Ratchet Ring Spanner",40,Estimated based on Stahlwille pricing
16816-589063-0002,16816-589063-0002,"5/8"" × 11/16"" Ratchet Ring Spanner",40,Estimated based on Stahlwille pricing
16816-589064-0001,16816-589064-0001,6 mm × 8 mm Ratchet Ring Spanner,15,Estimated based on similar ratchet spanners
16816-589064-0002,16816-589064-0002,6 mm × 8 mm Ratchet Ring Spanner,15,Estimated based on similar ratchet spanners
16816-589317-0001,16816-589317-0001,"1/2"" Drive Impact Inhex Socket - 1/2""",15,TTI via Total Tools
16816-589415-0001,16816-589415-0001,"1/2"" Drive Impact Inhex Socket - 1/4""",15,TTI via Total Tools
16816-589416-0001,16816-589416-0001,"1/2"" Drive Impact Inhex Socket - 10 mm",19,Budgong Tools
16816-589416-0002,16816-589416-0002,"1/2"" Drive Impact Inhex Socket - 10 mm",19,Budgong Tools
16816-589416-0003,16816-589416-0003,"1/2"" Drive Impact Inhex Socket - 10 mm",19,Budgong Tools
16816-589416-0004,16816-589416-0004,"1/2"" Drive Impact Inhex Socket - 10 mm",19,Budgong Tools
16816-589417-0001,16816-589417-0001,"1/2"" Drive Impact Inhex Socket - 12 mm",20,Kincrome via Total Tools
16816-589417-0002,16816-589417-0002,"1/2"" Drive Impact Inhex Socket - 12 mm",20,Kincrome via Total Tools
16816-589417-0003,16816-589417-0003,"1/2"" Drive Impact Inhex Socket - 12 mm",20,Kincrome via Total Tools
16816-589418-0001,16816-589418-0001,"1/2"" Drive Impact Inhex Socket - 14 mm",12.95,TTI via Total Tools
16816-589418-0002,16816-589418-0002,"1/2"" Drive Impact Inhex Socket - 14 mm",12.95,TTI via Total Tools
16816-589418-0003,16816-589418-0003,"1/2"" Drive Impact Inhex Socket - 14 mm",12.95,TTI via Total Tools
16816-589418-0004,16816-589418-0004,"1/2"" Drive Impact Inhex Socket - 14 mm",12.95,TTI via Total Tools
16816-589418-0005,16816-589418-0005,"1/2"" Drive Impact Inhex Socket - 14 mm",12.95,TTI via Total Tools
16816-589419-0001,16816-589419-0001,"1/2"" Drive Impact Inhex Socket - 17 mm",25,Kincrome via Total Tools
16816-589419-0002,16816-589419-0002,"1/2"" Drive Impact Inhex Socket - 17 mm",25,Kincrome via Total Tools
16816-589419-0003,16816-589419-0003,"1/2"" Drive Impact Inhex Socket - 17 mm",25,Kincrome via Total Tools
16816-589420-0001,16816-589420-0001,"1/2"" Drive Impact Inhex Socket - 19 mm",25,Sidchrome via Sydney Tools
16816-589420-0002,16816-589420-0002,"1/2"" Drive Impact Inhex Socket - 19 mm",25,Sidchrome via Sydney Tools
16816-589421-0001,16816-589421-0001,"1/2"" Drive Impact Inhex Socket - 3/4""",25,Kincrome via Total Tools
16816-589422-0001,16816-589422-0001,"1/2"" Drive Impact Inhex Socket - 3/8""",18,Kincrome via Total Tools
16816-589423-0001,16816-589423-0001,"1/2"" Drive Impact Inhex Socket - 5/8""",22,Kincrome via Total Tools
16816-589424-0001,16816-589424-0001,"1/2"" Drive Impact Inhex Socket - 6 mm",15,Kincrome via Total Tools
16816-589424-0002,16816-589424-0002,"1/2"" Drive Impact Inhex Socket - 6 mm",15,Kincrome via Total Tools
16816-589424-0003,16816-589424-0003,"1/2"" Drive Impact Inhex Socket - 6 mm",15,Kincrome via Total Tools
16816-589425-0001,16816-589425-0001,"1/2"" Drive Impact Inhex Socket - 7/16""",18,Kincrome via Total Tools
16816-589426-0001,16816-589426-0001,"1/2"" Drive Impact Inhex Socket - 7 mm",12,Kincrome via Total Tools
16816-589426-0002,16816-589426-0002,"1/2"" Drive Impact Inhex Socket - 7 mm",12,Kincrome via Total Tools
16816-589426-0003,16816-589426-0003,"1/2"" Drive Impact Inhex Socket - 7 mm",12,Kincrome via Total Tools
16816-589427-0001,16816-589427-0001,"1/2"" Drive Impact Inhex Socket - 8 mm",16.6,Estimated based on TTI/Sidchrome pricing
16816-589427-0002,16816-589427-0002,"1/2"" Drive Impact Inhex Socket - 8 mm",16.6,Estimated based on TTI/Sidchrome pricing
16816-589427-0003,16816-589427-0003,"1/2"" Drive Impact Inhex Socket - 8 mm",16.6,Estimated based on TTI/Sidchrome pricing
16816-589428-0001,16816-589428-0001,"1/2"" Drive Impact Inhex Socket - 9/16""",20,Kincrome via Total Tools
16816-589429-0001,16816-589429-0001,Crowfoot - 27 mm - 1/2 in Drive,20,T&E Tools via Sydney Tools
16816-589471-0001,16816-589471-0001,Crowfoot - 29 mm - 1/2 in Drive,22,T&E Tools via Sydney Tools
16816-589472-0001,16816-589472-0001,Crowfoot - 30 mm - 1/2 in Drive,23,T&E Tools via Sydney Tools
16816-589473-0001,16816-589473-0001,Crowfoot - 32 mm - 1/2 in Drive,25,T&E Tools via Sydney Tools
16816-589474-0001,16816-589474-0001,Crowfoot - 33 mm - 1/2 in Drive,24.5,Toledo via Total Tools
16816-589475-0001,16816-589475-0001,Crowfoot - 34 mm - 1/2 in Drive,26,Toledo via Total Tools
16816-589476-0001,16816-589476-0001,Crowfoot - 35 mm - 1/2 in Drive,27.5,Toledo via Total Tools
16816-589477-0001,16816-589477-0001,Crowfoot - 36 mm - 1/2 in Drive,29,Toledo via Total Tools
16816-589478-0001,16816-589478-0001,Crowfoot - 38 mm - 1/2 in Drive,32,Toledo via Total Tools
16816-589479-0001,16816-589479-0001,Crowfoot - 41 mm - 1/2 in Drive,36.5,Toledo via Total Tools
16816-589480-0001,16816-589480-0001,Crowfoot - 43 mm - 1/2 in Drive,39.5,Toledo via Total Tools
16816-589481-0001,16816-589481-0001,Crowfoot - 46 mm - 1/2 in Drive,44,Toledo via Total Tools
16816-589482-0001,16816-589482-0001,Crowfoot - 48 mm - 1/2 in Drive,47,Toledo via Total Tools
16816-589483-0001,16816-589483-0001,Crowfoot - 50 mm - 1/2 in Drive,50,Toledo via Total Tools
16816-589484-0001,16816-589484-0001,1/4 in Air Angle Die Grinder,385,https://www.primesupplies.com.au/product/1-4-industrial-mini-angle-die-grinder-2/
16816-589484-0002,16816-589484-0002,1/4 in Air Angle Die Grinder,385,https://www.primesupplies.com.au/product/1-4-industrial-mini-angle-die-grinder-2/
16816-589485-0001,16816-589485-0001,Drill - Air - 1/2 in,549,https://www.totaltools.com.au/26821-chicago-pneumatic-13mm-keyed-pistol-air-drill-cp785h
16816-589486-0001,16816-589486-0001,Drill - Air - 3/8 in,202.33,https://www.capsshop.com.au/air-tools/air-drills/3-8-drill-rev-geared-chuck
16816-589487-0001,16816-589487-0001,Holesaw Adaptor - Bi-Metal Cobalt,34.14,Sutton Tools via Bunnings
16816-589487-0002,16816-589487-0002,Holesaw Adaptor - Bi-Metal Cobalt,34.14,Sutton Tools via Bunnings
16816-589487-0003,16816-589487-0003,Holesaw Adaptor - Bi-Metal Cobalt,34.14,Sutton Tools via Bunnings
16816-589487-0004,16816-589487-0004,Holesaw Adaptor - Bi-Metal Cobalt,34.14,Sutton Tools via Bunnings
16816-589487-0005,16816-589487-0005,Holesaw Adaptor - Bi-Metal Cobalt,34.14,Sutton Tools via Bunnings
16816-589487-0006,16816-589487-0006,Holesaw Adaptor - Bi-Metal Cobalt,34.14,Sutton Tools via Bunnings
16816-589487-0007,16816-589487-0007,Holesaw Adaptor - Bi-Metal Cobalt,34.14,Sutton Tools via Bunnings
16816-589487-0008,16816-589487-0008,Holesaw Adaptor - Bi-Metal Cobalt,34.14,Sutton Tools via Bunnings
16816-589487-0009,16816-589487-0009,Holesaw Adaptor - Bi-Metal Cobalt,34.14,Sutton Tools via Bunnings
16816-589487-0010,16816-589487-0010,Holesaw Adaptor - Bi-Metal Cobalt,34.14,Sutton Tools via Bunnings
16816-589487-0011,16816-589487-0011,Holesaw Adaptor - Bi-Metal Cobalt,34.14,Sutton Tools via Bunnings
16816-589487-0012,16816-589487-0012,Holesaw Adaptor - Bi-Metal Cobalt,34.14,Sutton Tools via Bunnings
16816-589487-0013,16816-589487-0013,Holesaw Adaptor - Bi-Metal Cobalt,34.14,Sutton Tools via Bunnings
16816-589487-0014,16816-589487-0014,Holesaw Adaptor - Bi-Metal Cobalt,34.14,Sutton Tools via Bunnings
16816-589487-0015,16816-589487-0015,Holesaw Adaptor - Bi-Metal Cobalt,34.14,Sutton Tools via Bunnings
16816-589487-0016,16816-589487-0016,Holesaw Adaptor - Bi-Metal Cobalt,34.14,Sutton Tools via Bunnings
16816-589487-0017,16816-589487-0017,Holesaw Adaptor - Bi-Metal Cobalt,34.14,Sutton Tools via Bunnings
16816-589487-0018,16816-589487-0018,Holesaw Adaptor - Bi-Metal Cobalt,34.14,Sutton Tools via Bunnings
16816-589488-0001,16816-589488-0001,Holesaw - Bi-Metal Cobalt - 19 mm,18,Sutton via Bunnings
16816-589488-0002,16816-589488-0002,Holesaw - Bi-Metal Cobalt - 19 mm,18,Sutton via Bunnings
16816-589488-0003,16816-589488-0003,Holesaw - Bi-Metal Cobalt - 19 mm,18,Sutton via Bunnings
16816-589488-0004,16816-589488-0004,Holesaw - Bi-Metal Cobalt - 19 mm,18,Sutton via Bunnings
16816-589488-0005,16816-589488-0005,Holesaw - Bi-Metal Cobalt - 19 mm,18,Sutton via Bunnings
16816-589488-0006,16816-589488-0006,Holesaw - Bi-Metal Cobalt - 19 mm,18,Sutton via Bunnings
16816-589489-0001,16816-589489-0001,Holesaw - Bi-Metal Cobalt - 22 mm,20,Sutton via Bunnings
16816-589489-0002,16816-589489-0002,Holesaw - Bi-Metal Cobalt - 22 mm,20,Sutton via Bunnings
16816-589489-0003,16816-589489-0003,Holesaw - Bi-Metal Cobalt - 22 mm,20,Sutton via Bunnings
16816-589489-0004,16816-589489-0004,Holesaw - Bi-Metal Cobalt - 22 mm,20,Sutton via Bunnings
16816-589489-0005,16816-589489-0005,Holesaw - Bi-Metal Cobalt - 22 mm,20,Sutton via Bunnings
16816-589489-0006,16816-589489-0006,Holesaw - Bi-Metal Cobalt - 22 mm,20,Sutton via Bunnings
16816-589490-0001,16816-589490-0001,Holesaw - Bi-Metal Cobalt - 25 mm,22,Sutton via Bunnings
16816-589490-0002,16816-589490-0002,Holesaw - Bi-Metal Cobalt - 25 mm,22,Sutton via Bunnings
16816-589490-0003,16816-589490-0003,Holesaw - Bi-Metal Cobalt - 25 mm,22,Sutton via Bunnings
16816-589490-0004,16816-589490-0004,Holesaw - Bi-Metal Cobalt - 25 mm,22,Sutton via Bunnings
16816-589490-0005,16816-589490-0005,Holesaw - Bi-Metal Cobalt - 25 mm,22,Sutton via Bunnings
16816-589490-0006,16816-589490-0006,Holesaw - Bi-Metal Cobalt - 25 mm,22,Sutton via Bunnings
16816-589491-0001,16816-589491-0001,Holesaw - Bi-Metal Cobalt - 32 mm,25,Kincrome/Sutton/Irwin via Total Tools (Estimated)
16816-589491-0002,16816-589491-0002,Holesaw - Bi-Metal Cobalt - 32 mm,25,Kincrome/Sutton/Irwin via Total Tools (Estimated)
16816-589491-0003,16816-589491-0003,Holesaw - Bi-Metal Cobalt - 32 mm,25,Kincrome/Sutton/Irwin via Total Tools (Estimated)
16816-589491-0004,16816-589491-0004,Holesaw - Bi-Metal Cobalt - 32 mm,25,Kincrome/Sutton/Irwin via Total Tools (Estimated)
16816-589491-0005,16816-589491-0005,Holesaw - Bi-Metal Cobalt - 32 mm,25,Kincrome/Sutton/Irwin via Total Tools (Estimated)
16816-589491-0006,16816-589491-0006,Holesaw - Bi-Metal Cobalt - 32 mm,25,Kincrome/Sutton/Irwin via Total Tools (Estimated)
16816-589492-0001,16816-589492-0001,Holesaw - Bi-Metal Cobalt - 35 mm,25,Kincrome/Sutton/Irwin via Total Tools (Estimated)
16816-589492-0002,16816-589492-0002,Holesaw - Bi-Metal Cobalt - 35 mm,25,Kincrome/Sutton/Irwin via Total Tools (Estimated)
16816-589492-0003,16816-589492-0003,Holesaw - Bi-Metal Cobalt - 35 mm,25,Kincrome/Sutton/Irwin via Total Tools (Estimated)
16816-589492-0004,16816-589492-0004,Holesaw - Bi-Metal Cobalt - 35 mm,25,Kincrome/Sutton/Irwin via Total Tools (Estimated)
16816-589492-0005,16816-589492-0005,Holesaw - Bi-Metal Cobalt - 35 mm,25,Kincrome/Sutton/Irwin via Total Tools (Estimated)
16816-589492-0006,16816-589492-0006,Holesaw - Bi-Metal Cobalt - 35 mm,25,Kincrome/Sutton/Irwin via Total Tools (Estimated)
16816-589493-0001,16816-589493-0001,Holesaw - Bi-Metal Cobalt - 38 mm,25,Kincrome/Sutton/Irwin via Total Tools (Estimated)
16816-589493-0002,16816-589493-0002,Holesaw - Bi-Metal Cobalt - 38 mm,25,Kincrome/Sutton/Irwin via Total Tools (Estimated)
16816-589493-0003,16816-589493-0003,Holesaw - Bi-Metal Cobalt - 38 mm,25,Kincrome/Sutton/Irwin via Total Tools (Estimated)
16816-589493-0004,16816-589493-0004,Holesaw - Bi-Metal Cobalt - 38 mm,25,Kincrome/Sutton/Irwin via Total Tools (Estimated)
16816-589493-0005,16816-589493-0005,Holesaw - Bi-Metal Cobalt - 38 mm,25,Kincrome/Sutton/Irwin via Total Tools (Estimated)
16816-589493-0006,16816-589493-0006,Holesaw - Bi-Metal Cobalt - 38 mm,25,Kincrome/Sutton/Irwin via Total Tools (Estimated)
16816-589494-0001,16816-589494-0001,Holesaw - Bi-Metal Cobalt - 44 mm,28,Kincrome/Sutton/Irwin via Total Tools (Estimated)
16816-589494-0002,16816-589494-0002,Holesaw - Bi-Metal Cobalt - 44 mm,28,Kincrome/Sutton/Irwin via Total Tools (Estimated)
16816-589494-0003,16816-589494-0003,Holesaw - Bi-Metal Cobalt - 44 mm,28,Kincrome/Sutton/Irwin via Total Tools (Estimated)
16816-589494-0004,16816-589494-0004,Holesaw - Bi-Metal Cobalt - 44 mm,28,Kincrome/Sutton/Irwin via Total Tools (Estimated)
16816-589494-0005,16816-589494-0005,Holesaw - Bi-Metal Cobalt - 44 mm,28,Kincrome/Sutton/Irwin via Total Tools (Estimated)
16816-589494-0006,16816-589494-0006,Holesaw - Bi-Metal Cobalt - 44 mm,28,Kincrome/Sutton/Irwin via Total Tools (Estimated)
16816-589495-0001,16816-589495-0001,Holesaw - Bi-Metal Cobalt - 51 mm,32,Kincrome/Sutton/Irwin via Total Tools (Estimated)
16816-589495-0002,16816-589495-0002,Holesaw - Bi-Metal Cobalt - 51 mm,32,Kincrome/Sutton/Irwin via Total Tools (Estimated)
16816-589495-0003,16816-589495-0003,Holesaw - Bi-Metal Cobalt - 51 mm,32,Kincrome/Sutton/Irwin via Total Tools (Estimated)
16816-589495-0004,16816-589495-0004,Holesaw - Bi-Metal Cobalt - 51 mm,32,Kincrome/Sutton/Irwin via Total Tools (Estimated)
16816-589495-0005,16816-589495-0005,Holesaw - Bi-Metal Cobalt - 51 mm,32,Kincrome/Sutton/Irwin via Total Tools (Estimated)
16816-589495-0006,16816-589495-0006,Holesaw - Bi-Metal Cobalt - 51 mm,32,Kincrome/Sutton/Irwin via Total Tools (Estimated)
16816-589496-0001,16816-589496-0001,Holesaw - Bi-Metal Cobalt - 54 mm,32,Kincrome/Sutton/Irwin via Total Tools (Estimated)
16816-589496-0002,16816-589496-0002,Holesaw - Bi-Metal Cobalt - 54 mm,32,Kincrome/Sutton/Irwin via Total Tools (Estimated)
16816-589496-0003,16816-589496-0003,Holesaw - Bi-Metal Cobalt - 54 mm,32,Kincrome/Sutton/Irwin via Total Tools (Estimated)
16816-589496-0004,16816-589496-0004,Holesaw - Bi-Metal Cobalt - 54 mm,32,Kincrome/Sutton/Irwin via Total Tools (Estimated)
16816-589496-0005,16816-589496-0005,Holesaw - Bi-Metal Cobalt - 54 mm,32,Kincrome/Sutton/Irwin via Total Tools (Estimated)
16816-589496-0006,16816-589496-0006,Holesaw - Bi-Metal Cobalt - 54 mm,32,Kincrome/Sutton/Irwin via Total Tools (Estimated)
16816-589497-0001,16816-589497-0001,Holesaw - Bi-Metal Cobalt - 63 mm,38,Kincrome/Sutton/Irwin via Total Tools (Estimated)
16816-589497-0002,16816-589497-0002,Holesaw - Bi-Metal Cobalt - 63 mm,38,Kincrome/Sutton/Irwin via Total Tools (Estimated)
16816-589497-0003,16816-589497-0003,Holesaw - Bi-Metal Cobalt - 63 mm,38,Kincrome/Sutton/Irwin via Total Tools (Estimated)
16816-589497-0004,16816-589497-0004,Holesaw - Bi-Metal Cobalt - 63 mm,38,Kincrome/Sutton/Irwin via Total Tools (Estimated)
16816-589497-0005,16816-589497-0005,Holesaw - Bi-Metal Cobalt - 63 mm,38,Kincrome/Sutton/Irwin via Total Tools (Estimated)
16816-589497-0006,16816-589497-0006,Holesaw - Bi-Metal Cobalt - 63 mm,38,Kincrome/Sutton/Irwin via Total Tools (Estimated)
16816-589498-0001,16816-589498-0001,Holesaw - Bi-Metal Cobalt - 76 mm,45,Kincrome/Sutton/Irwin via Total Tools (Estimated)
16816-589498-0002,16816-589498-0002,Holesaw - Bi-Metal Cobalt - 76 mm,45,Kincrome/Sutton/Irwin via Total Tools (Estimated)
16816-589498-0003,16816-589498-0003,Holesaw - Bi-Metal Cobalt - 76 mm,45,Kincrome/Sutton/Irwin via Total Tools (Estimated)
16816-589498-0004,16816-589498-0004,Holesaw - Bi-Metal Cobalt - 76 mm,45,Kincrome/Sutton/Irwin via Total Tools (Estimated)
16816-589498-0005,16816-589498-0005,Holesaw - Bi-Metal Cobalt - 76 mm,45,Kincrome/Sutton/Irwin via Total Tools (Estimated)
16816-589498-0006,16816-589498-0006,Holesaw - Bi-Metal Cobalt - 76 mm,45,Kincrome/Sutton/Irwin via Total Tools (Estimated)
16816-589499-0001,16816-589499-0001,Holesaw Arbor - Bi-Metal Cobalt - Quick-Fit,35,Sutton via Bunnings
16816-589499-0002,16816-589499-0002,Holesaw Arbor - Bi-Metal Cobalt - Quick-Fit,35,Sutton via Bunnings
16816-589499-0003,16816-589499-0003,Holesaw Arbor - Bi-Metal Cobalt - Quick-Fit,35,Sutton via Bunnings
16816-589499-0004,16816-589499-0004,Holesaw Arbor - Bi-Metal Cobalt - Quick-Fit,35,Sutton via Bunnings
16816-589499-0005,16816-589499-0005,Holesaw Arbor - Bi-Metal Cobalt - Quick-Fit,35,Sutton via Bunnings
16816-589499-0006,16816-589499-0006,Holesaw Arbor - Bi-Metal Cobalt - Quick-Fit,35,Sutton via Bunnings
16816-589500-0001,16816-589500-0001,Flat File - #2 = Second Cut (medium),15,Estimated based on typical trade quality
16816-589500-0002,16816-589500-0002,Flat File - #2 = Second Cut (medium),15,Estimated based on typical trade quality
16816-589500-0003,16816-589500-0003,Flat File - #2 = Second Cut (medium),15,Estimated based on typical trade quality
16816-589500-0004,16816-589500-0004,Flat File - #2 = Second Cut (medium),15,Estimated based on typical trade quality
16816-589501-0001,16816-589501-0001,Half Round File - #1 = Bastard Cut (coarse),22,Nicholson via Total Tools
16816-589501-0002,16816-589501-0002,Half Round File - #1 = Bastard Cut (coarse),22,Nicholson via Total Tools
16816-589501-0003,16816-589501-0003,Half Round File - #1 = Bastard Cut (coarse),22,Nicholson via Total Tools
16816-589501-0004,16816-589501-0004,Half Round File - #1 = Bastard Cut (coarse),22,Nicholson via Total Tools
16816-589501-0005,16816-589501-0005,Half Round File - #1 = Bastard Cut (coarse),22,Nicholson via Total Tools
16816-589501-0006,16816-589501-0006,Half Round File - #1 = Bastard Cut (coarse),22,Nicholson via Total Tools
16816-589502-0001,16816-589502-0001,Milwaukee 460 mm Battery Fan,383.9,RENTAL_STOCK_22_07_2026_CANONICAL.xlsx / REPLACEMENT_COSTS
16816-589503-0001,16816-589503-0001,Round File - #1 = Bastard Cut (coarse),18,Estimated based on bastard cut files
16816-589503-0002,16816-589503-0002,Round File - #1 = Bastard Cut (coarse),18,Estimated based on bastard cut files
16816-589504-0001,16816-589504-0001,Square File - #1 = Bastard Cut (coarse),25,Estimated trade quality
16816-589504-0002,16816-589504-0002,Square File - #1 = Bastard Cut (coarse),25,Estimated trade quality
16816-589505-0001,16816-589505-0001,Wood Chisel 12 mm,22,Stanley via Bunnings
16816-589505-0002,16816-589505-0002,Wood Chisel 12 mm,22,Stanley via Bunnings
16816-589506-0001,16816-589506-0001,Wood Chisel 18 mm,25,Stanley via Bunnings
16816-589506-0002,16816-589506-0002,Wood Chisel 18 mm,25,Stanley via Bunnings
16816-589507-0001,16816-589507-0001,Wood Chisel 25 mm,25,Stanley/Bahco via Bunnings
16816-589507-0002,16816-589507-0002,Wood Chisel 25 mm,25,Stanley/Bahco via Bunnings
19659-589652-0003,19659-589652-0003,Safety Step,109.99,https://www.rsea.com.au/workplace-safety/material-handling/safety-step-safety-step-250kg-orange-ssr002
19659-589652-0002,19659-589652-0002,Safety Step,109.99,https://www.rsea.com.au/workplace-safety/material-handling/safety-step-safety-step-250kg-orange-ssr002
19659-589670-0001,19659-589670-0001,Heavy-Duty Wheelbarrow,369,https://www.gasweld.com.au/wheelbarrow-heavy-trade-steel-tray-100-lite-4-8-flat-free-wheel
CALT8312-589784-0004,CALT8312-589784-0004,Water-Filled Extension Lead Stand,146.66,https://www.atom.com.au/safehook-plastic-fibreglass-non-conductive-lead-stand-yellow
16816-589508-0001,16816-589508-0001,"3/4"" Drive Impact Inhex Socket - 1/2""",35,Kincrome via Total Tools
16816-589833-0001,16816-589833-0001,"1/2"" Drive Impact Inhex Socket - 10 mm",16.95,TTI via Total Tools
16816-589833-0002,16816-589833-0002,"1/2"" Drive Impact Inhex Socket - 10 mm",16.95,TTI via Total Tools
16816-589834-0001,16816-589834-0001,"1/2"" Drive Impact Inhex Socket - 12 mm",15,Kincrome via Total Tools
16816-589834-0002,16816-589834-0002,"1/2"" Drive Impact Inhex Socket - 12 mm",15,Kincrome via Total Tools
16816-589834-0003,16816-589834-0003,"1/2"" Drive Impact Inhex Socket - 12 mm",15,Kincrome via Total Tools
16816-589835-0001,16816-589835-0001,"1/2"" Drive Impact Inhex Socket - 14 mm",21.4,Estimated based on TTI/Sidchrome pricing
16816-589835-0002,16816-589835-0002,"1/2"" Drive Impact Inhex Socket - 14 mm",21.4,Estimated based on TTI/Sidchrome pricing
16816-589836-0001,16816-589836-0001,"3/4"" Drive Impact Inhex Socket - 14 mm",32,Kincrome via Total Tools
16816-589837-0001,16816-589837-0001,"1/2"" Drive Impact Inhex Socket - 15 mm",22.2,Estimated based on TTI/Sidchrome pricing
16816-589838-0001,16816-589838-0001,"1/2"" Drive Impact Inhex Socket - 17 mm",23.8,Estimated based on TTI/Sidchrome pricing
16816-589838-0002,16816-589838-0002,"1/2"" Drive Impact Inhex Socket - 17 mm",23.8,Estimated based on TTI/Sidchrome pricing
16816-589839-0001,16816-589839-0001,"3/4"" Drive Impact Inhex Socket - 17 mm",35,Kincrome via Total Tools
16816-589840-0001,16816-589840-0001,"1/2"" Drive Impact Inhex Socket - 19 mm",25,Sidchrome via Sydney Tools
16816-589841-0001,16816-589841-0001,"3/4"" Drive Impact Inhex Socket - 19 mm",38,Kincrome via Total Tools
16816-589842-0001,16816-589842-0001,"3/4"" Drive Impact Inhex Socket - 1""",45,Kincrome via Total Tools
16816-589843-0001,16816-589843-0001,"3/4"" Drive Impact Inhex Socket - 22 mm",42,Kincrome via Total Tools
16816-589844-0001,16816-589844-0001,"3/4"" Drive Impact Inhex Socket - 24 mm",45,Kincrome via Total Tools
16816-589845-0001,16816-589845-0001,"3/4"" Drive Impact Inhex Socket - 3/4""",38,Kincrome via Total Tools
16816-589846-0001,16816-589846-0001,"3/4"" Drive Impact Inhex Socket - 5/8""",36,Kincrome via Total Tools
16816-589847-0001,16816-589847-0001,"1/2"" Drive Impact Inhex Socket - 6 mm",15,Estimated based on TTI/Sidchrome pricing
16816-589847-0002,16816-589847-0002,"1/2"" Drive Impact Inhex Socket - 6 mm",15,Estimated based on TTI/Sidchrome pricing
16816-589848-0001,16816-589848-0001,"3/4"" Drive Impact Inhex Socket - 7/8""",40,Kincrome via Total Tools
16816-589849-0001,16816-589849-0001,"1/2"" Drive Impact Inhex Socket - 7 mm",15.8,Estimated based on TTI/Sidchrome pricing
16816-589849-0002,16816-589849-0002,"1/2"" Drive Impact Inhex Socket - 7 mm",15.8,Estimated based on TTI/Sidchrome pricing
16816-589850-0001,16816-589850-0001,"1/2"" Drive Impact Inhex Socket - 8 mm",16.6,Estimated based on TTI/Sidchrome pricing
16816-589850-0002,16816-589850-0002,"1/2"" Drive Impact Inhex Socket - 8 mm",16.6,Estimated based on TTI/Sidchrome pricing
16816-589851-0001,16816-589851-0001,"3/4"" Drive Impact Inhex Socket - 9/16""",25,TTI via Total Tools
16816-589852-0001,16816-589852-0001,"3/4"" Drive Impact Inhex Socket - 12 mm",30,Kincrome via Total Tools
16816-589858-0001,16816-589858-0001,"1/2"" Drive Impact Inhex Socket - 15 mm",22.2,Estimated based on TTI/Sidchrome pricing
16816-589859-0001,16816-589859-0001,"1/2"" Drive Impact Inhex Socket - 18 mm",24.6,Estimated based on TTI/Sidchrome pricing
16816-589859-0002,16816-589859-0002,"1/2"" Drive Impact Inhex Socket - 18 mm",24.6,Estimated based on TTI/Sidchrome pricing
16816-589860-0001,16816-589860-0001,"1/2"" Drive Impact Inhex Socket - 19 mm",25,Sidchrome via Sydney Tools
16816-589987-0001,16816-589987-0001,Multi-Gas Detector - Honeywell BW Flex - Serial GM206136,1815,K2 Daily Report / Client Justification Pack
16816-589987-0002,16816-589987-0002,Multi-Gas Detector - Honeywell BW Flex - Serial GM206394,1815,K2 Daily Report / Client Justification Pack
16816-589987-0003,16816-589987-0003,Multi-Gas Detector - Honeywell BW Flex - Serial GM206393,1815,K2 Daily Report / Client Justification Pack
16816-589987-0004,16816-589987-0004,Multi-Gas Detector - Honeywell BW Flex - Serial GM206391,1815,K2 Daily Report / Client Justification Pack
16816-589987-0005,16816-589987-0005,Multi-Gas Detector - Honeywell BW Flex - Serial GM206389,1815,K2 Daily Report / Client Justification Pack
16816-589987-0006,16816-589987-0006,Multi-Gas Detector - Honeywell BW Flex - Serial GM206388,1815,K2 Daily Report / Client Justification Pack
16816-589987-0007,16816-589987-0007,Multi-Gas Detector - Honeywell BW Flex - Serial GM206387,1815,K2 Daily Report / Client Justification Pack
16816-589987-0008,16816-589987-0008,Multi-Gas Detector - Honeywell BW Flex - Serial GM206384,1815,K2 Daily Report / Client Justification Pack
16816-589987-0009,16816-589987-0009,Multi-Gas Detector - Honeywell BW Flex - Serial GM206383,1815,K2 Daily Report / Client Justification Pack
16816-589987-0010,16816-589987-0010,Multi-Gas Detector - Honeywell BW Flex - Serial GM206382,1815,K2 Daily Report / Client Justification Pack
16816-589987-0011,16816-589987-0011,Multi-Gas Detector - Honeywell BW Flex - Serial GM206381,1815,K2 Daily Report / Client Justification Pack
16816-589987-0012,16816-589987-0012,Multi-Gas Detector - Honeywell BW Flex - Serial GM206181,1815,K2 Daily Report / Client Justification Pack
16816-589987-0013,16816-589987-0013,Multi-Gas Detector - Honeywell BW Flex - Serial GM206180,1815,K2 Daily Report / Client Justification Pack
16816-589987-0014,16816-589987-0014,Multi-Gas Detector - Honeywell BW Flex - Serial GM206179,1815,K2 Daily Report / Client Justification Pack
16816-589987-0015,16816-589987-0015,Multi-Gas Detector - Honeywell BW Flex - Serial GM206171,1815,K2 Daily Report / Client Justification Pack
16816-589987-0016,16816-589987-0016,Multi-Gas Detector - Honeywell BW Flex - Serial GM206170,1815,K2 Daily Report / Client Justification Pack
16816-589987-0017,16816-589987-0017,Multi-Gas Detector - Honeywell BW Flex - Serial GM206169,1815,K2 Daily Report / Client Justification Pack
16816-589987-0018,16816-589987-0018,Multi-Gas Detector - Honeywell BW Flex - Serial GM206168,1815,K2 Daily Report / Client Justification Pack
16816-589987-0019,16816-589987-0019,Multi-Gas Detector - Honeywell BW Flex - Serial GM206167,1815,K2 Daily Report / Client Justification Pack
16816-589987-0020,16816-589987-0020,Multi-Gas Detector - Honeywell BW Flex - Serial GM206166,1815,K2 Daily Report / Client Justification Pack
16816-589987-0021,16816-589987-0021,Multi-Gas Detector - Honeywell BW Flex - Serial GM206145,1815,K2 Daily Report / Client Justification Pack
16816-589987-0022,16816-589987-0022,Multi-Gas Detector - Honeywell BW Flex - Serial GM206144,1815,K2 Daily Report / Client Justification Pack
16816-589987-0023,16816-589987-0023,Multi-Gas Detector - Honeywell BW Flex - Serial GM206143,1815,K2 Daily Report / Client Justification Pack
16816-589987-0024,16816-589987-0024,Multi-Gas Detector - Honeywell BW Flex - Serial GM206141,1815,K2 Daily Report / Client Justification Pack
16816-589987-0025,16816-589987-0025,Multi-Gas Detector - Honeywell BW Flex - Serial GM206140,1815,K2 Daily Report / Client Justification Pack
16816-589987-0026,16816-589987-0026,Multi-Gas Detector - Honeywell BW Flex - Serial GM206139,1815,K2 Daily Report / Client Justification Pack
16816-589987-0027,16816-589987-0027,Multi-Gas Detector - Honeywell BW Flex - Serial GM206138,1815,K2 Daily Report / Client Justification Pack
16816-589987-0028,16816-589987-0028,Multi-Gas Detector - Honeywell BW Flex - Serial GM206137,1815,K2 Daily Report / Client Justification Pack
16816-589987-0029,16816-589987-0029,Multi-Gas Detector - Honeywell BW Flex - Serial GM206395,1815,K2 Daily Report / Client Justification Pack
16816-589987-0030,16816-589987-0030,Multi-Gas Detector - Honeywell BW Flex - Serial GM206396,1815,K2 Daily Report / Client Justification Pack
16816-590069-0001,16816-590069-0001,Motorola DP4801e Two-Way Radio - Serial 871TNK7668,600.28,K2 Daily Report / Client Justification Pack
16816-590463-0001,16816-590463-0001,Motorola DP4801e Two-Way Radio - Serial 871TNK7676,600.28,K2 Daily Report / Client Justification Pack
16816-590464-0001,16816-590464-0001,Motorola DP4801e Two-Way Radio - Serial 871TNK7872,600.28,K2 Daily Report / Client Justification Pack
16816-590465-0001,16816-590465-0001,Motorola DP4801e Two-Way Radio - Serial 871TNP0350,600.28,K2 Daily Report / Client Justification Pack
16816-590466-0001,16816-590466-0001,Motorola DP4801e Two-Way Radio - Serial 871TNP5864,600.28,K2 Daily Report / Client Justification Pack
16816-590467-0001,16816-590467-0001,Motorola DP4801e Two-Way Radio - Serial 871TNP5886,600.28,K2 Daily Report / Client Justification Pack
16816-590468-0001,16816-590468-0001,Motorola DP4801e Two-Way Radio - Serial 871TNP5893,600.28,K2 Daily Report / Client Justification Pack
16816-590469-0001,16816-590469-0001,Motorola DP4801e Two-Way Radio - Serial 871TNV2639,600.28,K2 Daily Report / Client Justification Pack
16816-590470-0001,16816-590470-0001,Motorola DP4801e Two-Way Radio - Serial 871TNV2814,600.28,K2 Daily Report / Client Justification Pack
16816-590471-0001,16816-590471-0001,Motorola DP4801e Two-Way Radio - Serial 871TNX0375,600.28,K2 Daily Report / Client Justification Pack
16816-590472-0001,16816-590472-0001,Motorola DP4801e Two-Way Radio - Serial 871TNX1329,600.28,K2 Daily Report / Client Justification Pack
16816-590473-0001,16816-590473-0001,Motorola DP4801e Two-Way Radio - Serial 871TNX1346,600.28,K2 Daily Report / Client Justification Pack
16816-590474-0001,16816-590474-0001,Motorola DP4801e Two-Way Radio - Serial 871TNX1400,600.28,K2 Daily Report / Client Justification Pack
16816-590475-0001,16816-590475-0001,Motorola DP4801e Two-Way Radio - Serial 871TNX1876,600.28,K2 Daily Report / Client Justification Pack
16816-590476-0001,16816-590476-0001,Motorola DP4801e Two-Way Radio - Serial 871TNZ0453,600.28,K2 Daily Report / Client Justification Pack
16816-590477-0001,16816-590477-0001,Motorola DP4801e Two-Way Radio - Serial 871TNZ0625,600.28,K2 Daily Report / Client Justification Pack
16816-590478-0001,16816-590478-0001,Motorola DP4801e Two-Way Radio - Serial 871TNZ2690,600.28,K2 Daily Report / Client Justification Pack
16816-590479-0001,16816-590479-0001,Motorola DP4801e Two-Way Radio - Serial 871TPD5644,600.28,K2 Daily Report / Client Justification Pack
16816-590480-0001,16816-590480-0001,Motorola DP4801e Two-Way Radio - Serial 871TPD5686,600.28,K2 Daily Report / Client Justification Pack
16816-590481-0001,16816-590481-0001,Motorola DP4801e Two-Way Radio - Serial 871TPD5688,600.28,K2 Daily Report / Client Justification Pack
16816-590482-0001,16816-590482-0001,Motorola DP4801e Two-Way Radio - Serial 871TPH6709,600.28,K2 Daily Report / Client Justification Pack
16816-590483-0001,16816-590483-0001,Motorola DP4801e Two-Way Radio - Serial 871TPH6714,600.28,K2 Daily Report / Client Justification Pack
16816-590484-0001,16816-590484-0001,Motorola DP4801e Two-Way Radio - Serial 871TPH6717,600.28,K2 Daily Report / Client Justification Pack
16816-590485-0001,16816-590485-0001,Motorola DP4801e Two-Way Radio - Serial 871TPH6817,600.28,K2 Daily Report / Client Justification Pack
16816-590486-0001,16816-590486-0001,Motorola DP4801e Two-Way Radio - Serial 871TPP3059,600.28,K2 Daily Report / Client Justification Pack
16816-590487-0001,16816-590487-0001,Motorola DP4801e Two-Way Radio - Serial 871TPP3070,600.28,K2 Daily Report / Client Justification Pack
16816-590488-0001,16816-590488-0001,Motorola DP4801e Two-Way Radio - Serial 871TPP3078,600.28,K2 Daily Report / Client Justification Pack
16816-590489-0001,16816-590489-0001,Motorola DP4801e Two-Way Radio - Serial 871TPT8823,600.28,K2 Daily Report / Client Justification Pack
16816-590490-0001,16816-590490-0001,Motorola DP4801e Two-Way Radio - Serial 871TPT8861,600.28,K2 Daily Report / Client Justification Pack
16816-590491-0001,16816-590491-0001,Motorola DP4801e Two-Way Radio - Serial 871TPT9248,600.28,K2 Daily Report / Client Justification Pack
16816-590492-0001,16816-590492-0001,Motorola DP4801e Two-Way Radio - Serial 871TPZ0175,600.28,K2 Daily Report / Client Justification Pack
16816-590493-0001,16816-590493-0001,Motorola DP4801e Two-Way Radio - Serial 871TQK0636,600.28,K2 Daily Report / Client Justification Pack
16816-590494-0001,16816-590494-0001,Motorola DP4801e Two-Way Radio - Serial 871TQK7351,600.28,K2 Daily Report / Client Justification Pack
16816-590495-0001,16816-590495-0001,Motorola DP4801e Two-Way Radio - Serial 871TQMJ321,600.28,K2 Daily Report / Client Justification Pack
16816-590496-0001,16816-590496-0001,Motorola DP4801e Two-Way Radio - Serial 871TQMJ361,600.28,K2 Daily Report / Client Justification Pack
16816-590497-0001,16816-590497-0001,Motorola DP4801e Two-Way Radio - Serial 871TQMJ395,600.28,K2 Daily Report / Client Justification Pack
16816-590498-0001,16816-590498-0001,Motorola DP4801e Two-Way Radio - Serial 871TQXW372,600.28,K2 Daily Report / Client Justification Pack
16816-590499-0001,16816-590499-0001,Motorola DP4801e Two-Way Radio - Serial 871TQXW377,600.28,K2 Daily Report / Client Justification Pack
16816-590500-0001,16816-590500-0001,Motorola DP4801e Two-Way Radio - Serial 871TQXW461,600.28,K2 Daily Report / Client Justification Pack
16816-590501-0001,16816-590501-0001,Motorola DP4801e Two-Way Radio - Serial 871TRBL353,600.28,K2 Daily Report / Client Justification Pack
16816-590502-0001,16816-590502-0001,Motorola DP4801e Two-Way Radio - Serial 871TRBL528,600.28,K2 Daily Report / Client Justification Pack
16816-590503-0001,16816-590503-0001,Motorola DP4801e Two-Way Radio - Serial 871TRBL589,600.28,K2 Daily Report / Client Justification Pack
16816-590504-0001,16816-590504-0001,Motorola DP4801e Two-Way Radio - Serial 871TRBL674,600.28,K2 Daily Report / Client Justification Pack
16816-590505-0001,16816-590505-0001,Motorola DP4801e Two-Way Radio - Serial 871TRBL679,600.28,K2 Daily Report / Client Justification Pack
16816-590506-0001,16816-590506-0001,Motorola DP4801e Two-Way Radio - Serial 871TRDE560,600.28,K2 Daily Report / Client Justification Pack
16816-590507-0001,16816-590507-0001,Motorola DP4801e Two-Way Radio - Serial 871TRDE679,600.28,K2 Daily Report / Client Justification Pack
16816-590508-0001,16816-590508-0001,Motorola DP4801e Two-Way Radio - Serial 871TRZT501,600.28,K2 Daily Report / Client Justification Pack
16816-590509-0001,16816-590509-0001,Motorola DP4801e Two-Way Radio - Serial 871TRZT510,600.28,K2 Daily Report / Client Justification Pack
16816-590510-0001,16816-590510-0001,Motorola DP4801e Two-Way Radio - Serial 871TRZT590,600.28,K2 Daily Report / Client Justification Pack
16816-590511-0001,16816-590511-0001,Motorola DP4801e Two-Way Radio - Serial 871TRZT663,600.28,K2 Daily Report / Client Justification Pack
16816-590512-0001,16816-590512-0001,Motorola DP4801e Two-Way Radio - Serial 871TRZT696,600.28,K2 Daily Report / Client Justification Pack
16816-590513-0001,16816-590513-0001,Motorola DP4801e Two-Way Radio - Serial 871TRZT697,600.28,K2 Daily Report / Client Justification Pack
16816-590514-0001,16816-590514-0001,Motorola DP4801e Two-Way Radio - Serial 871TRZT722,600.28,K2 Daily Report / Client Justification Pack
16816-590515-0001,16816-590515-0001,Motorola DP4801e Two-Way Radio - Serial 871TRZT755,600.28,K2 Daily Report / Client Justification Pack
16816-590516-0001,16816-590516-0001,Motorola DP4801e Two-Way Radio - Serial 871TRZT769,600.28,K2 Daily Report / Client Justification Pack
16816-590517-0001,16816-590517-0001,Motorola DP4801e Two-Way Radio - Serial 871TRZZ776,600.28,K2 Daily Report / Client Justification Pack
16816-590518-0001,16816-590518-0001,Motorola DP4801e Two-Way Radio - Serial 871TRZZ823,600.28,K2 Daily Report / Client Justification Pack
16816-590519-0001,16816-590519-0001,Motorola DP4801e Two-Way Radio - Serial 871TRZZ858,600.28,K2 Daily Report / Client Justification Pack
16816-590520-0001,16816-590520-0001,Motorola DP4801e Two-Way Radio - Serial 871TSD4066,600.28,K2 Daily Report / Client Justification Pack
16816-590521-0001,16816-590521-0001,Motorola DP4801e Two-Way Radio - Serial 871TSH8976,600.28,K2 Daily Report / Client Justification Pack
16816-590522-0001,16816-590522-0001,Motorola DP4801e Two-Way Radio - Serial 871TSH9002,600.28,K2 Daily Report / Client Justification Pack
16816-590523-0001,16816-590523-0001,Motorola DP4801e Two-Way Radio - Serial 871TSH9010,600.28,K2 Daily Report / Client Justification Pack
16816-590524-0001,16816-590524-0001,Motorola DP4801e Two-Way Radio - Serial 871TSH9016,600.28,K2 Daily Report / Client Justification Pack
16816-590525-0001,16816-590525-0001,Motorola DP4801e Two-Way Radio - Serial 871TSH9037,600.28,K2 Daily Report / Client Justification Pack
16816-590526-0001,16816-590526-0001,Motorola DP4801e Two-Way Radio - Serial 871TSH9078,600.28,K2 Daily Report / Client Justification Pack
16816-590527-0001,16816-590527-0001,Motorola DP4801e Two-Way Radio - Serial 871TSH9113,600.28,K2 Daily Report / Client Justification Pack
16816-590528-0001,16816-590528-0001,Motorola DP4801e Two-Way Radio - Serial 871TSH9179,600.28,K2 Daily Report / Client Justification Pack
16816-590529-0001,16816-590529-0001,Motorola DP4801e Two-Way Radio - Serial 871TSH9190,600.28,K2 Daily Report / Client Justification Pack
16816-590530-0001,16816-590530-0001,Motorola DP4801e Two-Way Radio - Serial 871TSH9205,600.28,K2 Daily Report / Client Justification Pack
16816-590531-0001,16816-590531-0001,Motorola DP4801e Two-Way Radio - Serial 871TSH9229,600.28,K2 Daily Report / Client Justification Pack
16816-590532-0001,16816-590532-0001,Motorola DP4801e Two-Way Radio - Serial 871TSH9247,600.28,K2 Daily Report / Client Justification Pack
16816-590533-0001,16816-590533-0001,Motorola DP4801e Two-Way Radio - Serial 871TSH9297,600.28,K2 Daily Report / Client Justification Pack
16816-590534-0001,16816-590534-0001,Radio Battery - Motorola NNTN8129 IMPRES,61.43,K2 Daily Report / Client Justification Pack
16816-590534-0002,16816-590534-0002,Radio Battery - Motorola NNTN8129 IMPRES,61.43,K2 Daily Report / Client Justification Pack
16816-590534-0003,16816-590534-0003,Radio Battery - Motorola NNTN8129 IMPRES,61.43,K2 Daily Report / Client Justification Pack
16816-590534-0004,16816-590534-0004,Radio Battery - Motorola NNTN8129 IMPRES,61.43,K2 Daily Report / Client Justification Pack
16816-590534-0005,16816-590534-0005,Radio Battery - Motorola NNTN8129 IMPRES,61.43,K2 Daily Report / Client Justification Pack
16816-590534-0006,16816-590534-0006,Radio Battery - Motorola NNTN8129 IMPRES,61.43,K2 Daily Report / Client Justification Pack
16816-590534-0007,16816-590534-0007,Radio Battery - Motorola NNTN8129 IMPRES,61.43,K2 Daily Report / Client Justification Pack
16816-590534-0008,16816-590534-0008,Radio Battery - Motorola NNTN8129 IMPRES,61.43,K2 Daily Report / Client Justification Pack
16816-590534-0009,16816-590534-0009,Radio Battery - Motorola NNTN8129 IMPRES,61.43,K2 Daily Report / Client Justification Pack
16816-590534-0010,16816-590534-0010,Radio Battery - Motorola NNTN8129 IMPRES,61.43,K2 Daily Report / Client Justification Pack
16816-590534-0011,16816-590534-0011,Radio Battery - Motorola NNTN8129 IMPRES,61.43,K2 Daily Report / Client Justification Pack
16816-590534-0012,16816-590534-0012,Radio Battery - Motorola NNTN8129 IMPRES,61.43,K2 Daily Report / Client Justification Pack
16816-590534-0013,16816-590534-0013,Radio Battery - Motorola NNTN8129 IMPRES,61.43,K2 Daily Report / Client Justification Pack
16816-590534-0014,16816-590534-0014,Radio Battery - Motorola NNTN8129 IMPRES,61.43,K2 Daily Report / Client Justification Pack
16816-590534-0015,16816-590534-0015,Radio Battery - Motorola NNTN8129 IMPRES,61.43,K2 Daily Report / Client Justification Pack
16816-590534-0016,16816-590534-0016,Radio Battery - Motorola NNTN8129 IMPRES,61.43,K2 Daily Report / Client Justification Pack
16816-590534-0017,16816-590534-0017,Radio Battery - Motorola NNTN8129 IMPRES,61.43,K2 Daily Report / Client Justification Pack
16816-590534-0018,16816-590534-0018,Radio Battery - Motorola NNTN8129 IMPRES,61.43,K2 Daily Report / Client Justification Pack
16816-590534-0019,16816-590534-0019,Radio Battery - Motorola NNTN8129 IMPRES,61.43,K2 Daily Report / Client Justification Pack
16816-590534-0020,16816-590534-0020,Radio Battery - Motorola NNTN8129 IMPRES,61.43,K2 Daily Report / Client Justification Pack
16816-590534-0021,16816-590534-0021,Radio Battery - Motorola NNTN8129 IMPRES,61.43,K2 Daily Report / Client Justification Pack
16816-590534-0022,16816-590534-0022,Radio Battery - Motorola NNTN8129 IMPRES,61.43,K2 Daily Report / Client Justification Pack
16816-590534-0023,16816-590534-0023,Radio Battery - Motorola NNTN8129 IMPRES,61.43,K2 Daily Report / Client Justification Pack
16816-590534-0024,16816-590534-0024,Radio Battery - Motorola NNTN8129 IMPRES,61.43,K2 Daily Report / Client Justification Pack
16816-590534-0025,16816-590534-0025,Radio Battery - Motorola NNTN8129 IMPRES,61.43,K2 Daily Report / Client Justification Pack
16816-590534-0026,16816-590534-0026,Radio Battery - Motorola NNTN8129 IMPRES,61.43,K2 Daily Report / Client Justification Pack
16816-590534-0027,16816-590534-0027,Radio Battery - Motorola NNTN8129 IMPRES,61.43,K2 Daily Report / Client Justification Pack
16816-590534-0028,16816-590534-0028,Radio Battery - Motorola NNTN8129 IMPRES,61.43,K2 Daily Report / Client Justification Pack
16816-590534-0029,16816-590534-0029,Radio Battery - Motorola NNTN8129 IMPRES,61.43,K2 Daily Report / Client Justification Pack
16816-590534-0030,16816-590534-0030,Radio Battery - Motorola NNTN8129 IMPRES,61.43,K2 Daily Report / Client Justification Pack
16816-590534-0031,16816-590534-0031,Radio Battery - Motorola NNTN8129 IMPRES,61.43,K2 Daily Report / Client Justification Pack
16816-590534-0032,16816-590534-0032,Radio Battery - Motorola NNTN8129 IMPRES,61.43,K2 Daily Report / Client Justification Pack
16816-590534-0033,16816-590534-0033,Radio Battery - Motorola NNTN8129 IMPRES,61.43,K2 Daily Report / Client Justification Pack
16816-590534-0034,16816-590534-0034,Radio Battery - Motorola NNTN8129 IMPRES,61.43,K2 Daily Report / Client Justification Pack
16816-590534-0035,16816-590534-0035,Radio Battery - Motorola NNTN8129 IMPRES,61.43,K2 Daily Report / Client Justification Pack
16816-590534-0036,16816-590534-0036,Radio Battery - Motorola NNTN8129 IMPRES,61.43,K2 Daily Report / Client Justification Pack
16816-590534-0037,16816-590534-0037,Radio Battery - Motorola NNTN8129 IMPRES,61.43,K2 Daily Report / Client Justification Pack
16816-590534-0038,16816-590534-0038,Radio Battery - Motorola NNTN8129 IMPRES,61.43,K2 Daily Report / Client Justification Pack
16816-590534-0039,16816-590534-0039,Radio Battery - Motorola NNTN8129 IMPRES,61.43,K2 Daily Report / Client Justification Pack
16816-590534-0040,16816-590534-0040,Radio Battery - Motorola NNTN8129 IMPRES,61.43,K2 Daily Report / Client Justification Pack
16816-590534-0041,16816-590534-0041,Radio Battery - Motorola NNTN8129 IMPRES,61.43,K2 Daily Report / Client Justification Pack
16816-590534-0042,16816-590534-0042,Radio Battery - Motorola NNTN8129 IMPRES,61.43,K2 Daily Report / Client Justification Pack
16816-590534-0043,16816-590534-0043,Radio Battery - Motorola NNTN8129 IMPRES,61.43,K2 Daily Report / Client Justification Pack
16816-590534-0044,16816-590534-0044,Radio Battery - Motorola NNTN8129 IMPRES,61.43,K2 Daily Report / Client Justification Pack
16816-590534-0045,16816-590534-0045,Radio Battery - Motorola NNTN8129 IMPRES,61.43,K2 Daily Report / Client Justification Pack
16816-590534-0046,16816-590534-0046,Radio Battery - Motorola NNTN8129 IMPRES,61.43,K2 Daily Report / Client Justification Pack
16816-590534-0047,16816-590534-0047,Radio Battery - Motorola NNTN8129 IMPRES,61.43,K2 Daily Report / Client Justification Pack
16816-590534-0048,16816-590534-0048,Radio Battery - Motorola NNTN8129 IMPRES,61.43,K2 Daily Report / Client Justification Pack
16816-590534-0049,16816-590534-0049,Radio Battery - Motorola NNTN8129 IMPRES,61.43,K2 Daily Report / Client Justification Pack
16816-590534-0050,16816-590534-0050,Radio Battery - Motorola NNTN8129 IMPRES,61.43,K2 Daily Report / Client Justification Pack
16816-590534-0051,16816-590534-0051,Radio Battery - Motorola NNTN8129 IMPRES,61.43,K2 Daily Report / Client Justification Pack
16816-590534-0052,16816-590534-0052,Radio Battery - Motorola NNTN8129 IMPRES,61.43,K2 Daily Report / Client Justification Pack
16816-590534-0053,16816-590534-0053,Radio Battery - Motorola NNTN8129 IMPRES,61.43,K2 Daily Report / Client Justification Pack
16816-590534-0054,16816-590534-0054,Radio Battery - Motorola NNTN8129 IMPRES,61.43,K2 Daily Report / Client Justification Pack
16816-590534-0055,16816-590534-0055,Radio Battery - Motorola NNTN8129 IMPRES,61.43,K2 Daily Report / Client Justification Pack
16816-590534-0056,16816-590534-0056,Radio Battery - Motorola NNTN8129 IMPRES,61.43,K2 Daily Report / Client Justification Pack
16816-590534-0057,16816-590534-0057,Radio Battery - Motorola NNTN8129 IMPRES,61.43,K2 Daily Report / Client Justification Pack
16816-590534-0058,16816-590534-0058,Radio Battery - Motorola NNTN8129 IMPRES,61.43,K2 Daily Report / Client Justification Pack
16816-590534-0059,16816-590534-0059,Radio Battery - Motorola NNTN8129 IMPRES,61.43,K2 Daily Report / Client Justification Pack
16816-590534-0060,16816-590534-0060,Radio Battery - Motorola NNTN8129 IMPRES,61.43,K2 Daily Report / Client Justification Pack
16816-590534-0061,16816-590534-0061,Radio Battery - Motorola NNTN8129 IMPRES,61.43,K2 Daily Report / Client Justification Pack
16816-590534-0062,16816-590534-0062,Radio Battery - Motorola NNTN8129 IMPRES,61.43,K2 Daily Report / Client Justification Pack
16816-590534-0063,16816-590534-0063,Radio Battery - Motorola NNTN8129 IMPRES,61.43,K2 Daily Report / Client Justification Pack
16816-590534-0064,16816-590534-0064,Radio Battery - Motorola NNTN8129 IMPRES,61.43,K2 Daily Report / Client Justification Pack
16816-590534-0065,16816-590534-0065,Radio Battery - Motorola NNTN8129 IMPRES,61.43,K2 Daily Report / Client Justification Pack
16816-590534-0066,16816-590534-0066,Radio Battery - Motorola NNTN8129 IMPRES,61.43,K2 Daily Report / Client Justification Pack
16816-590534-0067,16816-590534-0067,Radio Battery - Motorola NNTN8129 IMPRES,61.43,K2 Daily Report / Client Justification Pack
16816-590534-0068,16816-590534-0068,Radio Battery - Motorola NNTN8129 IMPRES,61.43,K2 Daily Report / Client Justification Pack
16816-590534-0069,16816-590534-0069,Radio Battery - Motorola NNTN8129 IMPRES,61.43,K2 Daily Report / Client Justification Pack
16816-590534-0070,16816-590534-0070,Radio Battery - Motorola NNTN8129 IMPRES,61.43,K2 Daily Report / Client Justification Pack
16816-590534-0071,16816-590534-0071,Radio Battery - Motorola NNTN8129 IMPRES,61.43,K2 Daily Report / Client Justification Pack
16816-590534-0072,16816-590534-0072,Radio Battery - Motorola NNTN8129 IMPRES,61.43,K2 Daily Report / Client Justification Pack
16816-590534-0073,16816-590534-0073,Radio Battery - Motorola NNTN8129 IMPRES,61.43,K2 Daily Report / Client Justification Pack
16816-590534-0074,16816-590534-0074,Radio Battery - Motorola NNTN8129 IMPRES,61.43,K2 Daily Report / Client Justification Pack
16816-590534-0075,16816-590534-0075,Radio Battery - Motorola NNTN8129 IMPRES,61.43,K2 Daily Report / Client Justification Pack
16816-590534-0076,16816-590534-0076,Radio Battery - Motorola NNTN8129 IMPRES,61.43,K2 Daily Report / Client Justification Pack
16816-590534-0077,16816-590534-0077,Radio Battery - Motorola NNTN8129 IMPRES,61.43,K2 Daily Report / Client Justification Pack
16816-590534-0078,16816-590534-0078,Radio Battery - Motorola NNTN8129 IMPRES,61.43,K2 Daily Report / Client Justification Pack
16816-590534-0079,16816-590534-0079,Radio Battery - Motorola NNTN8129 IMPRES,61.43,K2 Daily Report / Client Justification Pack
16816-590534-0080,16816-590534-0080,Radio Battery - Motorola NNTN8129 IMPRES,61.43,K2 Daily Report / Client Justification Pack
16816-590534-0081,16816-590534-0081,Radio Battery - Motorola NNTN8129 IMPRES,61.43,K2 Daily Report / Client Justification Pack
16816-590534-0082,16816-590534-0082,Radio Battery - Motorola NNTN8129 IMPRES,61.43,K2 Daily Report / Client Justification Pack
16816-590534-0083,16816-590534-0083,Radio Battery - Motorola NNTN8129 IMPRES,61.43,K2 Daily Report / Client Justification Pack
16816-590534-0084,16816-590534-0084,Radio Battery - Motorola NNTN8129 IMPRES,61.43,K2 Daily Report / Client Justification Pack
16816-590534-0085,16816-590534-0085,Radio Battery - Motorola NNTN8129 IMPRES,61.43,K2 Daily Report / Client Justification Pack
16816-590534-0086,16816-590534-0086,Radio Battery - Motorola NNTN8129 IMPRES,61.43,K2 Daily Report / Client Justification Pack
16816-590534-0087,16816-590534-0087,Radio Battery - Motorola NNTN8129 IMPRES,61.43,K2 Daily Report / Client Justification Pack
16816-590534-0088,16816-590534-0088,Radio Battery - Motorola NNTN8129 IMPRES,61.43,K2 Daily Report / Client Justification Pack
16816-590534-0089,16816-590534-0089,Radio Battery - Motorola NNTN8129 IMPRES,61.43,K2 Daily Report / Client Justification Pack
16816-590534-0090,16816-590534-0090,Radio Battery - Motorola NNTN8129 IMPRES,61.43,K2 Daily Report / Client Justification Pack
16816-590534-0091,16816-590534-0091,Radio Battery - Motorola NNTN8129 IMPRES,61.43,K2 Daily Report / Client Justification Pack
16816-590534-0092,16816-590534-0092,Radio Battery - Motorola NNTN8129 IMPRES,61.43,K2 Daily Report / Client Justification Pack
16816-590534-0093,16816-590534-0093,Radio Battery - Motorola NNTN8129 IMPRES,61.43,K2 Daily Report / Client Justification Pack
16816-590534-0094,16816-590534-0094,Radio Battery - Motorola NNTN8129 IMPRES,61.43,K2 Daily Report / Client Justification Pack
16816-590534-0095,16816-590534-0095,Radio Battery - Motorola NNTN8129 IMPRES,61.43,K2 Daily Report / Client Justification Pack
16816-590534-0096,16816-590534-0096,Radio Battery - Motorola NNTN8129 IMPRES,61.43,K2 Daily Report / Client Justification Pack
16816-590534-0097,16816-590534-0097,Radio Battery - Motorola NNTN8129 IMPRES,61.43,K2 Daily Report / Client Justification Pack
16816-590534-0098,16816-590534-0098,Radio Battery - Motorola NNTN8129 IMPRES,61.43,K2 Daily Report / Client Justification Pack
16816-590534-0099,16816-590534-0099,Radio Battery - Motorola NNTN8129 IMPRES,61.43,K2 Daily Report / Client Justification Pack
16816-590534-0100,16816-590534-0100,Radio Battery - Motorola NNTN8129 IMPRES,61.43,K2 Daily Report / Client Justification Pack
16816-590534-0101,16816-590534-0101,Radio Battery - Motorola NNTN8129 IMPRES,61.43,K2 Daily Report / Client Justification Pack
16816-590534-0102,16816-590534-0102,Radio Battery - Motorola NNTN8129 IMPRES,61.43,K2 Daily Report / Client Justification Pack
16816-590534-0103,16816-590534-0103,Radio Battery - Motorola NNTN8129 IMPRES,61.43,K2 Daily Report / Client Justification Pack
16816-590534-0104,16816-590534-0104,Radio Battery - Motorola NNTN8129 IMPRES,61.43,K2 Daily Report / Client Justification Pack
16816-589065-0001,16816-589065-0001,Bosch 18 V 3 Ah Battery,99,RENTAL_STOCK_22_07_2026_CANONICAL.xlsx / REPLACEMENT_COSTS
16816-589065-0002,16816-589065-0002,Bosch 18 V 3 Ah Battery,99,RENTAL_STOCK_22_07_2026_CANONICAL.xlsx / REPLACEMENT_COSTS
16816-589315-0001,16816-589315-0001,Bosch 18 V 4 Ah Battery,129,RENTAL_STOCK_22_07_2026_CANONICAL.xlsx / REPLACEMENT_COSTS
16816-589315-0002,16816-589315-0002,Bosch 18 V 4 Ah Battery,129,RENTAL_STOCK_22_07_2026_CANONICAL.xlsx / REPLACEMENT_COSTS
16816-589315-0003,16816-589315-0003,Bosch 18 V 4 Ah Battery,129,RENTAL_STOCK_22_07_2026_CANONICAL.xlsx / REPLACEMENT_COSTS
16816-589315-0004,16816-589315-0004,Bosch 18 V 4 Ah Battery,129,RENTAL_STOCK_22_07_2026_CANONICAL.xlsx / REPLACEMENT_COSTS
16816-589315-0005,16816-589315-0005,Bosch 18 V 4 Ah Battery,129,RENTAL_STOCK_22_07_2026_CANONICAL.xlsx / REPLACEMENT_COSTS
16816-589315-0006,16816-589315-0006,Bosch 18 V 4 Ah Battery,129,RENTAL_STOCK_22_07_2026_CANONICAL.xlsx / REPLACEMENT_COSTS
16816-589316-0001,16816-589316-0001,"Bosch 1/2"" Drive Impact Wrench",1009,https://www.totaltools.com.au/178530-bosch-18v-brushless-2-x-8-0ah-1-2inch-impact-wrench-kit-0615990m65
16816-589316-0002,16816-589316-0002,"Bosch 1/2"" Drive Impact Wrench",1009,https://www.totaltools.com.au/178530-bosch-18v-brushless-2-x-8-0ah-1-2inch-impact-wrench-kit-0615990m65
16816-589316-0003,16816-589316-0003,"Bosch 1/2"" Drive Impact Wrench",1009,https://www.totaltools.com.au/178530-bosch-18v-brushless-2-x-8-0ah-1-2inch-impact-wrench-kit-0615990m65
16816-589026-0001,16816-589026-0001,13 mm Air Hose,115,https://www.peerlessproducts.com.au/products/industrial-green-flexible-air-hose
16816-589026-0002,16816-589026-0002,13 mm Air Hose,115,https://www.peerlessproducts.com.au/products/industrial-green-flexible-air-hose
16816-589026-0003,16816-589026-0003,13 mm Air Hose,115,https://www.peerlessproducts.com.au/products/industrial-green-flexible-air-hose
16816-589026-0004,16816-589026-0004,13 mm Air Hose,115,https://www.peerlessproducts.com.au/products/industrial-green-flexible-air-hose
16816-589026-0005,16816-589026-0005,13 mm Air Hose,115,https://www.peerlessproducts.com.au/products/industrial-green-flexible-air-hose
16816-589026-0006,16816-589026-0006,13 mm Air Hose,115,https://www.peerlessproducts.com.au/products/industrial-green-flexible-air-hose
16816-589026-0007,16816-589026-0007,13 mm Air Hose,115,https://www.peerlessproducts.com.au/products/industrial-green-flexible-air-hose
16816-589026-0008,16816-589026-0008,13 mm Air Hose,115,https://www.peerlessproducts.com.au/products/industrial-green-flexible-air-hose
16816-589026-0009,16816-589026-0009,13 mm Air Hose,115,https://www.peerlessproducts.com.au/products/industrial-green-flexible-air-hose
16816-589026-0010,16816-589026-0010,13 mm Air Hose,115,https://www.peerlessproducts.com.au/products/industrial-green-flexible-air-hose
16816-589026-0011,16816-589026-0011,13 mm Air Hose,115,https://www.peerlessproducts.com.au/products/industrial-green-flexible-air-hose
16816-587951-0005,16816-587951-0005,Sling - Round - 1 t - 1 m,3.45,https://www.primesupplies.com.au/product-category/lifting-and-materials-handling/slings/fibre-soft-slings/round-slings/
16816-587951-0020,16816-587951-0020,Sling - Round - 1 t - 1 m,3.45,https://www.primesupplies.com.au/product-category/lifting-and-materials-handling/slings/fibre-soft-slings/round-slings/
16816-587951-0016,16816-587951-0016,Sling - Round - 1 t - 1 m,3.45,https://www.primesupplies.com.au/product-category/lifting-and-materials-handling/slings/fibre-soft-slings/round-slings/
16816-587951-0021,16816-587951-0021,Sling - Round - 1 t - 1 m,3.45,https://www.primesupplies.com.au/product-category/lifting-and-materials-handling/slings/fibre-soft-slings/round-slings/
16816-587951-0017,16816-587951-0017,Sling - Round - 1 t - 1 m,3.45,https://www.primesupplies.com.au/product-category/lifting-and-materials-handling/slings/fibre-soft-slings/round-slings/
16816-587951-0013,16816-587951-0013,Sling - Round - 1 t - 1 m,3.45,https://www.primesupplies.com.au/product-category/lifting-and-materials-handling/slings/fibre-soft-slings/round-slings/
16816-587951-0019,16816-587951-0019,Sling - Round - 1 t - 1 m,3.45,https://www.primesupplies.com.au/product-category/lifting-and-materials-handling/slings/fibre-soft-slings/round-slings/
16816-587951-0015,16816-587951-0015,Sling - Round - 1 t - 1 m,3.45,https://www.primesupplies.com.au/product-category/lifting-and-materials-handling/slings/fibre-soft-slings/round-slings/
16816-587951-0012,16816-587951-0012,Sling - Round - 1 t - 1 m,3.45,https://www.primesupplies.com.au/product-category/lifting-and-materials-handling/slings/fibre-soft-slings/round-slings/
16816-587951-0010,16816-587951-0010,Sling - Round - 1 t - 1 m,3.45,https://www.primesupplies.com.au/product-category/lifting-and-materials-handling/slings/fibre-soft-slings/round-slings/
16816-587951-0009,16816-587951-0009,Sling - Round - 1 t - 1 m,3.45,https://www.primesupplies.com.au/product-category/lifting-and-materials-handling/slings/fibre-soft-slings/round-slings/
16816-587951-0014,16816-587951-0014,Sling - Round - 1 t - 1 m,3.45,https://www.primesupplies.com.au/product-category/lifting-and-materials-handling/slings/fibre-soft-slings/round-slings/
16816-587951-0022,16816-587951-0022,Sling - Round - 1 t - 1 m,3.45,https://www.primesupplies.com.au/product-category/lifting-and-materials-handling/slings/fibre-soft-slings/round-slings/
16816-587951-0023,16816-587951-0023,Sling - Round - 1 t - 1 m,3.45,https://www.primesupplies.com.au/product-category/lifting-and-materials-handling/slings/fibre-soft-slings/round-slings/
16816-587951-0008,16816-587951-0008,Sling - Round - 1 t - 1 m,3.45,https://www.primesupplies.com.au/product-category/lifting-and-materials-handling/slings/fibre-soft-slings/round-slings/
16816-587951-0004,16816-587951-0004,Sling - Round - 1 t - 1 m,3.45,https://www.primesupplies.com.au/product-category/lifting-and-materials-handling/slings/fibre-soft-slings/round-slings/
16816-587951-0011,16816-587951-0011,Sling - Round - 1 t - 1 m,3.45,https://www.primesupplies.com.au/product-category/lifting-and-materials-handling/slings/fibre-soft-slings/round-slings/
16816-587951-0007,16816-587951-0007,Sling - Round - 1 t - 1 m,3.45,https://www.primesupplies.com.au/product-category/lifting-and-materials-handling/slings/fibre-soft-slings/round-slings/
16816-587951-0003,16816-587951-0003,Sling - Round - 1 t - 1 m,3.45,https://www.primesupplies.com.au/product-category/lifting-and-materials-handling/slings/fibre-soft-slings/round-slings/
16816-587952-0002,16816-587952-0002,Sling - Round - 1 t - 2 m,6.95,https://www.primesupplies.com.au/product-category/lifting-and-materials-handling/slings/fibre-soft-slings/round-slings/
16816-587952-0001,16816-587952-0001,Sling - Round - 1 t - 2 m,6.95,https://www.primesupplies.com.au/product-category/lifting-and-materials-handling/slings/fibre-soft-slings/round-slings/
16816-587952-0005,16816-587952-0005,Sling - Round - 1 t - 2 m,6.95,https://www.primesupplies.com.au/product-category/lifting-and-materials-handling/slings/fibre-soft-slings/round-slings/
16816-587952-0004,16816-587952-0004,Sling - Round - 1 t - 2 m,6.95,https://www.primesupplies.com.au/product-category/lifting-and-materials-handling/slings/fibre-soft-slings/round-slings/
16816-587952-0003,16816-587952-0003,Sling - Round - 1 t - 2 m,6.95,https://www.primesupplies.com.au/product-category/lifting-and-materials-handling/slings/fibre-soft-slings/round-slings/
16816-587952-0014,16816-587952-0014,Sling - Round - 1 t - 2 m,6.95,https://www.primesupplies.com.au/product-category/lifting-and-materials-handling/slings/fibre-soft-slings/round-slings/
16816-587952-0017,16816-587952-0017,Sling - Round - 1 t - 2 m,6.95,https://www.primesupplies.com.au/product-category/lifting-and-materials-handling/slings/fibre-soft-slings/round-slings/
16816-587952-0008,16816-587952-0008,Sling - Round - 1 t - 2 m,6.95,https://www.primesupplies.com.au/product-category/lifting-and-materials-handling/slings/fibre-soft-slings/round-slings/
16816-587952-0015,16816-587952-0015,Sling - Round - 1 t - 2 m,6.95,https://www.primesupplies.com.au/product-category/lifting-and-materials-handling/slings/fibre-soft-slings/round-slings/
16816-587952-0010,16816-587952-0010,Sling - Round - 1 t - 2 m,6.95,https://www.primesupplies.com.au/product-category/lifting-and-materials-handling/slings/fibre-soft-slings/round-slings/
16816-587952-0012,16816-587952-0012,Sling - Round - 1 t - 2 m,6.95,https://www.primesupplies.com.au/product-category/lifting-and-materials-handling/slings/fibre-soft-slings/round-slings/
16816-587952-0007,16816-587952-0007,Sling - Round - 1 t - 2 m,6.95,https://www.primesupplies.com.au/product-category/lifting-and-materials-handling/slings/fibre-soft-slings/round-slings/
16816-587952-0009,16816-587952-0009,Sling - Round - 1 t - 2 m,6.95,https://www.primesupplies.com.au/product-category/lifting-and-materials-handling/slings/fibre-soft-slings/round-slings/
16816-587952-0006,16816-587952-0006,Sling - Round - 1 t - 2 m,6.95,https://www.primesupplies.com.au/product-category/lifting-and-materials-handling/slings/fibre-soft-slings/round-slings/
16816-587953-0008,16816-587953-0008,Sling - Round - 1 t - 3 m,9.95,https://www.primesupplies.com.au/product/sling-round-fibre-1t-x-3m/
16816-587953-0004,16816-587953-0004,Sling - Round - 1 t - 3 m,9.95,https://www.primesupplies.com.au/product/sling-round-fibre-1t-x-3m/
16816-587953-0005,16816-587953-0005,Sling - Round - 1 t - 3 m,9.95,https://www.primesupplies.com.au/product/sling-round-fibre-1t-x-3m/
16816-587953-0009,16816-587953-0009,Sling - Round - 1 t - 3 m,9.95,https://www.primesupplies.com.au/product/sling-round-fibre-1t-x-3m/
16816-587953-0010,16816-587953-0010,Sling - Round - 1 t - 3 m,9.95,https://www.primesupplies.com.au/product/sling-round-fibre-1t-x-3m/
16816-587953-0007,16816-587953-0007,Sling - Round - 1 t - 3 m,9.95,https://www.primesupplies.com.au/product/sling-round-fibre-1t-x-3m/
16816-587953-0001,16816-587953-0001,Sling - Round - 1 t - 3 m,9.95,https://www.primesupplies.com.au/product/sling-round-fibre-1t-x-3m/
16816-587953-0006,16816-587953-0006,Sling - Round - 1 t - 3 m,9.95,https://www.primesupplies.com.au/product/sling-round-fibre-1t-x-3m/
16816-587953-0003,16816-587953-0003,Sling - Round - 1 t - 3 m,9.95,https://www.primesupplies.com.au/product/sling-round-fibre-1t-x-3m/
16816-587954-0003,16816-587954-0003,Sling - Round - 1 t - 4 m,13.2,https://www.primesupplies.com.au/product/sling-round-fibre-1t-x-4m/
16816-587954-0005,16816-587954-0005,Sling - Round - 1 t - 4 m,13.2,https://www.primesupplies.com.au/product/sling-round-fibre-1t-x-4m/
16816-587954-0010,16816-587954-0010,Sling - Round - 1 t - 4 m,13.2,https://www.primesupplies.com.au/product/sling-round-fibre-1t-x-4m/
16816-587954-0008,16816-587954-0008,Sling - Round - 1 t - 4 m,13.2,https://www.primesupplies.com.au/product/sling-round-fibre-1t-x-4m/
16816-587954-0006,16816-587954-0006,Sling - Round - 1 t - 4 m,13.2,https://www.primesupplies.com.au/product/sling-round-fibre-1t-x-4m/
16816-587954-0004,16816-587954-0004,Sling - Round - 1 t - 4 m,13.2,https://www.primesupplies.com.au/product/sling-round-fibre-1t-x-4m/
16816-587954-0009,16816-587954-0009,Sling - Round - 1 t - 4 m,13.2,https://www.primesupplies.com.au/product/sling-round-fibre-1t-x-4m/
16816-587954-0007,16816-587954-0007,Sling - Round - 1 t - 4 m,13.2,https://www.primesupplies.com.au/product/sling-round-fibre-1t-x-4m/
16816-587955-0016,16816-587955-0016,Sling - Round - 2 t - 1 m,6,https://www.primesupplies.com.au/product-category/lifting-and-materials-handling/slings/fibre-soft-slings/round-slings/
16816-587955-0014,16816-587955-0014,Sling - Round - 2 t - 1 m,6,https://www.primesupplies.com.au/product-category/lifting-and-materials-handling/slings/fibre-soft-slings/round-slings/
16816-587955-0019,16816-587955-0019,Sling - Round - 2 t - 1 m,6,https://www.primesupplies.com.au/product-category/lifting-and-materials-handling/slings/fibre-soft-slings/round-slings/
16816-587955-0018,16816-587955-0018,Sling - Round - 2 t - 1 m,6,https://www.primesupplies.com.au/product-category/lifting-and-materials-handling/slings/fibre-soft-slings/round-slings/
16816-587955-0013,16816-587955-0013,Sling - Round - 2 t - 1 m,6,https://www.primesupplies.com.au/product-category/lifting-and-materials-handling/slings/fibre-soft-slings/round-slings/
16816-587955-0017,16816-587955-0017,Sling - Round - 2 t - 1 m,6,https://www.primesupplies.com.au/product-category/lifting-and-materials-handling/slings/fibre-soft-slings/round-slings/
16816-587955-0020,16816-587955-0020,Sling - Round - 2 t - 1 m,6,https://www.primesupplies.com.au/product-category/lifting-and-materials-handling/slings/fibre-soft-slings/round-slings/
16816-587955-0009,16816-587955-0009,Sling - Round - 2 t - 1 m,6,https://www.primesupplies.com.au/product-category/lifting-and-materials-handling/slings/fibre-soft-slings/round-slings/
16816-587955-0015,16816-587955-0015,Sling - Round - 2 t - 1 m,6,https://www.primesupplies.com.au/product-category/lifting-and-materials-handling/slings/fibre-soft-slings/round-slings/
16816-587955-0011,16816-587955-0011,Sling - Round - 2 t - 1 m,6,https://www.primesupplies.com.au/product-category/lifting-and-materials-handling/slings/fibre-soft-slings/round-slings/
16816-587955-0012,16816-587955-0012,Sling - Round - 2 t - 1 m,6,https://www.primesupplies.com.au/product-category/lifting-and-materials-handling/slings/fibre-soft-slings/round-slings/
16816-587955-0001,16816-587955-0001,Sling - Round - 2 t - 1 m,6,https://www.primesupplies.com.au/product-category/lifting-and-materials-handling/slings/fibre-soft-slings/round-slings/
16816-587955-0002,16816-587955-0002,Sling - Round - 2 t - 1 m,6,https://www.primesupplies.com.au/product-category/lifting-and-materials-handling/slings/fibre-soft-slings/round-slings/
16816-587955-0003,16816-587955-0003,Sling - Round - 2 t - 1 m,6,https://www.primesupplies.com.au/product-category/lifting-and-materials-handling/slings/fibre-soft-slings/round-slings/
16816-587956-0009,16816-587956-0009,Sling - Round - 2 t - 2 m,10.8,https://www.primesupplies.com.au/product-category/lifting-and-materials-handling/slings/fibre-soft-slings/round-slings/
16816-587956-0007,16816-587956-0007,Sling - Round - 2 t - 2 m,10.8,https://www.primesupplies.com.au/product-category/lifting-and-materials-handling/slings/fibre-soft-slings/round-slings/
16816-587956-0010,16816-587956-0010,Sling - Round - 2 t - 2 m,10.8,https://www.primesupplies.com.au/product-category/lifting-and-materials-handling/slings/fibre-soft-slings/round-slings/
16816-587956-0004,16816-587956-0004,Sling - Round - 2 t - 2 m,10.8,https://www.primesupplies.com.au/product-category/lifting-and-materials-handling/slings/fibre-soft-slings/round-slings/
16816-587956-0008,16816-587956-0008,Sling - Round - 2 t - 2 m,10.8,https://www.primesupplies.com.au/product-category/lifting-and-materials-handling/slings/fibre-soft-slings/round-slings/
16816-587956-0005,16816-587956-0005,Sling - Round - 2 t - 2 m,10.8,https://www.primesupplies.com.au/product-category/lifting-and-materials-handling/slings/fibre-soft-slings/round-slings/
16816-587957-0007,16816-587957-0007,Sling - Round - 2 t - 3 m,16.4,https://www.primesupplies.com.au/product/sling-round-fibre-2t-x-3m/
16816-587957-0001,16816-587957-0001,Sling - Round - 2 t - 3 m,16.4,https://www.primesupplies.com.au/product/sling-round-fibre-2t-x-3m/
16816-587957-0009,16816-587957-0009,Sling - Round - 2 t - 3 m,16.4,https://www.primesupplies.com.au/product/sling-round-fibre-2t-x-3m/
16816-587957-0005,16816-587957-0005,Sling - Round - 2 t - 3 m,16.4,https://www.primesupplies.com.au/product/sling-round-fibre-2t-x-3m/
16816-587957-0004,16816-587957-0004,Sling - Round - 2 t - 3 m,16.4,https://www.primesupplies.com.au/product/sling-round-fibre-2t-x-3m/
16816-587957-0008,16816-587957-0008,Sling - Round - 2 t - 3 m,16.4,https://www.primesupplies.com.au/product/sling-round-fibre-2t-x-3m/
16816-587957-0010,16816-587957-0010,Sling - Round - 2 t - 3 m,16.4,https://www.primesupplies.com.au/product/sling-round-fibre-2t-x-3m/
16816-587957-0006,16816-587957-0006,Sling - Round - 2 t - 3 m,16.4,https://www.primesupplies.com.au/product/sling-round-fibre-2t-x-3m/
16816-587958-0002,16816-587958-0002,Sling - Round - 2 t - 4 m,22.35,https://www.primesupplies.com.au/product/sling-round-fibre-2t-x-4m/
16816-587958-0004,16816-587958-0004,Sling - Round - 2 t - 4 m,22.35,https://www.primesupplies.com.au/product/sling-round-fibre-2t-x-4m/
16816-587958-0005,16816-587958-0005,Sling - Round - 2 t - 4 m,22.35,https://www.primesupplies.com.au/product/sling-round-fibre-2t-x-4m/
16816-587958-0003,16816-587958-0003,Sling - Round - 2 t - 4 m,22.35,https://www.primesupplies.com.au/product/sling-round-fibre-2t-x-4m/
16816-587958-0008,16816-587958-0008,Sling - Round - 2 t - 4 m,22.35,https://www.primesupplies.com.au/product/sling-round-fibre-2t-x-4m/
16816-587958-0006,16816-587958-0006,Sling - Round - 2 t - 4 m,22.35,https://www.primesupplies.com.au/product/sling-round-fibre-2t-x-4m/
16816-587958-0007,16816-587958-0007,Sling - Round - 2 t - 4 m,22.35,https://www.primesupplies.com.au/product/sling-round-fibre-2t-x-4m/
16816-587959-0013,16816-587959-0013,Sling - Round - 3 t - 1 m,7.95,https://www.primesupplies.com.au/product-category/lifting-and-materials-handling/slings/fibre-soft-slings/round-slings/
16816-587959-0012,16816-587959-0012,Sling - Round - 3 t - 1 m,7.95,https://www.primesupplies.com.au/product-category/lifting-and-materials-handling/slings/fibre-soft-slings/round-slings/
16816-587959-0003,16816-587959-0003,Sling - Round - 3 t - 1 m,7.95,https://www.primesupplies.com.au/product-category/lifting-and-materials-handling/slings/fibre-soft-slings/round-slings/
16816-587959-0005,16816-587959-0005,Sling - Round - 3 t - 1 m,7.95,https://www.primesupplies.com.au/product-category/lifting-and-materials-handling/slings/fibre-soft-slings/round-slings/
16816-587959-0006,16816-587959-0006,Sling - Round - 3 t - 1 m,7.95,https://www.primesupplies.com.au/product-category/lifting-and-materials-handling/slings/fibre-soft-slings/round-slings/
16816-587959-0014,16816-587959-0014,Sling - Round - 3 t - 1 m,7.95,https://www.primesupplies.com.au/product-category/lifting-and-materials-handling/slings/fibre-soft-slings/round-slings/
16816-587959-0002,16816-587959-0002,Sling - Round - 3 t - 1 m,7.95,https://www.primesupplies.com.au/product-category/lifting-and-materials-handling/slings/fibre-soft-slings/round-slings/
16816-587959-0010,16816-587959-0010,Sling - Round - 3 t - 1 m,7.95,https://www.primesupplies.com.au/product-category/lifting-and-materials-handling/slings/fibre-soft-slings/round-slings/
16816-587959-0009,16816-587959-0009,Sling - Round - 3 t - 1 m,7.95,https://www.primesupplies.com.au/product-category/lifting-and-materials-handling/slings/fibre-soft-slings/round-slings/
16816-587959-0007,16816-587959-0007,Sling - Round - 3 t - 1 m,7.95,https://www.primesupplies.com.au/product-category/lifting-and-materials-handling/slings/fibre-soft-slings/round-slings/
16816-587959-0001,16816-587959-0001,Sling - Round - 3 t - 1 m,7.95,https://www.primesupplies.com.au/product-category/lifting-and-materials-handling/slings/fibre-soft-slings/round-slings/
16816-587959-0008,16816-587959-0008,Sling - Round - 3 t - 1 m,7.95,https://www.primesupplies.com.au/product-category/lifting-and-materials-handling/slings/fibre-soft-slings/round-slings/
16816-587959-0004,16816-587959-0004,Sling - Round - 3 t - 1 m,7.95,https://www.primesupplies.com.au/product-category/lifting-and-materials-handling/slings/fibre-soft-slings/round-slings/
16816-587959-0011,16816-587959-0011,Sling - Round - 3 t - 1 m,7.95,https://www.primesupplies.com.au/product-category/lifting-and-materials-handling/slings/fibre-soft-slings/round-slings/
16816-587960-0007,16816-587960-0007,Sling - Round - 3 t - 2 m,14.95,https://www.primesupplies.com.au/product-category/lifting-and-materials-handling/slings/fibre-soft-slings/round-slings/
16816-587960-0009,16816-587960-0009,Sling - Round - 3 t - 2 m,14.95,https://www.primesupplies.com.au/product-category/lifting-and-materials-handling/slings/fibre-soft-slings/round-slings/
16816-587960-0003,16816-587960-0003,Sling - Round - 3 t - 2 m,14.95,https://www.primesupplies.com.au/product-category/lifting-and-materials-handling/slings/fibre-soft-slings/round-slings/
16816-587960-0006,16816-587960-0006,Sling - Round - 3 t - 2 m,14.95,https://www.primesupplies.com.au/product-category/lifting-and-materials-handling/slings/fibre-soft-slings/round-slings/
16816-587960-0005,16816-587960-0005,Sling - Round - 3 t - 2 m,14.95,https://www.primesupplies.com.au/product-category/lifting-and-materials-handling/slings/fibre-soft-slings/round-slings/
16816-587960-0008,16816-587960-0008,Sling - Round - 3 t - 2 m,14.95,https://www.primesupplies.com.au/product-category/lifting-and-materials-handling/slings/fibre-soft-slings/round-slings/
16816-587960-0010,16816-587960-0010,Sling - Round - 3 t - 2 m,14.95,https://www.primesupplies.com.au/product-category/lifting-and-materials-handling/slings/fibre-soft-slings/round-slings/
16816-587960-0002,16816-587960-0002,Sling - Round - 3 t - 2 m,14.95,https://www.primesupplies.com.au/product-category/lifting-and-materials-handling/slings/fibre-soft-slings/round-slings/
16816-587961-0010,16816-587961-0010,Sling - Round - 3 t - 3 m,22.1,https://www.primesupplies.com.au/product-category/lifting-and-materials-handling/slings/fibre-soft-slings/round-slings/
16816-587961-0005,16816-587961-0005,Sling - Round - 3 t - 3 m,22.1,https://www.primesupplies.com.au/product-category/lifting-and-materials-handling/slings/fibre-soft-slings/round-slings/
16816-587961-0008,16816-587961-0008,Sling - Round - 3 t - 3 m,22.1,https://www.primesupplies.com.au/product-category/lifting-and-materials-handling/slings/fibre-soft-slings/round-slings/
16816-587961-0009,16816-587961-0009,Sling - Round - 3 t - 3 m,22.1,https://www.primesupplies.com.au/product-category/lifting-and-materials-handling/slings/fibre-soft-slings/round-slings/
16816-587961-0003,16816-587961-0003,Sling - Round - 3 t - 3 m,22.1,https://www.primesupplies.com.au/product-category/lifting-and-materials-handling/slings/fibre-soft-slings/round-slings/
16816-587961-0007,16816-587961-0007,Sling - Round - 3 t - 3 m,22.1,https://www.primesupplies.com.au/product-category/lifting-and-materials-handling/slings/fibre-soft-slings/round-slings/
16816-587961-0002,16816-587961-0002,Sling - Round - 3 t - 3 m,22.1,https://www.primesupplies.com.au/product-category/lifting-and-materials-handling/slings/fibre-soft-slings/round-slings/
16816-587961-0006,16816-587961-0006,Sling - Round - 3 t - 3 m,22.1,https://www.primesupplies.com.au/product-category/lifting-and-materials-handling/slings/fibre-soft-slings/round-slings/
16816-587961-0004,16816-587961-0004,Sling - Round - 3 t - 3 m,22.1,https://www.primesupplies.com.au/product-category/lifting-and-materials-handling/slings/fibre-soft-slings/round-slings/
16816-587961-0001,16816-587961-0001,Sling - Round - 3 t - 3 m,22.1,https://www.primesupplies.com.au/product-category/lifting-and-materials-handling/slings/fibre-soft-slings/round-slings/
16816-587962-0002,16816-587962-0002,Sling - Round - 3 t - 4 m,29.9,https://www.primesupplies.com.au/product/sling-round-fibre-3t-x-4m/
16816-587962-0007,16816-587962-0007,Sling - Round - 3 t - 4 m,29.9,https://www.primesupplies.com.au/product/sling-round-fibre-3t-x-4m/
16816-587962-0006,16816-587962-0006,Sling - Round - 3 t - 4 m,29.9,https://www.primesupplies.com.au/product/sling-round-fibre-3t-x-4m/
16816-587962-0008,16816-587962-0008,Sling - Round - 3 t - 4 m,29.9,https://www.primesupplies.com.au/product/sling-round-fibre-3t-x-4m/
16816-587962-0003,16816-587962-0003,Sling - Round - 3 t - 4 m,29.9,https://www.primesupplies.com.au/product/sling-round-fibre-3t-x-4m/
16816-587962-0004,16816-587962-0004,Sling - Round - 3 t - 4 m,29.9,https://www.primesupplies.com.au/product/sling-round-fibre-3t-x-4m/
16816-587962-0005,16816-587962-0005,Sling - Round - 3 t - 4 m,29.9,https://www.primesupplies.com.au/product/sling-round-fibre-3t-x-4m/
16816-587963-0001,16816-587963-0001,Sling - Round - 3 t - 6 m,41.1,https://www.primesupplies.com.au/product/sling-round-fibre-3t-x-6m/
16816-587963-0004,16816-587963-0004,Sling - Round - 3 t - 6 m,41.1,https://www.primesupplies.com.au/product/sling-round-fibre-3t-x-6m/
16816-587963-0003,16816-587963-0003,Sling - Round - 3 t - 6 m,41.1,https://www.primesupplies.com.au/product/sling-round-fibre-3t-x-6m/
16816-587963-0007,16816-587963-0007,Sling - Round - 3 t - 6 m,41.1,https://www.primesupplies.com.au/product/sling-round-fibre-3t-x-6m/
16816-587963-0002,16816-587963-0002,Sling - Round - 3 t - 6 m,41.1,https://www.primesupplies.com.au/product/sling-round-fibre-3t-x-6m/
16816-587963-0006,16816-587963-0006,Sling - Round - 3 t - 6 m,41.1,https://www.primesupplies.com.au/product/sling-round-fibre-3t-x-6m/
16816-578669-0001,16816-578669-0001,34 mm Spanner,55,Kincrome via Total Tools
16816-578673-0003,16816-578673-0003,34 mm Spanner,55,Kincrome via Total Tools
16816-578673-0004,16816-578673-0004,34 mm Spanner,55,Kincrome via Total Tools
16816-578680-0001,16816-578680-0001,2 t Girder Clamp,102.9,https://penrithsafety.com.au/product/girder-clamp-2/
16816-578681-0001,16816-578681-0001,2 t Girder Clamp,102.9,https://penrithsafety.com.au/product/girder-clamp-2/
16816-578682-0001,16816-578682-0001,2 t Girder Clamp,102.9,https://penrithsafety.com.au/product/girder-clamp-2/
16816-578683-0001,16816-578683-0001,2 t Girder Clamp,102.9,https://penrithsafety.com.au/product/girder-clamp-2/
16816-578685-0001,16816-578685-0001,2 t Girder Clamp,102.9,https://penrithsafety.com.au/product/girder-clamp-2/
16816-578686-0001,16816-578686-0001,5 t Girder Clamp,240,https://rkaindustrialsolutions.com.au/product/girder-clamp-model-gc01/
16816-578688-0001,16816-578688-0001,5 t Girder Clamp,240,https://rkaindustrialsolutions.com.au/product/girder-clamp-model-gc01/
16816-578689-0001,16816-578689-0001,5 t Girder Clamp,240,https://rkaindustrialsolutions.com.au/product/girder-clamp-model-gc01/
16816-578697-0002,16816-578697-0002,Spray Gun - Air - 2.0 mm - 1 L - Suction Feed - Star,155,https://www.totaltools.com.au/26094-star-1l-2mm-suction-feed-air-spray-gun-s77031s
16816-578698-0001,16816-578698-0001,Milwaukee 10 mm Angle Drill,329,RENTAL_STOCK_22_07_2026_CANONICAL.xlsx / REPLACEMENT_COSTS
16816-578702-0001,16816-578702-0001,Dial Gauge,85,Mitutoyo via Total Tools
16816-578707-0001,16816-578707-0001,Ridgid Pipe Cutter 6–66 mm,150,Estimated based on Ridgid pipe cutters
16816-578707-0002,16816-578707-0002,Ridgid Pipe Cutter 6–66 mm,150,Estimated based on Ridgid pipe cutters
16816-578700-0007,16816-578700-0007,Exhaust Fan - Electric - 300 mm,297.7,https://www.fanmaster.com.au/product/masterfans-portable-ventilator/
16816-578700-0001,16816-578700-0001,Exhaust Fan - Electric - 300 mm,297.7,https://www.fanmaster.com.au/product/masterfans-portable-ventilator/
16816-578700-0004,16816-578700-0004,Exhaust Fan - Electric - 300 mm,297.7,https://www.fanmaster.com.au/product/masterfans-portable-ventilator/
16816-578700-0006,16816-578700-0006,Exhaust Fan - Electric - 300 mm,297.7,https://www.fanmaster.com.au/product/masterfans-portable-ventilator/
16816-578700-0009,16816-578700-0009,Exhaust Fan - Electric - 300 mm,297.7,https://www.fanmaster.com.au/product/masterfans-portable-ventilator/
16816-578700-0003,16816-578700-0003,Exhaust Fan - Electric - 300 mm,297.7,https://www.fanmaster.com.au/product/masterfans-portable-ventilator/
16816-578700-0002,16816-578700-0002,Exhaust Fan - Electric - 300 mm,297.7,https://www.fanmaster.com.au/product/masterfans-portable-ventilator/
16816-578700-0005,16816-578700-0005,Exhaust Fan - Electric - 300 mm,297.7,https://www.fanmaster.com.au/product/masterfans-portable-ventilator/
16816-578700-0010,16816-578700-0010,Exhaust Fan - Electric - 300 mm,297.7,https://www.fanmaster.com.au/product/masterfans-portable-ventilator/
16816-578700-0008,16816-578700-0008,Exhaust Fan - Electric - 300 mm,297.7,https://www.fanmaster.com.au/product/masterfans-portable-ventilator/
16816-590535-0001,16816-590535-0001,Welding Air Vantage Diesel 500(HGA014),,
16816-590736-0001,16816-590736-0001,Welding Air Vantage Diesel 500(HGA032),,
16816-590737-0001,16816-590737-0001,Welding Vantage Diesel 500(HGA009),,
16816-590738-0001,16816-590738-0001,Welding Vantage Diesel 500(HGA044),,
16816-590739-0001,16816-590739-0001,Welding Vantage Diesel 580 (HGA047),,
16816-590740-0001,16816-590740-0001,Welding Vantage Diesel 580(HGA035),,
16816-590741-0001,16816-590741-0001,Welding Vantage Diesel 580(HGA041,,
16816-590742-0001,16816-590742-0001,Welding Vantage Diesel 580(HGA042),,
