variant_code,output_filename,register_name,visual_family,category,image_status,release,archive_filename,width,height,format,output_bytes,output_sha256
AIRSPRAYGUN20MM1LSUCTIONFEEDSTAR,AIRSPRAYGUN20MM1LSUCTIONFEEDSTAR.jpg,AIR SPRAY GUN 2.0MM 1L SUCTION FEED STAR,Coates Tooling,Air & Hoses,FAMILY,Render GO 522,Coates_K2_Render_GO_522_Thumbnails_001.zip,800,800,JPEG,80857,5443642cb43b5da891209209690542a1060c1e69b93fce0fbccfb3967edb8c5a
SPRAYGUNAIR20MM1LSUCTIONFEEDSTAR,SPRAYGUNAIR20MM1LSUCTIONFEEDSTAR.jpg,AIR SPRAY GUN 2.0MM 1L SUCTION FEED STAR,Coates Tooling,Air & Hoses,FAMILY,Render GO 522,Coates_K2_Render_GO_522_Thumbnails_002.zip,800,800,JPEG,80857,5443642cb43b5da891209209690542a1060c1e69b93fce0fbccfb3967edb8c5a
AIRDRILL12,AIRDRILL12.jpg,"Air Drill 1/2""",Coates Equipment,Air & Hoses,FAMILY,Render GO 522,Coates_K2_Render_GO_522_Thumbnails_001.zip,800,800,JPEG,75222,644f72a43c521f2596e39f40f9a8287eba647cdf7d7142334b9794634d29372b
DRILLAIR12IN,DRILLAIR12IN.jpg,"Air Drill 1/2""",Coates Equipment,Air & Hoses,FAMILY,Render GO 522,Coates_K2_Render_GO_522_Thumbnails_001.zip,800,800,JPEG,75222,644f72a43c521f2596e39f40f9a8287eba647cdf7d7142334b9794634d29372b
AIRDRILL38,AIRDRILL38.jpg,"Air Drill 3/8""",Coates Equipment,Air & Hoses,FAMILY,Render GO 522,Coates_K2_Render_GO_522_Thumbnails_001.zip,800,800,JPEG,75222,644f72a43c521f2596e39f40f9a8287eba647cdf7d7142334b9794634d29372b
DRILLAIR38IN,DRILLAIR38IN.jpg,"Air Drill 3/8""",Coates Equipment,Air & Hoses,FAMILY,Render GO 522,Coates_K2_Render_GO_522_Thumbnails_001.zip,800,800,JPEG,75222,644f72a43c521f2596e39f40f9a8287eba647cdf7d7142334b9794634d29372b
AIRHADMINANITTO,AIRHADMINANITTO.jpg,Air Hose Adaptor - Minsup A To Nitto,Air & Air Accessories,Air & Hoses,FAMILY,Render GO 522,Coates_K2_Render_GO_522_Thumbnails_001.zip,800,800,JPEG,81181,21873447d7b324c1887e75adb1690c73076c22f9adff1fc573475b72e9ce10ca
AIRHOSEFITTMINSUPTHOR,AIRHOSEFITTMINSUPTHOR.jpg,Air Hose Fitting - Minsup - Thor,Air & Air Accessories,Air & Hoses,FAMILY,Render GO 522,Coates_K2_Render_GO_522_Thumbnails_001.zip,800,800,JPEG,79726,1a38fa24f670cd8543da62caab4ade7a9c4aa64669f5d0f26abea62bfdd48177
AIRNOZZLELGE,AIRNOZZLELGE.jpg,Air Nozzle - Large,Industrial Tools & Equipment,Air & Hoses,FAMILY,Render GO 522,Coates_K2_Render_GO_522_Thumbnails_001.zip,800,800,JPEG,79076,f2b5689a9b4209c5cbc0919331b68cc494a1a16122706b02bf1a5aa2a6703687
AIRNOZZLESMALL,AIRNOZZLESMALL.jpg,Air Nozzle - Small,Industrial Tools & Equipment,Air & Hoses,FAMILY,Render GO 522,Coates_K2_Render_GO_522_Thumbnails_001.zip,800,800,JPEG,79076,f2b5689a9b4209c5cbc0919331b68cc494a1a16122706b02bf1a5aa2a6703687
CHIPPERDRILLHAMMERAIR,CHIPPERDRILLHAMMERAIR.jpg,Chipper/Drill Hammer - Air,Air & Air Accessories,Air & Hoses,FAMILY,Render GO 522,Coates_K2_Render_GO_522_Thumbnails_001.zip,800,800,JPEG,74502,3465c9ce88711e5e0b5ff62677d9bbfd2fd9754892e3dc898afaa9a53d73ccfb
CHIPPINGHAMMERAIR,CHIPPINGHAMMERAIR.jpg,Chipping Hammer - Air,Air & Air Accessories,Air & Hoses,FAMILY,Render GO 522,Coates_K2_Render_GO_522_Thumbnails_001.zip,800,800,JPEG,77670,1ebec12dd382905a9f6c1a54762b99a00ceecd5051dec243a2b0a4bdb61f46e6
COMP1050D,COMP1050D.jpg,Compressor 1050CFM (Diesel),Air & Air Accessories,Air & Hoses,FAMILY,Render GO 522,Coates_K2_Render_GO_522_Thumbnails_001.zip,800,800,JPEG,77213,43544e3f2ae9a80dde796d0b4597b4f953f395365ee7bb516c103cf847b8613c
13MMAIRHOSE,13MMAIRHOSE.jpg,HOSE AIR 12MMX20M BLU/YEL SONSBEEK,Coates Equipment,Air & Hoses,FAMILY,Render GO 522,Coates_K2_Render_GO_522_Thumbnails_001.zip,800,800,JPEG,77844,893d849425caa42b63f60daeac0a6c071e6fc35ade6324fde03f946fa9fde7b9
HOSEAIR12MMX20MBLUYELSONSBEEK,HOSEAIR12MMX20MBLUYELSONSBEEK.jpg,HOSE AIR 12MMX20M BLU/YEL SONSBEEK,Coates Equipment,Air & Hoses,FAMILY,Render GO 522,Coates_K2_Render_GO_522_Thumbnails_002.zip,800,800,JPEG,77844,893d849425caa42b63f60daeac0a6c071e6fc35ade6324fde03f946fa9fde7b9
HOSEAIR19MM(3/4IN),HOSEAIR19MM(3_4IN).jpg,Hose - Air - 19mm,Air & Air Accessories,Air & Hoses,FAMILY,Render GO 522,Coates_K2_Render_GO_522_Thumbnails_002.zip,800,800,JPEG,80242,fa158a95c35c7acbcaaba836b65dccfa05de96517971b6f1dac33420a6fa6494
HOSEAIR13MM(MINSUPCPG),HOSEAIR13MM(MINSUPCPG).jpg,Hose - Air - Minsup Cpg 13mm,Air & Air Accessories,Air & Hoses,FAMILY,Render GO 522,Coates_K2_Render_GO_522_Thumbnails_002.zip,800,800,JPEG,79571,5cea9e24049f216e4b0ae438556bcd808612a5e4df04a47b5f42bd27544e0260
HOSEAIRTA13MM1/2,HOSEAIRTA13MM1_2.jpg,Hose - Air - Type A - 13mm - 1/2inch,Air & Air Accessories,Air & Hoses,FAMILY,Render GO 522,Coates_K2_Render_GO_522_Thumbnails_002.zip,800,800,JPEG,81289,de60014c1b989e8661abd68659ca2189a2be64c356f57ced97a00118bb8b5f7f
HOSEAIRTA19MM3/4,HOSEAIRTA19MM3_4.jpg,Hose - Air - Type A - 19mm - 3/4inch,Air & Air Accessories,Air & Hoses,FAMILY,Render GO 522,Coates_K2_Render_GO_522_Thumbnails_002.zip,800,800,JPEG,81289,de60014c1b989e8661abd68659ca2189a2be64c356f57ced97a00118bb8b5f7f
HOSEAIRTA25MM20M,HOSEAIRTA25MM20M.jpg,Hose - Air - Type A - 25mm - 20m,Air & Air Accessories,Air & Hoses,FAMILY,Render GO 522,Coates_K2_Render_GO_522_Thumbnails_002.zip,800,800,JPEG,81289,de60014c1b989e8661abd68659ca2189a2be64c356f57ced97a00118bb8b5f7f
HOSEWHIPAIR,HOSEWHIPAIR.jpg,Hose Whip - Air,Air & Air Accessories,Air & Hoses,FAMILY,Render GO 522,Coates_K2_Render_GO_522_Thumbnails_002.zip,800,800,JPEG,79103,1234ebcb2bd00fd4d075995e27e9b5bace3e4e9d46469fb387aa9b796576f729
IMPACTWRENCHAIR12MM,IMPACTWRENCHAIR12MM.jpg,Impact Wrench - Air - 12mm,Air & Air Accessories,Air & Hoses,FAMILY,Render GO 522,Coates_K2_Render_GO_522_Thumbnails_002.zip,800,800,JPEG,76295,5fe437cc66f7ea0f8362a96465bd6f4dbc7f94d6b48a34297c2f757b768456c0
IMPACTWRENCHAIR13MM,IMPACTWRENCHAIR13MM.jpg,Impact Wrench - Air - 13mm,Air & Air Accessories,Air & Hoses,FAMILY,Render GO 522,Coates_K2_Render_GO_522_Thumbnails_002.zip,800,800,JPEG,76295,5fe437cc66f7ea0f8362a96465bd6f4dbc7f94d6b48a34297c2f757b768456c0
IMPACTWRENCHAIR19MM,IMPACTWRENCHAIR19MM.jpg,Impact Wrench - Air - 19mm,Air & Air Accessories,Air & Hoses,FAMILY,Render GO 522,Coates_K2_Render_GO_522_Thumbnails_002.zip,800,800,JPEG,78537,c733d3e8341013d0ca68819e875101daa0d03b2d80c245fc0751df851d8e18db
IMPACTWRENCHAIR25MM,IMPACTWRENCHAIR25MM.jpg,Impact Wrench - Air - 25mm,Air & Air Accessories,Air & Hoses,FAMILY,Render GO 522,Coates_K2_Render_GO_522_Thumbnails_002.zip,800,800,JPEG,80265,75b25616634d8a65559b35c8c63dd5289519aea0de7a9a39260b10f7e7e9ace7
IMPACTWRENCHAIR38MM,IMPACTWRENCHAIR38MM.jpg,Impact Wrench - Air - 38mm,Air & Air Accessories,Air & Hoses,FAMILY,Render GO 522,Coates_K2_Render_GO_522_Thumbnails_002.zip,800,800,JPEG,79994,27d69f2057827d52f99bab0a55d626e7bfa65c456a0113ef94ce5be3e9a1c99f
MANIFOLDAIR19MM6OUTLETS,MANIFOLDAIR19MM6OUTLETS.jpg,Manifold - Air - 19mm,Air & Air Accessories,Air & Hoses,FAMILY,Render GO 522,Coates_K2_Render_GO_522_Thumbnails_002.zip,800,800,JPEG,79522,a48204b2dad1d62ef353500c0ccd2405014f80a3c71ca8123d9e000bb03c61e7
NEEDLESCALERSGAIR,NEEDLESCALERSGAIR.jpg,Needle Scaler Straight Grip Pneumatic,Air & Air Accessories,Air & Hoses,FAMILY,Render GO 522,Coates_K2_Render_GO_522_Thumbnails_002.zip,800,800,JPEG,77687,8006b47c7a37a0072614629f83bbc81b210edd16f32203156b08cf2567e2a5d5
NEEDLEGUNAIR,NEEDLEGUNAIR.jpg,Needlegun – Air,Air & Air Accessories,Air & Hoses,FAMILY,Render GO 522,Coates_K2_Render_GO_522_Thumbnails_002.zip,800,800,JPEG,78247,74a91ecab125f74f7881364b68657dbc36c7de52cde5b6ea5010ed011754ff77
RIVETBUSTERAIR,RIVETBUSTERAIR.jpg,Rivet Buster – Air,Air & Air Accessories,Air & Hoses,FAMILY,Render GO 522,Coates_K2_Render_GO_522_Thumbnails_002.zip,800,800,JPEG,79575,b75d44a5cae70bb0a5a387ca11297e16c0b9b60cfee2a914dbce63dc97ca4799
SCABBLERAIR3HEAD,SCABBLERAIR3HEAD.jpg,Scabbler - Air - 3 Head,Air & Air Accessories,Air & Hoses,FAMILY,Render GO 522,Coates_K2_Render_GO_522_Thumbnails_002.zip,800,800,JPEG,78857,163fb2a292a26c4151be50b17409081682b7ffe829e24b4a3e99945462b2ddee
WATERHOSE20MMX20MM,WATERHOSE20MMX20MM.jpg,Water Hose 20mm x 20M,Landscaping,Air & Hoses,FAMILY,Render GO 522,Coates_K2_Render_GO_522_Thumbnails_003.zip,800,800,JPEG,80251,fdfc9d59f9780f1e4b046e675eb2b56a5665850a65e3d35c57ccb6fc63897cd4
CEME9016-590674,CEME9016-590674.jpg,BATTERY - AA 1.5VDC ALKALINE SUPER HEAVY DUTY - K2/26,Consumables,Batteries & Chargers,FAMILY,Render GO 522,Coates_K2_Render_GO_522_Thumbnails_001.zip,800,800,JPEG,81665,2830746105ef01e4bf85c011b26a25f12203071d6fc04f4cbc25b586d38a24a6
CEME9016-590675,CEME9016-590675.jpg,BATTERY - AAA 1.5VDC ALKALINE PROCELL - K2/26,Consumables,Batteries & Chargers,FAMILY,Render GO 522,Coates_K2_Render_GO_522_Thumbnails_001.zip,800,800,JPEG,81260,8a98bd3cdbf8072905a26a25864fdd8fd904258fcb82eac40350e56126c5073e
BATCORDMIL18V12AH,BATCORDMIL18V12AH.jpg,Battery - Cordless - Milwaukee 18V 12AH,Tools & Equipment,Batteries & Chargers,FAMILY,Render GO 522,Coates_K2_Render_GO_522_Thumbnails_001.zip,800,800,JPEG,80407,f251a7ea4b22437c655912ecc06ec34baba975a193632496542fe463d0673e2b
BATCORDMIL18V5AH,BATCORDMIL18V5AH.jpg,Battery - Cordless - Milwaukee 18V 5AH,Tools & Equipment,Batteries & Chargers,FAMILY,Render GO 522,Coates_K2_Render_GO_522_Thumbnails_001.zip,800,800,JPEG,78490,f355f5eb8d90009a31e861982f12e75957fe6960fff9d6f5f9fe71de727c1176
BATCORDMIL18V6AH,BATCORDMIL18V6AH.jpg,Battery - Cordless - Milwaukee 18V 6AH,Tools & Equipment,Batteries & Chargers,FAMILY,Render GO 522,Coates_K2_Render_GO_522_Thumbnails_001.zip,800,800,JPEG,78490,f355f5eb8d90009a31e861982f12e75957fe6960fff9d6f5f9fe71de727c1176
BATCORDMIL18V8AH,BATCORDMIL18V8AH.jpg,Battery - Cordless - Milwaukee 18V 8AH,Tools & Equipment,Batteries & Chargers,FAMILY,Render GO 522,Coates_K2_Render_GO_522_Thumbnails_001.zip,800,800,JPEG,81436,26d3ec2c35e44b5f5ac702768c06f9d7e94499133c105d04cedf31d1ec2a867c
BATTPWERTOOL18V,BATTPWERTOOL18V.jpg,Battery - Power Tool 18V,Tools & Equipment,Batteries & Chargers,FAMILY,Render GO 522,Coates_K2_Render_GO_522_Thumbnails_001.zip,800,800,JPEG,76870,612c92f3f7759487f74f6aa819c4f6c865e7d322037d77e21f4c47074f873daf
BATTERYANGLEDRILL10MMBARE20NM,BATTERYANGLEDRILL10MMBARE20NM.jpg,Battery Angle Drill 10MM Bare 20NM,Coates Tooling,Batteries & Chargers,FAMILY,Render GO 522,Coates_K2_Render_GO_522_Thumbnails_001.zip,800,800,JPEG,78044,e69bf8a85025ae5f16e649980ab8fbe867cc8a4fe281dead7ca10060793fece5
MILWAUKEE10MMANGLEDRILL,MILWAUKEE10MMANGLEDRILL.jpg,Battery Angle Drill 10MM Bare 20NM,Coates Tooling,Batteries & Chargers,FAMILY,Render GO 522,Coates_K2_Render_GO_522_Thumbnails_002.zip,800,800,JPEG,78044,e69bf8a85025ae5f16e649980ab8fbe867cc8a4fe281dead7ca10060793fece5
BATCHGEMIL18VSING,BATCHGEMIL18VSING.jpg,Battery Charger - Milwaukee 18V Single,Tools & Equipment,Batteries & Chargers,FAMILY,Render GO 522,Coates_K2_Render_GO_522_Thumbnails_001.zip,800,800,JPEG,79336,8a5d7af4d42ae096f7d9494ef45eb5e41380a025feaba3c094af710cb07b1325
BATCHGEMILMXFUELSING,BATCHGEMILMXFUELSING.jpg,Battery Charger - Milwaukee MX Fuel Single,Tools & Equipment,Batteries & Chargers,FAMILY,Render GO 522,Coates_K2_Render_GO_522_Thumbnails_001.zip,800,800,JPEG,76367,d129f2b624939e3a11829548b1241789c5dfd147ab571e1854ac55750141678d
LIGHTSMITHINTSAFE,LIGHTSMITHINTSAFE.jpg,Battery Light 12V LED (Intrinsically Safe) - Greener Choice,Lighting,Batteries & Chargers,FAMILY,Render GO 522,Coates_K2_Render_GO_522_Thumbnails_002.zip,800,800,JPEG,81297,343e985b936e383514c2ee8662c749f1df777badf47afc671f4a80d24ee29ca9
BOSCH18V30AHBATTERY,BOSCH18V30AHBATTERY.jpg,Bosch 18v 3.0AH Battery,Coates Equipment,Batteries & Chargers,FAMILY,Render GO 522,Coates_K2_Render_GO_522_Thumbnails_001.zip,800,800,JPEG,80290,388a5cfe75ade5a853f8c15999a5863433792c8ad5b3d2481ab8af87cb3e76b5
BOSCH18V3AHBATTERY,BOSCH18V3AHBATTERY.jpg,Bosch 18v 3.0AH Battery,Coates Equipment,Batteries & Chargers,FAMILY,Render GO 522,Coates_K2_Render_GO_522_Thumbnails_001.zip,800,800,JPEG,80290,388a5cfe75ade5a853f8c15999a5863433792c8ad5b3d2481ab8af87cb3e76b5
BOSCH18V40AHBATTERY,BOSCH18V40AHBATTERY.jpg,Bosch 18v 4.0AH Battery,Coates Equipment,Batteries & Chargers,FAMILY,Render GO 522,Coates_K2_Render_GO_522_Thumbnails_001.zip,800,800,JPEG,80290,388a5cfe75ade5a853f8c15999a5863433792c8ad5b3d2481ab8af87cb3e76b5
BOSCH18V4AHBATTERY,BOSCH18V4AHBATTERY.jpg,Bosch 18v 4.0AH Battery,Coates Equipment,Batteries & Chargers,FAMILY,Render GO 522,Coates_K2_Render_GO_522_Thumbnails_001.zip,800,800,JPEG,80290,388a5cfe75ade5a853f8c15999a5863433792c8ad5b3d2481ab8af87cb3e76b5
DRILL13MMBAT,DRILL13MMBAT.jpg,Drill 13mm Battery,Tools & Equipment,Batteries & Chargers,FAMILY,Render GO 522,Coates_K2_Render_GO_522_Thumbnails_001.zip,800,800,JPEG,79928,eef2d086ff99f55a2108c0e58f08b63892f426bbcfcf7704dd86f5e8fca7ef9b
DRILLHAMMER13MMBAT,DRILLHAMMER13MMBAT.jpg,Drill Hammer 13mm  Battery,Tools & Equipment,Batteries & Chargers,FAMILY,Render GO 522,Coates_K2_Render_GO_522_Thumbnails_001.zip,800,800,JPEG,78367,2bd2676b315f21f49bf36e53fef651de1c343780ce32cf67d0c2b2534bacaedd
DRILLHAMMERSDSPLUSBAT,DRILLHAMMERSDSPLUSBAT.jpg,Drill Hammer SDS Plus Battery,Tools & Equipment,Batteries & Chargers,FAMILY,Render GO 522,Coates_K2_Render_GO_522_Thumbnails_001.zip,800,800,JPEG,79301,bc1624a217d3f877d04712d603fbb2b3709973fcbe1f3613c0f6ff871621a525
MAGNETICBASEDRILL38MMBAT,MAGNETICBASEDRILL38MMBAT.jpg,Drill Magnetic Base 38mm  Battery,Tools & Equipment,Batteries & Chargers,FAMILY,Render GO 522,Coates_K2_Render_GO_522_Thumbnails_002.zip,800,800,JPEG,80995,3aebb8621d5840c32b5af67b9e457c94dc2278e2fc88c30a7864b5e73828defa
EARTHLEAKAGEBOX,EARTHLEAKAGEBOX.jpg,Earth Leakage Power Pack Device - 10A,Tools & Equipment,Batteries & Chargers,FAMILY,Render GO 522,Coates_K2_Render_GO_522_Thumbnails_001.zip,800,800,JPEG,80269,f4a55942010c50cab1e296ea08696d36d2c9089d59b1a62959369111b3ccc160
EARTHLEAKAGEBOX15AMP,EARTHLEAKAGEBOX15AMP.jpg,Earth Leakage Power Pack Device - 15A,Tools & Equipment,Batteries & Chargers,FAMILY,Render GO 522,Coates_K2_Render_GO_522_Thumbnails_001.zip,800,800,JPEG,80269,f4a55942010c50cab1e296ea08696d36d2c9089d59b1a62959369111b3ccc160
FAN150MMBAT,FAN150MMBAT.jpg,Fan - 150mm  Battery - Greener Choice,Tools & Equipment,Batteries & Chargers,FAMILY,Render GO 522,Coates_K2_Render_GO_522_Thumbnails_001.zip,800,800,JPEG,81529,2ee5199f5ea3334bbbb574c7e8d8de4e543a4d35770b8cf72080bce1b8cb9b6d
GRINDERANGLEC125MMBAT,GRINDERANGLEC125MMBAT.jpg,Grinder Angle 125mm  Battery,Tools & Equipment,Batteries & Chargers,FAMILY,Render GO 522,Coates_K2_Render_GO_522_Thumbnails_002.zip,800,800,JPEG,77566,036ec0f1c93a540b70b7ded57f9a132ed8690a38ddb61389c7776a1e3c1a07e1
GRINDERDIE18V,GRINDERDIE18V.jpg,Grinder Die  Battery 18v,Tools & Equipment,Batteries & Chargers,FAMILY,Render GO 522,Coates_K2_Render_GO_522_Thumbnails_002.zip,800,800,JPEG,78667,aea2356e6e8f373362a1771cee235aafcb3bb1112ebeab1fe0cad1901364949f
IMPACTDRIVE6.35MMBAT,IMPACTDRIVE6.35MMBAT.jpg,Impact Driver 1/4in (6.35mm) Battery,Tools & Equipment,Batteries & Chargers,FAMILY,Render GO 522,Coates_K2_Render_GO_522_Thumbnails_002.zip,800,800,JPEG,76061,26550c4e28fd1d1fbb41873c4441ba87018f60919fed741e199545c233e13c9d
IMPACTWRENCH12.7MMBAT,IMPACTWRENCH12.7MMBAT.jpg,Impact Wrench 12.7mm  Battery,Tools & Equipment,Batteries & Chargers,FAMILY,Render GO 522,Coates_K2_Render_GO_522_Thumbnails_002.zip,800,800,JPEG,80583,201861878046e172a29a1f6270eabdf3fdf79af6f0ca4167e084da64882767d1
IMPACTWRENCH25MMBAT,IMPACTWRENCH25MMBAT.jpg,Impact Wrench 1in (25mm)  Battery,Tools & Equipment,Batteries & Chargers,FAMILY,Render GO 522,Coates_K2_Render_GO_522_Thumbnails_002.zip,800,800,JPEG,77167,d4b6cf0ae2f2b2f4f5b942e6ddf524907f5160f2a2f2995127745b5e97dc9ab3
JIGSAWBAT,JIGSAWBAT.jpg,Jig Saw  Battery,Tools & Equipment,Batteries & Chargers,FAMILY,Render GO 522,Coates_K2_Render_GO_522_Thumbnails_002.zip,800,800,JPEG,80041,a76421c5390a61f186599519d28fc9ea3a9aa663e9126736d0d54965f0078aba
LIGHTLED4400LMBAT,LIGHTLED4400LMBAT.jpg,Light LED 4400lm: Battery,Lighting,Batteries & Chargers,FAMILY,Render GO 522,Coates_K2_Render_GO_522_Thumbnails_002.zip,800,800,JPEG,78680,2fbc1ba90c57f6a516e00fa6acf471ca236f8cc9e9366cfbcbab06ca8dda79c3
LIGHTLED500LBAT,LIGHTLED500LBAT.jpg,Light LED 500lm Battery,Lighting,Batteries & Chargers,FAMILY,Render GO 522,Coates_K2_Render_GO_522_Thumbnails_002.zip,800,800,JPEG,78878,56ef1f645059be32fe892bfa15f38a56e4fa591336b9ad1823f9d5522fb732db
LIGHTMAGNETICLED1500LMBAT,LIGHTMAGNETICLED1500LMBAT.jpg,Light Magnetic LED 1500lm:  Battery,Lighting,Batteries & Chargers,FAMILY,Render GO 522,Coates_K2_Render_GO_522_Thumbnails_002.zip,800,800,JPEG,81172,5e77d26cedfc7306bebf165e29aaba8cfe1e67101b79182833ebd6679e957e24
LIGHTTELELED2500LMBAT,LIGHTTELELED2500LMBAT.jpg,Light Telescopic LED 2500lm (2.10m) Battery - Greener Choice,Lighting,Batteries & Chargers,FAMILY,Render GO 522,Coates_K2_Render_GO_522_Thumbnails_002.zip,800,800,JPEG,77608,45f562cedf1253cad800a4659d4990e63b782b905013332d582b3e0ddb941557
LIGHTTELELED3000LMBAT,LIGHTTELELED3000LMBAT.jpg,Light Telescopic LED 3000lm (2.10m): Battery - Greener Choice,Lighting,Batteries & Chargers,FAMILY,Render GO 522,Coates_K2_Render_GO_522_Thumbnails_002.zip,800,800,JPEG,77608,45f562cedf1253cad800a4659d4990e63b782b905013332d582b3e0ddb941557
LIGHTTELELED5400LM1.65BAT,LIGHTTELELED5400LM1.65BAT.jpg,Light Telescopic LED 5400lm (1.65m) Battery - Greener Choice,Lighting,Batteries & Chargers,FAMILY,Render GO 522,Coates_K2_Render_GO_522_Thumbnails_002.zip,800,800,JPEG,77608,45f562cedf1253cad800a4659d4990e63b782b905013332d582b3e0ddb941557
MILWAUKEEMXFXC406BATTERY,MILWAUKEEMXFXC406BATTERY.jpg,MX Battery MXF XC406,Customer Equipment,Batteries & Chargers,FAMILY,Render GO 522,Coates_K2_Render_GO_522_Thumbnails_002.zip,800,800,JPEG,79705,df3110db1c8e90312c19db66222500234d1e035722b2e57167a5233ed3b0a24c
MXBATTERYMXFXC406,MXBATTERYMXFXC406.jpg,MX Battery MXF XC406,Customer Equipment,Batteries & Chargers,FAMILY,Render GO 522,Coates_K2_Render_GO_522_Thumbnails_002.zip,800,800,JPEG,79705,df3110db1c8e90312c19db66222500234d1e035722b2e57167a5233ed3b0a24c
MILWAUKEE460MMBATTERYFAN,MILWAUKEE460MMBATTERYFAN.jpg,Milwaukee Battery Fan,Coates Equipment,Batteries & Chargers,FAMILY,Render GO 522,Coates_K2_Render_GO_522_Thumbnails_002.zip,800,800,JPEG,81894,292ebfabde1203bc7ed916e7dbab2da5932f6aacaf7041afb60928654e947106
MILWAUKEEBATTERYFAN,MILWAUKEEBATTERYFAN.jpg,Milwaukee Battery Fan,Coates Equipment,Batteries & Chargers,FAMILY,Render GO 522,Coates_K2_Render_GO_522_Thumbnails_002.zip,800,800,JPEG,81894,292ebfabde1203bc7ed916e7dbab2da5932f6aacaf7041afb60928654e947106
MOTOROLAMULTIBANKCHARGERCEM25,MOTOROLAMULTIBANKCHARGERCEM25.jpg,Motorola Multibank Charger CEM25,Coates Equipment,Batteries & Chargers,FAMILY,Render GO 522,Coates_K2_Render_GO_522_Thumbnails_002.zip,800,800,JPEG,80155,c89379e2247df18b087c97d29851aec7162d1affba3447def70b88921269727f
MOTOROLANNTN8129IMPRESBATTERY,MOTOROLANNTN8129IMPRESBATTERY.jpg,Motorola NNTN8129 IMPRES Battery,Coates Equipment,Batteries & Chargers,FAMILY,Render GO 522,Coates_K2_Render_GO_522_Thumbnails_002.zip,800,800,JPEG,78402,260c9393429a87396cf2102691c220d685bdc097a7536a7137006f7fd713012b
RADIOBATTERYMOTOROLANNTN8129IMPRES,RADIOBATTERYMOTOROLANNTN8129IMPRES.jpg,Motorola NNTN8129 IMPRES Battery,Coates Equipment,Batteries & Chargers,FAMILY,Render GO 522,Coates_K2_Render_GO_522_Thumbnails_002.zip,800,800,JPEG,78402,260c9393429a87396cf2102691c220d685bdc097a7536a7137006f7fd713012b
NIBBLER2MMBAT,NIBBLER2MMBAT.jpg,Nibbler 2mm Battery,Tools & Equipment,Batteries & Chargers,FAMILY,Render GO 522,Coates_K2_Render_GO_522_Thumbnails_002.zip,800,800,JPEG,77946,952d1ef4dd0df13b912f5129313c69657d7708d2de0c76e71979100ee87143d9
POPRIVETERBAT,POPRIVETERBAT.jpg,Pop Riveter - Battery - Greener Choice,Tools & Equipment,Batteries & Chargers,FAMILY,Render GO 522,Coates_K2_Render_GO_522_Thumbnails_002.zip,800,800,JPEG,78747,002ea4a45419531267fb49b33b564f4ee87baba902227c7c405aa259fb9af609
POWERSUPPLY3.6KWBAT,POWERSUPPLY3.6KWBAT.jpg,Power Supply 3.6kW Battery,Tools & Equipment,Batteries & Chargers,FAMILY,Render GO 522,Coates_K2_Render_GO_522_Thumbnails_002.zip,800,800,JPEG,78878,51cf898774263bb7632536c67fc329534f8b29144fc0ff4a29c3cfcb59f604d2
SAWCIRC165MMBAT,SAWCIRC165MMBAT.jpg,Saw Circular 165mm  Battery,Tools & Equipment,Batteries & Chargers,FAMILY,Render GO 522,Coates_K2_Render_GO_522_Thumbnails_002.zip,800,800,JPEG,78770,f02d112b0d16e89c0f385b3d6f8b4c846a8f242fecf9106e0d8d5ae3631c5298
SAWCIRC184MMBAT,SAWCIRC184MMBAT.jpg,Saw Circular 184mm Battery,Tools & Equipment,Batteries & Chargers,FAMILY,Render GO 522,Coates_K2_Render_GO_522_Thumbnails_002.zip,800,800,JPEG,78770,f02d112b0d16e89c0f385b3d6f8b4c846a8f242fecf9106e0d8d5ae3631c5298
CEME9016-584189,CEME9016-584189.jpg,ABRASIVE - METALCUT ROCOL RTD 500G - K2/26,Consumables,Everything,FAMILY,Render GO 522,Coates_K2_Render_GO_522_Thumbnails_001.zip,800,800,JPEG,78518,1b17f1205e30fb1b5ffe32ce3d1113137a541518cf2416ad26f30088f3c749a7
CEME9016-590671,CEME9016-590671.jpg,ABSORBENT PAD - OIL 300G 403 X 48CM - K2/26,Consumables,Everything,FAMILY,Render GO 522,Coates_K2_Render_GO_522_Thumbnails_001.zip,800,800,JPEG,77666,8e3a416c28088ce4aeb4b2f8ce0c91d197da2d95a373bece526ea3408af265a0
CEME9016-590672,CEME9016-590672.jpg,ADHESIVE - HIGH STRENGTH 3M 90 AEROSOL CAN 471G - K2/26,Consumables,Everything,FAMILY,Render GO 522,Coates_K2_Render_GO_522_Thumbnails_001.zip,800,800,JPEG,79743,61923eafd469d7cef7d894ae5c4766e31ea40cfa9f099c5723c25646af411034
CEME9016-590673,CEME9016-590673.jpg,ANTI-SEIZE - COPPER 1090 DEG C 500G CAN - K2/26,Consumables,Everything,FAMILY,Render GO 522,Coates_K2_Render_GO_522_Thumbnails_001.zip,800,800,JPEG,77875,547690b16e14f7ad5503201765253595a8901e33304a46eda7809c8c00e88dbe
AIRLINEYPIECE,AIRLINEYPIECE.jpg,Airline Y Piece,Industrial Tools & Equipment,Everything,FAMILY,Render GO 522,Coates_K2_Render_GO_522_Thumbnails_001.zip,800,800,JPEG,80784,5deb2497c079abf3065ec314592992144142e418d7f62da9ee3e13f9fa03ad75
BASEMAGNETICSOLIDARM75KGPOWERMITUTOYO,BASEMAGNETICSOLIDARM75KGPOWERMITUTOYO.jpg,BASE MAGNETIC SOLID ARM 75 KG POWER MITUTOYO,Coates Equipment,Everything,FAMILY,Render GO 522,Coates_K2_Render_GO_522_Thumbnails_001.zip,800,800,JPEG,76226,6bcdbadc6e2c55333ef356045d4cb9275977d3adf3aadea74ee07abb4397adfb
CEME9016-590676,CEME9016-590676.jpg,BOTTLE - SPRAY APPLICATOR 500ML - K2/26,Consumables,Everything,FAMILY,Render GO 522,Coates_K2_Render_GO_522_Thumbnails_001.zip,800,800,JPEG,71111,45e2b9e9d4fc6c70229ac98d9702139cb678cf2a2e2aa2a9fa8ff68aca1df4d0
CEME9016-590677,CEME9016-590677.jpg,BROOM - HEAVY DUTY HAIR/FIBRE 600MM (NO HANDLE) - K2/26,Consumables,Everything,FAMILY,Render GO 522,Coates_K2_Render_GO_522_Thumbnails_001.zip,800,800,JPEG,76714,c24bf748a4fbc830684c585c681e9d0d2f3b69886985d505b8c4f06a6915b199
CEME9016-590678,CEME9016-590678.jpg,BROOM - HEAVY DUTY HAIR/FIBRE 600MM (NO HANDLE) - K2/26,Consumables,Everything,FAMILY,Render GO 522,Coates_K2_Render_GO_522_Thumbnails_001.zip,800,800,JPEG,76714,c24bf748a4fbc830684c585c681e9d0d2f3b69886985d505b8c4f06a6915b199
CEME9016-590679,CEME9016-590679.jpg,BUCKET - PLASTIC 9L BLACK WITH HANDLE - K2/26,Consumables,Everything,FAMILY,Render GO 522,Coates_K2_Render_GO_522_Thumbnails_001.zip,800,800,JPEG,77915,bf92528f4d9f4d889f9cf6829d4f2f970e258814cde8c015f9be894df862c6c1
CEME9016-590680,CEME9016-590680.jpg,BUCKET - UTILITY PLASTIC 10L WHITE (WITH LID) - K2/26,Consumables,Everything,FAMILY,Render GO 522,Coates_K2_Render_GO_522_Thumbnails_001.zip,800,800,JPEG,80686,ceb7d226268e92f6c9e3bfa4fb5b8873b96bdfef85997c9935bbbfba062110e7
CEME9016-590681,CEME9016-590681.jpg,BUCKET - UTILITY PLASTIC 20L WHITE (WITH LID) - K2/26,Consumables,Everything,FAMILY,Render GO 522,Coates_K2_Render_GO_522_Thumbnails_001.zip,800,800,JPEG,74956,575aeb632d2bab49c57ba1c5fe42328242dcd32d43c0d1eba2ae2ca2e272077f
BROOM,BROOM.jpg,Broom,Other - broom,Everything,FAMILY,Approved 649,Coates_K2_Road2_Retraction_Resolved_649_Thumbnails_001.zip,800,800,JPEG,76279,e8570d982856b020b3da56f7059d408dd3ed01b7c75581f3f8bc4414d9890442
BULLBAGGRIPPS113KG,BULLBAGGRIPPS113KG.jpg,Bull Bag - Gripps - 113kg,Industrial Tools & Equipment,Everything,FAMILY,Render GO 522,Coates_K2_Render_GO_522_Thumbnails_001.zip,800,800,JPEG,80291,e290673d7097c3c8a243b3cd9fd72f95d38223da6576c4b0a91e8c945e8ad8be
CEME9016-590682,CEME9016-590682.jpg,CABLE TIE - NYLON UV BLACK 152 X 3.5MM PK100 - K2/26,Consumables,Everything,FAMILY,Render GO 522,Coates_K2_Render_GO_522_Thumbnails_001.zip,800,800,JPEG,79753,cb693698a14a1772c16ad72de4b0b65e74f81012b9bf5e30780db6e15c3b68c6
CEME9016-590683,CEME9016-590683.jpg,CLEANER - ELECTRICAL CONTACT CRC CO 2016 350G - K2/26,Consumables,Everything,FAMILY,Render GO 522,Coates_K2_Render_GO_522_Thumbnails_001.zip,800,800,JPEG,79743,61923eafd469d7cef7d894ae5c4766e31ea40cfa9f099c5723c25646af411034
CEME9016-590684,CEME9016-590684.jpg,CLEANER - LENS UVEX 1009 SPRAY PACK 500ML - K2/26,Consumables,Everything,FAMILY,Render GO 522,Coates_K2_Render_GO_522_Thumbnails_001.zip,800,800,JPEG,71111,45e2b9e9d4fc6c70229ac98d9702139cb678cf2a2e2aa2a9fa8ff68aca1df4d0
CEME9016-590685,CEME9016-590685.jpg,CLOTH - CLEAN ABSORBENT 490MM X 70M - K2/26,Consumables,Everything,FAMILY,Render GO 522,Coates_K2_Render_GO_522_Thumbnails_001.zip,800,800,JPEG,81246,d9ddbf9a593fcd7e5f6cc4880d282e6a34ac9b3f568c1ae366b430809eeb401a
CEME9016-590686,CEME9016-590686.jpg,CLOTH - CLEAN ROAR 245MM X 70M - K2/26,Consumables,Everything,FAMILY,Render GO 522,Coates_K2_Render_GO_522_Thumbnails_001.zip,800,800,JPEG,81246,d9ddbf9a593fcd7e5f6cc4880d282e6a34ac9b3f568c1ae366b430809eeb401a
CABLEHOOKPMAG,CABLEHOOKPMAG.jpg,Cable Hook - Plastic - Magnetic,Tools & Equipment,Everything,FAMILY,Render GO 522,Coates_K2_Render_GO_522_Thumbnails_001.zip,800,800,JPEG,81675,fee4be7d9fa65308f94ca89c857c034bc8b11cf60b6add3acc388d3b7f846107
CONCRETESCARIFIER8E,CONCRETESCARIFIER8E.jpg,"Concrete Floor Scarifier -  8"" Electric",Concrete & Masonry,Everything,FAMILY,Render GO 522,Coates_K2_Render_GO_522_Thumbnails_001.zip,800,800,JPEG,79983,1102f78d2e834240692647c227078308f84d7860961135c6adea737bc65d6155
CRANEBRICKCAGE1240MM,CRANEBRICKCAGE1240MM.jpg,Crane Brick/Block Cage 1240mm - 1290mm,Materials Handling,Everything,FAMILY,Render GO 522,Coates_K2_Render_GO_522_Thumbnails_001.zip,800,800,JPEG,81350,a61bfe29adc4c100a6969dee7605238ffd4dc3cec5eff42e36e1150ce4e2c73a
CROWBARLGE,CROWBARLGE.jpg,Crow Bar - Large,Crow/pinch bar,Everything,FAMILY,Approved 649,Coates_K2_Road2_Retraction_Resolved_649_Thumbnails_001.zip,800,800,JPEG,76466,2d5110b5cd2e3ea978f911336dfdec0ba5fed580a41e4771a60e2d0443f0ca51
CROWBARSM,CROWBARSM.jpg,Crow Bar - Small,Crow/pinch bar,Everything,FAMILY,Approved 649,Coates_K2_Road2_Retraction_Resolved_649_Thumbnails_001.zip,800,800,JPEG,76466,2d5110b5cd2e3ea978f911336dfdec0ba5fed580a41e4771a60e2d0443f0ca51
CUMALONG0.5T,CUMALONG0.5T.jpg,Cumalong - 0.5t,"Lift, Shift & Propping",Everything,FAMILY,Render GO 522,Coates_K2_Render_GO_522_Thumbnails_001.zip,800,800,JPEG,76774,9cc155eb656c83ccbdbbeaf43fb97a7c2aa2fe8d5379dcb4102c6c3c4d4bb242
CUMALONG0.75T,CUMALONG0.75T.jpg,Cumalong - 0.75t,"Lift, Shift & Propping",Everything,FAMILY,Render GO 522,Coates_K2_Render_GO_522_Thumbnails_001.zip,800,800,JPEG,76774,9cc155eb656c83ccbdbbeaf43fb97a7c2aa2fe8d5379dcb4102c6c3c4d4bb242
CUMALONG0.80TX1.5M,CUMALONG0.80TX1.5M.jpg,Cumalong - 0.80T x 1.5M,"Lift, Shift & Propping",Everything,FAMILY,Render GO 522,Coates_K2_Render_GO_522_Thumbnails_001.zip,800,800,JPEG,76774,9cc155eb656c83ccbdbbeaf43fb97a7c2aa2fe8d5379dcb4102c6c3c4d4bb242
CUMALONG1.5T,CUMALONG1.5T.jpg,Cumalong - 1.5t,"Lift, Shift & Propping",Everything,FAMILY,Render GO 522,Coates_K2_Render_GO_522_Thumbnails_001.zip,800,800,JPEG,76774,9cc155eb656c83ccbdbbeaf43fb97a7c2aa2fe8d5379dcb4102c6c3c4d4bb242
CUMALONG1.6TX1.5M,CUMALONG1.6TX1.5M.jpg,Cumalong - 1.6T x 1.5M,"Lift, Shift & Propping",Everything,FAMILY,Render GO 522,Coates_K2_Render_GO_522_Thumbnails_001.zip,800,800,JPEG,76774,9cc155eb656c83ccbdbbeaf43fb97a7c2aa2fe8d5379dcb4102c6c3c4d4bb242
CUMALONG3T,CUMALONG3T.jpg,Cumalong - 3.0t,"Lift, Shift & Propping",Everything,FAMILY,Render GO 522,Coates_K2_Render_GO_522_Thumbnails_001.zip,800,800,JPEG,76774,9cc155eb656c83ccbdbbeaf43fb97a7c2aa2fe8d5379dcb4102c6c3c4d4bb242
CUMALONG3.2TX1.5M,CUMALONG3.2TX1.5M.jpg,Cumalong - 3.2t x 1.5M,"Lift, Shift & Propping",Everything,FAMILY,Render GO 522,Coates_K2_Render_GO_522_Thumbnails_001.zip,800,800,JPEG,76774,9cc155eb656c83ccbdbbeaf43fb97a7c2aa2fe8d5379dcb4102c6c3c4d4bb242
CUMALONG3TX1.5M,CUMALONG3TX1.5M.jpg,Cumalong - 3t x 1.5M,"Lift, Shift & Propping",Everything,FAMILY,Render GO 522,Coates_K2_Render_GO_522_Thumbnails_001.zip,800,800,JPEG,76774,9cc155eb656c83ccbdbbeaf43fb97a7c2aa2fe8d5379dcb4102c6c3c4d4bb242
CUMALONG6T,CUMALONG6T.jpg,Cumalong - 6.0t,"Lift, Shift & Propping",Everything,FAMILY,Render GO 522,Coates_K2_Render_GO_522_Thumbnails_001.zip,800,800,JPEG,76774,9cc155eb656c83ccbdbbeaf43fb97a7c2aa2fe8d5379dcb4102c6c3c4d4bb242
CUMALONG6.3T,CUMALONG6.3T.jpg,Cumalong 6.3t (1.5m),"Lift, Shift & Propping",Everything,FAMILY,Render GO 522,Coates_K2_Render_GO_522_Thumbnails_001.zip,800,800,JPEG,76774,9cc155eb656c83ccbdbbeaf43fb97a7c2aa2fe8d5379dcb4102c6c3c4d4bb242
CEME9016-590689,CEME9016-590689.jpg,DIPHOTERINE - FACE/HAND SPRAY 100ML - K2/26,Consumables,Everything,FAMILY,Render GO 522,Coates_K2_Render_GO_522_Thumbnails_001.zip,800,800,JPEG,64638,e29055a0f02c8bda5c81b99e03196734b7d179a5e29f4c2df017b01185e6afb1
CEME9016-590690,CEME9016-590690.jpg,DUSTPAN - METAL D-HANDLE - K2/26,Consumables,Everything,FAMILY,Render GO 522,Coates_K2_Render_GO_522_Thumbnails_001.zip,800,800,JPEG,80938,c13d54d6ca9507d974c5d9d72624281805b88ead4b4b5843c29da0a493d3c054
DIENUTSETUNC,DIENUTSETUNC.jpg,Die Nut Set - Unc,Industrial Tools & Equipment,Everything,FAMILY,Render GO 522,Coates_K2_Render_GO_522_Thumbnails_001.zip,800,800,JPEG,80960,78509578f0b4d17d8c41b6afd56ea42a797902c89cbd5c2319b092ef05c4eb1b
DIVIDER100MM,DIVIDER100MM.jpg,Divider - 100mm,Divider | Metric,Everything,FAMILY,Approved 649,Coates_K2_Road2_Retraction_Resolved_649_Thumbnails_001.zip,800,800,JPEG,75043,7fc77b29cd1fdedd4c9e383b4a503a1dd8e6750cb8680319029ba77ca965db36
DIVIDER150MM,DIVIDER150MM.jpg,Divider - 150mm,Divider | Metric,Everything,FAMILY,Approved 649,Coates_K2_Road2_Retraction_Resolved_649_Thumbnails_001.zip,800,800,JPEG,75043,7fc77b29cd1fdedd4c9e383b4a503a1dd8e6750cb8680319029ba77ca965db36
DRIFTBOILMAKE16/153MM,DRIFTBOILMAKE16_153MM.jpg,Drift Pin - Barrel - 16mm,Drift pin | Metric,Everything,FAMILY,Approved 649,Coates_K2_Road2_Retraction_Resolved_649_Thumbnails_001.zip,800,800,JPEG,79793,1d7c226149f8ce46e91e925513ff0edbd067aa435efc449c8bc011edd47b054c
DRIFTPINBARREL19MM,DRIFTPINBARREL19MM.jpg,Drift Pin - Barrel - 19mm,Drift pin | Metric,Everything,FAMILY,Approved 649,Coates_K2_Road2_Retraction_Resolved_649_Thumbnails_001.zip,800,800,JPEG,79793,1d7c226149f8ce46e91e925513ff0edbd067aa435efc449c8bc011edd47b054c
DRIFTPINBARREL1,DRIFTPINBARREL1.jpg,Drift Pin - Barrel - 1in,Drift pin | Imperial,Everything,FAMILY,Approved 649,Coates_K2_Road2_Retraction_Resolved_649_Thumbnails_001.zip,800,800,JPEG,79793,1d7c226149f8ce46e91e925513ff0edbd067aa435efc449c8bc011edd47b054c
DRIFTPINBARREL22MM,DRIFTPINBARREL22MM.jpg,Drift Pin - Barrel - 22mm,Drift pin | Metric,Everything,FAMILY,Approved 649,Coates_K2_Road2_Retraction_Resolved_649_Thumbnails_001.zip,800,800,JPEG,79793,1d7c226149f8ce46e91e925513ff0edbd067aa435efc449c8bc011edd47b054c
DRIFTPINBARREL33MM,DRIFTPINBARREL33MM.jpg,Drift Pin - Barrel - 33mm,Drift pin | Metric,Everything,FAMILY,Approved 649,Coates_K2_Road2_Retraction_Resolved_649_Thumbnails_001.zip,800,800,JPEG,79793,1d7c226149f8ce46e91e925513ff0edbd067aa435efc449c8bc011edd47b054c
REINFORCEDDUCTING300MM,REINFORCEDDUCTING300MM.jpg,Ducting - 300mm Reinforced (Per Metre),Tools & Equipment,Everything,FAMILY,Render GO 522,Coates_K2_Render_GO_522_Thumbnails_002.zip,800,800,JPEG,80910,7f028213cde6179c94bf7a6a5d982740afa13e5253bb2934dedb52dff75adc0a
FILESET6PC150MMPRECISIONINCASEHANDLE,FILESET6PC150MMPRECISIONINCASEHANDLE.jpg,FILE SET 6PC 150MM PRECISION IN CASE HANDLE,Coates Equipment,Everything,FAMILY,Render GO 522,Coates_K2_Render_GO_522_Thumbnails_001.zip,800,800,JPEG,78533,7339b15e5741b85305fca346e248a445ac4d594bce504e6f311ddfee81363f8d
CEME9016-590691,CEME9016-590691.jpg,FLAP DISC WHEEL - 127MM 60 GRIT - K2/26,Consumables,Everything,FAMILY,Render GO 522,Coates_K2_Render_GO_522_Thumbnails_001.zip,800,800,JPEG,81280,32f0f0f8b5eefdbfe9a37c45d441b4d43795fa0907be41bc818d436ed4a301d4
FINGERSAVERLGE,FINGERSAVERLGE.jpg,Finger Saver - Large,Industrial Tools & Equipment,Everything,FAMILY,Render GO 522,Coates_K2_Render_GO_522_Thumbnails_001.zip,800,800,JPEG,77080,461468f99bc42cc649e5af9262d07b24a0c64362b0796d3d14a5cde6e74dad22
FLATFILE2SECONDCUTMEDIUM,FLATFILE2SECONDCUTMEDIUM.jpg,Flat File – #2 = Second Cut (medium),File | Flat,Everything,FAMILY,Approved 649,Coates_K2_Road2_Retraction_Resolved_649_Thumbnails_001.zip,800,800,JPEG,77507,e293b118178824111e6f01f1abc4b8cfb9ccc14ae73d0023653bb3503e8da61e
FORKLIFTREACHWB1.5TELEC,FORKLIFTREACHWB1.5TELEC.jpg,Forklift - Reach - Walk Behind 1.5t Electric - Greener Choice,Materials Handling,Everything,FAMILY,Render GO 522,Coates_K2_Render_GO_522_Thumbnails_001.zip,800,800,JPEG,76918,a34be3bc9f4c38f79c337d4e7b6c7e096b4e70f05d01b4bee0209a0e9dfdad0c
FORKLIFT2.5TWROTD,FORKLIFT2.5TWROTD.jpg,Forklift - With Rotator 2.5t Diesel,Materials Handling,Everything,FAMILY,Render GO 522,Coates_K2_Render_GO_522_Thumbnails_001.zip,800,800,JPEG,80557,ff69bd3915c29ab09a8bbc85259a059df4d2b2d947ebb4e47814668aadb0a815
FORKLIFT2.5TDIESELCONT,FORKLIFT2.5TDIESELCONT.jpg,Forklift 2.5t Container Diesel,Materials Handling,Everything,FAMILY,Render GO 522,Coates_K2_Render_GO_522_Thumbnails_001.zip,800,800,JPEG,78254,a43b82616c41c4ebe28d6ab5e767b45e3b0ade50cd16e5169e9dc4ccf3e2decf
FORKLIFT2.5TDIESEL,FORKLIFT2.5TDIESEL.jpg,Forklift 2t - 2.6t Diesel,Materials Handling,Everything,FAMILY,Render GO 522,Coates_K2_Render_GO_522_Thumbnails_001.zip,800,800,JPEG,81806,680d81d98a3abbf9a6b691be700bbd7bfd21636ac5f4ce1e6eaf342b68555f6a
FORKLIFT50TDIESELFK505,FORKLIFT50TDIESELFK505.jpg,Forklift 5.0t Diesel (FK505),Coates Equipment,Everything,FAMILY,Render GO 522,Coates_K2_Render_GO_522_Thumbnails_001.zip,800,800,JPEG,81806,680d81d98a3abbf9a6b691be700bbd7bfd21636ac5f4ce1e6eaf342b68555f6a
FORKLIFT3.5TDIESELCONT,FORKLIFT3.5TDIESELCONT.jpg,Forklift Container Mast 3.5t Diesel,Materials Handling,Everything,FAMILY,Render GO 522,Coates_K2_Render_GO_522_Thumbnails_001.zip,800,800,JPEG,78254,a43b82616c41c4ebe28d6ab5e767b45e3b0ade50cd16e5169e9dc4ccf3e2decf
FORKLIFTRT2.5T4WD,FORKLIFTRT2.5T4WD.jpg,Forklift Rough Terrain 2.5t 4WD Diesel,Materials Handling,Everything,FAMILY,Render GO 522,Coates_K2_Render_GO_522_Thumbnails_001.zip,800,800,JPEG,79823,467e04df15b7d524c1439c198c42fc812364ef45f03fdfd04f02bd20482d7738
FUELTRAILER1000LDBUNDED,FUELTRAILER1000LDBUNDED.jpg,Fuel Trailer 1000L Double Bunded,"Trucks, Vehicles & Trailers",Everything,FAMILY,Render GO 522,Coates_K2_Render_GO_522_Thumbnails_001.zip,800,800,JPEG,79578,3ee285300ee988d85c4b832fdf8bceba2ce36c0d56a11024a758478af345e940
CEME9016-590692,CEME9016-590692.jpg,GASKET FORMING COMPOUND - MASTER 51531 - K2/26,Consumables,Everything,FAMILY,Render GO 522,Coates_K2_Render_GO_522_Thumbnails_001.zip,800,800,JPEG,77272,48e8c7b705b598bee5766bc5659c9593bd5d7b68c081d0c37c05e6795cff716d
GRIDMESHHOOK550KG,GRIDMESHHOOK550KG.jpg,GRID MESH  HOOK 550KG,Coates Tooling,Everything,FAMILY,Render GO 522,Coates_K2_Render_GO_522_Thumbnails_002.zip,800,800,JPEG,79483,052c3606d4c445a6bdc1b00aefc8beff6f2eb5643581c6bfb2e0ffde9f6bef87
GIRDERTROLLEY1T,GIRDERTROLLEY1T.jpg,Girder Trolley - 1t,"Lift, Shift & Propping",Everything,FAMILY,Render GO 522,Coates_K2_Render_GO_522_Thumbnails_002.zip,800,800,JPEG,79671,e4161965daafff36f20f23d24d307b53afb821e08df0ed056cf3b9cf22a3e180
GIRDERTROLLEY2T,GIRDERTROLLEY2T.jpg,Girder Trolley - 1t,"Lift, Shift & Propping",Everything,FAMILY,Render GO 522,Coates_K2_Render_GO_522_Thumbnails_002.zip,800,800,JPEG,79671,e4161965daafff36f20f23d24d307b53afb821e08df0ed056cf3b9cf22a3e180
GIRDERTROLLEY3T,GIRDERTROLLEY3T.jpg,Girder Trolley - 3t,"Lift, Shift & Propping",Everything,FAMILY,Render GO 522,Coates_K2_Render_GO_522_Thumbnails_002.zip,800,800,JPEG,79671,e4161965daafff36f20f23d24d307b53afb821e08df0ed056cf3b9cf22a3e180
KIBBLEGROUT1M3,KIBBLEGROUT1M3.jpg,Grout Kibble 1m3,Materials Handling,Everything,FAMILY,Render GO 522,Coates_K2_Render_GO_522_Thumbnails_002.zip,800,800,JPEG,80929,3035cea040b47d4e1e165844551966c0546ab0316afca179bbe0b2af8b79e7cc
HOOKPICKSET4PCMINIATURETTI,HOOKPICKSET4PCMINIATURETTI.jpg,HOOK & PICK SET 4PC MINIATURE TTI,Other - hook pick,Everything,FAMILY,Approved 649,Coates_K2_Road2_Retraction_Resolved_649_Thumbnails_001.zip,800,800,JPEG,80417,c84b94cfe58f0f8fc7f0ecb9b365e03559455945fa52c4a3dac41a5073ee6c5c
HALFROUNDFILE1BASTARDCUTCOARSE,HALFROUNDFILE1BASTARDCUTCOARSE.jpg,Half Round File – #1 = Bastard Cut (coarse),File | Half round,Everything,FAMILY,Approved 649,Coates_K2_Road2_Retraction_Resolved_649_Thumbnails_001.zip,800,800,JPEG,78538,571441b9c415ef7aa0e17fa4f903703a28233fd75f71479b568ac3fe0acd2140
POPRIVETGUNHANDHELD,POPRIVETGUNHANDHELD.jpg,Hand Held Rivetgun,Other - hand held,Everything,FAMILY,Approved 649,Coates_K2_Road2_Retraction_Resolved_649_Thumbnails_001.zip,800,800,JPEG,80808,883ba3dd410262a963dad542af9feba4440c010633d212278e042e76c3b70220
CEME9016-590867,CEME9016-590867.jpg,Hi Vis Breathable Rain Jacket Medium,Consumables,Everything,FAMILY,Render GO 522,Coates_K2_Render_GO_522_Thumbnails_001.zip,800,800,JPEG,77619,bdc39d477ae85b5de41221ee9986752ead13b93c733d3fc4730294f6829801c6
CEME9016-590868,CEME9016-590868.jpg,Hi Vis Breathable Rain Jacket Small,Consumables,Everything,FAMILY,Render GO 522,Coates_K2_Render_GO_522_Thumbnails_001.zip,800,800,JPEG,77619,bdc39d477ae85b5de41221ee9986752ead13b93c733d3fc4730294f6829801c6
CEME9016-590869,CEME9016-590869.jpg,Hi Vis Breathable Rain Jacket X Large,Consumables,Everything,FAMILY,Render GO 522,Coates_K2_Render_GO_522_Thumbnails_001.zip,800,800,JPEG,77619,bdc39d477ae85b5de41221ee9986752ead13b93c733d3fc4730294f6829801c6
CEME9016-590870,CEME9016-590870.jpg,Hi Vis Breathable Rain Jacket XX Large,Consumables,Everything,FAMILY,Render GO 522,Coates_K2_Render_GO_522_Thumbnails_001.zip,800,800,JPEG,77619,bdc39d477ae85b5de41221ee9986752ead13b93c733d3fc4730294f6829801c6
CEME9016-590694,CEME9016-590694.jpg,ICE BLOCK - ELECTROLYTE MIXED PK15 - K2/26,Consumables,Everything,FAMILY,Render GO 522,Coates_K2_Render_GO_522_Thumbnails_001.zip,800,800,JPEG,80609,707bac688706b627e2f2ccecd11673615e0d101962ece04a6d0f6807ad250323
KNUCKLE130D,KNUCKLE130D.jpg,Knuckle Boom 130ft (39.5M) - Diesel,Access,Everything,FAMILY,Render GO 522,Coates_K2_Render_GO_522_Thumbnails_002.zip,800,800,JPEG,81050,fcd6d4fb1f9bd66e330faae3510bd8b4c99ea181b3399266d1502e8265ee8272
KNUCKLE61D,KNUCKLE61D.jpg,Knuckle Boom 61ft (18.6M) - Diesel,Access,Everything,FAMILY,Render GO 522,Coates_K2_Render_GO_522_Thumbnails_002.zip,800,800,JPEG,81050,fcd6d4fb1f9bd66e330faae3510bd8b4c99ea181b3399266d1502e8265ee8272
VALVEV66,VALVEV66.jpg,Load Holding Valve – V66,"Lift, Shift & Propping",Everything,FAMILY,Render GO 522,Coates_K2_Render_GO_522_Thumbnails_003.zip,800,800,JPEG,78503,7fcf1096bdc922358e392092b45a0a26cffd80040ac0591e245f0eff73a4aa89
MIRRORINSPECTION,MIRRORINSPECTION.jpg,Mirror - Inspection,Other - mirror inspection,Everything,FAMILY,Approved 649,Coates_K2_Road2_Retraction_Resolved_649_Thumbnails_001.zip,800,800,JPEG,80459,a5344724f1a2d103de82f4af405c31e3504a98029570c962b96d2e497482e41d
TROLLEYHAND,TROLLEYHAND.jpg,Multi Purpose Trolley,"Lift, Shift & Propping",Everything,FAMILY,Render GO 522,Coates_K2_Render_GO_522_Thumbnails_002.zip,800,800,JPEG,81613,774940de07a9e10c55021e449158f73e5bcbb59a2fe33da9d03cebd34676fd9d
CEME9016-590695,CEME9016-590695.jpg,OIL - PENETRATING CRC 5-56 400G - K2/26,Consumables,Everything,FAMILY,Render GO 522,Coates_K2_Render_GO_522_Thumbnails_001.zip,800,800,JPEG,79743,61923eafd469d7cef7d894ae5c4766e31ea40cfa9f099c5723c25646af411034
CEME9016-590696,CEME9016-590696.jpg,OIL - PENETRATING PENETRENE 500ML - K2/26,Consumables,Everything,FAMILY,Render GO 522,Coates_K2_Render_GO_522_Thumbnails_001.zip,800,800,JPEG,79743,61923eafd469d7cef7d894ae5c4766e31ea40cfa9f099c5723c25646af411034
CEME9016-590874,CEME9016-590874.jpg,OVERALL - TYVEK CHEMICAL RESISTANT HOODED 3X Large,Consumables,Everything,FAMILY,Render GO 522,Coates_K2_Render_GO_522_Thumbnails_001.zip,800,800,JPEG,78172,8834369c5d9b86ff711a854fd2c101fa625f60dac041eb5ac942f73a02a53c0b
CEME9016-590882,CEME9016-590882.jpg,OVERALL - TYVEK CHEMICAL RESISTANT HOODED Large,Consumables,Everything,FAMILY,Render GO 522,Coates_K2_Render_GO_522_Thumbnails_001.zip,800,800,JPEG,78172,8834369c5d9b86ff711a854fd2c101fa625f60dac041eb5ac942f73a02a53c0b
CEME9016-590697,CEME9016-590697.jpg,OVERALL - TYVEK CHEMICAL RESISTANT HOODED XL - K2/26,Consumables,Everything,FAMILY,Render GO 522,Coates_K2_Render_GO_522_Thumbnails_001.zip,800,800,JPEG,78172,8834369c5d9b86ff711a854fd2c101fa625f60dac041eb5ac942f73a02a53c0b
CEME9016-590698,CEME9016-590698.jpg,OVERALL - TYVEK CHEMICAL RESISTANT HOODED XXL - K2/26,Consumables,Everything,FAMILY,Render GO 522,Coates_K2_Render_GO_522_Thumbnails_001.zip,800,800,JPEG,78172,8834369c5d9b86ff711a854fd2c101fa625f60dac041eb5ac942f73a02a53c0b
CEME9016-590699,CEME9016-590699.jpg,PADLOCK - LOCKOUT MASTER 410 (RED) - K2/26,Consumables,Everything,FAMILY,Render GO 522,Coates_K2_Render_GO_522_Thumbnails_001.zip,800,800,JPEG,76306,929df1e9107d719ec5f12585e8b018c3bcac0420b33928c7a99727943d8ac66d
CEME9016-590700,CEME9016-590700.jpg,PADLOCK - LOCKOUT MASTER 410 (RED) - K2/26,Consumables,Everything,FAMILY,Render GO 522,Coates_K2_Render_GO_522_Thumbnails_001.zip,800,800,JPEG,76306,929df1e9107d719ec5f12585e8b018c3bcac0420b33928c7a99727943d8ac66d
CEME9016-590701,CEME9016-590701.jpg,PAINT - ZINC COLD GALVANISE SPRAY 400G - K2/26,Consumables,Everything,FAMILY,Render GO 522,Coates_K2_Render_GO_522_Thumbnails_001.zip,800,800,JPEG,79743,61923eafd469d7cef7d894ae5c4766e31ea40cfa9f099c5723c25646af411034
CEME9016-590702,CEME9016-590702.jpg,PAINT BRUSH - BUDGET 50MM - K2/26,Consumables,Everything,FAMILY,Render GO 522,Coates_K2_Render_GO_522_Thumbnails_001.zip,800,800,JPEG,78845,d70046b366625f1c84197c74c3c5df65e82edc35a7d2cf8d477e152b572da464
CEME9016-590703,CEME9016-590703.jpg,PAINT BRUSH - BUDGET 75MM - K2/26,Consumables,Everything,FAMILY,Render GO 522,Coates_K2_Render_GO_522_Thumbnails_001.zip,800,800,JPEG,78845,d70046b366625f1c84197c74c3c5df65e82edc35a7d2cf8d477e152b572da464
CEME9016-590704,CEME9016-590704.jpg,PAINT BRUSH - TRADESMAN 25MM - K2/26,Consumables,Everything,FAMILY,Render GO 522,Coates_K2_Render_GO_522_Thumbnails_001.zip,800,800,JPEG,78845,d70046b366625f1c84197c74c3c5df65e82edc35a7d2cf8d477e152b572da464
PICKUPTOOLMAGNETICCLAWFLEXIBLETOLEDO,PICKUPTOOLMAGNETICCLAWFLEXIBLETOLEDO.jpg,PICK UP TOOL MAGNETIC CLAW FLEXIBLE TOLEDO,Coates Equipment,Everything,FAMILY,Render GO 522,Coates_K2_Render_GO_522_Thumbnails_002.zip,800,800,JPEG,73263,d50ca4d5ba8d473abeb93650657c7154ebd99d23c391a42a49a3ed4f4655a880
PICKUPTOOLMAGNETICTELESCOPIC100760MM07KG,PICKUPTOOLMAGNETICTELESCOPIC100760MM07KG.jpg,PICK UP TOOL MAGNETIC TELESCOPIC 100-760MM 0.7KG,Coates Equipment,Everything,FAMILY,Render GO 522,Coates_K2_Render_GO_522_Thumbnails_002.zip,800,800,JPEG,74791,5fcbb417892db08453dfc452067a9f514b24a2633728e7e74bac5cc89dfa9c7c
PICKUPTOOLMAGNETICTELESCOPIC100760MM36KG,PICKUPTOOLMAGNETICTELESCOPIC100760MM36KG.jpg,PICK UP TOOL MAGNETIC TELESCOPIC 100-760MM 3.6KG,Coates Equipment,Everything,FAMILY,Render GO 522,Coates_K2_Render_GO_522_Thumbnails_002.zip,800,800,JPEG,81634,a1a4c82e9184dc3b27aae68fa24d7a9e6ac2691bd618d694f018c342e2aed6e1
PICKUPTOOLMAGNETICTELESCOPIC,PICKUPTOOLMAGNETICTELESCOPIC.jpg,PICK UP TOOL MAGNETIC TELESCOPIC 125-635MM,Coates Equipment,Everything,FAMILY,Render GO 522,Coates_K2_Render_GO_522_Thumbnails_002.zip,800,800,JPEG,74791,5fcbb417892db08453dfc452067a9f514b24a2633728e7e74bac5cc89dfa9c7c
PICKUPTOOLMAGNETICTELESCOPIC125635MM,PICKUPTOOLMAGNETICTELESCOPIC125635MM.jpg,PICK UP TOOL MAGNETIC TELESCOPIC 125-635MM,Coates Equipment,Everything,FAMILY,Render GO 522,Coates_K2_Render_GO_522_Thumbnails_002.zip,800,800,JPEG,74791,5fcbb417892db08453dfc452067a9f514b24a2633728e7e74bac5cc89dfa9c7c
PICKUPTOOLMAGNETICTELESCOPIC150670MM,PICKUPTOOLMAGNETICTELESCOPIC150670MM.jpg,PICK UP TOOL MAGNETIC TELESCOPIC 125-635MM,Coates Equipment,Everything,FAMILY,Render GO 522,Coates_K2_Render_GO_522_Thumbnails_002.zip,800,800,JPEG,74791,5fcbb417892db08453dfc452067a9f514b24a2633728e7e74bac5cc89dfa9c7c
PALLETTRUCK,PALLETTRUCK.jpg,Pallet Truck,"Lift, Shift & Propping",Everything,FAMILY,Render GO 522,Coates_K2_Render_GO_522_Thumbnails_002.zip,800,800,JPEG,81312,e4718ce1aad8b131e47c9cc251757ed1a8e74fdbae5b20b40dc60e19b8f8b9f0
PALLETTR1.8TELEC,PALLETTR1.8TELEC.jpg,Pallet Truck 1.8t Electric,Materials Handling,Everything,FAMILY,Render GO 522,Coates_K2_Render_GO_522_Thumbnails_002.zip,800,800,JPEG,80387,743bcd0b2eeb8ce48715ad89830c72132fd4f404a9eb8d0c108caf6fadf293e7
CEME9016-590871,CEME9016-590871.jpg,Pelican Pick,Consumables,Everything,FAMILY,Render GO 522,Coates_K2_Render_GO_522_Thumbnails_001.zip,800,800,JPEG,79537,b394efebe2c4e8df375ef26436cb68d5f617502194e2e9b407394bb527872cf5
PINCHBAR,PINCHBAR.jpg,Pinch Bar,Crow/pinch bar,Everything,FAMILY,Approved 649,Coates_K2_Road2_Retraction_Resolved_649_Thumbnails_001.zip,800,800,JPEG,72706,fd9363ad78e6d8388d7a7a76bfdd8e693f1b5e493263412e343d2a02adece6d8
PLUMBBOB,PLUMBBOB.jpg,Plumb Bob,Other - plumb bob,Everything,FAMILY,Approved 649,Coates_K2_Road2_Retraction_Resolved_649_Thumbnails_001.zip,800,800,JPEG,78445,499a01c7fed903b0d5cb7d761a816b3e6137b92c10391378fc993632212eaf65
SPANNERPODGERBAR16M450MM,SPANNERPODGERBAR16M450MM.jpg,Podge Bar - 16mm (450mm),Podge bar | Metric,Everything,FAMILY,Approved 649,Coates_K2_Road2_Retraction_Resolved_649_Thumbnails_003.zip,800,800,JPEG,79764,30193ccfce502ac4c61880b8df2576548de781f07f2a1a0f87a8d6d1ebf394d3
SPANNERPODGERBAR20M450MM,SPANNERPODGERBAR20M450MM.jpg,Podge Bar - 20mm (450mm),Podge bar | Metric,Everything,FAMILY,Approved 649,Coates_K2_Road2_Retraction_Resolved_649_Thumbnails_003.zip,800,800,JPEG,79764,30193ccfce502ac4c61880b8df2576548de781f07f2a1a0f87a8d6d1ebf394d3
SPANNERPODGERBAR20M600MM,SPANNERPODGERBAR20M600MM.jpg,Podge Bar - 20mm (600mm),Podge bar | Metric,Everything,FAMILY,Approved 649,Coates_K2_Road2_Retraction_Resolved_649_Thumbnails_003.zip,800,800,JPEG,79764,30193ccfce502ac4c61880b8df2576548de781f07f2a1a0f87a8d6d1ebf394d3
CEME9016-590705,CEME9016-590705.jpg,RAG - COTTON WIPING 10KG SLAB - K2/26,Consumables,Everything,FAMILY,Render GO 522,Coates_K2_Render_GO_522_Thumbnails_001.zip,800,800,JPEG,80623,17f04f4559aa74b22523c3c9c2ca82e04a6ecba76801b30d644d018763be9850
CEME9016-590706,CEME9016-590706.jpg,RESPIRATOR - P2 DISPOSABLE 8822 - K2/26,Consumables,Everything,FAMILY,Render GO 522,Coates_K2_Render_GO_522_Thumbnails_001.zip,800,800,JPEG,80704,92bf1ea6e7cdccacf6ed0cddc1a6a2113e234dc9af7460e0c9400cdcd6fdefe4
CEME9016-590707,CEME9016-590707.jpg,RESPIRATOR - P2V FLATFOLD CARBON - K2/26,Consumables,Everything,FAMILY,Render GO 522,Coates_K2_Render_GO_522_Thumbnails_001.zip,800,800,JPEG,79487,6c72ceea596a09d104119a4f918c467bd7a4fdf0b08e20bcbddd59b2837b7a04
CEME9016-590708,CEME9016-590708.jpg,ROPE - POLYPROPYLENE 10MM X 250M - K2/26,Consumables,Everything,FAMILY,Render GO 522,Coates_K2_Render_GO_522_Thumbnails_001.zip,800,800,JPEG,80495,2a2a732fe8666e2edfb4242f7164fab7d0cfa3453cbec7773f8c6dd6b2cb0fa3
CEME9016-590709,CEME9016-590709.jpg,ROPE - SISAL 6MM DIAMETER - K2/26,Consumables,Everything,FAMILY,Render GO 522,Coates_K2_Render_GO_522_Thumbnails_001.zip,800,800,JPEG,81122,2630e0219617f79de818491fee48df2c4428f6d559ede2d552422802f33ffccc
CEME9016-590872,CEME9016-590872.jpg,Rain Jacket Set  Coat And Pants,Consumables,Everything,FAMILY,Render GO 522,Coates_K2_Render_GO_522_Thumbnails_001.zip,800,800,JPEG,78476,1c309dcb6bf11213313b25c8bbc5cbb51487c394ea0112807b2a96e31e076ef9
ROUNDFILE1BASTARDCUTCOARSE,ROUNDFILE1BASTARDCUTCOARSE.jpg,Round File – #1 = Bastard Cut (coarse),File | Round,Everything,FAMILY,Approved 649,Coates_K2_Road2_Retraction_Resolved_649_Thumbnails_001.zip,800,800,JPEG,75492,2d3651ef2f4015a63e5751e0b2e3516c42313c4c640e31c9d20517a0e50bbdff
SCRIBERDOUBLEENDED250MMSTRAIGHT90,SCRIBERDOUBLEENDED250MMSTRAIGHT90.jpg,SCRIBER DOUBLE ENDED 250MM STRAIGHT & 90DEG,Scriber,Everything,FAMILY,Approved 649,Coates_K2_Road2_Retraction_Resolved_649_Thumbnails_001.zip,800,800,JPEG,77277,b4886d437fec6e559a473af9c7cb09754f0494ad193d60b9bd4db61e25f204c3
SCRIBERDOUBLEENDED250MMSTRAIGHT90DEG,SCRIBERDOUBLEENDED250MMSTRAIGHT90DEG.jpg,SCRIBER DOUBLE ENDED 250MM STRAIGHT & 90DEG,Scriber,Everything,FAMILY,Approved 649,Coates_K2_Road2_Retraction_Resolved_649_Thumbnails_001.zip,800,800,JPEG,77277,b4886d437fec6e559a473af9c7cb09754f0494ad193d60b9bd4db61e25f204c3
CEME9016-590715,CEME9016-590715.jpg,SEALANT - HEAT RESISTANT RTV736 RED 305ML - K2/26,Consumables,Everything,FAMILY,Render GO 522,Coates_K2_Render_GO_522_Thumbnails_001.zip,800,800,JPEG,78680,8c81af2ec5be423ab934e08bc4cef087082e90ce9dc010a8d630b9108f00064a
CEME9016-590716,CEME9016-590716.jpg,SEALANT - HEAT RESISTANT RTV736 RED 305ML - K2/26,Consumables,Everything,FAMILY,Render GO 522,Coates_K2_Render_GO_522_Thumbnails_001.zip,800,800,JPEG,78680,8c81af2ec5be423ab934e08bc4cef087082e90ce9dc010a8d630b9108f00064a
CEME9016-590718,CEME9016-590718.jpg,SQWINCHER SACHET - LEMON LIME 185ML PK50 - K2/26,Consumables,Everything,FAMILY,Render GO 522,Coates_K2_Render_GO_522_Thumbnails_001.zip,800,800,JPEG,77032,38e887b86239f239fba65c2fa375e7c163bac2aa2e115948be2303272ede83d3
CEME9016-590719,CEME9016-590719.jpg,SQWINCHER SACHET - LEMON LIME 185ML PK50 - K2/26,Consumables,Everything,FAMILY,Render GO 522,Coates_K2_Render_GO_522_Thumbnails_001.zip,800,800,JPEG,77032,38e887b86239f239fba65c2fa375e7c163bac2aa2e115948be2303272ede83d3
CEME9016-590720,CEME9016-590720.jpg,SQWINCHER SACHET - ORANGE 185ML PK50 - K2/26,Consumables,Everything,FAMILY,Render GO 522,Coates_K2_Render_GO_522_Thumbnails_001.zip,800,800,JPEG,77032,38e887b86239f239fba65c2fa375e7c163bac2aa2e115948be2303272ede83d3
CEME9016-590721,CEME9016-590721.jpg,SQWINCHER SACHET - ORANGE 185ML PK50 - K2/26,Consumables,Everything,FAMILY,Render GO 522,Coates_K2_Render_GO_522_Thumbnails_001.zip,800,800,JPEG,77032,38e887b86239f239fba65c2fa375e7c163bac2aa2e115948be2303272ede83d3
CEME9016-590722,CEME9016-590722.jpg,SQWINCHER SACHET - WILD BERRY 185ML PK50 - K2/26,Consumables,Everything,FAMILY,Render GO 522,Coates_K2_Render_GO_522_Thumbnails_001.zip,800,800,JPEG,77032,38e887b86239f239fba65c2fa375e7c163bac2aa2e115948be2303272ede83d3
SCREWDRIVERSET,SCREWDRIVERSET.jpg,Screw Driver Set,Tools & Equipment,Everything,FAMILY,Render GO 522,Coates_K2_Render_GO_522_Thumbnails_002.zip,800,800,JPEG,78864,a011b52ec5323d2452f6fa0d0996a876299eb66ef289181b7032f644da423b63
SITESTORAGEBOX1.2M,SITESTORAGEBOX1.2M.jpg,Site Storage Box - 1.2M (1200mm x 750mm x 850mm),Site Accommodation,Everything,FAMILY,Render GO 522,Coates_K2_Render_GO_522_Thumbnails_002.zip,800,800,JPEG,80012,e735294e545d503dfacee104e41e3c79b94be3f8249b768e46c0cd5e16e7abca
SNIPSMETALLEFTHAND,SNIPSMETALLEFTHAND.jpg,Snips - Left Hand,Snips/shears,Everything,FAMILY,Approved 649,Coates_K2_Road2_Retraction_Resolved_649_Thumbnails_001.zip,800,800,JPEG,78543,60c56b95d8cad2a0a3a5fcf4d9a639eac2fc9a0ed2e986335baf43c44f87969e
SNIPSMETALRIGHTHAND,SNIPSMETALRIGHTHAND.jpg,Snips - Right Hand,Snips/shears,Everything,FAMILY,Approved 649,Coates_K2_Road2_Retraction_Resolved_649_Thumbnails_001.zip,800,800,JPEG,77406,54e46ded86729e488bdb8a7124f47c2920f9e4f3a5f25de2b9b53103e07ebe0d
SNIPSSTRAIGHT,SNIPSSTRAIGHT.jpg,Snips - Straight,Snips/shears,Everything,FAMILY,Approved 649,Coates_K2_Road2_Retraction_Resolved_649_Thumbnails_001.zip,800,800,JPEG,80371,4e16949c15e561e5e20b36a12140589463e162e18cf555ff3358eb75934d71f2
STAMPLETTER3MM,STAMPLETTER3MM.jpg,Stamp - Letter - 3mm,Stamp set - letters,Everything,FAMILY,Approved 649,Coates_K2_Road2_Retraction_Resolved_649_Thumbnails_003.zip,800,800,JPEG,79560,3ba9f416e1a4fbb1edc4c1f6d382519c1f019f87b04fe4a190f066f09a598652
STAMPLETTER5MM,STAMPLETTER5MM.jpg,Stamp - Letter - 5mm,Stamp set - letters,Everything,FAMILY,Approved 649,Coates_K2_Road2_Retraction_Resolved_649_Thumbnails_003.zip,800,800,JPEG,79560,3ba9f416e1a4fbb1edc4c1f6d382519c1f019f87b04fe4a190f066f09a598652
STAMPLETTER6MM,STAMPLETTER6MM.jpg,Stamp - Letter - 6mm,Stamp set - letters,Everything,FAMILY,Approved 649,Coates_K2_Road2_Retraction_Resolved_649_Thumbnails_003.zip,800,800,JPEG,79560,3ba9f416e1a4fbb1edc4c1f6d382519c1f019f87b04fe4a190f066f09a598652
STAMPNUMBER3MM,STAMPNUMBER3MM.jpg,Stamp - Number - 3mm,Stamp set - numbers,Everything,FAMILY,Approved 649,Coates_K2_Road2_Retraction_Resolved_649_Thumbnails_003.zip,800,800,JPEG,78836,9ffd5bf17e661a654a6442b791c1a9956b6e8b35cc4f839770a2990ebe370e3d
STAMPNUMBER8MM,STAMPNUMBER8MM.jpg,Stamp - Number - 8mm,Stamp set - numbers,Everything,FAMILY,Approved 649,Coates_K2_Road2_Retraction_Resolved_649_Thumbnails_003.zip,800,800,JPEG,78836,9ffd5bf17e661a654a6442b791c1a9956b6e8b35cc4f839770a2990ebe370e3d
STAMPSETLET10MM,STAMPSETLET10MM.jpg,Stamp Set - Letter - 10mm,Stamp set - letters,Everything,FAMILY,Approved 649,Coates_K2_Road2_Retraction_Resolved_649_Thumbnails_003.zip,800,800,JPEG,79560,3ba9f416e1a4fbb1edc4c1f6d382519c1f019f87b04fe4a190f066f09a598652
STAMPSETNUMBER10MM,STAMPSETNUMBER10MM.jpg,Stamp Set - Number - 10mm,Stamp set - numbers,Everything,FAMILY,Approved 649,Coates_K2_Road2_Retraction_Resolved_649_Thumbnails_003.zip,800,800,JPEG,78836,9ffd5bf17e661a654a6442b791c1a9956b6e8b35cc4f839770a2990ebe370e3d
STILSEN600MM,STILSEN600MM.jpg,Stilsen - 600mm,Other - stilsen,Everything,FAMILY,Approved 649,Coates_K2_Road2_Retraction_Resolved_649_Thumbnails_003.zip,800,800,JPEG,79635,e76b1008401823347e0abbaa2dfef487ae2fd15d7b1b7b0dc395de2be45679af
STILSEN900MM,STILSEN900MM.jpg,Stilsen - 900mm,Other - stilsen,Everything,FAMILY,Approved 649,Coates_K2_Road2_Retraction_Resolved_649_Thumbnails_003.zip,800,800,JPEG,79635,e76b1008401823347e0abbaa2dfef487ae2fd15d7b1b7b0dc395de2be45679af
STRAIGHTEDGE1M,STRAIGHTEDGE1M.jpg,Straight Edge - 1M,Straight edge | Metric,Everything,FAMILY,Approved 649,Coates_K2_Road2_Retraction_Resolved_649_Thumbnails_003.zip,800,800,JPEG,76999,2d7978f9cf232a4d83a7002c98fcb50f712a1e83bca2e8b41e41c4d60784872a
STRAIGHTEDGE2M,STRAIGHTEDGE2M.jpg,Straight Edge - 2M,Straight edge | Metric,Everything,FAMILY,Approved 649,Coates_K2_Road2_Retraction_Resolved_649_Thumbnails_003.zip,800,800,JPEG,76999,2d7978f9cf232a4d83a7002c98fcb50f712a1e83bca2e8b41e41c4d60784872a
TAPANDDIESETMETRIC,TAPANDDIESETMETRIC.jpg,Tap And Die - Set - Metric,Industrial Tools & Equipment,Everything,FAMILY,Render GO 522,Coates_K2_Render_GO_522_Thumbnails_002.zip,800,800,JPEG,81866,80c23ebf70ff4ce5cb424636e9a4dfe1eb990e2754f2bf4505a7be254d56d7da
TAPDIESETIMPMET,TAPDIESETIMPMET.jpg,Tap And Die Set - Imperial/Metric,Industrial Tools & Equipment,Everything,FAMILY,Render GO 522,Coates_K2_Render_GO_522_Thumbnails_002.zip,800,800,JPEG,81866,80c23ebf70ff4ce5cb424636e9a4dfe1eb990e2754f2bf4505a7be254d56d7da
TAPDIESETUNCUNF52P,TAPDIESETUNCUNF52P.jpg,Tap And Die Set - Unc/Unf - 52 Piece,Industrial Tools & Equipment,Everything,FAMILY,Render GO 522,Coates_K2_Render_GO_522_Thumbnails_002.zip,800,800,JPEG,81866,80c23ebf70ff4ce5cb424636e9a4dfe1eb990e2754f2bf4505a7be254d56d7da
THREADFILEIMPERIAL,THREADFILEIMPERIAL.jpg,Thread File ImperIal,File | Thread,Everything,FAMILY,Approved 649,Coates_K2_Road2_Retraction_Resolved_649_Thumbnails_003.zip,800,800,JPEG,77000,a582c3a82a15537ce1d34ff9c4f3da781f0062ae87b0b02b5ea3087606ef3e75
THREADFILEMETRIC,THREADFILEMETRIC.jpg,Thread File Metric,File | Thread,Everything,FAMILY,Approved 649,Coates_K2_Road2_Retraction_Resolved_649_Thumbnails_003.zip,800,800,JPEG,77000,a582c3a82a15537ce1d34ff9c4f3da781f0062ae87b0b02b5ea3087606ef3e75
TIRFORWINCH3.2T,TIRFORWINCH3.2T.jpg,Tirfor Winch - 3.2t,Materials Handling,Everything,FAMILY,Render GO 522,Coates_K2_Render_GO_522_Thumbnails_002.zip,800,800,JPEG,77594,cbd19c52ff95bd46dd2345092d4ea32faf52b49319a142389a1246f696eda5b7
TOILETFWF,TOILETFWF.jpg,Toilet Portable - Fresh Water Flush,Site Accommodation,Everything,FAMILY,Render GO 522,Coates_K2_Render_GO_522_Thumbnails_002.zip,800,800,JPEG,78180,f094d52459c2fe69cb05a884df3851142f597ad48ef4e3bcbde72f51a14faafd
TORQUE/TENSIONWRENCH12MM,TORQUE_TENSIONWRENCH12MM.jpg,Torque/Tension Wrench - 12mm  - 1/2inch Drive,Industrial Tools & Equipment,Everything,FAMILY,Render GO 522,Coates_K2_Render_GO_522_Thumbnails_002.zip,800,800,JPEG,79885,35afc4c5ebe37cb081614e9baf99e861ff313343ea0e9ac4f7d5399f8992605f
TRAILERMOUNTEDBOOM10MDE,TRAILERMOUNTEDBOOM10MDE.jpg,Trailer Mounted Boom 10.2m Diesel/Electric,Access,Everything,FAMILY,Render GO 522,Coates_K2_Render_GO_522_Thumbnails_002.zip,800,800,JPEG,80763,c09867aefe573f727e7b35d67842feed5bc670b6547fc0ceade001adc9417c8d
TROLLEYMULTIPUR,TROLLEYMULTIPUR.jpg,Trolley - Multi Purpose,Materials Handling,Everything,FAMILY,Render GO 522,Coates_K2_Render_GO_522_Thumbnails_003.zip,800,800,JPEG,81613,774940de07a9e10c55021e449158f73e5bcbb59a2fe33da9d03cebd34676fd9d
CEME9016-590727,CEME9016-590727.jpg,WATER - BOTTLED 600ML PK24 - K2/26,Consumables,Everything,FAMILY,Render GO 522,Coates_K2_Render_GO_522_Thumbnails_001.zip,800,800,JPEG,81265,79f95f241ce960694a8a02d71bf56248e7e8105cef51d0cf3f6a1323d0d722db
WEDGEFOX100258MMMUMME,WEDGEFOX100258MMMUMME.jpg,WEDGE FOX 100 X 25 X 8MM MUMME,Coates Equipment,Everything,FAMILY,Render GO 522,Coates_K2_Render_GO_522_Thumbnails_003.zip,800,800,JPEG,79483,a79168480177f985ed5ed891a823a85421332a4edca8b2eab9f5dc36c4c4edd9
WEDGEFOX100X25X8MMMUMME,WEDGEFOX100X25X8MMMUMME.jpg,WEDGE FOX 100 X 25 X 8MM MUMME,Coates Equipment,Everything,FAMILY,Render GO 522,Coates_K2_Render_GO_522_Thumbnails_003.zip,800,800,JPEG,79483,a79168480177f985ed5ed891a823a85421332a4edca8b2eab9f5dc36c4c4edd9
WEDGEFOX753813MMMUMME,WEDGEFOX753813MMMUMME.jpg,WEDGE FOX 75 X 38 X 13MM MUMME,Coates Equipment,Everything,FAMILY,Render GO 522,Coates_K2_Render_GO_522_Thumbnails_003.zip,800,800,JPEG,79483,a79168480177f985ed5ed891a823a85421332a4edca8b2eab9f5dc36c4c4edd9
WEDGEFOX75X38X13MMMUMME,WEDGEFOX75X38X13MMMUMME.jpg,WEDGE FOX 75 X 38 X 13MM MUMME,Coates Equipment,Everything,FAMILY,Render GO 522,Coates_K2_Render_GO_522_Thumbnails_003.zip,800,800,JPEG,79483,a79168480177f985ed5ed891a823a85421332a4edca8b2eab9f5dc36c4c4edd9
CEME9016-590728,CEME9016-590728.jpg,WIPES - ANTIBACTERIAL 42 X 14.3CM PK75 - K2/26,Consumables,Everything,FAMILY,Render GO 522,Coates_K2_Render_GO_522_Thumbnails_001.zip,800,800,JPEG,77891,629ca2412cc2ce780aeef05b6952b7fd8fc8bd10856c301a7e959eed3466490c
CEME9016-590729,CEME9016-590729.jpg,WIPES - INDUSTRIAL ULTRAGRIME PK100 - K2/26,Consumables,Everything,FAMILY,Render GO 522,Coates_K2_Render_GO_522_Thumbnails_001.zip,800,800,JPEG,77891,629ca2412cc2ce780aeef05b6952b7fd8fc8bd10856c301a7e959eed3466490c
WRENCHTAPTTYPERATCHETINGSUITSM3M6,WRENCHTAPTTYPERATCHETINGSUITSM3M6.jpg,WRENCH TAP T-TYPE RATCHETING SUITS M3-M6,Tap wrench,Everything,FAMILY,Approved 649,Coates_K2_Road2_Retraction_Resolved_649_Thumbnails_003.zip,800,800,JPEG,78983,739638db0927228f6fad2b318e8b7b324971857f88558bd627dd065436d5956c
WRENCHTAPTTYPERATCHETINGSUITSM6M12,WRENCHTAPTTYPERATCHETINGSUITSM6M12.jpg,WRENCH TAP T-TYPE RATCHETING SUITS M6-M12,Tap wrench,Everything,FAMILY,Approved 649,Coates_K2_Road2_Retraction_Resolved_649_Thumbnails_003.zip,800,800,JPEG,78983,739638db0927228f6fad2b318e8b7b324971857f88558bd627dd065436d5956c
WHEELBARROWHD,WHEELBARROWHD.jpg,Wheel Barrow - Heavy Duty,Concrete & Masonry,Everything,FAMILY,Render GO 522,Coates_K2_Render_GO_522_Thumbnails_003.zip,800,800,JPEG,79421,16695b8f47ce53d8cc30dc18ea75f3844aeba9c2d699dcdb9a3b7b9374f2f85a
HEAVYDUTYWHEELBARROW,HEAVYDUTYWHEELBARROW.jpg,Wheel Barrow - Heavy Duty (1217092),Coates Equipment,Everything,FAMILY,Render GO 522,Coates_K2_Render_GO_522_Thumbnails_002.zip,800,800,JPEG,79421,16695b8f47ce53d8cc30dc18ea75f3844aeba9c2d699dcdb9a3b7b9374f2f85a
WHEELBARROWHEAVYDUTY1217092,WHEELBARROWHEAVYDUTY1217092.jpg,Wheel Barrow - Heavy Duty (1217092),Coates Equipment,Everything,FAMILY,Render GO 522,Coates_K2_Render_GO_522_Thumbnails_003.zip,800,800,JPEG,79421,16695b8f47ce53d8cc30dc18ea75f3844aeba9c2d699dcdb9a3b7b9374f2f85a
WRENCHSTRAP600MM,WRENCHSTRAP600MM.jpg,Wrench - Strap 600mm,Other - wrench strap,Everything,FAMILY,Approved 649,Coates_K2_Road2_Retraction_Resolved_649_Thumbnails_003.zip,800,800,JPEG,79635,a2beaaebf0ee0d58d61a87e55857586c2097090fdb9535d9a9f6bc0ea3b4bba0
EXHAUSTFAN240V300MM,EXHAUSTFAN240V300MM.jpg,Exhaust Fan - Electric 300mm,Tools & Equipment,Fans & Ventilation,FAMILY,Render GO 522,Coates_K2_Render_GO_522_Thumbnails_001.zip,800,800,JPEG,79516,3c3c27d8fa414222ba8dfee62945f991559a35a1b4acd9b474f024fe8d9391cc
EXHAUSTFAN240V610MM,EXHAUSTFAN240V610MM.jpg,Exhaust Fan - Electric 610mm,Tools & Equipment,Fans & Ventilation,FAMILY,Render GO 522,Coates_K2_Render_GO_522_Thumbnails_001.zip,800,800,JPEG,79516,3c3c27d8fa414222ba8dfee62945f991559a35a1b4acd9b474f024fe8d9391cc
EXHAUSTFAN300MM,EXHAUSTFAN300MM.jpg,Exhaust Fan 300MM,Coates Tooling,Fans & Ventilation,FAMILY,Render GO 522,Coates_K2_Render_GO_522_Thumbnails_001.zip,800,800,JPEG,79516,3c3c27d8fa414222ba8dfee62945f991559a35a1b4acd9b474f024fe8d9391cc
EXHAUSTFANELECTRIC300MM,EXHAUSTFANELECTRIC300MM.jpg,Exhaust Fan 300MM,Coates Tooling,Fans & Ventilation,FAMILY,Render GO 522,Coates_K2_Render_GO_522_Thumbnails_001.zip,800,800,JPEG,79516,3c3c27d8fa414222ba8dfee62945f991559a35a1b4acd9b474f024fe8d9391cc
HONEYWELLBWFLEXMULTIGASDETECTOR,HONEYWELLBWFLEXMULTIGASDETECTOR.jpg,Honeywell BW Flex Multi-Gas Detector,Coates Equipment,Gas Monitors,FAMILY,Render GO 522,Coates_K2_Render_GO_522_Thumbnails_002.zip,800,800,JPEG,81569,aa1f18299dd9ec1d8910bd7dd09ca0a8b235b8a0dcf521af83446d0111bb0392
MULTIGASDETECTORHONEYWELLBWFLEX,MULTIGASDETECTORHONEYWELLBWFLEX.jpg,Honeywell BW Flex Multi-Gas Detector,Coates Equipment,Gas Monitors,FAMILY,Render GO 522,Coates_K2_Render_GO_522_Thumbnails_002.zip,800,800,JPEG,81569,aa1f18299dd9ec1d8910bd7dd09ca0a8b235b8a0dcf521af83446d0111bb0392
14AIRANGLEDIEGRINDER,14AIRANGLEDIEGRINDER.jpg,"1/4"" Air Angle Die Grinder",Coates Equipment,Grinding & Cutting,FAMILY,Render GO 522,Coates_K2_Render_GO_522_Thumbnails_001.zip,800,800,JPEG,75232,df23720feca694e9d22e2b33470507db816b0ef7af8f0397b1b8e8f52edb5730
14INAIRANGLEDIEGRINDER,14INAIRANGLEDIEGRINDER.jpg,"1/4"" Air Angle Die Grinder",Coates Equipment,Grinding & Cutting,FAMILY,Render GO 522,Coates_K2_Render_GO_522_Thumbnails_001.zip,800,800,JPEG,75232,df23720feca694e9d22e2b33470507db816b0ef7af8f0397b1b8e8f52edb5730
CEME9016-590668,CEME9016-590668.jpg,ABRASIVE DISC - CUTOFF FH38 127 X 2.5 X 22.2 - K2/26,Consumables,Grinding & Cutting,FAMILY,Render GO 522,Coates_K2_Render_GO_522_Thumbnails_001.zip,800,800,JPEG,80592,00e25cf5849dc6b5b20adefe89b328c5f7aa6bd2874bf3f1d4fe9c00086b4cc4
CEME9016-590669,CEME9016-590669.jpg,ABRASIVE DISC - GRINDING RAISED HUB A24/30T 127 X 6.8 X 22 - K2/26,Consumables,Grinding & Cutting,FAMILY,Render GO 522,Coates_K2_Render_GO_522_Thumbnails_001.zip,800,800,JPEG,81844,a07af6877c6333993e85501f4a193d2e31495a39fcfbec99a502a6ba228f6706
CEME9016-590670,CEME9016-590670.jpg,ABRASIVE DISC - GRINDING RAISED HUB A30S 115 X 6 X 22 - K2/26,Consumables,Grinding & Cutting,FAMILY,Render GO 522,Coates_K2_Render_GO_522_Thumbnails_001.zip,800,800,JPEG,81844,a07af6877c6333993e85501f4a193d2e31495a39fcfbec99a502a6ba228f6706
BIMETALCOBALTHOLESAWADAPTORS,BIMETALCOBALTHOLESAWADAPTORS.jpg,Bi Metal Cobalt Holesaw Adaptors,Holesaw,Grinding & Cutting,FAMILY,Approved 649,Coates_K2_Road2_Retraction_Resolved_649_Thumbnails_001.zip,800,800,JPEG,79892,ad6ce2e89095ff835561b06e1b528fbcf954f99fce33fd7066c16e43d7071e8f
HOLESAWADAPTORBIMETALCOBALT,HOLESAWADAPTORBIMETALCOBALT.jpg,Bi Metal Cobalt Holesaw Adaptors,Holesaw,Grinding & Cutting,FAMILY,Approved 649,Coates_K2_Road2_Retraction_Resolved_649_Thumbnails_001.zip,800,800,JPEG,79892,ad6ce2e89095ff835561b06e1b528fbcf954f99fce33fd7066c16e43d7071e8f
BIMETALCOBALTHOLESAW19MM,BIMETALCOBALTHOLESAW19MM.jpg,Bi Metal Cobalt Holesaw-19MM,Holesaw | Metric,Grinding & Cutting,FAMILY,Approved 649,Coates_K2_Road2_Retraction_Resolved_649_Thumbnails_001.zip,800,800,JPEG,80053,107300b123b8e94a04a5d8403683b11ae02fa85bfe46f5b72c3494b8508997ac
HOLESAWBIMETALCOBALT19MM,HOLESAWBIMETALCOBALT19MM.jpg,Bi Metal Cobalt Holesaw-19MM,Holesaw | Metric,Grinding & Cutting,FAMILY,Approved 649,Coates_K2_Road2_Retraction_Resolved_649_Thumbnails_001.zip,800,800,JPEG,80053,107300b123b8e94a04a5d8403683b11ae02fa85bfe46f5b72c3494b8508997ac
BIMETALCOBALTHOLESAW22MM,BIMETALCOBALTHOLESAW22MM.jpg,Bi Metal Cobalt Holesaw-22MM,Holesaw | Metric,Grinding & Cutting,FAMILY,Approved 649,Coates_K2_Road2_Retraction_Resolved_649_Thumbnails_001.zip,800,800,JPEG,80053,107300b123b8e94a04a5d8403683b11ae02fa85bfe46f5b72c3494b8508997ac
HOLESAWBIMETALCOBALT22MM,HOLESAWBIMETALCOBALT22MM.jpg,Bi Metal Cobalt Holesaw-22MM,Holesaw | Metric,Grinding & Cutting,FAMILY,Approved 649,Coates_K2_Road2_Retraction_Resolved_649_Thumbnails_001.zip,800,800,JPEG,80053,107300b123b8e94a04a5d8403683b11ae02fa85bfe46f5b72c3494b8508997ac
BIMETALCOBALTHOLESAW25MM,BIMETALCOBALTHOLESAW25MM.jpg,Bi Metal Cobalt Holesaw-25MM,Holesaw | Metric,Grinding & Cutting,FAMILY,Approved 649,Coates_K2_Road2_Retraction_Resolved_649_Thumbnails_001.zip,800,800,JPEG,80053,107300b123b8e94a04a5d8403683b11ae02fa85bfe46f5b72c3494b8508997ac
HOLESAWBIMETALCOBALT25MM,HOLESAWBIMETALCOBALT25MM.jpg,Bi Metal Cobalt Holesaw-25MM,Holesaw | Metric,Grinding & Cutting,FAMILY,Approved 649,Coates_K2_Road2_Retraction_Resolved_649_Thumbnails_001.zip,800,800,JPEG,80053,107300b123b8e94a04a5d8403683b11ae02fa85bfe46f5b72c3494b8508997ac
BIMETALCOBALTHOLESAW32MM,BIMETALCOBALTHOLESAW32MM.jpg,Bi Metal Cobalt Holesaw-32MM,Holesaw | Metric,Grinding & Cutting,FAMILY,Approved 649,Coates_K2_Road2_Retraction_Resolved_649_Thumbnails_001.zip,800,800,JPEG,80053,107300b123b8e94a04a5d8403683b11ae02fa85bfe46f5b72c3494b8508997ac
HOLESAWBIMETALCOBALT32MM,HOLESAWBIMETALCOBALT32MM.jpg,Bi Metal Cobalt Holesaw-32MM,Holesaw | Metric,Grinding & Cutting,FAMILY,Approved 649,Coates_K2_Road2_Retraction_Resolved_649_Thumbnails_001.zip,800,800,JPEG,80053,107300b123b8e94a04a5d8403683b11ae02fa85bfe46f5b72c3494b8508997ac
BIMETALCOBALTHOLESAW35MM,BIMETALCOBALTHOLESAW35MM.jpg,Bi Metal Cobalt Holesaw-35MM,Holesaw | Metric,Grinding & Cutting,FAMILY,Approved 649,Coates_K2_Road2_Retraction_Resolved_649_Thumbnails_001.zip,800,800,JPEG,80053,107300b123b8e94a04a5d8403683b11ae02fa85bfe46f5b72c3494b8508997ac
HOLESAWBIMETALCOBALT35MM,HOLESAWBIMETALCOBALT35MM.jpg,Bi Metal Cobalt Holesaw-35MM,Holesaw | Metric,Grinding & Cutting,FAMILY,Approved 649,Coates_K2_Road2_Retraction_Resolved_649_Thumbnails_001.zip,800,800,JPEG,80053,107300b123b8e94a04a5d8403683b11ae02fa85bfe46f5b72c3494b8508997ac
BIMETALCOBALTHOLESAW38MM,BIMETALCOBALTHOLESAW38MM.jpg,Bi Metal Cobalt Holesaw-38MM,Holesaw | Metric,Grinding & Cutting,FAMILY,Approved 649,Coates_K2_Road2_Retraction_Resolved_649_Thumbnails_001.zip,800,800,JPEG,80053,107300b123b8e94a04a5d8403683b11ae02fa85bfe46f5b72c3494b8508997ac
HOLESAWBIMETALCOBALT38MM,HOLESAWBIMETALCOBALT38MM.jpg,Bi Metal Cobalt Holesaw-38MM,Holesaw | Metric,Grinding & Cutting,FAMILY,Approved 649,Coates_K2_Road2_Retraction_Resolved_649_Thumbnails_001.zip,800,800,JPEG,80053,107300b123b8e94a04a5d8403683b11ae02fa85bfe46f5b72c3494b8508997ac
BIMETALCOBALTHOLESAW44MM,BIMETALCOBALTHOLESAW44MM.jpg,Bi Metal Cobalt Holesaw-44MM,Holesaw | Metric,Grinding & Cutting,FAMILY,Approved 649,Coates_K2_Road2_Retraction_Resolved_649_Thumbnails_001.zip,800,800,JPEG,80053,107300b123b8e94a04a5d8403683b11ae02fa85bfe46f5b72c3494b8508997ac
HOLESAWBIMETALCOBALT44MM,HOLESAWBIMETALCOBALT44MM.jpg,Bi Metal Cobalt Holesaw-44MM,Holesaw | Metric,Grinding & Cutting,FAMILY,Approved 649,Coates_K2_Road2_Retraction_Resolved_649_Thumbnails_001.zip,800,800,JPEG,80053,107300b123b8e94a04a5d8403683b11ae02fa85bfe46f5b72c3494b8508997ac
BIMETALCOBALTHOLESAW51MM,BIMETALCOBALTHOLESAW51MM.jpg,Bi Metal Cobalt Holesaw-51MM,Holesaw | Metric,Grinding & Cutting,FAMILY,Approved 649,Coates_K2_Road2_Retraction_Resolved_649_Thumbnails_001.zip,800,800,JPEG,80053,107300b123b8e94a04a5d8403683b11ae02fa85bfe46f5b72c3494b8508997ac
HOLESAWBIMETALCOBALT51MM,HOLESAWBIMETALCOBALT51MM.jpg,Bi Metal Cobalt Holesaw-51MM,Holesaw | Metric,Grinding & Cutting,FAMILY,Approved 649,Coates_K2_Road2_Retraction_Resolved_649_Thumbnails_001.zip,800,800,JPEG,80053,107300b123b8e94a04a5d8403683b11ae02fa85bfe46f5b72c3494b8508997ac
BIMETALCOBALTHOLESAW54MM,BIMETALCOBALTHOLESAW54MM.jpg,Bi Metal Cobalt Holesaw-54MM,Holesaw | Metric,Grinding & Cutting,FAMILY,Approved 649,Coates_K2_Road2_Retraction_Resolved_649_Thumbnails_001.zip,800,800,JPEG,80053,107300b123b8e94a04a5d8403683b11ae02fa85bfe46f5b72c3494b8508997ac
HOLESAWBIMETALCOBALT54MM,HOLESAWBIMETALCOBALT54MM.jpg,Bi Metal Cobalt Holesaw-54MM,Holesaw | Metric,Grinding & Cutting,FAMILY,Approved 649,Coates_K2_Road2_Retraction_Resolved_649_Thumbnails_001.zip,800,800,JPEG,80053,107300b123b8e94a04a5d8403683b11ae02fa85bfe46f5b72c3494b8508997ac
BIMETALCOBALTHOLESAW63MM,BIMETALCOBALTHOLESAW63MM.jpg,Bi Metal Cobalt Holesaw-63MM,Holesaw | Metric,Grinding & Cutting,FAMILY,Approved 649,Coates_K2_Road2_Retraction_Resolved_649_Thumbnails_001.zip,800,800,JPEG,80053,107300b123b8e94a04a5d8403683b11ae02fa85bfe46f5b72c3494b8508997ac
HOLESAWBIMETALCOBALT63MM,HOLESAWBIMETALCOBALT63MM.jpg,Bi Metal Cobalt Holesaw-63MM,Holesaw | Metric,Grinding & Cutting,FAMILY,Approved 649,Coates_K2_Road2_Retraction_Resolved_649_Thumbnails_001.zip,800,800,JPEG,80053,107300b123b8e94a04a5d8403683b11ae02fa85bfe46f5b72c3494b8508997ac
BIMETALCOBALTHOLESAW76MM,BIMETALCOBALTHOLESAW76MM.jpg,Bi Metal Cobalt Holesaw-76MM,Holesaw | Metric,Grinding & Cutting,FAMILY,Approved 649,Coates_K2_Road2_Retraction_Resolved_649_Thumbnails_001.zip,800,800,JPEG,80053,107300b123b8e94a04a5d8403683b11ae02fa85bfe46f5b72c3494b8508997ac
HOLESAWBIMETALCOBALT76MM,HOLESAWBIMETALCOBALT76MM.jpg,Bi Metal Cobalt Holesaw-76MM,Holesaw | Metric,Grinding & Cutting,FAMILY,Approved 649,Coates_K2_Road2_Retraction_Resolved_649_Thumbnails_001.zip,800,800,JPEG,80053,107300b123b8e94a04a5d8403683b11ae02fa85bfe46f5b72c3494b8508997ac
BIMETALCOBALTQUICKFITARBOR,BIMETALCOBALTQUICKFITARBOR.jpg,Bi Metal Cobalt Quickfit Arbor,Holesaw arbor,Grinding & Cutting,FAMILY,Approved 649,Coates_K2_Road2_Retraction_Resolved_649_Thumbnails_001.zip,800,800,JPEG,79892,ad6ce2e89095ff835561b06e1b528fbcf954f99fce33fd7066c16e43d7071e8f
HOLESAWARBORBIMETALCOBALTQUICKFIT,HOLESAWARBORBIMETALCOBALTQUICKFIT.jpg,Bi Metal Cobalt Quickfit Arbor,Holesaw arbor,Grinding & Cutting,FAMILY,Approved 649,Coates_K2_Road2_Retraction_Resolved_649_Thumbnails_001.zip,800,800,JPEG,79892,ad6ce2e89095ff835561b06e1b528fbcf954f99fce33fd7066c16e43d7071e8f
BOLTCUT600M,BOLTCUT600M.jpg,Bolt Cutters - 600mm - 24inch,Bolt/cable cutter,Grinding & Cutting,FAMILY,Approved 649,Coates_K2_Road2_Retraction_Resolved_649_Thumbnails_001.zip,800,800,JPEG,72462,2c2d7701769ff94275c47a9f00dc960e577efa718a03ed91274fd4e7d30b930b
BOLTCUTTERLARGE,BOLTCUTTERLARGE.jpg,Bolt Cutters - Large,Bolt/cable cutter,Grinding & Cutting,FAMILY,Approved 649,Coates_K2_Road2_Retraction_Resolved_649_Thumbnails_001.zip,800,800,JPEG,72462,2c2d7701769ff94275c47a9f00dc960e577efa718a03ed91274fd4e7d30b930b
CUTTERANNULARHSSTIN1625MM34SHMULTIFIT,CUTTERANNULARHSSTIN1625MM34SHMULTIFIT.jpg,CUTTER ANNULAR HSSTIN 16x25MM 3/4-SH MULTIFIT,Annular cutter,Grinding & Cutting,FAMILY,Approved 649,Coates_K2_Road2_Retraction_Resolved_649_Thumbnails_001.zip,800,800,JPEG,78491,9c0cc13209a1025ffc5b011c63edc01920fd80fb8fe62ae8d762110e18b4ea72
CUTTERANNULARHSSTIN16X25MM34SHMULTIFIT,CUTTERANNULARHSSTIN16X25MM34SHMULTIFIT.jpg,CUTTER ANNULAR HSSTIN 16x25MM 3/4-SH MULTIFIT,Annular cutter,Grinding & Cutting,FAMILY,Approved 649,Coates_K2_Road2_Retraction_Resolved_649_Thumbnails_001.zip,800,800,JPEG,78491,9c0cc13209a1025ffc5b011c63edc01920fd80fb8fe62ae8d762110e18b4ea72
CUTTERANNULARHSSTIN1725MM34SHMULTIFIT,CUTTERANNULARHSSTIN1725MM34SHMULTIFIT.jpg,CUTTER ANNULAR HSSTIN 17x25MM 3/4-SH MULTIFIT,Annular cutter,Grinding & Cutting,FAMILY,Approved 649,Coates_K2_Road2_Retraction_Resolved_649_Thumbnails_001.zip,800,800,JPEG,78491,9c0cc13209a1025ffc5b011c63edc01920fd80fb8fe62ae8d762110e18b4ea72
CUTTERANNULARHSSTIN17X25MM34SHMULTIFIT,CUTTERANNULARHSSTIN17X25MM34SHMULTIFIT.jpg,CUTTER ANNULAR HSSTIN 17x25MM 3/4-SH MULTIFIT,Annular cutter,Grinding & Cutting,FAMILY,Approved 649,Coates_K2_Road2_Retraction_Resolved_649_Thumbnails_001.zip,800,800,JPEG,78491,9c0cc13209a1025ffc5b011c63edc01920fd80fb8fe62ae8d762110e18b4ea72
CUTTERANNULARHSSTIN1825MM34SHMULTIFIT,CUTTERANNULARHSSTIN1825MM34SHMULTIFIT.jpg,CUTTER ANNULAR HSSTIN 18x25MM 3/4-SH MULTIFIT,Annular cutter,Grinding & Cutting,FAMILY,Approved 649,Coates_K2_Road2_Retraction_Resolved_649_Thumbnails_001.zip,800,800,JPEG,78491,9c0cc13209a1025ffc5b011c63edc01920fd80fb8fe62ae8d762110e18b4ea72
CUTTERANNULARHSSTIN18X25MM34SHMULTIFIT,CUTTERANNULARHSSTIN18X25MM34SHMULTIFIT.jpg,CUTTER ANNULAR HSSTIN 18x25MM 3/4-SH MULTIFIT,Annular cutter,Grinding & Cutting,FAMILY,Approved 649,Coates_K2_Road2_Retraction_Resolved_649_Thumbnails_001.zip,800,800,JPEG,78491,9c0cc13209a1025ffc5b011c63edc01920fd80fb8fe62ae8d762110e18b4ea72
CUTTERANNULARHSSTIN1925MM34SHMULTIFIT,CUTTERANNULARHSSTIN1925MM34SHMULTIFIT.jpg,CUTTER ANNULAR HSSTIN 19x25MM 3/4-SH MULTIFIT,Annular cutter,Grinding & Cutting,FAMILY,Approved 649,Coates_K2_Road2_Retraction_Resolved_649_Thumbnails_001.zip,800,800,JPEG,78491,9c0cc13209a1025ffc5b011c63edc01920fd80fb8fe62ae8d762110e18b4ea72
CUTTERANNULARHSSTIN19X25MM34SHMULTIFIT,CUTTERANNULARHSSTIN19X25MM34SHMULTIFIT.jpg,CUTTER ANNULAR HSSTIN 19x25MM 3/4-SH MULTIFIT,Annular cutter,Grinding & Cutting,FAMILY,Approved 649,Coates_K2_Road2_Retraction_Resolved_649_Thumbnails_001.zip,800,800,JPEG,78491,9c0cc13209a1025ffc5b011c63edc01920fd80fb8fe62ae8d762110e18b4ea72
CUTTERANNULARHSSTIN2025MM34SHMULTIFIT,CUTTERANNULARHSSTIN2025MM34SHMULTIFIT.jpg,CUTTER ANNULAR HSSTIN 20x25MM 3/4-SH MULTIFIT,Annular cutter,Grinding & Cutting,FAMILY,Approved 649,Coates_K2_Road2_Retraction_Resolved_649_Thumbnails_001.zip,800,800,JPEG,78491,9c0cc13209a1025ffc5b011c63edc01920fd80fb8fe62ae8d762110e18b4ea72
CUTTERANNULARHSSTIN20X25MM34SHMULTIFIT,CUTTERANNULARHSSTIN20X25MM34SHMULTIFIT.jpg,CUTTER ANNULAR HSSTIN 20x25MM 3/4-SH MULTIFIT,Annular cutter,Grinding & Cutting,FAMILY,Approved 649,Coates_K2_Road2_Retraction_Resolved_649_Thumbnails_001.zip,800,800,JPEG,78491,9c0cc13209a1025ffc5b011c63edc01920fd80fb8fe62ae8d762110e18b4ea72
CUTTERANNULARHSSTIN2125MM34SHMULTIFIT,CUTTERANNULARHSSTIN2125MM34SHMULTIFIT.jpg,CUTTER ANNULAR HSSTIN 21x25MM 3/4-SH MULTIFIT,Annular cutter,Grinding & Cutting,FAMILY,Approved 649,Coates_K2_Road2_Retraction_Resolved_649_Thumbnails_001.zip,800,800,JPEG,78491,9c0cc13209a1025ffc5b011c63edc01920fd80fb8fe62ae8d762110e18b4ea72
CUTTERANNULARHSSTIN21X25MM34SHMULTIFIT,CUTTERANNULARHSSTIN21X25MM34SHMULTIFIT.jpg,CUTTER ANNULAR HSSTIN 21x25MM 3/4-SH MULTIFIT,Annular cutter,Grinding & Cutting,FAMILY,Approved 649,Coates_K2_Road2_Retraction_Resolved_649_Thumbnails_001.zip,800,800,JPEG,78491,9c0cc13209a1025ffc5b011c63edc01920fd80fb8fe62ae8d762110e18b4ea72
CUTTERANNULARHSSTIN2325MM34SHMULTIFIT,CUTTERANNULARHSSTIN2325MM34SHMULTIFIT.jpg,CUTTER ANNULAR HSSTIN 23x25MM 3/4-SH MULTIFIT,Annular cutter,Grinding & Cutting,FAMILY,Approved 649,Coates_K2_Road2_Retraction_Resolved_649_Thumbnails_001.zip,800,800,JPEG,78491,9c0cc13209a1025ffc5b011c63edc01920fd80fb8fe62ae8d762110e18b4ea72
CUTTERANNULARHSSTIN23X25MM34SHMULTIFIT,CUTTERANNULARHSSTIN23X25MM34SHMULTIFIT.jpg,CUTTER ANNULAR HSSTIN 23x25MM 3/4-SH MULTIFIT,Annular cutter,Grinding & Cutting,FAMILY,Approved 649,Coates_K2_Road2_Retraction_Resolved_649_Thumbnails_001.zip,800,800,JPEG,78491,9c0cc13209a1025ffc5b011c63edc01920fd80fb8fe62ae8d762110e18b4ea72
CUTTERANNULARHSSTIN2425MM34SHMULTIFIT,CUTTERANNULARHSSTIN2425MM34SHMULTIFIT.jpg,CUTTER ANNULAR HSSTIN 24x25MM 3/4-SH MULTIFIT,Annular cutter,Grinding & Cutting,FAMILY,Approved 649,Coates_K2_Road2_Retraction_Resolved_649_Thumbnails_001.zip,800,800,JPEG,78491,9c0cc13209a1025ffc5b011c63edc01920fd80fb8fe62ae8d762110e18b4ea72
CUTTERANNULARHSSTIN24X25MM34SHMULTIFIT,CUTTERANNULARHSSTIN24X25MM34SHMULTIFIT.jpg,CUTTER ANNULAR HSSTIN 24x25MM 3/4-SH MULTIFIT,Annular cutter,Grinding & Cutting,FAMILY,Approved 649,Coates_K2_Road2_Retraction_Resolved_649_Thumbnails_001.zip,800,800,JPEG,78491,9c0cc13209a1025ffc5b011c63edc01920fd80fb8fe62ae8d762110e18b4ea72
CUTTERANNULARHSSTIN2525MM34SHMULTIFIT,CUTTERANNULARHSSTIN2525MM34SHMULTIFIT.jpg,CUTTER ANNULAR HSSTIN 25x25MM 3/4-SH MULTIFIT,Annular cutter,Grinding & Cutting,FAMILY,Approved 649,Coates_K2_Road2_Retraction_Resolved_649_Thumbnails_001.zip,800,800,JPEG,78491,9c0cc13209a1025ffc5b011c63edc01920fd80fb8fe62ae8d762110e18b4ea72
CUTTERANNULARHSSTIN25X25MM34SHMULTIFIT,CUTTERANNULARHSSTIN25X25MM34SHMULTIFIT.jpg,CUTTER ANNULAR HSSTIN 25x25MM 3/4-SH MULTIFIT,Annular cutter,Grinding & Cutting,FAMILY,Approved 649,Coates_K2_Road2_Retraction_Resolved_649_Thumbnails_001.zip,800,800,JPEG,78491,9c0cc13209a1025ffc5b011c63edc01920fd80fb8fe62ae8d762110e18b4ea72
CUTTERANNULARHSSTIN2625MM34SHMULTIFIT,CUTTERANNULARHSSTIN2625MM34SHMULTIFIT.jpg,CUTTER ANNULAR HSSTIN 26x25MM 3/4-SH MULTIFIT,Annular cutter,Grinding & Cutting,FAMILY,Approved 649,Coates_K2_Road2_Retraction_Resolved_649_Thumbnails_001.zip,800,800,JPEG,78491,9c0cc13209a1025ffc5b011c63edc01920fd80fb8fe62ae8d762110e18b4ea72
CUTTERANNULARHSSTIN26X25MM34SHMULTIFIT,CUTTERANNULARHSSTIN26X25MM34SHMULTIFIT.jpg,CUTTER ANNULAR HSSTIN 26x25MM 3/4-SH MULTIFIT,Annular cutter,Grinding & Cutting,FAMILY,Approved 649,Coates_K2_Road2_Retraction_Resolved_649_Thumbnails_001.zip,800,800,JPEG,78491,9c0cc13209a1025ffc5b011c63edc01920fd80fb8fe62ae8d762110e18b4ea72
CUTTERANNULARHSSTIN2225MM34SHMULTIFIT,CUTTERANNULARHSSTIN2225MM34SHMULTIFIT.jpg,CUTTER ANNULAR HSSTIN 2x25MM 3/4-SH MULTIFIT,Annular cutter,Grinding & Cutting,FAMILY,Approved 649,Coates_K2_Road2_Retraction_Resolved_649_Thumbnails_001.zip,800,800,JPEG,78491,9c0cc13209a1025ffc5b011c63edc01920fd80fb8fe62ae8d762110e18b4ea72
CUTTERANNULARHSSTIN2X25MM34SHMULTIFIT,CUTTERANNULARHSSTIN2X25MM34SHMULTIFIT.jpg,CUTTER ANNULAR HSSTIN 2x25MM 3/4-SH MULTIFIT,Annular cutter,Grinding & Cutting,FAMILY,Approved 649,Coates_K2_Road2_Retraction_Resolved_649_Thumbnails_001.zip,800,800,JPEG,78491,9c0cc13209a1025ffc5b011c63edc01920fd80fb8fe62ae8d762110e18b4ea72
CABLECUTTER70MM,CABLECUTTER70MM.jpg,Cable Cutter - 70mm,Bolt/cable cutter,Grinding & Cutting,FAMILY,Approved 649,Coates_K2_Road2_Retraction_Resolved_649_Thumbnails_001.zip,800,800,JPEG,80115,cbf3a961fd6e158df83c0c0081fac841d38e86873bcaec720761944d0a9f7397
DROPSAWCUTOFFABRASIVE2200W,DROPSAWCUTOFFABRASIVE2200W.jpg,DROP SAW CUT OFF ABRASIVE 2200W,Coates Equipment,Grinding & Cutting,FAMILY,Render GO 522,Coates_K2_Render_GO_522_Thumbnails_001.zip,800,800,JPEG,80086,a956e21d5756f3c3f8ca00002dac66475e89c19da9b405f95fcf953e743b577f
GRINDERANGLE125MME,GRINDERANGLE125MME.jpg,Grinder - Angle 125mm (240V),Tools & Equipment,Grinding & Cutting,FAMILY,Render GO 522,Coates_K2_Render_GO_522_Thumbnails_002.zip,800,800,JPEG,79079,6ce0d1229e708317f223a8571f40b06b1679e789af2430f2fae30876eae951d7
GRINDERANGLE125MM,GRINDERANGLE125MM.jpg,Grinder - Angle 125mm/5inch (240V),Tools & Equipment,Grinding & Cutting,FAMILY,Render GO 522,Coates_K2_Render_GO_522_Thumbnails_002.zip,800,800,JPEG,79079,6ce0d1229e708317f223a8571f40b06b1679e789af2430f2fae30876eae951d7
GRINDERANGLE175MME,GRINDERANGLE175MME.jpg,Grinder - Angle 175mm (240V),Tools & Equipment,Grinding & Cutting,FAMILY,Render GO 522,Coates_K2_Render_GO_522_Thumbnails_002.zip,800,800,JPEG,81341,1428750c6af26b5077f0c75838823fdef795f7e61ca437a1c9fc25292df74466
GRINDERCORDLESS18V,GRINDERCORDLESS18V.jpg,Grinder - Cordless 18V,Tools & Equipment,Grinding & Cutting,FAMILY,Render GO 522,Coates_K2_Render_GO_522_Thumbnails_002.zip,800,800,JPEG,77566,036ec0f1c93a540b70b7ded57f9a132ed8690a38ddb61389c7776a1e3c1a07e1
GRINDERDIEELECT,GRINDERDIEELECT.jpg,Grinder - Die (240V),Tools & Equipment,Grinding & Cutting,FAMILY,Render GO 522,Coates_K2_Render_GO_522_Thumbnails_002.zip,800,800,JPEG,77795,fde865263b2858f4b3e786ed56a3a924a72d8470621173095dbad4078909dc45
HOLESAWSETBIMMETALWOOD1976MM,HOLESAWSETBIMMETALWOOD1976MM.jpg,HOLESAW SET BIM METAL/WOOD 19-76MM,Coates Equipment,Grinding & Cutting,FAMILY,Render GO 522,Coates_K2_Render_GO_522_Thumbnails_002.zip,800,800,JPEG,81494,3134ed0081a73ee3eea8bb54a2fc3f34cee58f476ed7ed0608d04ac265796cd2
HACKSAW300MM,HACKSAW300MM.jpg,Hacksaw - Hand 300mm,Saw | hack,Grinding & Cutting,FAMILY,Approved 649,Coates_K2_Road2_Retraction_Resolved_649_Thumbnails_001.zip,800,800,JPEG,80984,72aa80360c36187c418f1a88c080273e4b8e4748f32544c29c2e810278d36356
WEL802-L50PIN,WEL802-L50PIN.jpg,LOCH 6mm Pin suits 50mm Cutter,Consumables,Grinding & Cutting,FAMILY,Render GO 522,Coates_K2_Render_GO_522_Thumbnails_003.zip,800,800,JPEG,81712,97fd57d0afc22b46e4488e5e704e81c5bc07b392af4ca68621056b83d0c68fe6
PIPECUTTER4-6IN,PIPECUTTER4-6IN.jpg,Pipe Cutter 4in-6in,Industrial Tools & Equipment,Grinding & Cutting,FAMILY,Render GO 522,Coates_K2_Render_GO_522_Thumbnails_002.zip,800,800,JPEG,80401,b82db667ec367e1d7fb4a1e2aa008eb260299cde9775edcd2a057639ca5142a8
PLIERSSIDECUTTING150MM,PLIERSSIDECUTTING150MM.jpg,Pliers - Side Cutting 150mm,Pliers | side cut,Grinding & Cutting,FAMILY,Approved 649,Coates_K2_Road2_Retraction_Resolved_649_Thumbnails_001.zip,800,800,JPEG,78749,f8c68c9f537b1715ab09236afbaa0420b2aa60b11b46676b79fd0e796b599761
PLIERSSIDECUTTING200MM,PLIERSSIDECUTTING200MM.jpg,Pliers - Side Cutting 200mm,Pliers | side cut,Grinding & Cutting,FAMILY,Approved 649,Coates_K2_Road2_Retraction_Resolved_649_Thumbnails_001.zip,800,800,JPEG,78749,f8c68c9f537b1715ab09236afbaa0420b2aa60b11b46676b79fd0e796b599761
RIDGIDPIPECUTTER666MM,RIDGIDPIPECUTTER666MM.jpg,Ridgid Pipe Cutter 6-66MM,Coates Tooling,Grinding & Cutting,FAMILY,Render GO 522,Coates_K2_Render_GO_522_Thumbnails_002.zip,800,800,JPEG,79965,3a7b0d97c6141931eb40a61bc3da2e5d48a87b1021e4ac8d15c7fa46dee85b66
SAWHACKHEAVYDUTYSQUAREFRAME300MMWOLF,SAWHACKHEAVYDUTYSQUAREFRAME300MMWOLF.jpg,SAW HACK HEAVY DUTY SQUARE FRAME 300MM WoLF,Saw | hack,Grinding & Cutting,FAMILY,Approved 649,Coates_K2_Road2_Retraction_Resolved_649_Thumbnails_001.zip,800,800,JPEG,80984,72aa80360c36187c418f1a88c080273e4b8e4748f32544c29c2e810278d36356
SAWCIRCULAR240V185MM,SAWCIRCULAR240V185MM.jpg,Saw - Circular- 185mm - 240V,Tools & Equipment,Grinding & Cutting,FAMILY,Render GO 522,Coates_K2_Render_GO_522_Thumbnails_002.zip,800,800,JPEG,81810,63801242f77fdd98d86db4357e17c9acc3d8ddc93475e2c907434478e4286dde
SAWCIRCULAR240V235MM,SAWCIRCULAR240V235MM.jpg,Saw - Circular- 235mm - 240V,Tools & Equipment,Grinding & Cutting,FAMILY,Render GO 522,Coates_K2_Render_GO_522_Thumbnails_002.zip,800,800,JPEG,81810,63801242f77fdd98d86db4357e17c9acc3d8ddc93475e2c907434478e4286dde
SAWRECCORDLESS18V,SAWRECCORDLESS18V.jpg,Saw - Reciprocating Cordless 18V - Greener Choice,Tools & Equipment,Grinding & Cutting,FAMILY,Render GO 522,Coates_K2_Render_GO_522_Thumbnails_002.zip,800,800,JPEG,77092,65a686b1506f90ee654ea3ead78111e54cde82c49ec98658004a144ea0a2140a
SAWSABRE240V,SAWSABRE240V.jpg,Saw - Sabre (240V),Tools & Equipment,Grinding & Cutting,FAMILY,Render GO 522,Coates_K2_Render_GO_522_Thumbnails_002.zip,800,800,JPEG,79366,4a09dbec39d5879d4e82083baa763a95c135df0d2d8d5abbcc8947707ffac34f
SAWMETCUT355MM240V,SAWMETCUT355MM240V.jpg,Saw Metal Cut Off 355mm Electric,Tools & Equipment,Grinding & Cutting,FAMILY,Render GO 522,Coates_K2_Render_GO_522_Thumbnails_002.zip,800,800,JPEG,80086,a956e21d5756f3c3f8ca00002dac66475e89c19da9b405f95fcf953e743b577f
ALLENKEYMET12MM,ALLENKEYMET12MM.jpg,Allen Key Metric - 12mm,Allen key | Single | Metric,Hand Tools,FAMILY,Approved 649,Coates_K2_Road2_Retraction_Resolved_649_Thumbnails_001.zip,800,800,JPEG,75564,0f4c95100058e3da9a42305cf896f6e945493f7cd940cd43d962c3fd9f2bf52c
ALLENKEYMET14MM,ALLENKEYMET14MM.jpg,Allen Key Metric - 14mm,Allen key | Single | Metric,Hand Tools,FAMILY,Approved 649,Coates_K2_Road2_Retraction_Resolved_649_Thumbnails_001.zip,800,800,JPEG,75564,0f4c95100058e3da9a42305cf896f6e945493f7cd940cd43d962c3fd9f2bf52c
ALLENKEYMET17MM,ALLENKEYMET17MM.jpg,Allen Key Metric - 17mm,Allen key | Single | Metric,Hand Tools,FAMILY,Approved 649,Coates_K2_Road2_Retraction_Resolved_649_Thumbnails_001.zip,800,800,JPEG,75564,0f4c95100058e3da9a42305cf896f6e945493f7cd940cd43d962c3fd9f2bf52c
ALLENKEYMET19MM,ALLENKEYMET19MM.jpg,Allen Key Metric - 19mm,Allen key | Single | Metric,Hand Tools,FAMILY,Approved 649,Coates_K2_Road2_Retraction_Resolved_649_Thumbnails_001.zip,800,800,JPEG,75564,0f4c95100058e3da9a42305cf896f6e945493f7cd940cd43d962c3fd9f2bf52c
ALLENKEYMET24MM,ALLENKEYMET24MM.jpg,Allen Key Metric - 24mm,Allen key | Single | Metric,Hand Tools,FAMILY,Approved 649,Coates_K2_Road2_Retraction_Resolved_649_Thumbnails_001.zip,800,800,JPEG,75564,0f4c95100058e3da9a42305cf896f6e945493f7cd940cd43d962c3fd9f2bf52c
ALLENKEYSETMET,ALLENKEYSETMET.jpg,Allen Key Set -  Metric,Industrial Tools & Equipment,Hand Tools,FAMILY,Render GO 522,Coates_K2_Render_GO_522_Thumbnails_001.zip,800,800,JPEG,80791,a8bb2308a5dc0a9fc81f82fc2b3fce1e71b531e3135b76941bdd70ad1f9c563d
ALLENKEYSETIMP,ALLENKEYSETIMP.jpg,Allen Key Set - Imperial,Industrial Tools & Equipment,Hand Tools,FAMILY,Render GO 522,Coates_K2_Render_GO_522_Thumbnails_001.zip,800,800,JPEG,80791,a8bb2308a5dc0a9fc81f82fc2b3fce1e71b531e3135b76941bdd70ad1f9c563d
CENTREPUNCHSET,CENTREPUNCHSET.jpg,Centre Punch Set,Other - centre punch,Hand Tools,FAMILY,Approved 649,Coates_K2_Road2_Retraction_Resolved_649_Thumbnails_001.zip,800,800,JPEG,81692,d1143516356c082c2b960f3b3c00523dc48d2a52d3662297ba5f36aa698de1cc
COLDCHISEL,COLDCHISEL.jpg,Cold Chisel,Other - cold chisel,Hand Tools,FAMILY,Approved 649,Coates_K2_Road2_Retraction_Resolved_649_Thumbnails_001.zip,800,800,JPEG,77940,fc08f1438c90a9527a247be23494164916ba750b8ab1ed1139c74e143c98d665
GCLAMP100MM,GCLAMP100MM.jpg,G Clamp - 100mm,G/quick clamp,Hand Tools,FAMILY,Approved 649,Coates_K2_Road2_Retraction_Resolved_649_Thumbnails_001.zip,800,800,JPEG,80468,693c760c16e3040f2f5ac4bbff94cbcd897cf4b264362d2dfd3c699712c9e7a4
GCLAMP150MM,GCLAMP150MM.jpg,G Clamp - 150mm,G/quick clamp,Hand Tools,FAMILY,Approved 649,Coates_K2_Road2_Retraction_Resolved_649_Thumbnails_001.zip,800,800,JPEG,80468,693c760c16e3040f2f5ac4bbff94cbcd897cf4b264362d2dfd3c699712c9e7a4
GCLAMP250MM,GCLAMP250MM.jpg,G Clamp - 250mm,G/quick clamp,Hand Tools,FAMILY,Approved 649,Coates_K2_Road2_Retraction_Resolved_649_Thumbnails_001.zip,800,800,JPEG,80468,693c760c16e3040f2f5ac4bbff94cbcd897cf4b264362d2dfd3c699712c9e7a4
GCLAMP300MM,GCLAMP300MM.jpg,G Clamp - 300mm,G/quick clamp,Hand Tools,FAMILY,Approved 649,Coates_K2_Road2_Retraction_Resolved_649_Thumbnails_001.zip,800,800,JPEG,80468,693c760c16e3040f2f5ac4bbff94cbcd897cf4b264362d2dfd3c699712c9e7a4
GCLAMP50MM,GCLAMP50MM.jpg,G Clamp - 50mm,G/quick clamp,Hand Tools,FAMILY,Approved 649,Coates_K2_Road2_Retraction_Resolved_649_Thumbnails_001.zip,800,800,JPEG,80468,693c760c16e3040f2f5ac4bbff94cbcd897cf4b264362d2dfd3c699712c9e7a4
HAMMERCLUB4LB18KGFIBREGLASSRUBBERGRIP,HAMMERCLUB4LB18KGFIBREGLASSRUBBERGRIP.jpg,"HAMMER CLUB 4LB/1.8KG FIBREGLASS,RUBBER GRIP",Hammer | rubber,Hand Tools,FAMILY,Approved 649,Coates_K2_Road2_Retraction_Resolved_649_Thumbnails_001.zip,800,800,JPEG,77997,e170390658c46d56e2a429ebf96c64677e54adf8e89dd7f59673576ef255ee4e
HAMMERCOPPER275LB126KG38MMWOODEN,HAMMERCOPPER275LB126KG38MMWOODEN.jpg,"HAMMER COPPER 2.75LB/1.26KG 38MM,WOODEN",Hammer | copper,Hand Tools,FAMILY,Approved 649,Coates_K2_Road2_Retraction_Resolved_649_Thumbnails_001.zip,800,800,JPEG,78118,d6ef8df0accf6b665d6e09061ae77e6884cf7ceee2d6545dd735d58fbd940af8
HAMMERCOPPER4LB194KG44MMWOODEN,HAMMERCOPPER4LB194KG44MMWOODEN.jpg,"HAMMER COPPER 4LB/1.94KG 44MM,WOODEN",Hammer | copper,Hand Tools,FAMILY,Approved 649,Coates_K2_Road2_Retraction_Resolved_649_Thumbnails_001.zip,800,800,JPEG,78118,d6ef8df0accf6b665d6e09061ae77e6884cf7ceee2d6545dd735d58fbd940af8
HAMMERBALLPEIN16OZ,HAMMERBALLPEIN16OZ.jpg,Hammer - Ball Pein - 16 Oz,Hammer | ball pein,Hand Tools,FAMILY,Approved 649,Coates_K2_Road2_Retraction_Resolved_649_Thumbnails_001.zip,800,800,JPEG,74680,f559b71e12eecd3f9febb445482d8636bfefe1a5c5aeb6bf09b876a8d8577394
HAMMERBALLPEIN320Z,HAMMERBALLPEIN320Z.jpg,Hammer - Ball Pein - 32 Oz,Hammer | ball pein,Hand Tools,FAMILY,Approved 649,Coates_K2_Road2_Retraction_Resolved_649_Thumbnails_001.zip,800,800,JPEG,74680,f559b71e12eecd3f9febb445482d8636bfefe1a5c5aeb6bf09b876a8d8577394
HAMMERBRASSML,HAMMERBRASSML.jpg,Hammer - Brass - Small,Hammer | brass,Hand Tools,FAMILY,Approved 649,Coates_K2_Road2_Retraction_Resolved_649_Thumbnails_001.zip,800,800,JPEG,81730,c37d617ee09d03eac6f32bf44ecf85d7ac5bd26a8dacde4c01c6dc55c08813b4
HAMMERCHIPPINGSOLIDSTEEL,HAMMERCHIPPINGSOLIDSTEEL.jpg,Hammer - Chipping,Hammer | chipping,Hand Tools,FAMILY,Approved 649,Coates_K2_Road2_Retraction_Resolved_649_Thumbnails_001.zip,800,800,JPEG,79832,f42562b242e9d0d811bffa345dc8b21c0de5f0f76d6da19438dcd7d047506798
HAMMERCLAW20OZ,HAMMERCLAW20OZ.jpg,Hammer - Claw,Hammer | claw,Hand Tools,FAMILY,Approved 649,Coates_K2_Road2_Retraction_Resolved_649_Thumbnails_001.zip,800,800,JPEG,78198,56643c39898f8dbb4b5287d2c238a710e164499e25216688e71a172ae2abd090
HAMMERCOPPERHEADLARGE,HAMMERCOPPERHEADLARGE.jpg,Hammer - Copper Head - Large,Hammer | copper,Hand Tools,FAMILY,Approved 649,Coates_K2_Road2_Retraction_Resolved_649_Thumbnails_001.zip,800,800,JPEG,78118,d6ef8df0accf6b665d6e09061ae77e6884cf7ceee2d6545dd735d58fbd940af8
HAMMERCOPPERHEADSMALL,HAMMERCOPPERHEADSMALL.jpg,Hammer - Copper Head - Small,Hammer | copper,Hand Tools,FAMILY,Approved 649,Coates_K2_Road2_Retraction_Resolved_649_Thumbnails_001.zip,800,800,JPEG,78118,d6ef8df0accf6b665d6e09061ae77e6884cf7ceee2d6545dd735d58fbd940af8
HAMMERDEADBLOWLARGE,HAMMERDEADBLOWLARGE.jpg,Hammer - Dead Blow - Large,Hammer | dead blow,Hand Tools,FAMILY,Approved 649,Coates_K2_Road2_Retraction_Resolved_649_Thumbnails_001.zip,800,800,JPEG,74121,d55bcad012cb5376acfa2211a03c04874f71ac5d5d583011bfff7415092f779d
HAMMERDEADBLOWSMALL,HAMMERDEADBLOWSMALL.jpg,Hammer - Dead Blow - Small,Hammer | dead blow,Hand Tools,FAMILY,Approved 649,Coates_K2_Road2_Retraction_Resolved_649_Thumbnails_001.zip,800,800,JPEG,74121,d55bcad012cb5376acfa2211a03c04874f71ac5d5d583011bfff7415092f779d
HAMMERRUBBER,HAMMERRUBBER.jpg,Hammer - Rubber,Hammer | rubber,Hand Tools,FAMILY,Approved 649,Coates_K2_Road2_Retraction_Resolved_649_Thumbnails_001.zip,800,800,JPEG,73603,ac194cd3473eff42acb906f3a64438c434803adb8f564c1e59cceeb172050fcd
HAMMERSSLEDGE10LB,HAMMERSSLEDGE10LB.jpg,Hammer - Sledge 10lb,Hammer | sledge,Hand Tools,FAMILY,Approved 649,Coates_K2_Road2_Retraction_Resolved_649_Thumbnails_001.zip,800,800,JPEG,79614,204aa1b553baa39eebe9d54ece2b9ec5dc777707c5e85fefe438e807771d22cf
HAMMERSLEDGE14LB,HAMMERSLEDGE14LB.jpg,Hammer - Sledge 14Lb,Hammer | sledge,Hand Tools,FAMILY,Approved 649,Coates_K2_Road2_Retraction_Resolved_649_Thumbnails_001.zip,800,800,JPEG,79614,204aa1b553baa39eebe9d54ece2b9ec5dc777707c5e85fefe438e807771d22cf
HAMMERSLEDGE4LB,HAMMERSLEDGE4LB.jpg,Hammer - Sledge 4Lb,Hammer | sledge,Hand Tools,FAMILY,Approved 649,Coates_K2_Road2_Retraction_Resolved_649_Thumbnails_001.zip,800,800,JPEG,79614,204aa1b553baa39eebe9d54ece2b9ec5dc777707c5e85fefe438e807771d22cf
HAMMERSLEDGE8LB,HAMMERSLEDGE8LB.jpg,Hammer - Sledge 8Lb,Hammer | sledge,Hand Tools,FAMILY,Approved 649,Coates_K2_Road2_Retraction_Resolved_649_Thumbnails_001.zip,800,800,JPEG,79614,204aa1b553baa39eebe9d54ece2b9ec5dc777707c5e85fefe438e807771d22cf
ORANGEMALLETS5LB,ORANGEMALLETS5LB.jpg,ORANGE MALLETS 5LB,Hammer,Hand Tools,FAMILY,Approved 649,Coates_K2_Road2_Retraction_Resolved_649_Thumbnails_001.zip,800,800,JPEG,81702,7e8978ea97d512b6bd111006b5d87dc3cfff93212d9093bb1af0e918fa9cdd16
ORANGEMALLETS8LB,ORANGEMALLETS8LB.jpg,ORANGE MALLETS 8LB,Hammer,Hand Tools,FAMILY,Approved 649,Coates_K2_Road2_Retraction_Resolved_649_Thumbnails_001.zip,800,800,JPEG,81702,7e8978ea97d512b6bd111006b5d87dc3cfff93212d9093bb1af0e918fa9cdd16
PINPUNCHSETLONG,PINPUNCHSETLONG.jpg,Pin Punch Set - Long,Other - pin punch,Hand Tools,FAMILY,Approved 649,Coates_K2_Road2_Retraction_Resolved_649_Thumbnails_001.zip,800,800,JPEG,81504,67d30f5b426dd95aede8ebe49136048adfdb25c74792d84ae7e01f697520ee68
PIPECLAMP1IN-2IN,PIPECLAMP1IN-2IN.jpg,Pipe Clamp 1in - 2in,Industrial Tools & Equipment,Hand Tools,FAMILY,Render GO 522,Coates_K2_Render_GO_522_Thumbnails_002.zip,800,800,JPEG,80984,f325928512933a21422e8f3be8c88f245e42272565cc4a997ab3f72f0d2da29b
PIPECLAMP1IN-3IN,PIPECLAMP1IN-3IN.jpg,Pipe Clamp 1in - 3in,Industrial Tools & Equipment,Hand Tools,FAMILY,Render GO 522,Coates_K2_Render_GO_522_Thumbnails_002.zip,800,800,JPEG,80984,f325928512933a21422e8f3be8c88f245e42272565cc4a997ab3f72f0d2da29b
PIPECLAMP2IN-6IN,PIPECLAMP2IN-6IN.jpg,Pipe Clamp 2in - 6in,Industrial Tools & Equipment,Hand Tools,FAMILY,Render GO 522,Coates_K2_Render_GO_522_Thumbnails_002.zip,800,800,JPEG,80984,f325928512933a21422e8f3be8c88f245e42272565cc4a997ab3f72f0d2da29b
PIPECLAMP254TO915MMSS,PIPECLAMP254TO915MMSS.jpg,Pipe Clamp Stainless - 254mm - 915mm - Dearmon,Tools & Equipment,Hand Tools,FAMILY,Render GO 522,Coates_K2_Render_GO_522_Thumbnails_002.zip,800,800,JPEG,81337,c5a7b227f4eb03de8b4e26a9572507b248738e3454c9c2d8f9b841f1875a9a4e
PLIERSCIRCLIPEXT,PLIERSCIRCLIPEXT.jpg,Pliers - Circlip - External,Pliers | circlip,Hand Tools,FAMILY,Approved 649,Coates_K2_Road2_Retraction_Resolved_649_Thumbnails_001.zip,800,800,JPEG,75208,b7e1f0b3a0235758ac76e75281b97082e7332878aa749dae5e078f8a110ba5f7
PLIERSCIRCLIPINT,PLIERSCIRCLIPINT.jpg,Pliers - Circlip internal,Pliers | circlip,Hand Tools,FAMILY,Approved 649,Coates_K2_Road2_Retraction_Resolved_649_Thumbnails_001.zip,800,800,JPEG,79064,b1016838b954bb74030f5e4cff84789cf32afbf86fdd3ede4e9a2e5aad31020d
PLIERSCOMBINATION200,PLIERSCOMBINATION200.jpg,Pliers - Combination 200mm,Pliers,Hand Tools,FAMILY,Approved 649,Coates_K2_Road2_Retraction_Resolved_649_Thumbnails_001.zip,800,800,JPEG,78451,648e9d1a6b6de9ad03e2115ad773b079fc36ec35077a7cd8d4292fe25c6eab22
PLIERSCRIMPING,PLIERSCRIMPING.jpg,Pliers - Crimping,Pliers | crimp,Hand Tools,FAMILY,Approved 649,Coates_K2_Road2_Retraction_Resolved_649_Thumbnails_001.zip,800,800,JPEG,72609,09f269c3bbc03fc774ba4a70d590518e57abbfc8e04772585a18e16186a15a1f
PLIERSLOCKWIRETWIST230MM,PLIERSLOCKWIRETWIST230MM.jpg,Pliers - Lockwire Twisting - 230mm,Pliers,Hand Tools,FAMILY,Approved 649,Coates_K2_Road2_Retraction_Resolved_649_Thumbnails_001.zip,800,800,JPEG,78681,d650a4d84d6ea35db9345c9a9949739e0b0437016de38f42dc0093ff7114a537
PLIERSLONGNOSE,PLIERSLONGNOSE.jpg,Pliers - Long Nose,Pliers | long nose,Hand Tools,FAMILY,Approved 649,Coates_K2_Road2_Retraction_Resolved_649_Thumbnails_001.zip,800,800,JPEG,76430,81ccb5683dc9903a6051f17f1c05dbe221d62d54766395396b89c479072c048c
PLIERSMULTIGRIP,PLIERSMULTIGRIP.jpg,Pliers - Multi Grip,Pliers | multi grip,Hand Tools,FAMILY,Approved 649,Coates_K2_Road2_Retraction_Resolved_649_Thumbnails_001.zip,800,800,JPEG,77887,f5f35fbba608229a0a7aed1084f109b6846f350b916c9e2c6d26dab39b86501b
PLIERSVICEGRIP,PLIERSVICEGRIP.jpg,Pliers - Vice Grip,Pliers | vice grip,Hand Tools,FAMILY,Approved 649,Coates_K2_Road2_Retraction_Resolved_649_Thumbnails_001.zip,800,800,JPEG,81303,a61bf3914f1586f8bdc044b364e91cd52fee8d062e25bc9ac79616f97d9a639e
PLIERSWIRESTRIPPING,PLIERSWIRESTRIPPING.jpg,Pliers - Wire Strippers,Pliers | wire strip,Hand Tools,FAMILY,Approved 649,Coates_K2_Road2_Retraction_Resolved_649_Thumbnails_001.zip,800,800,JPEG,80916,270a3694620ecec9ef5ad23e00f9c632fac93863d958aed4bc253ef8d056460e
PUNCHPINSET,PUNCHPINSET.jpg,Punch - Pin Set,Other - punch pin,Hand Tools,FAMILY,Approved 649,Coates_K2_Road2_Retraction_Resolved_649_Thumbnails_001.zip,800,800,JPEG,81504,67d30f5b426dd95aede8ebe49136048adfdb25c74792d84ae7e01f697520ee68
QUICKCLAMP300MM,QUICKCLAMP300MM.jpg,Quickclamp - 300mm,G/quick clamp,Hand Tools,FAMILY,Approved 649,Coates_K2_Road2_Retraction_Resolved_649_Thumbnails_001.zip,800,800,JPEG,78091,516096624c05081b8f5f6da66332ac61af829224357aada1d766d35d15959123
QUICKCLAMP500MM,QUICKCLAMP500MM.jpg,Quickclamp - 500mm,G/quick clamp,Hand Tools,FAMILY,Approved 649,Coates_K2_Road2_Retraction_Resolved_649_Thumbnails_001.zip,800,800,JPEG,78091,516096624c05081b8f5f6da66332ac61af829224357aada1d766d35d15959123
QUICKCLAMP600MM,QUICKCLAMP600MM.jpg,Quickclamp - 600mm,G/quick clamp,Hand Tools,FAMILY,Approved 649,Coates_K2_Road2_Retraction_Resolved_649_Thumbnails_001.zip,800,800,JPEG,78091,516096624c05081b8f5f6da66332ac61af829224357aada1d766d35d15959123
SASHCLAMP400MM,SASHCLAMP400MM.jpg,Sash Clamp 400mm,Other - sash clamp,Hand Tools,FAMILY,Approved 649,Coates_K2_Road2_Retraction_Resolved_649_Thumbnails_001.zip,800,800,JPEG,79258,bf61b271d37aa641fececc9c37fe3f503e60139dc7212bb2af2bd5ece21c45e4
SCEWDRIVE1KV100,SCEWDRIVE1KV100.jpg,Screw Driver - 1000v - 100mm,Screwdriver,Hand Tools,FAMILY,Approved 649,Coates_K2_Road2_Retraction_Resolved_649_Thumbnails_001.zip,800,800,JPEG,81724,51aad888d3521944c46dcc8c0e00c1d7f4e25c995bfaca0f970b7d96476d2dbb
SCREWDRIVERPHILIPSHEAD,SCREWDRIVERPHILIPSHEAD.jpg,Screwdriver - Phillips Head,Screwdriver | Phillips,Hand Tools,FAMILY,Approved 649,Coates_K2_Road2_Retraction_Resolved_649_Thumbnails_001.zip,800,800,JPEG,78928,5b41051b23d1c0fcaa7b4ef443f7c35ee2d9fcda149114b0bd1b11356b3581b6
SCREWDRIVERINSULFLAT,SCREWDRIVERINSULFLAT.jpg,Screwdriver - insulated - Flat,Screwdriver | Insulated | Flat,Hand Tools,FAMILY,Approved 649,Coates_K2_Road2_Retraction_Resolved_649_Thumbnails_001.zip,800,800,JPEG,80681,b1ba6d0ceddd6f1cdbf894a5ee01276fffad3644b86d5f3f1460c7defbae2d13
SCREWDRIVERINSULPHILLIPS,SCREWDRIVERINSULPHILLIPS.jpg,Screwdriver - insulated - Phillips,Screwdriver | Insulated | Phillips,Hand Tools,FAMILY,Approved 649,Coates_K2_Road2_Retraction_Resolved_649_Thumbnails_001.zip,800,800,JPEG,81724,51aad888d3521944c46dcc8c0e00c1d7f4e25c995bfaca0f970b7d96476d2dbb
SLIDEHAMPUL18P,SLIDEHAMPUL18P.jpg,Slide Hammer Puller Set 18 Piece,Industrial Tools & Equipment,Hand Tools,FAMILY,Render GO 522,Coates_K2_Render_GO_522_Thumbnails_002.zip,800,800,JPEG,81612,e541b59f609823d7b28ad91f9137b810dd7cff7be6e6975c94c1cecdb6dc6090
WADPUNCHSET14-19MM,WADPUNCHSET14-19MM.jpg,Wad Punch - 14 - 19mm,Industrial Tools & Equipment,Hand Tools,FAMILY,Render GO 522,Coates_K2_Render_GO_522_Thumbnails_003.zip,800,800,JPEG,79596,9867cf060aa735a0fc1eeefe1597f1423f3619af2ed17919c828e288009fc8ab
WOODCHISEL12MM,WOODCHISEL12MM.jpg,Wood Chisel 12MM,Other - wood chisel,Hand Tools,FAMILY,Approved 649,Coates_K2_Road2_Retraction_Resolved_649_Thumbnails_003.zip,800,800,JPEG,73814,ef3c58290d01f51aef411252edd5102c458ee9d3099578dce58ff2e2c98448ef
WOODCHISEL18MM,WOODCHISEL18MM.jpg,Wood Chisel 18MM,Other - wood chisel,Hand Tools,FAMILY,Approved 649,Coates_K2_Road2_Retraction_Resolved_649_Thumbnails_003.zip,800,800,JPEG,73814,ef3c58290d01f51aef411252edd5102c458ee9d3099578dce58ff2e2c98448ef
WOODCHISEL25MM,WOODCHISEL25MM.jpg,Wood Chisel 25MM,Other - wood chisel,Hand Tools,FAMILY,Approved 649,Coates_K2_Road2_Retraction_Resolved_649_Thumbnails_003.zip,800,800,JPEG,73814,ef3c58290d01f51aef411252edd5102c458ee9d3099578dce58ff2e2c98448ef
HYDCYL10T,HYDCYL10T.jpg,Hydraulic Cylinder - 10t,"Lift, Shift & Propping",Hydraulics,FAMILY,Render GO 522,Coates_K2_Render_GO_522_Thumbnails_002.zip,800,800,JPEG,79611,a2a87bc0c857353c337d61df06a28c05bb7347bea7402055d76933b5bd30e065
HYDCYL20T,HYDCYL20T.jpg,Hydraulic Cylinder - 20t,"Lift, Shift & Propping",Hydraulics,FAMILY,Render GO 522,Coates_K2_Render_GO_522_Thumbnails_002.zip,800,800,JPEG,79611,a2a87bc0c857353c337d61df06a28c05bb7347bea7402055d76933b5bd30e065
HYDCYL30TFJ13MM,HYDCYL30TFJ13MM.jpg,Hydraulic Cylinder - Flat Jack Cylinder 30t/13mm Stroke,"Lift, Shift & Propping",Hydraulics,FAMILY,Render GO 522,Coates_K2_Render_GO_522_Thumbnails_002.zip,800,800,JPEG,80217,836a0d0d71b2d3d584adb528e122b4f6c9013d6de4b73fa461b27c6f49769f87
HYDCYL90TFJ16MM,HYDCYL90TFJ16MM.jpg,Hydraulic Cylinder - Flat Jack Cylinder 90t/16mm Stroke,"Lift, Shift & Propping",Hydraulics,FAMILY,Render GO 522,Coates_K2_Render_GO_522_Thumbnails_002.zip,800,800,JPEG,80217,836a0d0d71b2d3d584adb528e122b4f6c9013d6de4b73fa461b27c6f49769f87
HYDCYL10TGP,HYDCYL10TGP.jpg,Hydraulic Cylinder - General Purpose Cylinder 10t,"Lift, Shift & Propping",Hydraulics,FAMILY,Render GO 522,Coates_K2_Render_GO_522_Thumbnails_002.zip,800,800,JPEG,79611,a2a87bc0c857353c337d61df06a28c05bb7347bea7402055d76933b5bd30e065
HYDCYL10TGP105MM,HYDCYL10TGP105MM.jpg,Hydraulic Cylinder - General Purpose Cylinder 10t/105mm Stroke,"Lift, Shift & Propping",Hydraulics,FAMILY,Render GO 522,Coates_K2_Render_GO_522_Thumbnails_002.zip,800,800,JPEG,79611,a2a87bc0c857353c337d61df06a28c05bb7347bea7402055d76933b5bd30e065
HYDCYL10TGP203MM,HYDCYL10TGP203MM.jpg,Hydraulic Cylinder - General Purpose Cylinder 10t/203mm Stroke,"Lift, Shift & Propping",Hydraulics,FAMILY,Render GO 522,Coates_K2_Render_GO_522_Thumbnails_002.zip,800,800,JPEG,79611,a2a87bc0c857353c337d61df06a28c05bb7347bea7402055d76933b5bd30e065
HYDCYL10TGP257MM,HYDCYL10TGP257MM.jpg,Hydraulic Cylinder - General Purpose Cylinder 10t/257mm Stroke,"Lift, Shift & Propping",Hydraulics,FAMILY,Render GO 522,Coates_K2_Render_GO_522_Thumbnails_002.zip,800,800,JPEG,79611,a2a87bc0c857353c337d61df06a28c05bb7347bea7402055d76933b5bd30e065
HYDCYL25TGP,HYDCYL25TGP.jpg,Hydraulic Cylinder - General Purpose Cylinder 25t,"Lift, Shift & Propping",Hydraulics,FAMILY,Render GO 522,Coates_K2_Render_GO_522_Thumbnails_002.zip,800,800,JPEG,79611,a2a87bc0c857353c337d61df06a28c05bb7347bea7402055d76933b5bd30e065
HYDCYL20TGP102MM,HYDCYL20TGP102MM.jpg,Hydraulic Cylinder - General Purpose Cylinder 25t/102mm Stroke,"Lift, Shift & Propping",Hydraulics,FAMILY,Render GO 522,Coates_K2_Render_GO_522_Thumbnails_002.zip,800,800,JPEG,79611,a2a87bc0c857353c337d61df06a28c05bb7347bea7402055d76933b5bd30e065
HYDCYL10TLH38MM,HYDCYL10TLH38MM.jpg,Hydraulic Cylinder - Low Height Cylinder 10t/38mm Stroke,"Lift, Shift & Propping",Hydraulics,FAMILY,Render GO 522,Coates_K2_Render_GO_522_Thumbnails_002.zip,800,800,JPEG,81671,467af3a367cf02f7bb752fcb89ce594ae3c37750d6d870297051c96e955641ef
HYDCYL20TLH,HYDCYL20TLH.jpg,Hydraulic Cylinder - Low Height Cylinder 20t,"Lift, Shift & Propping",Hydraulics,FAMILY,Render GO 522,Coates_K2_Render_GO_522_Thumbnails_002.zip,800,800,JPEG,81671,467af3a367cf02f7bb752fcb89ce594ae3c37750d6d870297051c96e955641ef
HYDCYL20TLH45MM,HYDCYL20TLH45MM.jpg,Hydraulic Cylinder - Low Height Cylinder 20t/45mm Stroke,"Lift, Shift & Propping",Hydraulics,FAMILY,Render GO 522,Coates_K2_Render_GO_522_Thumbnails_002.zip,800,800,JPEG,81671,467af3a367cf02f7bb752fcb89ce594ae3c37750d6d870297051c96e955641ef
HYDCYL30TLH62MM,HYDCYL30TLH62MM.jpg,Hydraulic Cylinder - Low Height Cylinder 30t / 62mm Stroke,"Lift, Shift & Propping",Hydraulics,FAMILY,Render GO 522,Coates_K2_Render_GO_522_Thumbnails_002.zip,800,800,JPEG,81671,467af3a367cf02f7bb752fcb89ce594ae3c37750d6d870297051c96e955641ef
HYDCYL45TLH60MM,HYDCYL45TLH60MM.jpg,Hydraulic Cylinder - Low Height Cylinder 45t / 60mm Stroke,"Lift, Shift & Propping",Hydraulics,FAMILY,Render GO 522,Coates_K2_Render_GO_522_Thumbnails_002.zip,800,800,JPEG,81671,467af3a367cf02f7bb752fcb89ce594ae3c37750d6d870297051c96e955641ef
HYDCYL90TLH57MM,HYDCYL90TLH57MM.jpg,Hydraulic Cylinder - Low Height Cylinder 90t/57mm Stroke,"Lift, Shift & Propping",Hydraulics,FAMILY,Render GO 522,Coates_K2_Render_GO_522_Thumbnails_002.zip,800,800,JPEG,81671,467af3a367cf02f7bb752fcb89ce594ae3c37750d6d870297051c96e955641ef
HYDCYL100TPC50MM,HYDCYL100TPC50MM.jpg,Hydraulic Cylinder - Pancake Cylinder 100t/50mm Stroke,"Lift, Shift & Propping",Hydraulics,FAMILY,Render GO 522,Coates_K2_Render_GO_522_Thumbnails_002.zip,800,800,JPEG,76408,2346b83fd992172fddf8bf91e8a8c3b1c8d87d15ae6a01141b3630c96cd47b89
HYDCYLPUMPELECZU4408JE,HYDCYLPUMPELECZU4408JE.jpg,Hydraulic Cylinder Pump - Electric 240V - Zu4408je,"Lift, Shift & Propping",Hydraulics,FAMILY,Render GO 522,Coates_K2_Render_GO_522_Thumbnails_002.zip,800,800,JPEG,79068,62cf05a503105dfcc3b1a3305a50745aa111e6d7643d7952e251bfa65d0ac063
HYDCYLPUMPMANP80,HYDCYLPUMPMANP80.jpg,Hydraulic Cylinder Pump - Hand Pump 2 Speed - P80,"Lift, Shift & Propping",Hydraulics,FAMILY,Render GO 522,Coates_K2_Render_GO_522_Thumbnails_002.zip,800,800,JPEG,81801,908f74f711c68944dd97820f77f7e2223dd080a5b8608fe9e6bd837acb0fad9d
HYDCYLPUMPSA240V,HYDCYLPUMPSA240V.jpg,Hydraulic Cylinder Pump Single Acting Electric,"Lift, Shift & Propping",Hydraulics,FAMILY,Render GO 522,Coates_K2_Render_GO_522_Thumbnails_002.zip,800,800,JPEG,79068,62cf05a503105dfcc3b1a3305a50745aa111e6d7643d7952e251bfa65d0ac063
HOSESHYDRAULIC,HOSESHYDRAULIC.jpg,Hydraulic Hoses,"Lift, Shift & Propping",Hydraulics,FAMILY,Render GO 522,Coates_K2_Render_GO_522_Thumbnails_002.zip,800,800,JPEG,79688,495140cbaf7aa782f81ecb66d7d0677f230b6391e403ee334fe9a8ff0ec47af4
HYDTORQUEHOSE,HYDTORQUEHOSE.jpg,Hydraulic Torque Hose Set - 6M x 10000 PSI,Industrial Tools & Equipment,Hydraulics,FAMILY,Render GO 522,Coates_K2_Render_GO_522_Thumbnails_002.zip,800,800,JPEG,80147,350f0656e1259c4ab222e59f0a8bd23d16e6b232aca5d6c39ddaf420d8d4a538
HYDTORQUEPUMPELEC,HYDTORQUEPUMPELEC.jpg,Hydraulic Torque Pump - Electric 240V,Industrial Tools & Equipment,Hydraulics,FAMILY,Render GO 522,Coates_K2_Render_GO_522_Thumbnails_002.zip,800,800,JPEG,81084,422af760d39f21f1a8c6d91f48e461bd83bdf09d1721332e55a368397434f20f
HYDTORQPUMPELECTQ700E,HYDTORQPUMPELECTQ700E.jpg,Hydraulic Torque Pump - Electric 240v - TQ700E,"Lift, Shift & Propping",Hydraulics,FAMILY,Render GO 522,Coates_K2_Render_GO_522_Thumbnails_002.zip,800,800,JPEG,81084,422af760d39f21f1a8c6d91f48e461bd83bdf09d1721332e55a368397434f20f
HYDTORQUEWR1-1/2D6010,HYDTORQUEWR1-1_2D6010.jpg,"Hydraulic Torque Wrench -  1 1/2"" Square Drive - 6,010 ftlbs",Industrial Tools & Equipment,Hydraulics,FAMILY,Render GO 522,Coates_K2_Render_GO_522_Thumbnails_002.zip,800,800,JPEG,80941,8b975a919263c21fc241b2de31a28a6a10a7be233f8e8b9d2b45c383782fe267
HYDTORQUEWR1D3300,HYDTORQUEWR1D3300.jpg,Hydraulic Torque Wrench - 1inch Square Drive - 3300ftlb,Industrial Tools & Equipment,Hydraulics,FAMILY,Render GO 522,Coates_K2_Render_GO_522_Thumbnails_002.zip,800,800,JPEG,80941,8b975a919263c21fc241b2de31a28a6a10a7be233f8e8b9d2b45c383782fe267
HYDTORQUEWRACT2000,HYDTORQUEWRACT2000.jpg,Hydraulic Torque Wrench - Actuator - 2000ftlb,Industrial Tools & Equipment,Hydraulics,FAMILY,Render GO 522,Coates_K2_Render_GO_522_Thumbnails_002.zip,800,800,JPEG,79382,204a549ecfef91db2b091794a580cf140d2cbc6832a3fe41be28c52b2b60956f
HYDTORQUEWRACT4000,HYDTORQUEWRACT4000.jpg,Hydraulic Torque Wrench - Actuator - 4000ftlb,Industrial Tools & Equipment,Hydraulics,FAMILY,Render GO 522,Coates_K2_Render_GO_522_Thumbnails_002.zip,800,800,JPEG,79382,204a549ecfef91db2b091794a580cf140d2cbc6832a3fe41be28c52b2b60956f
HYDTORQUEWRCAS32MM2000,HYDTORQUEWRCAS32MM2000.jpg,Hydraulic Torque Wrench - Cassette - 32mm - 2000ftlb,Industrial Tools & Equipment,Hydraulics,FAMILY,Render GO 522,Coates_K2_Render_GO_522_Thumbnails_002.zip,800,800,JPEG,81557,fa92008c79c669ee33b3e9c050613cd44829e4716678518989393a85c418b789
HYDTORQUEWRCAS36MM2000,HYDTORQUEWRCAS36MM2000.jpg,Hydraulic Torque Wrench - Cassette - 36 - 37mm - 2000ftlb,Industrial Tools & Equipment,Hydraulics,FAMILY,Render GO 522,Coates_K2_Render_GO_522_Thumbnails_002.zip,800,800,JPEG,81557,fa92008c79c669ee33b3e9c050613cd44829e4716678518989393a85c418b789
HYDTORQUEWRCAS41MM2000,HYDTORQUEWRCAS41MM2000.jpg,Hydraulic Torque Wrench - Cassette - 41mm - 2000ftlb,Industrial Tools & Equipment,Hydraulics,FAMILY,Render GO 522,Coates_K2_Render_GO_522_Thumbnails_002.zip,800,800,JPEG,81557,fa92008c79c669ee33b3e9c050613cd44829e4716678518989393a85c418b789
HYDTORQUEWRCAS46MM2000,HYDTORQUEWRCAS46MM2000.jpg,Hydraulic Torque Wrench - Cassette - 46mm - 2000ftlb,Industrial Tools & Equipment,Hydraulics,FAMILY,Render GO 522,Coates_K2_Render_GO_522_Thumbnails_002.zip,800,800,JPEG,81557,fa92008c79c669ee33b3e9c050613cd44829e4716678518989393a85c418b789
HYDTORQUEWRCAS50MM2000,HYDTORQUEWRCAS50MM2000.jpg,Hydraulic Torque Wrench - Cassette - 50 - 51mm - 2000ftlb,Industrial Tools & Equipment,Hydraulics,FAMILY,Render GO 522,Coates_K2_Render_GO_522_Thumbnails_002.zip,800,800,JPEG,81557,fa92008c79c669ee33b3e9c050613cd44829e4716678518989393a85c418b789
HYDTORQUEWRCAS55MM2000,HYDTORQUEWRCAS55MM2000.jpg,Hydraulic Torque Wrench - Cassette - 55 - 56mm - 2000ftlb,Industrial Tools & Equipment,Hydraulics,FAMILY,Render GO 522,Coates_K2_Render_GO_522_Thumbnails_002.zip,800,800,JPEG,81557,fa92008c79c669ee33b3e9c050613cd44829e4716678518989393a85c418b789
HYDTORQUEWRCAS70MM4000,HYDTORQUEWRCAS70MM4000.jpg,Hydraulic Torque Wrench - Cassette - 70mm - 4000ftlb,Industrial Tools & Equipment,Hydraulics,FAMILY,Render GO 522,Coates_K2_Render_GO_522_Thumbnails_002.zip,800,800,JPEG,81557,fa92008c79c669ee33b3e9c050613cd44829e4716678518989393a85c418b789
HYDWEDGE0.75T,HYDWEDGE0.75T.jpg,Hydraulic Wedge Cylinder 0.75t,"Lift, Shift & Propping",Hydraulics,FAMILY,Render GO 522,Coates_K2_Render_GO_522_Thumbnails_002.zip,800,800,JPEG,81226,215503bb3f5a5b785ac8980346342b555c1cadca82c5ca3367f0b252cb0677fa
LADDERPLATFORMGLASS0.86M,LADDERPLATFORMGLASS0.86M.jpg,Ladder - Platform Step Fibreglass 0.86M,Ladders & Scaffold,Ladders & Access,FAMILY,Render GO 522,Coates_K2_Render_GO_522_Thumbnails_002.zip,800,800,JPEG,78920,5a3cd62eb12b70e394859e9a4b8ba3d540eb8c10eb28735f025cb7c9a7f68fcb
LADDERPLATFORMGLASS1.2M,LADDERPLATFORMGLASS1.2M.jpg,Ladder - Platform Step Fibreglass 1.2M,Ladders & Scaffold,Ladders & Access,FAMILY,Render GO 522,Coates_K2_Render_GO_522_Thumbnails_002.zip,800,800,JPEG,78920,5a3cd62eb12b70e394859e9a4b8ba3d540eb8c10eb28735f025cb7c9a7f68fcb
LADDERSTEPFGLASS1.8M(6),LADDERSTEPFGLASS1.8M(6).jpg,Ladder - Step Fibreglass 1.8M,Ladders & Scaffold,Ladders & Access,FAMILY,Render GO 522,Coates_K2_Render_GO_522_Thumbnails_002.zip,800,800,JPEG,76841,4ea599c20bb550f3ad83cca5f7dd02886657274f5886f6d0488e5b39630040e8
SCISSOR19EOP,SCISSOR19EOP.jpg,Scissor Lift With Operator Protection 19ft (5.7m)  Electric - Greener Choice,Access,Ladders & Access,FAMILY,Render GO 522,Coates_K2_Render_GO_522_Thumbnails_002.zip,800,800,JPEG,80365,1e81addc3a11a4dcaf77da05e0a19ff66fd3a8bc9428357418c5d71af2f4b447
SCISSOR32EOP,SCISSOR32EOP.jpg,Scissor Lift With Operator Protection 32ft (9.7m)  Electric,Access,Ladders & Access,FAMILY,Render GO 522,Coates_K2_Render_GO_522_Thumbnails_002.zip,800,800,JPEG,80365,1e81addc3a11a4dcaf77da05e0a19ff66fd3a8bc9428357418c5d71af2f4b447
BOOM105D,BOOM105D.jpg,Straight Boom Lift 32.3m (105ft) Diesel,Access,Ladders & Access,FAMILY,Render GO 522,Coates_K2_Render_GO_522_Thumbnails_001.zip,800,800,JPEG,81034,f4cf41c913846ffe6f68375fbcd12e65c32afecb51526923e0144c7c6c1094cd
ADAPTOR415V32A5PCEECLIP,ADAPTOR415V32A5PCEECLIP.jpg,32 Amp 415V Adaptor 5 Pin for Ceeform to Clipsal,Tools & Equipment,Leads & Power,FAMILY,Render GO 522,Coates_K2_Render_GO_522_Thumbnails_001.zip,800,800,JPEG,78464,67f9fa063d189ec5034f966e705465de3705a79534546c9c4d46e8f38b4474bc
ADAPTOR415V32A5PCLIPCEE,ADAPTOR415V32A5PCLIPCEE.jpg,32 Amp 415V Adaptor 5 Pin for Clipsal to Ceeform,Tools & Equipment,Leads & Power,FAMILY,Render GO 522,Coates_K2_Render_GO_522_Thumbnails_001.zip,800,800,JPEG,77860,be6b689ba2967ab5eaca520622baf3cf8b998b277633301f9f3ebdf53a6a0561
CONVEYOR4ME,CONVEYOR4ME.jpg,Conveyor 240V 4M,"Lift, Shift & Propping",Leads & Power,FAMILY,Render GO 522,Coates_K2_Render_GO_522_Thumbnails_001.zip,800,800,JPEG,79583,93f0d4133cd1c88b47b28a49e67ee64a299ba04202eddfcb433aaf92b3c9cc2f
DISTBOARD,DISTBOARD.jpg,Distribution Board,Generators & Power Distribution,Leads & Power,FAMILY,Render GO 522,Coates_K2_Render_GO_522_Thumbnails_001.zip,800,800,JPEG,79473,04cf2b051101986f46241e7b1743fcbfe9d3d072e01a9e938ff5c9d6c7c1de60
DISTBOARDLIFEGUARD16,DISTBOARDLIFEGUARD16.jpg,Distribution Board Lifeguard 16 (1x32A 8x15A),Generators & Power Distribution,Leads & Power,FAMILY,Render GO 522,Coates_K2_Render_GO_522_Thumbnails_001.zip,800,800,JPEG,80263,c0402805c50f173a04d3a4933fc1a900ad020dc32401dce70d8efad0b60514f3
DISTBOARDLIFEGUARD17,DISTBOARDLIFEGUARD17.jpg,Distribution Board Lifeguard 17,Generators & Power Distribution,Leads & Power,FAMILY,Render GO 522,Coates_K2_Render_GO_522_Thumbnails_001.zip,800,800,JPEG,81732,ddafd8716fdeaf6afd7c12f5913e7538e5834394a1dc1ccf43df9e98c5116238
DISTBOARDLIFEGUARD4-10A,DISTBOARDLIFEGUARD4-10A.jpg,Distribution Board Lifeguard 4 10A,Generators & Power Distribution,Leads & Power,FAMILY,Render GO 522,Coates_K2_Render_GO_522_Thumbnails_001.zip,800,800,JPEG,80400,7e1a5a2d17f56d1dd7ba5e135956f2b124cfa270262eaa291d6e72a0707ed9dc
DISTBOARDLIFEGUARD4-15A,DISTBOARDLIFEGUARD4-15A.jpg,Distribution Board Lifeguard 4 15A,Generators & Power Distribution,Leads & Power,FAMILY,Render GO 522,Coates_K2_Render_GO_522_Thumbnails_001.zip,800,800,JPEG,80400,7e1a5a2d17f56d1dd7ba5e135956f2b124cfa270262eaa291d6e72a0707ed9dc
DISTBOARDLIFEGUARD6-10A,DISTBOARDLIFEGUARD6-10A.jpg,Distribution Board Lifeguard 6 10A,Generators & Power Distribution,Leads & Power,FAMILY,Render GO 522,Coates_K2_Render_GO_522_Thumbnails_001.zip,800,800,JPEG,80973,6f53bed8070552504b441532e1240159273f394b2a664d52f381334e33e11545
DISTBOARDLIFEGUARD6-15A,DISTBOARDLIFEGUARD6-15A.jpg,Distribution Board Lifeguard 6 15A,Generators & Power Distribution,Leads & Power,FAMILY,Render GO 522,Coates_K2_Render_GO_522_Thumbnails_001.zip,800,800,JPEG,80973,6f53bed8070552504b441532e1240159273f394b2a664d52f381334e33e11545
DISTBOARDLIFEGUARDLG34C1,DISTBOARDLIFEGUARDLG34C1.jpg,"Distrubution Outlet Board - 32 A Plug 6x15, 4x10, 1x20 A, Single Phase",Generators & Power Distribution,Leads & Power,FAMILY,Render GO 522,Coates_K2_Render_GO_522_Thumbnails_001.zip,800,800,JPEG,80198,7a39c252dc37bf49c255bd3bb0245c462f6485ce8b6cdcf1f8d528b1fd5c3725
LEADEXT240V10AMP,LEADEXT240V10AMP.jpg,Extension Lead - 240V 10A,Tools & Equipment,Leads & Power,FAMILY,Render GO 522,Coates_K2_Render_GO_522_Thumbnails_002.zip,800,800,JPEG,79909,bab7f11cd63564db2077365ab5a8891be3da8539771a704052e5a089045e3b60
LEADEXT240V15AMP,LEADEXT240V15AMP.jpg,Extension Lead - 240V 15A,Tools & Equipment,Leads & Power,FAMILY,Render GO 522,Coates_K2_Render_GO_522_Thumbnails_002.zip,800,800,JPEG,81215,c6f780c488d2d1206c9a0716b79065881ac39db24bb29a32b01190071a0c0a15
LEADEXT415V5PIN32AMPBRAID,LEADEXT415V5PIN32AMPBRAID.jpg,Extension Lead - 415V 5 Pin 32A 20M - Braided,Tools & Equipment,Leads & Power,FAMILY,Render GO 522,Coates_K2_Render_GO_522_Thumbnails_002.zip,800,800,JPEG,81762,680efc6f96382be899c064347443cfd7ce61c49a89c65d0ed1d97224a36da986
LEADEXT415V5PIN32AMP,LEADEXT415V5PIN32AMP.jpg,Extension Lead - 415V 5 Pin 32A 25M,Tools & Equipment,Leads & Power,FAMILY,Render GO 522,Coates_K2_Render_GO_522_Thumbnails_002.zip,800,800,JPEG,80553,8c210f0d3b806e2583f03856531e0a7a84db09396b830cb83c5b64f552baf23b
EXTLEAD415V5PIN50AMP25M,EXTLEAD415V5PIN50AMP25M.jpg,Extension Lead - 415V 5 Pin 50A 25M,Tools & Equipment,Leads & Power,FAMILY,Render GO 522,Coates_K2_Render_GO_522_Thumbnails_001.zip,800,800,JPEG,81814,ba8e3746950d5ff4f1da442026dcc1b403238b754b7fec8bc509c0fcfec53950
LEADEXT415V63AMP,LEADEXT415V63AMP.jpg,Extension Lead - 415V 63A,Tools & Equipment,Leads & Power,FAMILY,Render GO 522,Coates_K2_Render_GO_522_Thumbnails_002.zip,800,800,JPEG,78830,a80cbd6cbfabb0f3ca6613b32a9f10e3d3acebc5c062fef87cca72e94080d3b3
LEADEXT240V10AMPNEOPRENE,LEADEXT240V10AMPNEOPRENE.jpg,Extension Lead -Neoprene 240V 10A,Tools & Equipment,Leads & Power,FAMILY,Render GO 522,Coates_K2_Render_GO_522_Thumbnails_002.zip,800,800,JPEG,77739,fcc429206ab9f41276df11103db6fe58ece18e09436109d42290ca5a558f0ac0
LEADEXT10A20M,LEADEXT10A20M.jpg,Extension Lead 10A 20m,Tools & Equipment,Leads & Power,FAMILY,Render GO 522,Coates_K2_Render_GO_522_Thumbnails_002.zip,800,800,JPEG,79909,bab7f11cd63564db2077365ab5a8891be3da8539771a704052e5a089045e3b60
LEADSTANDW/FILL,LEADSTANDW_FILL.jpg,Extension Lead Stand Water Filled,Tools & Equipment,Leads & Power,FAMILY,Render GO 522,Coates_K2_Render_GO_522_Thumbnails_002.zip,800,800,JPEG,81116,84df58002182170888f16c324da3ad8c9e4a7c119f641fc16c7454b5987c0c26
GENERATOR100KVAD,GENERATOR100KVAD.jpg,Generator - 100kVA (Diesel),Generators & Power Distribution,Leads & Power,FAMILY,Render GO 522,Coates_K2_Render_GO_522_Thumbnails_001.zip,800,800,JPEG,81761,5f52361d6c3c0e2f9e49a1be46c67e95a88bcb43275abde7e1cc908c77062457
GENERATOR160KVAD,GENERATOR160KVAD.jpg,Generator - 160kVA (Diesel),Generators & Power Distribution,Leads & Power,FAMILY,Render GO 522,Coates_K2_Render_GO_522_Thumbnails_001.zip,800,800,JPEG,81761,5f52361d6c3c0e2f9e49a1be46c67e95a88bcb43275abde7e1cc908c77062457
GENERATOR20KVAD,GENERATOR20KVAD.jpg,Generator - 20kVA (Diesel),Generators & Power Distribution,Leads & Power,FAMILY,Render GO 522,Coates_K2_Render_GO_522_Thumbnails_001.zip,800,800,JPEG,81761,5f52361d6c3c0e2f9e49a1be46c67e95a88bcb43275abde7e1cc908c77062457
GENERATOR30KVAD,GENERATOR30KVAD.jpg,Generator - 30kVA (Diesel),Generators & Power Distribution,Leads & Power,FAMILY,Render GO 522,Coates_K2_Render_GO_522_Thumbnails_001.zip,800,800,JPEG,81761,5f52361d6c3c0e2f9e49a1be46c67e95a88bcb43275abde7e1cc908c77062457
GENERATOR60KVAD,GENERATOR60KVAD.jpg,Generator - 60kVA (Diesel),Generators & Power Distribution,Leads & Power,FAMILY,Render GO 522,Coates_K2_Render_GO_522_Thumbnails_001.zip,800,800,JPEG,81761,5f52361d6c3c0e2f9e49a1be46c67e95a88bcb43275abde7e1cc908c77062457
LEADSTANDMAG,LEADSTANDMAG.jpg,Lead Stand - Magnetic,Tools & Equipment,Leads & Power,FAMILY,Render GO 522,Coates_K2_Render_GO_522_Thumbnails_002.zip,800,800,JPEG,73422,605ae30690269814d7a600d3e771553b00f46743188e9f9aea53d4719d9f2b40
TRANSFORMER32V,TRANSFORMER32V.jpg,Transformer 32V,Tools & Equipment,Leads & Power,FAMILY,Render GO 522,Coates_K2_Render_GO_522_Thumbnails_002.zip,800,800,JPEG,79508,43f3f4878c3fd2cfedc6b209579bf3808343d8f5a15c0daa7444ad925f61c307
BOWSHACKLEALLOY1T,BOWSHACKLEALLOY1T.jpg,Bow - Shackle - Alloy - 1t,"Lift, Shift & Propping",Lifting & Rigging,FAMILY,Render GO 522,Coates_K2_Render_GO_522_Thumbnails_001.zip,800,800,JPEG,77709,2a49f38aa811ae0b8753c051a103085c988baedddf9e4de255b6f8b6a7c271a9
BOWSHACKLEALLOY2T,BOWSHACKLEALLOY2T.jpg,Bow - Shackle - Alloy - 2t,"Lift, Shift & Propping",Lifting & Rigging,FAMILY,Render GO 522,Coates_K2_Render_GO_522_Thumbnails_001.zip,800,800,JPEG,77709,2a49f38aa811ae0b8753c051a103085c988baedddf9e4de255b6f8b6a7c271a9
BOWSHACKLEALLOY4T,BOWSHACKLEALLOY4T.jpg,Bow - Shackle - Alloy - 4t,"Lift, Shift & Propping",Lifting & Rigging,FAMILY,Render GO 522,Coates_K2_Render_GO_522_Thumbnails_001.zip,800,800,JPEG,77709,2a49f38aa811ae0b8753c051a103085c988baedddf9e4de255b6f8b6a7c271a9
BOWSHACKLEALLOY6T,BOWSHACKLEALLOY6T.jpg,Bow - Shackle - Alloy - 6t,"Lift, Shift & Propping",Lifting & Rigging,FAMILY,Render GO 522,Coates_K2_Render_GO_522_Thumbnails_001.zip,800,800,JPEG,77709,2a49f38aa811ae0b8753c051a103085c988baedddf9e4de255b6f8b6a7c271a9
BOWSHACKLEALLOY8T,BOWSHACKLEALLOY8T.jpg,Bow - Shackle - Alloy - 8t,"Lift, Shift & Propping",Lifting & Rigging,FAMILY,Render GO 522,Coates_K2_Render_GO_522_Thumbnails_001.zip,800,800,JPEG,77709,2a49f38aa811ae0b8753c051a103085c988baedddf9e4de255b6f8b6a7c271a9
BOWSHACKLEALLOY9T,BOWSHACKLEALLOY9T.jpg,Bow - Shackle - Alloy - 9t,"Lift, Shift & Propping",Lifting & Rigging,FAMILY,Render GO 522,Coates_K2_Render_GO_522_Thumbnails_001.zip,800,800,JPEG,77709,2a49f38aa811ae0b8753c051a103085c988baedddf9e4de255b6f8b6a7c271a9
BOWSHACKLEALLOY12T,BOWSHACKLEALLOY12T.jpg,Bow Shackle - Alloy - 12t,"Lift, Shift & Propping",Lifting & Rigging,FAMILY,Render GO 522,Coates_K2_Render_GO_522_Thumbnails_001.zip,800,800,JPEG,77709,2a49f38aa811ae0b8753c051a103085c988baedddf9e4de255b6f8b6a7c271a9
BOWSHACKAL3.25T,BOWSHACKAL3.25T.jpg,Bow Shackle - Alloy 3.25t,"Lift, Shift & Propping",Lifting & Rigging,FAMILY,Render GO 522,Coates_K2_Render_GO_522_Thumbnails_001.zip,800,800,JPEG,77709,2a49f38aa811ae0b8753c051a103085c988baedddf9e4de255b6f8b6a7c271a9
CHAINBLOCKAIR1T10M,CHAINBLOCKAIR1T10M.jpg,Chain Block - Air Operated - 1t/10M Drop,"Lift, Shift & Propping",Lifting & Rigging,FAMILY,Render GO 522,Coates_K2_Render_GO_522_Thumbnails_001.zip,800,800,JPEG,79055,0c9617fee5c1053984547288ac12de674b264416157789c8446edc016eb13eeb
CHAINBLOCKAIR1T20M,CHAINBLOCKAIR1T20M.jpg,Chain Block - Air Operated - 1t/20M Drop,"Lift, Shift & Propping",Lifting & Rigging,FAMILY,Render GO 522,Coates_K2_Render_GO_522_Thumbnails_001.zip,800,800,JPEG,79055,0c9617fee5c1053984547288ac12de674b264416157789c8446edc016eb13eeb
CHAINBLOCKAIR2T10M,CHAINBLOCKAIR2T10M.jpg,Chain Block - Air Operated - 2t/10M Drop,"Lift, Shift & Propping",Lifting & Rigging,FAMILY,Render GO 522,Coates_K2_Render_GO_522_Thumbnails_001.zip,800,800,JPEG,79055,0c9617fee5c1053984547288ac12de674b264416157789c8446edc016eb13eeb
CHAINBLOCKAIR2T15M,CHAINBLOCKAIR2T15M.jpg,Chain Block - Air Operated - 2t/15M Drop,"Lift, Shift & Propping",Lifting & Rigging,FAMILY,Render GO 522,Coates_K2_Render_GO_522_Thumbnails_001.zip,800,800,JPEG,79055,0c9617fee5c1053984547288ac12de674b264416157789c8446edc016eb13eeb
CHAINBLOCKAIR2T20M,CHAINBLOCKAIR2T20M.jpg,Chain Block - Air Operated - 2t/20M Drop,"Lift, Shift & Propping",Lifting & Rigging,FAMILY,Render GO 522,Coates_K2_Render_GO_522_Thumbnails_001.zip,800,800,JPEG,79055,0c9617fee5c1053984547288ac12de674b264416157789c8446edc016eb13eeb
CHAINBLOCKAIR6T15M,CHAINBLOCKAIR6T15M.jpg,Chain Block - Air Operated - 6T/15M Drop,"Lift, Shift & Propping",Lifting & Rigging,FAMILY,Render GO 522,Coates_K2_Render_GO_522_Thumbnails_001.zip,800,800,JPEG,79055,0c9617fee5c1053984547288ac12de674b264416157789c8446edc016eb13eeb
CHAINBLOCKMAN1T3M,CHAINBLOCKMAN1T3M.jpg,Chain Block - Manual - 1.0t/3M Drop,"Lift, Shift & Propping",Lifting & Rigging,FAMILY,Render GO 522,Coates_K2_Render_GO_522_Thumbnails_001.zip,800,800,JPEG,80005,f03c66673942572e9e2542dd243d51b4ce5784306466dd5db2a9d1e004aa2795
CHAINBLOCKMAN1T6M,CHAINBLOCKMAN1T6M.jpg,Chain Block - Manual - 1.0t/6M Drop,"Lift, Shift & Propping",Lifting & Rigging,FAMILY,Render GO 522,Coates_K2_Render_GO_522_Thumbnails_001.zip,800,800,JPEG,80005,f03c66673942572e9e2542dd243d51b4ce5784306466dd5db2a9d1e004aa2795
CHAINBLOCKMAN10T6M,CHAINBLOCKMAN10T6M.jpg,Chain Block - Manual - 10.0t/6M Drop,"Lift, Shift & Propping",Lifting & Rigging,FAMILY,Render GO 522,Coates_K2_Render_GO_522_Thumbnails_001.zip,800,800,JPEG,80005,f03c66673942572e9e2542dd243d51b4ce5784306466dd5db2a9d1e004aa2795
CHAINBLOCKMAN2T6M,CHAINBLOCKMAN2T6M.jpg,Chain Block - Manual - 2.0t/6M Drop,"Lift, Shift & Propping",Lifting & Rigging,FAMILY,Render GO 522,Coates_K2_Render_GO_522_Thumbnails_001.zip,800,800,JPEG,80005,f03c66673942572e9e2542dd243d51b4ce5784306466dd5db2a9d1e004aa2795
CHAINBLOCKMAN3T3M,CHAINBLOCKMAN3T3M.jpg,Chain Block - Manual - 3.0t/3M Drop,"Lift, Shift & Propping",Lifting & Rigging,FAMILY,Render GO 522,Coates_K2_Render_GO_522_Thumbnails_001.zip,800,800,JPEG,80005,f03c66673942572e9e2542dd243d51b4ce5784306466dd5db2a9d1e004aa2795
CHAINBLOCKMAN3T6M,CHAINBLOCKMAN3T6M.jpg,Chain Block - Manual - 3.0t/6M Drop,"Lift, Shift & Propping",Lifting & Rigging,FAMILY,Render GO 522,Coates_K2_Render_GO_522_Thumbnails_001.zip,800,800,JPEG,80005,f03c66673942572e9e2542dd243d51b4ce5784306466dd5db2a9d1e004aa2795
CHAINBLOCKMAN5T3M,CHAINBLOCKMAN5T3M.jpg,Chain Block - Manual - 5.0t/3M Drop,"Lift, Shift & Propping",Lifting & Rigging,FAMILY,Render GO 522,Coates_K2_Render_GO_522_Thumbnails_001.zip,800,800,JPEG,80005,f03c66673942572e9e2542dd243d51b4ce5784306466dd5db2a9d1e004aa2795
CHAINBLOCKMAN5T6M,CHAINBLOCKMAN5T6M.jpg,Chain Block - Manual - 5.0t/6M Drop,"Lift, Shift & Propping",Lifting & Rigging,FAMILY,Render GO 522,Coates_K2_Render_GO_522_Thumbnails_001.zip,800,800,JPEG,80005,f03c66673942572e9e2542dd243d51b4ce5784306466dd5db2a9d1e004aa2795
12EYEBOLT,12EYEBOLT.jpg,"Eye Bolt BS529 , 1/2mm, Whitworth Sizing, Pitch, 0.0833mm, WLL 0.5t 4",Coates Equipment,Lifting & Rigging,FAMILY,Render GO 522,Coates_K2_Render_GO_522_Thumbnails_001.zip,800,800,JPEG,79293,fe270a1ae6b852ec50a40112bcab198ff1224a1e0665db6f31682b4a2bc5205a
EYEBOLTBS52912MMWHITWORTHSIZINGPITCH0083,EYEBOLTBS52912MMWHITWORTHSIZINGPITCH0083.jpg,"Eye Bolt BS529 , 1/2mm, Whitworth Sizing, Pitch, 0.0833mm, WLL 0.5t 4",Coates Equipment,Lifting & Rigging,FAMILY,Render GO 522,Coates_K2_Render_GO_522_Thumbnails_001.zip,800,800,JPEG,79293,fe270a1ae6b852ec50a40112bcab198ff1224a1e0665db6f31682b4a2bc5205a
1EYEBOLT,1EYEBOLT.jpg,"Eye Bolt BS529 , 1mm, Whitworth Sizing, Pitch, 0.1429mm, WLL 2.8t",Coates Equipment,Lifting & Rigging,FAMILY,Render GO 522,Coates_K2_Render_GO_522_Thumbnails_001.zip,800,800,JPEG,79293,fe270a1ae6b852ec50a40112bcab198ff1224a1e0665db6f31682b4a2bc5205a
EYEBOLTBS5291MMWHITWORTHSIZINGPITCH01429,EYEBOLTBS5291MMWHITWORTHSIZINGPITCH01429.jpg,"Eye Bolt BS529 , 1mm, Whitworth Sizing, Pitch, 0.1429mm, WLL 2.8t",Coates Equipment,Lifting & Rigging,FAMILY,Render GO 522,Coates_K2_Render_GO_522_Thumbnails_001.zip,800,800,JPEG,79293,fe270a1ae6b852ec50a40112bcab198ff1224a1e0665db6f31682b4a2bc5205a
34EYEBOLT,34EYEBOLT.jpg,"Eye Bolt BS529 , 3/4mm, Whitworth Sizing, Pitch, 0.1mm, WLL 1.4t",Coates Equipment,Lifting & Rigging,FAMILY,Render GO 522,Coates_K2_Render_GO_522_Thumbnails_001.zip,800,800,JPEG,79293,fe270a1ae6b852ec50a40112bcab198ff1224a1e0665db6f31682b4a2bc5205a
EYEBOLTBS52934MMWHITWORTHSIZINGPITCH01MM,EYEBOLTBS52934MMWHITWORTHSIZINGPITCH01MM.jpg,"Eye Bolt BS529 , 3/4mm, Whitworth Sizing, Pitch, 0.1mm, WLL 1.4t",Coates Equipment,Lifting & Rigging,FAMILY,Render GO 522,Coates_K2_Render_GO_522_Thumbnails_001.zip,800,800,JPEG,79293,fe270a1ae6b852ec50a40112bcab198ff1224a1e0665db6f31682b4a2bc5205a
38EYEBOLT,38EYEBOLT.jpg,"Eye Bolt BS529 , 3/8mm, Whitworth Sizing, Pitch, 0.0625mm, WLL 0.3t",Coates Equipment,Lifting & Rigging,FAMILY,Render GO 522,Coates_K2_Render_GO_522_Thumbnails_001.zip,800,800,JPEG,79293,fe270a1ae6b852ec50a40112bcab198ff1224a1e0665db6f31682b4a2bc5205a
EYEBOLTBS52938MMWHITWORTHSIZINGPITCH0062,EYEBOLTBS52938MMWHITWORTHSIZINGPITCH0062.jpg,"Eye Bolt BS529 , 3/8mm, Whitworth Sizing, Pitch, 0.0625mm, WLL 0.3t",Coates Equipment,Lifting & Rigging,FAMILY,Render GO 522,Coates_K2_Render_GO_522_Thumbnails_001.zip,800,800,JPEG,79293,fe270a1ae6b852ec50a40112bcab198ff1224a1e0665db6f31682b4a2bc5205a
58EYEBOLT,58EYEBOLT.jpg,"Eye Bolt BS529 , 5/8mm, Whitworth Sizing, Pitch, 0.0909mm, WLL 0.9t 4",Coates Equipment,Lifting & Rigging,FAMILY,Render GO 522,Coates_K2_Render_GO_522_Thumbnails_001.zip,800,800,JPEG,79293,fe270a1ae6b852ec50a40112bcab198ff1224a1e0665db6f31682b4a2bc5205a
EYEBOLTBS52958MMWHITWORTHSIZINGPITCH0090,EYEBOLTBS52958MMWHITWORTHSIZINGPITCH0090.jpg,"Eye Bolt BS529 , 5/8mm, Whitworth Sizing, Pitch, 0.0909mm, WLL 0.9t 4",Coates Equipment,Lifting & Rigging,FAMILY,Render GO 522,Coates_K2_Render_GO_522_Thumbnails_001.zip,800,800,JPEG,79293,fe270a1ae6b852ec50a40112bcab198ff1224a1e0665db6f31682b4a2bc5205a
78EYEBOLT,78EYEBOLT.jpg,"Eye Bolt BS529 , 7/8mm, Whitworth Sizing, Pitch, 0.125mm, WLL 2t",Coates Equipment,Lifting & Rigging,FAMILY,Render GO 522,Coates_K2_Render_GO_522_Thumbnails_001.zip,800,800,JPEG,79293,fe270a1ae6b852ec50a40112bcab198ff1224a1e0665db6f31682b4a2bc5205a
EYEBOLTBS52978MMWHITWORTHSIZINGPITCH0125,EYEBOLTBS52978MMWHITWORTHSIZINGPITCH0125.jpg,"Eye Bolt BS529 , 7/8mm, Whitworth Sizing, Pitch, 0.125mm, WLL 2t",Coates Equipment,Lifting & Rigging,FAMILY,Render GO 522,Coates_K2_Render_GO_522_Thumbnails_001.zip,800,800,JPEG,79293,fe270a1ae6b852ec50a40112bcab198ff1224a1e0665db6f31682b4a2bc5205a
EYEBOLTDINSTANDARD580M12PITCH175MMWLL034,EYEBOLTDINSTANDARD580M12PITCH175MMWLL034.jpg,"Eye Bolt Din Standard 580, M12, Pitch , 1.75mm, WLL 0.34t",Coates Equipment,Lifting & Rigging,FAMILY,Render GO 522,Coates_K2_Render_GO_522_Thumbnails_001.zip,800,800,JPEG,79242,f5d3ab12753c6e66a84f616f094c36bb80aa63a894f31111097dcfeb82f3bf0a
M12EYEBOLT,M12EYEBOLT.jpg,"Eye Bolt Din Standard 580, M12, Pitch , 1.75mm, WLL 0.34t",Coates Equipment,Lifting & Rigging,FAMILY,Render GO 522,Coates_K2_Render_GO_522_Thumbnails_002.zip,800,800,JPEG,79242,f5d3ab12753c6e66a84f616f094c36bb80aa63a894f31111097dcfeb82f3bf0a
EYEBOLTDINSTANDARD580M16PITCH2MMWLL07T,EYEBOLTDINSTANDARD580M16PITCH2MMWLL07T.jpg,"Eye Bolt Din Standard 580, M16, Pitch , 2mm, WLL 0.7t",Coates Equipment,Lifting & Rigging,FAMILY,Render GO 522,Coates_K2_Render_GO_522_Thumbnails_001.zip,800,800,JPEG,79242,f5d3ab12753c6e66a84f616f094c36bb80aa63a894f31111097dcfeb82f3bf0a
M16EYEBOLT,M16EYEBOLT.jpg,"Eye Bolt Din Standard 580, M16, Pitch , 2mm, WLL 0.7t",Coates Equipment,Lifting & Rigging,FAMILY,Render GO 522,Coates_K2_Render_GO_522_Thumbnails_002.zip,800,800,JPEG,79242,f5d3ab12753c6e66a84f616f094c36bb80aa63a894f31111097dcfeb82f3bf0a
EYEBOLTDINSTANDARD580M20PITCH25MMWLL12T,EYEBOLTDINSTANDARD580M20PITCH25MMWLL12T.jpg,"Eye Bolt Din Standard 580, M20, Pitch , 2.5mm, WLL 1.2t",Coates Equipment,Lifting & Rigging,FAMILY,Render GO 522,Coates_K2_Render_GO_522_Thumbnails_001.zip,800,800,JPEG,79242,f5d3ab12753c6e66a84f616f094c36bb80aa63a894f31111097dcfeb82f3bf0a
M20EYEBOLT,M20EYEBOLT.jpg,"Eye Bolt Din Standard 580, M20, Pitch , 2.5mm, WLL 1.2t",Coates Equipment,Lifting & Rigging,FAMILY,Render GO 522,Coates_K2_Render_GO_522_Thumbnails_002.zip,800,800,JPEG,79242,f5d3ab12753c6e66a84f616f094c36bb80aa63a894f31111097dcfeb82f3bf0a
EYEBOLTDINSTANDARD580M24PITCH3MMWLL18T,EYEBOLTDINSTANDARD580M24PITCH3MMWLL18T.jpg,"Eye Bolt Din Standard 580, M24, Pitch , 3mm, WLL 1.8t",Coates Equipment,Lifting & Rigging,FAMILY,Render GO 522,Coates_K2_Render_GO_522_Thumbnails_001.zip,800,800,JPEG,79242,f5d3ab12753c6e66a84f616f094c36bb80aa63a894f31111097dcfeb82f3bf0a
M24EYEBOLT,M24EYEBOLT.jpg,"Eye Bolt Din Standard 580, M24, Pitch , 3mm, WLL 1.8t",Coates Equipment,Lifting & Rigging,FAMILY,Render GO 522,Coates_K2_Render_GO_522_Thumbnails_002.zip,800,800,JPEG,79242,f5d3ab12753c6e66a84f616f094c36bb80aa63a894f31111097dcfeb82f3bf0a
EYEBOLTDINSTANDARD580M8PITCH125MMWLL014T,EYEBOLTDINSTANDARD580M8PITCH125MMWLL014T.jpg,"Eye Bolt Din Standard 580, M8, Pitch , 1.25mm, WLL 0.14t",Coates Equipment,Lifting & Rigging,FAMILY,Render GO 522,Coates_K2_Render_GO_522_Thumbnails_001.zip,800,800,JPEG,79242,f5d3ab12753c6e66a84f616f094c36bb80aa63a894f31111097dcfeb82f3bf0a
M8EYEBOLT,M8EYEBOLT.jpg,"Eye Bolt Din Standard 580, M8, Pitch , 1.25mm, WLL 0.14t",Coates Equipment,Lifting & Rigging,FAMILY,Render GO 522,Coates_K2_Render_GO_522_Thumbnails_002.zip,800,800,JPEG,79242,f5d3ab12753c6e66a84f616f094c36bb80aa63a894f31111097dcfeb82f3bf0a
2TGIRDERCLAMP,2TGIRDERCLAMP.jpg,GIRDER CLAMP 2 TONNE  SERIAL 220928.10,Coates Tooling,Lifting & Rigging,FAMILY,Render GO 522,Coates_K2_Render_GO_522_Thumbnails_001.zip,800,800,JPEG,78798,f1da3aac48000cb522de76787a8228ee26510d95cae6388b64751e0809116ac5
GIRDERCLAMP2TONNE,GIRDERCLAMP2TONNE.jpg,GIRDER CLAMP 2 TONNE  SERIAL 220928.10,Coates Tooling,Lifting & Rigging,FAMILY,Render GO 522,Coates_K2_Render_GO_522_Thumbnails_002.zip,800,800,JPEG,78798,f1da3aac48000cb522de76787a8228ee26510d95cae6388b64751e0809116ac5
5TGIRDERCLAMP,5TGIRDERCLAMP.jpg,GIRDER CLAMP 5 TONNE  SERIAL 304838,Coates Tooling,Lifting & Rigging,FAMILY,Render GO 522,Coates_K2_Render_GO_522_Thumbnails_001.zip,800,800,JPEG,78798,f1da3aac48000cb522de76787a8228ee26510d95cae6388b64751e0809116ac5
GIRDERCLAMP5TONNE,GIRDERCLAMP5TONNE.jpg,GIRDER CLAMP 5 TONNE  SERIAL 304838,Coates Tooling,Lifting & Rigging,FAMILY,Render GO 522,Coates_K2_Render_GO_522_Thumbnails_002.zip,800,800,JPEG,78798,f1da3aac48000cb522de76787a8228ee26510d95cae6388b64751e0809116ac5
GIRDERCLAMP1T,GIRDERCLAMP1T.jpg,Girder Clamp - 1t,"Lift, Shift & Propping",Lifting & Rigging,FAMILY,Render GO 522,Coates_K2_Render_GO_522_Thumbnails_001.zip,800,800,JPEG,78798,f1da3aac48000cb522de76787a8228ee26510d95cae6388b64751e0809116ac5
GIRDERCLAMP1T75-220MM,GIRDERCLAMP1T75-220MM.jpg,Girder Clamp - 1t - 75 - 220mm,"Lift, Shift & Propping",Lifting & Rigging,FAMILY,Render GO 522,Coates_K2_Render_GO_522_Thumbnails_001.zip,800,800,JPEG,78798,f1da3aac48000cb522de76787a8228ee26510d95cae6388b64751e0809116ac5
GIRDERCLAMP3T,GIRDERCLAMP3T.jpg,Girder Clamp - 3t,"Lift, Shift & Propping",Lifting & Rigging,FAMILY,Render GO 522,Coates_K2_Render_GO_522_Thumbnails_002.zip,800,800,JPEG,78798,f1da3aac48000cb522de76787a8228ee26510d95cae6388b64751e0809116ac5
GIRDERCLAMP5T90-320MM,GIRDERCLAMP5T90-320MM.jpg,Girder Clamp 5t (90-320mm),"Lift, Shift & Propping",Lifting & Rigging,FAMILY,Render GO 522,Coates_K2_Render_GO_522_Thumbnails_002.zip,800,800,JPEG,78798,f1da3aac48000cb522de76787a8228ee26510d95cae6388b64751e0809116ac5
LIFTBAG45KG,LIFTBAG45KG.jpg,Lifting Bag 45Kg,Industrial Tools & Equipment,Lifting & Rigging,FAMILY,Render GO 522,Coates_K2_Render_GO_522_Thumbnails_002.zip,800,800,JPEG,80291,e290673d7097c3c8a243b3cd9fd72f95d38223da6576c4b0a91e8c945e8ad8be
ROUNDSLINGWLL1T1M,ROUNDSLINGWLL1T1M.jpg,"Round , Sling , WLL 1t, 1m","Lift, Shift & Propping",Lifting & Rigging,FAMILY,Render GO 522,Coates_K2_Render_GO_522_Thumbnails_002.zip,800,800,JPEG,81281,74da2fac98ccbe8c6818c786241fd8018edc3c1bca313bd6d88355a1a1b44df7
ROUNDSLINGWLL1T2M,ROUNDSLINGWLL1T2M.jpg,"Round , Sling , WLL 1t, 2m","Lift, Shift & Propping",Lifting & Rigging,FAMILY,Render GO 522,Coates_K2_Render_GO_522_Thumbnails_002.zip,800,800,JPEG,81281,74da2fac98ccbe8c6818c786241fd8018edc3c1bca313bd6d88355a1a1b44df7
ROUNDSLINGWLL1T3M,ROUNDSLINGWLL1T3M.jpg,"Round , Sling , WLL 1t, 3m","Lift, Shift & Propping",Lifting & Rigging,FAMILY,Render GO 522,Coates_K2_Render_GO_522_Thumbnails_002.zip,800,800,JPEG,81281,74da2fac98ccbe8c6818c786241fd8018edc3c1bca313bd6d88355a1a1b44df7
ROUNDSLINGWLL1T4M,ROUNDSLINGWLL1T4M.jpg,"Round , Sling , WLL 1t, 4m","Lift, Shift & Propping",Lifting & Rigging,FAMILY,Render GO 522,Coates_K2_Render_GO_522_Thumbnails_002.zip,800,800,JPEG,81281,74da2fac98ccbe8c6818c786241fd8018edc3c1bca313bd6d88355a1a1b44df7
SLINGROUND1T4M,SLINGROUND1T4M.jpg,"Round , Sling , WLL 1t, 4m","Lift, Shift & Propping",Lifting & Rigging,FAMILY,Render GO 522,Coates_K2_Render_GO_522_Thumbnails_002.zip,800,800,JPEG,81281,74da2fac98ccbe8c6818c786241fd8018edc3c1bca313bd6d88355a1a1b44df7
ROUNDSLINGWLL2T1M,ROUNDSLINGWLL2T1M.jpg,"Round , Sling , WLL 2t, 1m","Lift, Shift & Propping",Lifting & Rigging,FAMILY,Render GO 522,Coates_K2_Render_GO_522_Thumbnails_002.zip,800,800,JPEG,80135,d431fa481f17685775406222e9959648d2e37bf2964ba65d9086a702a8d16957
ROUNDSLINGWLL2T2M,ROUNDSLINGWLL2T2M.jpg,"Round , Sling , WLL 2t, 2m","Lift, Shift & Propping",Lifting & Rigging,FAMILY,Render GO 522,Coates_K2_Render_GO_522_Thumbnails_002.zip,800,800,JPEG,80135,d431fa481f17685775406222e9959648d2e37bf2964ba65d9086a702a8d16957
SLINGROUND2T2M,SLINGROUND2T2M.jpg,"Round , Sling , WLL 2t, 2m","Lift, Shift & Propping",Lifting & Rigging,FAMILY,Render GO 522,Coates_K2_Render_GO_522_Thumbnails_002.zip,800,800,JPEG,80135,d431fa481f17685775406222e9959648d2e37bf2964ba65d9086a702a8d16957
ROUNDSLINGWLL2T3M,ROUNDSLINGWLL2T3M.jpg,"Round , Sling , WLL 2t, 3m","Lift, Shift & Propping",Lifting & Rigging,FAMILY,Render GO 522,Coates_K2_Render_GO_522_Thumbnails_002.zip,800,800,JPEG,80135,d431fa481f17685775406222e9959648d2e37bf2964ba65d9086a702a8d16957
SLINGROUND2T3M,SLINGROUND2T3M.jpg,"Round , Sling , WLL 2t, 3m","Lift, Shift & Propping",Lifting & Rigging,FAMILY,Render GO 522,Coates_K2_Render_GO_522_Thumbnails_002.zip,800,800,JPEG,80135,d431fa481f17685775406222e9959648d2e37bf2964ba65d9086a702a8d16957
ROUNDSLINGWLL2T4M,ROUNDSLINGWLL2T4M.jpg,"Round , Sling , WLL 2t, 4m","Lift, Shift & Propping",Lifting & Rigging,FAMILY,Render GO 522,Coates_K2_Render_GO_522_Thumbnails_002.zip,800,800,JPEG,80135,d431fa481f17685775406222e9959648d2e37bf2964ba65d9086a702a8d16957
SLINGROUND2T4M,SLINGROUND2T4M.jpg,"Round , Sling , WLL 2t, 4m","Lift, Shift & Propping",Lifting & Rigging,FAMILY,Render GO 522,Coates_K2_Render_GO_522_Thumbnails_002.zip,800,800,JPEG,80135,d431fa481f17685775406222e9959648d2e37bf2964ba65d9086a702a8d16957
ROUNDSLINGWLL3T1M,ROUNDSLINGWLL3T1M.jpg,"Round , Sling , WLL 3t, 1m","Lift, Shift & Propping",Lifting & Rigging,FAMILY,Render GO 522,Coates_K2_Render_GO_522_Thumbnails_002.zip,800,800,JPEG,81462,d880ffac51fd0b3d5903f5b13eeb6989fc73f6841d618e87786facc9bb8fd5cd
SLINGROUND3T1M,SLINGROUND3T1M.jpg,"Round , Sling , WLL 3t, 1m","Lift, Shift & Propping",Lifting & Rigging,FAMILY,Render GO 522,Coates_K2_Render_GO_522_Thumbnails_002.zip,800,800,JPEG,81462,d880ffac51fd0b3d5903f5b13eeb6989fc73f6841d618e87786facc9bb8fd5cd
ROUNDSLINGWLL3T2M,ROUNDSLINGWLL3T2M.jpg,"Round , Sling , WLL 3t, 2m","Lift, Shift & Propping",Lifting & Rigging,FAMILY,Render GO 522,Coates_K2_Render_GO_522_Thumbnails_002.zip,800,800,JPEG,81462,d880ffac51fd0b3d5903f5b13eeb6989fc73f6841d618e87786facc9bb8fd5cd
SLINGROUND3T2M,SLINGROUND3T2M.jpg,"Round , Sling , WLL 3t, 2m","Lift, Shift & Propping",Lifting & Rigging,FAMILY,Render GO 522,Coates_K2_Render_GO_522_Thumbnails_002.zip,800,800,JPEG,81462,d880ffac51fd0b3d5903f5b13eeb6989fc73f6841d618e87786facc9bb8fd5cd
ROUNDSLINGWLL3T3M,ROUNDSLINGWLL3T3M.jpg,"Round , Sling , WLL 3t, 3m","Lift, Shift & Propping",Lifting & Rigging,FAMILY,Render GO 522,Coates_K2_Render_GO_522_Thumbnails_002.zip,800,800,JPEG,81462,d880ffac51fd0b3d5903f5b13eeb6989fc73f6841d618e87786facc9bb8fd5cd
SLINGROUND3T3M,SLINGROUND3T3M.jpg,"Round , Sling , WLL 3t, 3m","Lift, Shift & Propping",Lifting & Rigging,FAMILY,Render GO 522,Coates_K2_Render_GO_522_Thumbnails_002.zip,800,800,JPEG,81462,d880ffac51fd0b3d5903f5b13eeb6989fc73f6841d618e87786facc9bb8fd5cd
ROUNDSLINGWLL3T4M,ROUNDSLINGWLL3T4M.jpg,"Round , Sling , WLL 3t, 4m","Lift, Shift & Propping",Lifting & Rigging,FAMILY,Render GO 522,Coates_K2_Render_GO_522_Thumbnails_002.zip,800,800,JPEG,81462,d880ffac51fd0b3d5903f5b13eeb6989fc73f6841d618e87786facc9bb8fd5cd
SLINGROUND3T4M,SLINGROUND3T4M.jpg,"Round , Sling , WLL 3t, 4m","Lift, Shift & Propping",Lifting & Rigging,FAMILY,Render GO 522,Coates_K2_Render_GO_522_Thumbnails_002.zip,800,800,JPEG,81462,d880ffac51fd0b3d5903f5b13eeb6989fc73f6841d618e87786facc9bb8fd5cd
ROUNDSLINGWLL3T6M,ROUNDSLINGWLL3T6M.jpg,"Round , Sling , WLL 3t, 6m","Lift, Shift & Propping",Lifting & Rigging,FAMILY,Render GO 522,Coates_K2_Render_GO_522_Thumbnails_002.zip,800,800,JPEG,81462,d880ffac51fd0b3d5903f5b13eeb6989fc73f6841d618e87786facc9bb8fd5cd
SLINGROUND3T6M,SLINGROUND3T6M.jpg,"Round , Sling , WLL 3t, 6m","Lift, Shift & Propping",Lifting & Rigging,FAMILY,Render GO 522,Coates_K2_Render_GO_522_Thumbnails_002.zip,800,800,JPEG,81462,d880ffac51fd0b3d5903f5b13eeb6989fc73f6841d618e87786facc9bb8fd5cd
SHACKBWSP3.25,SHACKBWSP3.25.jpg,Shackle - Bow - Safety Pin 3.25t,"Lift, Shift & Propping",Lifting & Rigging,FAMILY,Render GO 522,Coates_K2_Render_GO_522_Thumbnails_002.zip,800,800,JPEG,81474,10fde4696b1f59d9a3c44ce2264156ae7c45f0a88ce2c913b409c53fb0f25a95
SLINGROUND1T1.5M,SLINGROUND1T1.5M.jpg,Sling Round - 1t - 1.5M,"Lift, Shift & Propping",Lifting & Rigging,FAMILY,Render GO 522,Coates_K2_Render_GO_522_Thumbnails_002.zip,800,800,JPEG,81281,74da2fac98ccbe8c6818c786241fd8018edc3c1bca313bd6d88355a1a1b44df7
SLINGROUND1T1M,SLINGROUND1T1M.jpg,Sling Round - 1t - 1M,"Lift, Shift & Propping",Lifting & Rigging,FAMILY,Render GO 522,Coates_K2_Render_GO_522_Thumbnails_002.zip,800,800,JPEG,81281,74da2fac98ccbe8c6818c786241fd8018edc3c1bca313bd6d88355a1a1b44df7
SLINGROUND1T2M,SLINGROUND1T2M.jpg,Sling Round - 1t - 2M,"Lift, Shift & Propping",Lifting & Rigging,FAMILY,Render GO 522,Coates_K2_Render_GO_522_Thumbnails_002.zip,800,800,JPEG,81281,74da2fac98ccbe8c6818c786241fd8018edc3c1bca313bd6d88355a1a1b44df7
SLINGROUND1T3M,SLINGROUND1T3M.jpg,Sling Round - 1t - 3M,"Lift, Shift & Propping",Lifting & Rigging,FAMILY,Render GO 522,Coates_K2_Render_GO_522_Thumbnails_002.zip,800,800,JPEG,81281,74da2fac98ccbe8c6818c786241fd8018edc3c1bca313bd6d88355a1a1b44df7
SLINGROUND2T1M,SLINGROUND2T1M.jpg,Sling Round - 2t - 1M,"Lift, Shift & Propping",Lifting & Rigging,FAMILY,Render GO 522,Coates_K2_Render_GO_522_Thumbnails_002.zip,800,800,JPEG,80135,d431fa481f17685775406222e9959648d2e37bf2964ba65d9086a702a8d16957
SLINGROUND2T(0.5M),SLINGROUND2T(0.5M).jpg,Sling-Round 2t (0.5m),"Lift, Shift & Propping",Lifting & Rigging,FAMILY,Render GO 522,Coates_K2_Render_GO_522_Thumbnails_002.zip,800,800,JPEG,80135,d431fa481f17685775406222e9959648d2e37bf2964ba65d9086a702a8d16957
BREAKERAIRLIGHT,BREAKERAIRLIGHT.jpg,Breaker - Air - Light,Air & Air Accessories,Lighting,FAMILY,Render GO 522,Coates_K2_Render_GO_522_Thumbnails_001.zip,800,800,JPEG,76194,47981198162f6dab6a07b43904a903ed4d2a79637f14883a7efd91d9ccb9a462
LIGHTFLUOROLEAD240V,LIGHTFLUOROLEAD240V.jpg,Fluorescent Lead Light 240V,Lighting,Lighting,FAMILY,Render GO 522,Coates_K2_Render_GO_522_Thumbnails_002.zip,800,800,JPEG,79227,5a9a6531d42af51202162226d811ed9135c376cf3c93b142d31f2f9a3d5a0a1e
LIGHTFLUORO32V700MMELECT,LIGHTFLUORO32V700MMELECT.jpg,Fluoro Light 32V Electrical 700mm,Lighting,Lighting,FAMILY,Render GO 522,Coates_K2_Render_GO_522_Thumbnails_002.zip,800,800,JPEG,78206,2db4a862c6e89961b82aa995004749d7fc02e5ba76cd3f640a08a05ec84814fd
LIGHTBATLED1800LM160MM32V,LIGHTBATLED1800LM160MM32V.jpg,Light Baton LED 1800lm (860mm) Electric 32V,Lighting,Lighting,FAMILY,Render GO 522,Coates_K2_Render_GO_522_Thumbnails_002.zip,800,800,JPEG,78503,17c4897205b1b2f05314f4f52627fa4b25bc20a2771c930513719c1fb727422f
LIGHTTELE4HLED27KLM3MHYB,LIGHTTELE4HLED27KLM3MHYB.jpg,Light Telescopic 4 Head LED 27000lm (3m) - Hybrid,Lighting,Lighting,FAMILY,Render GO 522,Coates_K2_Render_GO_522_Thumbnails_002.zip,800,800,JPEG,76489,d0c08c10dd2a9dfd786f909576f5f02d9246c8c00d8a20fe712b9f8a658daf63
LIGHTTOWERLED176KLMS,LIGHTTOWERLED176KLMS.jpg,Lighting Tower LED 170-240k Lumens Mine Spec,Lighting,Lighting,FAMILY,Render GO 522,Coates_K2_Render_GO_522_Thumbnails_002.zip,800,800,JPEG,77373,9a51f2135e54029c7075358ae9c2e872bf7b1df1bb6a51ffc276e52ceca85193
LIGHTTOWERLEDCUBE154KLD,LIGHTTOWERLEDCUBE154KLD.jpg,Lighting Tower LED Cube Diesel,Lighting,Lighting,FAMILY,Render GO 522,Coates_K2_Render_GO_522_Thumbnails_002.zip,800,800,JPEG,76338,31e621f90d8eddf617733218240444926c970b31f329cd87aada27836e7916cb
LIGHTTLEDVRTMETRO,LIGHTTLEDVRTMETRO.jpg,Lighting Tower LED Metro,Lighting,Lighting,FAMILY,Render GO 522,Coates_K2_Render_GO_522_Thumbnails_002.zip,800,800,JPEG,72665,208a49be30e4aa941e22120073430f08037795e4baec6a5c6b65ea8649c0c5c2
LIGHTTOWERPODTRI,LIGHTTOWERPODTRI.jpg,Lighting Tower POD Metro,Lighting,Lighting,FAMILY,Render GO 522,Coates_K2_Render_GO_522_Thumbnails_002.zip,800,800,JPEG,81141,0f9562615dec6024da36904f6ae85a39e199a01d03dd0c302f410ebab7164498
LIGHTFLOODTWINLED,LIGHTFLOODTWINLED.jpg,Twin Head Floodlight LED 2 X 20W,Lighting,Lighting,FAMILY,Render GO 522,Coates_K2_Render_GO_522_Thumbnails_002.zip,800,800,JPEG,81461,488acfc8958846da705dd084ef2c7ffb7166a8d74f70b0c78c132db57bb9a1ca
COMBINATIONSETRULE,COMBINATIONSETRULE.jpg,Combination Set With Rule,Industrial Tools & Equipment,Measuring,FAMILY,Render GO 522,Coates_K2_Render_GO_522_Thumbnails_001.zip,800,800,JPEG,80718,966f81dcf817269c15386029fb659df72c150e1d636fd37dc759fc848e02e1a3
COMBINATIONSQUARE,COMBINATIONSQUARE.jpg,Combination Square,Square | Combination,Measuring,FAMILY,Approved 649,Coates_K2_Road2_Retraction_Resolved_649_Thumbnails_001.zip,800,800,JPEG,78565,d5ac6262b540f501d01e38e5f53953dc9b3f3fe6c22ca8dfe42bc52f8e94825e
DIALGAUGE,DIALGAUGE.jpg,Dial Gauges Imperial ( 0�� - 1�),Coates Equipment,Measuring,FAMILY,Render GO 522,Coates_K2_Render_GO_522_Thumbnails_001.zip,800,800,JPEG,81314,cbc020ce3d06e7d7231aa047223d4b3bbaefccbb7599a31ffa1c67b524265392
DIALGAUGESIMPERIAL01,DIALGAUGESIMPERIAL01.jpg,Dial Gauges Imperial ( 0�� - 1�),Coates Equipment,Measuring,FAMILY,Render GO 522,Coates_K2_Render_GO_522_Thumbnails_001.zip,800,800,JPEG,81314,cbc020ce3d06e7d7231aa047223d4b3bbaefccbb7599a31ffa1c67b524265392
DIALGAUGESIMPERIAL12,DIALGAUGESIMPERIAL12.jpg,Dial Gauges Imperial ( 1�� - 2�),Coates Equipment,Measuring,FAMILY,Render GO 522,Coates_K2_Render_GO_522_Thumbnails_001.zip,800,800,JPEG,81314,cbc020ce3d06e7d7231aa047223d4b3bbaefccbb7599a31ffa1c67b524265392
DIALGAUGESMETRIC25MM50MM,DIALGAUGESMETRIC25MM50MM.jpg,Dial Gauges Metric (25mm- 50mm ),Coates Equipment,Measuring,FAMILY,Render GO 522,Coates_K2_Render_GO_522_Thumbnails_001.zip,800,800,JPEG,81314,cbc020ce3d06e7d7231aa047223d4b3bbaefccbb7599a31ffa1c67b524265392
DIALGAUGESMETRIC30MM50MM,DIALGAUGESMETRIC30MM50MM.jpg,Dial Gauges Metric (30mm- 50mm ),Coates Equipment,Measuring,FAMILY,Render GO 522,Coates_K2_Render_GO_522_Thumbnails_001.zip,800,800,JPEG,81314,cbc020ce3d06e7d7231aa047223d4b3bbaefccbb7599a31ffa1c67b524265392
DIALINDICATOR(0-100-0),DIALINDICATOR(0-100-0).jpg,Dial indicator (0-100-0),Ground Equipment,Measuring,FAMILY,Render GO 522,Coates_K2_Render_GO_522_Thumbnails_001.zip,800,800,JPEG,81314,cbc020ce3d06e7d7231aa047223d4b3bbaefccbb7599a31ffa1c67b524265392
DIALINDICATOR-(0-25-0),DIALINDICATOR-(0-25-0).jpg,Dial indicator (0-25-0),Ground Equipment,Measuring,FAMILY,Render GO 522,Coates_K2_Render_GO_522_Thumbnails_001.zip,800,800,JPEG,81314,cbc020ce3d06e7d7231aa047223d4b3bbaefccbb7599a31ffa1c67b524265392
DIGITALVERNIERUSBCHARGABLE,DIGITALVERNIERUSBCHARGABLE.jpg,Digital Vernier ( USB Chargable),Coates Equipment,Measuring,FAMILY,Render GO 522,Coates_K2_Render_GO_522_Thumbnails_001.zip,800,800,JPEG,76968,4a378b6fd64666c5cf67dc2023d46c0517ea7534a03cfbb2641635b93f8e0592
DIGITALVERNIERUSBCHARGEABLE,DIGITALVERNIERUSBCHARGEABLE.jpg,Digital Vernier ( USB Chargable),Coates Equipment,Measuring,FAMILY,Render GO 522,Coates_K2_Render_GO_522_Thumbnails_001.zip,800,800,JPEG,76968,4a378b6fd64666c5cf67dc2023d46c0517ea7534a03cfbb2641635b93f8e0592
FEELERGAUGE20LEAF300MMACCUD,FEELERGAUGE20LEAF300MMACCUD.jpg,FEELER GAUGE 20 LEAVE 300MM ACCUD,Coates Equipment,Measuring,FAMILY,Render GO 522,Coates_K2_Render_GO_522_Thumbnails_001.zip,800,800,JPEG,79647,f0306f9684303efd21cead6d839d5e8d8eb950025791e6a311822f1bf484b507
FEELERGAUGE20LEAVE300MMACCUD,FEELERGAUGE20LEAVE300MMACCUD.jpg,FEELER GAUGE 20 LEAVE 300MM ACCUD,Coates Equipment,Measuring,FAMILY,Render GO 522,Coates_K2_Render_GO_522_Thumbnails_001.zip,800,800,JPEG,79647,f0306f9684303efd21cead6d839d5e8d8eb950025791e6a311822f1bf484b507
FEELERGAUGE36BLADEMETAF,FEELERGAUGE36BLADEMETAF.jpg,"FEELER GAUGE 36 BLADE MET/AF 0.051-0.889MM,",Coates Equipment,Measuring,FAMILY,Render GO 522,Coates_K2_Render_GO_522_Thumbnails_001.zip,800,800,JPEG,79169,1a5d53dee179dedacd6aa85d2e976598892e5d1ca38cbd089a73ef51bd8b0251
FEELERGAUGE36BLADEMETAF00510889MM,FEELERGAUGE36BLADEMETAF00510889MM.jpg,"FEELER GAUGE 36 BLADE MET/AF 0.051-0.889MM,",Coates Equipment,Measuring,FAMILY,Render GO 522,Coates_K2_Render_GO_522_Thumbnails_001.zip,800,800,JPEG,79169,1a5d53dee179dedacd6aa85d2e976598892e5d1ca38cbd089a73ef51bd8b0251
FEELERGUAGEMET100MM,FEELERGUAGEMET100MM.jpg,Feeler Gauge - Metric - 100mm,Industrial Tools & Equipment,Measuring,FAMILY,Render GO 522,Coates_K2_Render_GO_522_Thumbnails_001.zip,800,800,JPEG,79169,1a5d53dee179dedacd6aa85d2e976598892e5d1ca38cbd089a73ef51bd8b0251
FEELERGUAGEMET400MM,FEELERGUAGEMET400MM.jpg,Feeler Gauge 400mm,Industrial Tools & Equipment,Measuring,FAMILY,Render GO 522,Coates_K2_Render_GO_522_Thumbnails_001.zip,800,800,JPEG,79647,f0306f9684303efd21cead6d839d5e8d8eb950025791e6a311822f1bf484b507
FRAMESQUAREALUM400X600,FRAMESQUAREALUM400X600.jpg,Framing Square - Aluminium - 400mm x 600mm,Square | Framing | Metric,Measuring,FAMILY,Approved 649,Coates_K2_Road2_Retraction_Resolved_649_Thumbnails_001.zip,800,800,JPEG,72548,149f58a8bf8cf8f8e8aaebf2c407e2fc7c568a34ac9716b42a850da623b6b2a5
GAUGEDIALINDICATOR00110MM,GAUGEDIALINDICATOR00110MM.jpg,GAUGE DIAL INDICATOR 0.01-10MM,Coates Tooling,Measuring,FAMILY,Render GO 522,Coates_K2_Render_GO_522_Thumbnails_001.zip,800,800,JPEG,81314,cbc020ce3d06e7d7231aa047223d4b3bbaefccbb7599a31ffa1c67b524265392
INDICATORDIAL120MM001MM001MMRES,INDICATORDIAL120MM001MM001MMRES.jpg,INDICATOR DIAL 1-20MM/ 0.01MM 0.01MM RES,Coates Equipment,Measuring,FAMILY,Render GO 522,Coates_K2_Render_GO_522_Thumbnails_002.zip,800,800,JPEG,81314,cbc020ce3d06e7d7231aa047223d4b3bbaefccbb7599a31ffa1c67b524265392
SPIRITLEVEL600MM(ELEC),SPIRITLEVEL600MM(ELEC).jpg,Level - Electronic - 600mm,Ground Equipment,Measuring,FAMILY,Render GO 522,Coates_K2_Render_GO_522_Thumbnails_002.zip,800,800,JPEG,81514,5981e03f7998c111ff59ebd6a948c159ab9da1a8d89494d44deed9d9fbd2264c
CEME9016-590717,CEME9016-590717.jpg,SHOVEL - SQUARE MOUTH LONG HANDLE MEDIUM 265 X 315MM - K2/26,Consumables,Measuring,FAMILY,Render GO 522,Coates_K2_Render_GO_522_Thumbnails_001.zip,800,800,JPEG,76101,28845b37421e5c6021fb49ce53e9d3dde73f9bccc112792d54b891fe1d21796e
SCREWDRIVERSQUARE,SCREWDRIVERSQUARE.jpg,Screwdriver - Square,Screwdriver | Square,Measuring,FAMILY,Approved 649,Coates_K2_Road2_Retraction_Resolved_649_Thumbnails_001.zip,800,800,JPEG,77455,60ac6dbe629c314604c995d64853e98791e5c750cd479c566626de7a3696492a
SHOVELLHSQMTH,SHOVELLHSQMTH.jpg,Shovel - Long Handle - Square Mouth,Square,Measuring,FAMILY,Approved 649,Coates_K2_Road2_Retraction_Resolved_649_Thumbnails_001.zip,800,800,JPEG,76101,28845b37421e5c6021fb49ce53e9d3dde73f9bccc112792d54b891fe1d21796e
SHOVELSHSQMTH,SHOVELSHSQMTH.jpg,Shovel - Short Handle - Square Mouth,Square,Measuring,FAMILY,Approved 649,Coates_K2_Road2_Retraction_Resolved_649_Thumbnails_001.zip,800,800,JPEG,78403,2198d824cb254629f55f85259bdc3745e3edb54fd0a767dc9a532c0bff94ac01
SPIRITLEVEL200MM,SPIRITLEVEL200MM.jpg,Spirit Level 200mm,Spirit level | Metric,Measuring,FAMILY,Approved 649,Coates_K2_Road2_Retraction_Resolved_649_Thumbnails_003.zip,800,800,JPEG,79127,fdb7cf3c0dc603681ae31b921ef2765577f0eab55b516ec9ea7e5e69ad69c2b4
SPIRITLEVEL600MM,SPIRITLEVEL600MM.jpg,Spirit Level 600mm,Spirit level | Metric,Measuring,FAMILY,Approved 649,Coates_K2_Road2_Retraction_Resolved_649_Thumbnails_003.zip,800,800,JPEG,79127,fdb7cf3c0dc603681ae31b921ef2765577f0eab55b516ec9ea7e5e69ad69c2b4
SPIRITLEVEL900MM,SPIRITLEVEL900MM.jpg,Spirit Level 900mm,Spirit level | Metric,Measuring,FAMILY,Approved 649,Coates_K2_Road2_Retraction_Resolved_649_Thumbnails_003.zip,800,800,JPEG,79127,fdb7cf3c0dc603681ae31b921ef2765577f0eab55b516ec9ea7e5e69ad69c2b4
SQUARE200MM,SQUARE200MM.jpg,Square - 200mm,Square | Metric,Measuring,FAMILY,Approved 649,Coates_K2_Road2_Retraction_Resolved_649_Thumbnails_003.zip,800,800,JPEG,78717,41ae32fd66073ccd16591de58aeec3768d47ec96d9033661264f8405e9885fc7
SQUAREFILE1BASTARDCUTCOARSE,SQUAREFILE1BASTARDCUTCOARSE.jpg,Square File – #1 = Bastard Cut (coarse),Square,Measuring,FAMILY,Approved 649,Coates_K2_Road2_Retraction_Resolved_649_Thumbnails_003.zip,800,800,JPEG,79957,bb44e068b552bccb74445ba2e1eef2aba28db29a54923519d4ebd5e484b3e32d
STEELRULE1000MM,STEELRULE1000MM.jpg,Steel Rule - 1000mm,Other - steel rule,Measuring,FAMILY,Approved 649,Coates_K2_Road2_Retraction_Resolved_649_Thumbnails_003.zip,800,800,JPEG,78129,809ecf4fdc8efa55dae41d3ef6f7ccdcc2f4d28ef0c3f46512ed7ae6ed2a44d4
STEELRULE300MM,STEELRULE300MM.jpg,Steel Rule - 300mm,Other - steel rule,Measuring,FAMILY,Approved 649,Coates_K2_Road2_Retraction_Resolved_649_Thumbnails_003.zip,800,800,JPEG,78129,809ecf4fdc8efa55dae41d3ef6f7ccdcc2f4d28ef0c3f46512ed7ae6ed2a44d4
CEME9016-590724,CEME9016-590724.jpg,TAPE - CAUTION BARRICADE YELLOW/BLACK 75MM X 100M - K2/26,Consumables,Measuring,FAMILY,Render GO 522,Coates_K2_Render_GO_522_Thumbnails_001.zip,800,800,JPEG,79591,1d4d313009b934a187199938ec98e7ca04893afc59621709e0a5140bf9223e0c
CEME9016-590725,CEME9016-590725.jpg,TAPE - CAUTION BARRICADE YELLOW/BLACK 75MM X 100M - K2/26 (alt),Consumables,Measuring,FAMILY,Render GO 522,Coates_K2_Render_GO_522_Thumbnails_001.zip,800,800,JPEG,79591,1d4d313009b934a187199938ec98e7ca04893afc59621709e0a5140bf9223e0c
CEME9016-590726,CEME9016-590726.jpg,TAPE - DUCT PVC SILVER TESA 48 X 30M - K2/26,Consumables,Measuring,FAMILY,Render GO 522,Coates_K2_Render_GO_522_Thumbnails_001.zip,800,800,JPEG,79396,95aada666b212e889885943b6ab7b62bbaee206012d14103e56f9ff7bfa2e3d4
TAPEMEASURE10M,TAPEMEASURE10M.jpg,Tape Measure - 10m,Tape measure | Metric,Measuring,FAMILY,Approved 649,Coates_K2_Road2_Retraction_Resolved_649_Thumbnails_003.zip,800,800,JPEG,80204,015ea3ce26843a23ce69a050b99f964aaaf4a97f6e205a0c2eb82e019bfff161
TAPEMEASURE30M,TAPEMEASURE30M.jpg,Tape Measure - 30M,Tape measure | Metric,Measuring,FAMILY,Approved 649,Coates_K2_Road2_Retraction_Resolved_649_Thumbnails_003.zip,800,800,JPEG,75970,2f6f8466fc5213bb24e91bd617cce41b291eea4b1a26cae3b09692ab5fb4256e
TAPEMEASURE50M,TAPEMEASURE50M.jpg,Tape Measure - 50M,Tape measure | Metric,Measuring,FAMILY,Approved 649,Coates_K2_Road2_Retraction_Resolved_649_Thumbnails_003.zip,800,800,JPEG,75970,2f6f8466fc5213bb24e91bd617cce41b291eea4b1a26cae3b09692ab5fb4256e
TAPEMEASURE8M,TAPEMEASURE8M.jpg,Tape Measure - 8M,Tape measure | Metric,Measuring,FAMILY,Approved 649,Coates_K2_Road2_Retraction_Resolved_649_Thumbnails_003.zip,800,800,JPEG,80204,015ea3ce26843a23ce69a050b99f964aaaf4a97f6e205a0c2eb82e019bfff161
TORQUEWRMAN3/4DR,TORQUEWRMAN3_4DR.jpg,Torque Wrench - Manual - 19mm (3/4inch) Drive,Industrial Tools & Equipment,Measuring,FAMILY,Render GO 522,Coates_K2_Render_GO_522_Thumbnails_002.zip,800,800,JPEG,79885,35afc4c5ebe37cb081614e9baf99e861ff313343ea0e9ac4f7d5399f8992605f
TORQUEWRMAN250FTLB1/2DR,TORQUEWRMAN250FTLB1_2DR.jpg,Torque Wrench - Manual - 30 - 250ftlb - 1/2inch Drive,Industrial Tools & Equipment,Measuring,FAMILY,Render GO 522,Coates_K2_Render_GO_522_Thumbnails_002.zip,800,800,JPEG,79885,35afc4c5ebe37cb081614e9baf99e861ff313343ea0e9ac4f7d5399f8992605f
TORQUEWRMAN3/4-1DR,TORQUEWRMAN3_4-1DR.jpg,Torque Wrench - Manual - 500 - 1000ftlb - 1inch Drive,Industrial Tools & Equipment,Measuring,FAMILY,Render GO 522,Coates_K2_Render_GO_522_Thumbnails_002.zip,800,800,JPEG,79885,35afc4c5ebe37cb081614e9baf99e861ff313343ea0e9ac4f7d5399f8992605f
VERNIERCALIPERDIG150MM,VERNIERCALIPERDIG150MM.jpg,Vernier Caliper - Digital - 150mm,Industrial Tools & Equipment,Measuring,FAMILY,Render GO 522,Coates_K2_Render_GO_522_Thumbnails_003.zip,800,800,JPEG,76968,4a378b6fd64666c5cf67dc2023d46c0517ea7534a03cfbb2641635b93f8e0592
VERNIERCALIPER300MM,VERNIERCALIPER300MM.jpg,Vernier Callipers - 300mm,Industrial Tools & Equipment,Measuring,FAMILY,Render GO 522,Coates_K2_Render_GO_522_Thumbnails_003.zip,800,800,JPEG,80086,2af432ee2bafc15b96286969e8d3b4b07cb52fff967f4acd2d7b275837cb3cfb
BITDRILLSETHSSREDUCED1625MM12SH5PC,BITDRILLSETHSSREDUCED1625MM12SH5PC.jpg,BIT DRILL SET HSS REDUCED 16-25MM 1/2-SH 5PC,Coates Equipment,Power Tools,FAMILY,Render GO 522,Coates_K2_Render_GO_522_Thumbnails_001.zip,800,800,JPEG,80063,1b4608a8075281914eb247390d02193e6d840f3f83405270e2a861d2b46778aa
BITSCREWDRIVERANDDRILLSETSHOCKWAVE86PC,BITSCREWDRIVERANDDRILLSETSHOCKWAVE86PC.jpg,BIT SCREWDRIVER & DRILL SET SHOCKWAVE 86PC,Coates Equipment,Power Tools,FAMILY,Render GO 522,Coates_K2_Render_GO_522_Thumbnails_001.zip,800,800,JPEG,80510,6278d4d8de3c876464f7ab87f5a6e9f4f808cbfae74c7921948c7d80805cf077
BITSCREWDRIVERDRILLSETSHOCKWAVE86PC,BITSCREWDRIVERDRILLSETSHOCKWAVE86PC.jpg,BIT SCREWDRIVER & DRILL SET SHOCKWAVE 86PC,Coates Equipment,Power Tools,FAMILY,Render GO 522,Coates_K2_Render_GO_522_Thumbnails_001.zip,800,800,JPEG,80510,6278d4d8de3c876464f7ab87f5a6e9f4f808cbfae74c7921948c7d80805cf077
BREAKERSMALL240V,BREAKERSMALL240V.jpg,Breaker - Electric – Small - 0 to 7.9kg,Concrete & Masonry,Power Tools,FAMILY,Render GO 522,Coates_K2_Render_GO_522_Thumbnails_001.zip,800,800,JPEG,79791,e9fcf989e15aef424326f8b81372b80f56bf694f2b51f3a09bc80d219a35de03
BREAKERDRILLSMALL240V,BREAKERDRILLSMALL240V.jpg,Breaker Drill - Electric - Small - 0 to 5.5kg,Concrete & Masonry,Power Tools,FAMILY,Render GO 522,Coates_K2_Render_GO_522_Thumbnails_001.zip,800,800,JPEG,80384,0bfef36c2284af8669c7023db2c6d0ec64eeca32fef09eadd97d600f061f488f
BREAKERDRILLMEDIUM240V,BREAKERDRILLMEDIUM240V.jpg,Breaker Drill - Electric – Medium - 5.6kg to 7.5kg,Concrete & Masonry,Power Tools,FAMILY,Render GO 522,Coates_K2_Render_GO_522_Thumbnails_001.zip,800,800,JPEG,80384,0bfef36c2284af8669c7023db2c6d0ec64eeca32fef09eadd97d600f061f488f
DRILLCORDLESS18V,DRILLCORDLESS18V.jpg,Drill - Cordless (18V) - Greener Choice,Tools & Equipment,Power Tools,FAMILY,Render GO 522,Coates_K2_Render_GO_522_Thumbnails_001.zip,800,800,JPEG,79928,eef2d086ff99f55a2108c0e58f08b63892f426bbcfcf7704dd86f5e8fca7ef9b
DRILLBITSETHP,DRILLBITSETHP.jpg,Drill Bit Set - High Speed,Industrial Tools & Equipment,Power Tools,FAMILY,Render GO 522,Coates_K2_Render_GO_522_Thumbnails_001.zip,800,800,JPEG,80337,97a606cd0dd4b9cafa662c6006e3dc4e758b19f7cc56107306f4d04447bb9c23
DRILLCORDLESSHAMMER12MM,DRILLCORDLESSHAMMER12MM.jpg,Drill Hammer 12mm Cordless - Greener Choice,Tools & Equipment,Power Tools,FAMILY,Render GO 522,Coates_K2_Render_GO_522_Thumbnails_001.zip,800,800,JPEG,78367,2bd2676b315f21f49bf36e53fef651de1c343780ce32cf67d0c2b2534bacaedd
MAGNETICBDRILLLOW36MM240V,MAGNETICBDRILLLOW36MM240V.jpg,Drill Magnetic Base Low Profile 36mm Electric,Tools & Equipment,Power Tools,FAMILY,Render GO 522,Coates_K2_Render_GO_522_Thumbnails_002.zip,800,800,JPEG,78379,ead3d6e74541391965e84737c7660e72f0935c9b36329739a729945f31949e3b
DRILLSETCOBALT,DRILLSETCOBALT.jpg,Drill Set - Cobalt,Industrial Tools & Equipment,Power Tools,FAMILY,Render GO 522,Coates_K2_Render_GO_522_Thumbnails_001.zip,800,800,JPEG,80337,97a606cd0dd4b9cafa662c6006e3dc4e758b19f7cc56107306f4d04447bb9c23
IMPACTWRENCHCORDLESS12MM,IMPACTWRENCHCORDLESS12MM.jpg,Impact Wrench - Cordless - Greener Choice,Tools & Equipment,Power Tools,FAMILY,Render GO 522,Coates_K2_Render_GO_522_Thumbnails_002.zip,800,800,JPEG,80583,201861878046e172a29a1f6270eabdf3fdf79af6f0ca4167e084da64882767d1
BOSCH12DRIVEIMPACTWRENCH,BOSCH12DRIVEIMPACTWRENCH.jpg,"Impact Wrench 1/2"" (Bosch)",Coates Equipment,Power Tools,FAMILY,Render GO 522,Coates_K2_Render_GO_522_Thumbnails_001.zip,800,800,JPEG,80583,201861878046e172a29a1f6270eabdf3fdf79af6f0ca4167e084da64882767d1
IMPACTWRENCH12BOSCH,IMPACTWRENCH12BOSCH.jpg,"Impact Wrench 1/2"" (Bosch)",Coates Equipment,Power Tools,FAMILY,Render GO 522,Coates_K2_Render_GO_522_Thumbnails_002.zip,800,800,JPEG,80583,201861878046e172a29a1f6270eabdf3fdf79af6f0ca4167e084da64882767d1
SCREWGUNCORDLESS,SCREWGUNCORDLESS.jpg,Screw Driver Cordless - Greener Choice,Tools & Equipment,Power Tools,FAMILY,Render GO 522,Coates_K2_Render_GO_522_Thumbnails_002.zip,800,800,JPEG,76870,569810a7b93fcda5952f7e40ce968a22f335f597385f639bf38c88ecc3911e5f
SHEARSCORDLESS,SHEARSCORDLESS.jpg,Shears Metal – Cordless (18V) - Greener Choice,Tools & Equipment,Power Tools,FAMILY,Render GO 522,Coates_K2_Render_GO_522_Thumbnails_002.zip,800,800,JPEG,76140,fd618700da21cd7129c34002b111860af78833fbf6fd26d56022db4cdfdfd915
IMPACTWCHCORDLESS19MM18V,IMPACTWCHCORDLESS19MM18V.jpg,Wrench - Impact Cordless 19mm (18V) - Greener Choice,Tools & Equipment,Power Tools,FAMILY,Render GO 522,Coates_K2_Render_GO_522_Thumbnails_002.zip,800,800,JPEG,80338,ea1d403acc1fef75e89243703c52b6cc525a8e76a1f7e315c8415cf14b5da027
RUBCHUTE1M,RUBCHUTE1M.jpg,Rubbish Chute 1M,"Lift, Shift & Propping",Pumps & Cleaning,FAMILY,Render GO 522,Coates_K2_Render_GO_522_Thumbnails_002.zip,800,800,JPEG,76096,951bccacce9895247a7b9ac6c0a79190bf92d72f53748630a60b7e9a80c1369e
CHUTEFRAME,CHUTEFRAME.jpg,Rubbish Chute Frame,"Lift, Shift & Propping",Pumps & Cleaning,FAMILY,Render GO 522,Coates_K2_Render_GO_522_Thumbnails_001.zip,800,800,JPEG,79808,139c7d1980addb9c149a5b140e924f040b4fd08091462338db61a67b983eb57d
RUBCHUTETOPHOPPER,RUBCHUTETOPHOPPER.jpg,Rubbish Chute Top Hopper,"Lift, Shift & Propping",Pumps & Cleaning,FAMILY,Render GO 522,Coates_K2_Render_GO_522_Thumbnails_002.zip,800,800,JPEG,76712,9956cc21214ec4bbe5c370376202878d3c656423b218d295b3298d0cbf508ffb
WATERCARTTRAILER950LTR,WATERCARTTRAILER950LTR.jpg,Trailer - Water Cartage 950L With Pump,"Trucks, Vehicles & Trailers",Pumps & Cleaning,FAMILY,Render GO 522,Coates_K2_Render_GO_522_Thumbnails_003.zip,800,800,JPEG,79007,30bcbb2acbb850ced14645c462ce691bd7b6ef26fd7ee84d31e62da365240c17
VACUUMCLEANER30L240V,VACUUMCLEANER30L240V.jpg,Vacuum Cleaner 30L Electric,Floor & Cleaning Equipment,Pumps & Cleaning,FAMILY,Render GO 522,Coates_K2_Render_GO_522_Thumbnails_003.zip,800,800,JPEG,77090,68f2d6bfd07a59151b33de8b42f333733a362866b0ff05b8e40bada2c83c3fc6
VACUUMCLEANER90L240V,VACUUMCLEANER90L240V.jpg,Vacuum Cleaner 90L Electric,Floor & Cleaning Equipment,Pumps & Cleaning,FAMILY,Render GO 522,Coates_K2_Render_GO_522_Thumbnails_003.zip,800,800,JPEG,77090,68f2d6bfd07a59151b33de8b42f333733a362866b0ff05b8e40bada2c83c3fc6
WATERBLAST3000PSIPCOLD,WATERBLAST3000PSIPCOLD.jpg,Water Blaster - 3000 PSI Cold - Petrol,Floor & Cleaning Equipment,Pumps & Cleaning,FAMILY,Render GO 522,Coates_K2_Render_GO_522_Thumbnails_003.zip,800,800,JPEG,81370,1ee78ea1a47a7482b44447e7d4989cd82112388249772f7f2aa583d43cd85c76
WATERBLAST3000PSIDH/CTRLR,WATERBLAST3000PSIDH_CTRLR.jpg,Water Blaster - 3000 PSI Hot / Cold on Trailer (Diesel),Floor & Cleaning Equipment,Pumps & Cleaning,FAMILY,Render GO 522,Coates_K2_Render_GO_522_Thumbnails_003.zip,800,800,JPEG,77341,798719663d8134f97f0e670fa13c3d9fcd4adb0c9f57d8df8e672baed1044245
WATERBLAST3000PSIDTRAILER,WATERBLAST3000PSIDTRAILER.jpg,Water Blaster - 3000 PSI Mobile On Trailer (Diesel),Floor & Cleaning Equipment,Pumps & Cleaning,FAMILY,Render GO 522,Coates_K2_Render_GO_522_Thumbnails_003.zip,800,800,JPEG,77341,798719663d8134f97f0e670fa13c3d9fcd4adb0c9f57d8df8e672baed1044245
MOTOROLADP4801ETWOWAYRADIO,MOTOROLADP4801ETWOWAYRADIO.jpg,Motorola DP4801e Two-Way Radio 871TNK7668,Coates Equipment,Radios,FAMILY,Render GO 522,Coates_K2_Render_GO_522_Thumbnails_002.zip,800,800,JPEG,78329,ec035792d7fb6f31ed8a7cf74f2e63400757b03871e293779131fa51f1595c77
RADIOCOVER,RADIOCOVER.jpg,Radio Cover,Tools & Equipment,Radios,FAMILY,Render GO 522,Coates_K2_Render_GO_522_Thumbnails_002.zip,800,800,JPEG,78683,21bd70bb68ea427f28e0dc732e0611774de442f9abf065c2e56780f763dee0c8
ARMORZONEBARIER,ARMORZONEBARIER.jpg,Barrier - Crash Rated Water filled - Armorzone,Traffic Management,Safety Gear,FAMILY,Render GO 522,Coates_K2_Render_GO_522_Thumbnails_001.zip,800,800,JPEG,72838,59b8025de54ece5ab12458e0e2ae73d08beee10ba91348fd0741f4d0be13f0f8
CROWDCONTROLBARRIER,CROWDCONTROLBARRIER.jpg,Barrier - Crowd Control,Traffic Management,Safety Gear,FAMILY,Render GO 522,Coates_K2_Render_GO_522_Thumbnails_001.zip,800,800,JPEG,79978,83662346e50681015f8d2a829cf060834ff7a9489c6841bc2e9ac62fc7f0b13d
CEME9016-590687,CEME9016-590687.jpg,DIPHOTERINE - EYEWASH EYE-SIEW 50ML - K2/26,Consumables,Safety Gear,FAMILY,Render GO 522,Coates_K2_Render_GO_522_Thumbnails_001.zip,800,800,JPEG,72120,27be98e10b8bfaf3454f8f53acaccc3602da66fd565bd605eb4c1d11100a6fdf
CEME9016-590688,CEME9016-590688.jpg,DIPHOTERINE - EYEWASH EYE-SIEW 50ML - K2/26,Consumables,Safety Gear,FAMILY,Render GO 522,Coates_K2_Render_GO_522_Thumbnails_001.zip,800,800,JPEG,72120,27be98e10b8bfaf3454f8f53acaccc3602da66fd565bd605eb4c1d11100a6fdf
DIPHOTERINEEYEWASH50MLEXP20280512,DIPHOTERINEEYEWASH50MLEXP20280512.jpg,DIPHOTERINE EYE WASH 50ML EXP 2028-05-12,Cement Safety,Safety Gear,FAMILY,Render GO 522,Coates_K2_Render_GO_522_Thumbnails_001.zip,800,800,JPEG,72120,27be98e10b8bfaf3454f8f53acaccc3602da66fd565bd605eb4c1d11100a6fdf
DIPHOTERINEMICRODAP100MLEXP20271014,DIPHOTERINEMICRODAP100MLEXP20271014.jpg,DIPHOTERINE MICRO DAP 100ML EXP 2027-10-14,Cement Safety,Safety Gear,FAMILY,Render GO 522,Coates_K2_Render_GO_522_Thumbnails_001.zip,800,800,JPEG,64638,e29055a0f02c8bda5c81b99e03196734b7d179a5e29f4c2df017b01185e6afb1
DIPHOTERINEMICRODAP100MLEXP20271118,DIPHOTERINEMICRODAP100MLEXP20271118.jpg,DIPHOTERINE MICRO DAP 100ML EXP 2027-11-18,Cement Safety,Safety Gear,FAMILY,Render GO 522,Coates_K2_Render_GO_522_Thumbnails_001.zip,800,800,JPEG,64638,e29055a0f02c8bda5c81b99e03196734b7d179a5e29f4c2df017b01185e6afb1
PARAMOUNTSAFETYBOLLARDBOLLARDBASES6KG,PARAMOUNTSAFETYBOLLARDBOLLARDBASES6KG.jpg,Paramount Safety Bollard & Bollard Bases 6KG,Cutomer Equipment,Safety Gear,FAMILY,Render GO 522,Coates_K2_Render_GO_522_Thumbnails_002.zip,800,800,JPEG,81541,fe11fa38c3a60ab840ebeaca0115a07db10afdbbe743dacc07747b51f33124e7
CEME9016-590710,CEME9016-590710.jpg,SAFETY GLASSES - DAY/NIGHT - K2/26,Consumables,Safety Gear,FAMILY,Render GO 522,Coates_K2_Render_GO_522_Thumbnails_001.zip,800,800,JPEG,77070,bffff3c3bd3fbb53bf9d64c73440335d5725f842ba74a276ffd9994dae93945c
CEME9016-590711,CEME9016-590711.jpg,SAFETY TAG - GROUP ISOLATION - K2/26,Consumables,Safety Gear,FAMILY,Render GO 522,Coates_K2_Render_GO_522_Thumbnails_001.zip,800,800,JPEG,76195,2620839ce047d35f9e14d6d6ad265fbbc4cb7e57bd082eea4293b57da4e60824
CEME9016-590712,CEME9016-590712.jpg,SAFETY TAG - INFORMATION - K2/26,Consumables,Safety Gear,FAMILY,Render GO 522,Coates_K2_Render_GO_522_Thumbnails_001.zip,800,800,JPEG,76195,2620839ce047d35f9e14d6d6ad265fbbc4cb7e57bd082eea4293b57da4e60824
CEME9016-590713,CEME9016-590713.jpg,SAFETY TAG - OUT OF SERVICE - K2/26,Consumables,Safety Gear,FAMILY,Render GO 522,Coates_K2_Render_GO_522_Thumbnails_001.zip,800,800,JPEG,76195,2620839ce047d35f9e14d6d6ad265fbbc4cb7e57bd082eea4293b57da4e60824
CEME9016-590714,CEME9016-590714.jpg,SAFETY TAG - PERSONAL ISOLATION - K2/26,Consumables,Safety Gear,FAMILY,Render GO 522,Coates_K2_Render_GO_522_Thumbnails_001.zip,800,800,JPEG,76195,2620839ce047d35f9e14d6d6ad265fbbc4cb7e57bd082eea4293b57da4e60824
SAFETYANCHORSTRAP,SAFETYANCHORSTRAP.jpg,Safety Anchor Strap,Industrial Tools & Equipment,Safety Gear,FAMILY,Render GO 522,Coates_K2_Render_GO_522_Thumbnails_002.zip,800,800,JPEG,79235,b8dde13e578b0413a832c7c095521062735497a7c69c63a2107f4eee929ea1c9
SAFEHARNESSCS,SAFEHARNESSCS.jpg,Safety Harness Confined Space,Tools & Equipment,Safety Gear,FAMILY,Render GO 522,Coates_K2_Render_GO_522_Thumbnails_002.zip,800,800,JPEG,81020,f3eae53555f4e968f4794759cc5216f9c8a07d49523bda7f3a1425403b0e5bc6
SAFETYHOOKFLOGG,SAFETYHOOKFLOGG.jpg,Safety Holder - Flogger,Tools & Equipment,Safety Gear,FAMILY,Render GO 522,Coates_K2_Render_GO_522_Thumbnails_002.zip,800,800,JPEG,79300,149960cbd1a609599027a2df0d3a9eaf671f74812ad8cde68fd69c103c78fe68
SAFETYSTEP,SAFETYSTEP.jpg,Safety Step,Tools & Equipment,Safety Gear,FAMILY,Render GO 522,Coates_K2_Render_GO_522_Thumbnails_002.zip,800,800,JPEG,77328,9053d328622304eadca9f0cadbe92337f8d4773114567b9ffdc09570149a4bd2
CEME9016-590873,CEME9016-590873.jpg,Solvent Resistent Barrier Cream 500ml,Consumables,Safety Gear,FAMILY,Render GO 522,Coates_K2_Render_GO_522_Thumbnails_001.zip,800,800,JPEG,59180,76bac9258f08657ae732db5d862560f7b678c298e9b40df3d26cdc2902bebff1
CEME9016-590723,CEME9016-590723.jpg,TAPE - BARRIER 'DO NOT ENTER' BLACK/RED/WHITE - K2/26,Consumables,Safety Gear,FAMILY,Render GO 522,Coates_K2_Render_GO_522_Thumbnails_001.zip,800,800,JPEG,80166,4e6683f279d52ce5daa1f967ea7dc91db2656f5b0ec6db7f64bcbb76b4de1d2a
SOCKETIMP1DR1-1/4,SOCKETIMP1DR1-1_4.jpg,**OBSOLETE**Socket - Impact - 1 1/4in 1in Drive,Socket - impact standard | Drive 1in | Imperial,Sockets,FAMILY,Approved 649,Coates_K2_Road2_Retraction_Resolved_649_Thumbnails_002.zip,800,800,JPEG,78818,f4f2c97be6ffe4f48767b2491c65df755a1a59544115fef57561a33c1d6c71b7
SOCKETIMP1DR1-15/16,SOCKETIMP1DR1-15_16.jpg,**OBSOLETE**Socket - Impact - 1 15/16in 1in Drive,Socket - impact standard | Drive 1in | Imperial,Sockets,FAMILY,Approved 649,Coates_K2_Road2_Retraction_Resolved_649_Thumbnails_002.zip,800,800,JPEG,78818,f4f2c97be6ffe4f48767b2491c65df755a1a59544115fef57561a33c1d6c71b7
12DRIVECROWSFEET27MM,12DRIVECROWSFEET27MM.jpg,"1/2"" Drive Crowsfeet-27MM",Crowsfoot socket | Drive 1/2in | Mixed,Sockets,FAMILY,Approved 649,Coates_K2_Road2_Retraction_Resolved_649_Thumbnails_001.zip,800,800,JPEG,79953,d174a6468cd8b9d6fa4144e85e95050c6c0dc11be1ef3801041077ee00996a89
CROWFOOT27MM12INDRIVE,CROWFOOT27MM12INDRIVE.jpg,"1/2"" Drive Crowsfeet-27MM",Crowsfoot socket | Drive 1/2in | Mixed,Sockets,FAMILY,Approved 649,Coates_K2_Road2_Retraction_Resolved_649_Thumbnails_001.zip,800,800,JPEG,79953,d174a6468cd8b9d6fa4144e85e95050c6c0dc11be1ef3801041077ee00996a89
12DRIVECROWSFEET29MM,12DRIVECROWSFEET29MM.jpg,"1/2"" Drive Crowsfeet-29MM",Crowsfoot socket | Drive 1/2in | Mixed,Sockets,FAMILY,Approved 649,Coates_K2_Road2_Retraction_Resolved_649_Thumbnails_001.zip,800,800,JPEG,79953,d174a6468cd8b9d6fa4144e85e95050c6c0dc11be1ef3801041077ee00996a89
CROWFOOT29MM12INDRIVE,CROWFOOT29MM12INDRIVE.jpg,"1/2"" Drive Crowsfeet-29MM",Crowsfoot socket | Drive 1/2in | Mixed,Sockets,FAMILY,Approved 649,Coates_K2_Road2_Retraction_Resolved_649_Thumbnails_001.zip,800,800,JPEG,79953,d174a6468cd8b9d6fa4144e85e95050c6c0dc11be1ef3801041077ee00996a89
12DRIVECROWSFEET30MM,12DRIVECROWSFEET30MM.jpg,"1/2"" Drive Crowsfeet-30MM",Crowsfoot socket | Drive 1/2in | Mixed,Sockets,FAMILY,Approved 649,Coates_K2_Road2_Retraction_Resolved_649_Thumbnails_001.zip,800,800,JPEG,79953,d174a6468cd8b9d6fa4144e85e95050c6c0dc11be1ef3801041077ee00996a89
CROWFOOT30MM12INDRIVE,CROWFOOT30MM12INDRIVE.jpg,"1/2"" Drive Crowsfeet-30MM",Crowsfoot socket | Drive 1/2in | Mixed,Sockets,FAMILY,Approved 649,Coates_K2_Road2_Retraction_Resolved_649_Thumbnails_001.zip,800,800,JPEG,79953,d174a6468cd8b9d6fa4144e85e95050c6c0dc11be1ef3801041077ee00996a89
12DRIVECROWSFEET32MM,12DRIVECROWSFEET32MM.jpg,"1/2"" Drive Crowsfeet-32MM",Crowsfoot socket | Drive 1/2in | Mixed,Sockets,FAMILY,Approved 649,Coates_K2_Road2_Retraction_Resolved_649_Thumbnails_001.zip,800,800,JPEG,79953,d174a6468cd8b9d6fa4144e85e95050c6c0dc11be1ef3801041077ee00996a89
CROWFOOT32MM12INDRIVE,CROWFOOT32MM12INDRIVE.jpg,"1/2"" Drive Crowsfeet-32MM",Crowsfoot socket | Drive 1/2in | Mixed,Sockets,FAMILY,Approved 649,Coates_K2_Road2_Retraction_Resolved_649_Thumbnails_001.zip,800,800,JPEG,79953,d174a6468cd8b9d6fa4144e85e95050c6c0dc11be1ef3801041077ee00996a89
12DRIVECROWSFEET33MM,12DRIVECROWSFEET33MM.jpg,"1/2"" Drive Crowsfeet-33MM",Crowsfoot socket | Drive 1/2in | Mixed,Sockets,FAMILY,Approved 649,Coates_K2_Road2_Retraction_Resolved_649_Thumbnails_001.zip,800,800,JPEG,79953,d174a6468cd8b9d6fa4144e85e95050c6c0dc11be1ef3801041077ee00996a89
CROWFOOT33MM12INDRIVE,CROWFOOT33MM12INDRIVE.jpg,"1/2"" Drive Crowsfeet-33MM",Crowsfoot socket | Drive 1/2in | Mixed,Sockets,FAMILY,Approved 649,Coates_K2_Road2_Retraction_Resolved_649_Thumbnails_001.zip,800,800,JPEG,79953,d174a6468cd8b9d6fa4144e85e95050c6c0dc11be1ef3801041077ee00996a89
12DRIVECROWSFEET34MM,12DRIVECROWSFEET34MM.jpg,"1/2"" Drive Crowsfeet-34MM",Crowsfoot socket | Drive 1/2in | Mixed,Sockets,FAMILY,Approved 649,Coates_K2_Road2_Retraction_Resolved_649_Thumbnails_001.zip,800,800,JPEG,79953,d174a6468cd8b9d6fa4144e85e95050c6c0dc11be1ef3801041077ee00996a89
CROWFOOT34MM12INDRIVE,CROWFOOT34MM12INDRIVE.jpg,"1/2"" Drive Crowsfeet-34MM",Crowsfoot socket | Drive 1/2in | Mixed,Sockets,FAMILY,Approved 649,Coates_K2_Road2_Retraction_Resolved_649_Thumbnails_001.zip,800,800,JPEG,79953,d174a6468cd8b9d6fa4144e85e95050c6c0dc11be1ef3801041077ee00996a89
12DRIVECROWSFEET35MM,12DRIVECROWSFEET35MM.jpg,"1/2"" Drive Crowsfeet-35MM",Crowsfoot socket | Drive 1/2in | Mixed,Sockets,FAMILY,Approved 649,Coates_K2_Road2_Retraction_Resolved_649_Thumbnails_001.zip,800,800,JPEG,79953,d174a6468cd8b9d6fa4144e85e95050c6c0dc11be1ef3801041077ee00996a89
CROWFOOT35MM12INDRIVE,CROWFOOT35MM12INDRIVE.jpg,"1/2"" Drive Crowsfeet-35MM",Crowsfoot socket | Drive 1/2in | Mixed,Sockets,FAMILY,Approved 649,Coates_K2_Road2_Retraction_Resolved_649_Thumbnails_001.zip,800,800,JPEG,79953,d174a6468cd8b9d6fa4144e85e95050c6c0dc11be1ef3801041077ee00996a89
12DRIVECROWSFEET36MM,12DRIVECROWSFEET36MM.jpg,"1/2"" Drive Crowsfeet-36MM",Crowsfoot socket | Drive 1/2in | Mixed,Sockets,FAMILY,Approved 649,Coates_K2_Road2_Retraction_Resolved_649_Thumbnails_001.zip,800,800,JPEG,79953,d174a6468cd8b9d6fa4144e85e95050c6c0dc11be1ef3801041077ee00996a89
CROWFOOT36MM12INDRIVE,CROWFOOT36MM12INDRIVE.jpg,"1/2"" Drive Crowsfeet-36MM",Crowsfoot socket | Drive 1/2in | Mixed,Sockets,FAMILY,Approved 649,Coates_K2_Road2_Retraction_Resolved_649_Thumbnails_001.zip,800,800,JPEG,79953,d174a6468cd8b9d6fa4144e85e95050c6c0dc11be1ef3801041077ee00996a89
12DRIVECROWSFEET38MM,12DRIVECROWSFEET38MM.jpg,"1/2"" Drive Crowsfeet-38MM",Crowsfoot socket | Drive 1/2in | Mixed,Sockets,FAMILY,Approved 649,Coates_K2_Road2_Retraction_Resolved_649_Thumbnails_001.zip,800,800,JPEG,79953,d174a6468cd8b9d6fa4144e85e95050c6c0dc11be1ef3801041077ee00996a89
CROWFOOT38MM12INDRIVE,CROWFOOT38MM12INDRIVE.jpg,"1/2"" Drive Crowsfeet-38MM",Crowsfoot socket | Drive 1/2in | Mixed,Sockets,FAMILY,Approved 649,Coates_K2_Road2_Retraction_Resolved_649_Thumbnails_001.zip,800,800,JPEG,79953,d174a6468cd8b9d6fa4144e85e95050c6c0dc11be1ef3801041077ee00996a89
12DRIVECROWSFEET41MM,12DRIVECROWSFEET41MM.jpg,"1/2"" Drive Crowsfeet-41MM",Crowsfoot socket | Drive 1/2in | Mixed,Sockets,FAMILY,Approved 649,Coates_K2_Road2_Retraction_Resolved_649_Thumbnails_001.zip,800,800,JPEG,79953,d174a6468cd8b9d6fa4144e85e95050c6c0dc11be1ef3801041077ee00996a89
CROWFOOT41MM12INDRIVE,CROWFOOT41MM12INDRIVE.jpg,"1/2"" Drive Crowsfeet-41MM",Crowsfoot socket | Drive 1/2in | Mixed,Sockets,FAMILY,Approved 649,Coates_K2_Road2_Retraction_Resolved_649_Thumbnails_001.zip,800,800,JPEG,79953,d174a6468cd8b9d6fa4144e85e95050c6c0dc11be1ef3801041077ee00996a89
12DRIVECROWSFEET43MM,12DRIVECROWSFEET43MM.jpg,"1/2"" Drive Crowsfeet-43MM",Crowsfoot socket | Drive 1/2in | Mixed,Sockets,FAMILY,Approved 649,Coates_K2_Road2_Retraction_Resolved_649_Thumbnails_001.zip,800,800,JPEG,79953,d174a6468cd8b9d6fa4144e85e95050c6c0dc11be1ef3801041077ee00996a89
CROWFOOT43MM12INDRIVE,CROWFOOT43MM12INDRIVE.jpg,"1/2"" Drive Crowsfeet-43MM",Crowsfoot socket | Drive 1/2in | Mixed,Sockets,FAMILY,Approved 649,Coates_K2_Road2_Retraction_Resolved_649_Thumbnails_001.zip,800,800,JPEG,79953,d174a6468cd8b9d6fa4144e85e95050c6c0dc11be1ef3801041077ee00996a89
12DRIVECROWSFEET46MM,12DRIVECROWSFEET46MM.jpg,"1/2"" Drive Crowsfeet-46MM",Crowsfoot socket | Drive 1/2in | Mixed,Sockets,FAMILY,Approved 649,Coates_K2_Road2_Retraction_Resolved_649_Thumbnails_001.zip,800,800,JPEG,79953,d174a6468cd8b9d6fa4144e85e95050c6c0dc11be1ef3801041077ee00996a89
CROWFOOT46MM12INDRIVE,CROWFOOT46MM12INDRIVE.jpg,"1/2"" Drive Crowsfeet-46MM",Crowsfoot socket | Drive 1/2in | Mixed,Sockets,FAMILY,Approved 649,Coates_K2_Road2_Retraction_Resolved_649_Thumbnails_001.zip,800,800,JPEG,79953,d174a6468cd8b9d6fa4144e85e95050c6c0dc11be1ef3801041077ee00996a89
12DRIVECROWSFEET48MM,12DRIVECROWSFEET48MM.jpg,"1/2"" Drive Crowsfeet-48MM",Crowsfoot socket | Drive 1/2in | Mixed,Sockets,FAMILY,Approved 649,Coates_K2_Road2_Retraction_Resolved_649_Thumbnails_001.zip,800,800,JPEG,79953,d174a6468cd8b9d6fa4144e85e95050c6c0dc11be1ef3801041077ee00996a89
CROWFOOT48MM12INDRIVE,CROWFOOT48MM12INDRIVE.jpg,"1/2"" Drive Crowsfeet-48MM",Crowsfoot socket | Drive 1/2in | Mixed,Sockets,FAMILY,Approved 649,Coates_K2_Road2_Retraction_Resolved_649_Thumbnails_001.zip,800,800,JPEG,79953,d174a6468cd8b9d6fa4144e85e95050c6c0dc11be1ef3801041077ee00996a89
12DRIVECROWSFEET50MM,12DRIVECROWSFEET50MM.jpg,"1/2"" Drive Crowsfeet-50MM",Crowsfoot socket | Drive 1/2in | Mixed,Sockets,FAMILY,Approved 649,Coates_K2_Road2_Retraction_Resolved_649_Thumbnails_001.zip,800,800,JPEG,79953,d174a6468cd8b9d6fa4144e85e95050c6c0dc11be1ef3801041077ee00996a89
CROWFOOT50MM12INDRIVE,CROWFOOT50MM12INDRIVE.jpg,"1/2"" Drive Crowsfeet-50MM",Crowsfoot socket | Drive 1/2in | Mixed,Sockets,FAMILY,Approved 649,Coates_K2_Road2_Retraction_Resolved_649_Thumbnails_001.zip,800,800,JPEG,79953,d174a6468cd8b9d6fa4144e85e95050c6c0dc11be1ef3801041077ee00996a89
BREAKERBAR1/2D,BREAKERBAR1_2D.jpg,Breaker Bar 1/2in Drive,Industrial Tools & Equipment,Sockets,FAMILY,Render GO 522,Coates_K2_Render_GO_522_Thumbnails_001.zip,800,800,JPEG,80760,583ee31bf742139b5b0597d178ea26e3c99ca33af3d5e7f415688e1cdac92918
12DRIVEIMPACTHEXSOCKET17MM78MM,12DRIVEIMPACTHEXSOCKET17MM78MM.jpg,"SOCKET IMPACT HEX 1/2""DR MET 17MM X 78MM Kinchrome",Socket - impact standard | Drive 1/2in | Mixed,Sockets,FAMILY,Approved 649,Coates_K2_Road2_Retraction_Resolved_649_Thumbnails_001.zip,800,800,JPEG,78818,f4f2c97be6ffe4f48767b2491c65df755a1a59544115fef57561a33c1d6c71b7
SOCKETIMPACTHEX12DRMET17MMX78MMKINCHROME,SOCKETIMPACTHEX12DRMET17MMX78MMKINCHROME.jpg,"SOCKET IMPACT HEX 1/2""DR MET 17MM X 78MM Kinchrome",Socket - impact standard | Drive 1/2in | Mixed,Sockets,FAMILY,Approved 649,Coates_K2_Road2_Retraction_Resolved_649_Thumbnails_002.zip,800,800,JPEG,78818,f4f2c97be6ffe4f48767b2491c65df755a1a59544115fef57561a33c1d6c71b7
SOCKET1/2DR11MM,SOCKET1_2DR11MM.jpg,Socket -   1/2inch Drive - Metric - 11mm,Socket - other | Drive 1/2in | Mixed,Sockets,FAMILY,Approved 649,Coates_K2_Road2_Retraction_Resolved_649_Thumbnails_001.zip,800,800,JPEG,77477,037115d043c02367fc6cc80b870f4068c592b2a98d66724cb2a1139ae8ce625a
SOCKET1/2DR12MM,SOCKET1_2DR12MM.jpg,Socket -   1/2inch Drive - Metric - 12mm,Socket - other | Drive 1/2in | Mixed,Sockets,FAMILY,Approved 649,Coates_K2_Road2_Retraction_Resolved_649_Thumbnails_001.zip,800,800,JPEG,77477,037115d043c02367fc6cc80b870f4068c592b2a98d66724cb2a1139ae8ce625a
SOCKET1/2DR14MM,SOCKET1_2DR14MM.jpg,Socket -   1/2inch Drive - Metric - 14mm,Socket - other | Drive 1/2in | Mixed,Sockets,FAMILY,Approved 649,Coates_K2_Road2_Retraction_Resolved_649_Thumbnails_001.zip,800,800,JPEG,77477,037115d043c02367fc6cc80b870f4068c592b2a98d66724cb2a1139ae8ce625a
SOCKET1/2DR15MM,SOCKET1_2DR15MM.jpg,Socket -   1/2inch Drive - Metric - 15mm,Socket - other | Drive 1/2in | Mixed,Sockets,FAMILY,Approved 649,Coates_K2_Road2_Retraction_Resolved_649_Thumbnails_001.zip,800,800,JPEG,77477,037115d043c02367fc6cc80b870f4068c592b2a98d66724cb2a1139ae8ce625a
SOCKET1/2DR16MM,SOCKET1_2DR16MM.jpg,Socket -   1/2inch Drive - Metric - 16mm,Socket - other | Drive 1/2in | Mixed,Sockets,FAMILY,Approved 649,Coates_K2_Road2_Retraction_Resolved_649_Thumbnails_001.zip,800,800,JPEG,77477,037115d043c02367fc6cc80b870f4068c592b2a98d66724cb2a1139ae8ce625a
SOCKET1/2DR17MM,SOCKET1_2DR17MM.jpg,Socket -   1/2inch Drive - Metric - 17mm,Socket - other | Drive 1/2in | Mixed,Sockets,FAMILY,Approved 649,Coates_K2_Road2_Retraction_Resolved_649_Thumbnails_001.zip,800,800,JPEG,77477,037115d043c02367fc6cc80b870f4068c592b2a98d66724cb2a1139ae8ce625a
SOCKET1/2DR18MM,SOCKET1_2DR18MM.jpg,Socket -   1/2inch Drive - Metric - 18mm,Socket - other | Drive 1/2in | Mixed,Sockets,FAMILY,Approved 649,Coates_K2_Road2_Retraction_Resolved_649_Thumbnails_001.zip,800,800,JPEG,77477,037115d043c02367fc6cc80b870f4068c592b2a98d66724cb2a1139ae8ce625a
SOCKET1/2DR19MM,SOCKET1_2DR19MM.jpg,Socket -   1/2inch Drive - Metric - 19mm,Socket - other | Drive 1/2in | Mixed,Sockets,FAMILY,Approved 649,Coates_K2_Road2_Retraction_Resolved_649_Thumbnails_001.zip,800,800,JPEG,77477,037115d043c02367fc6cc80b870f4068c592b2a98d66724cb2a1139ae8ce625a
SOCKET1/2DR21MM,SOCKET1_2DR21MM.jpg,Socket -   1/2inch Drive - Metric - 21mm,Socket - other | Drive 1/2in | Mixed,Sockets,FAMILY,Approved 649,Coates_K2_Road2_Retraction_Resolved_649_Thumbnails_001.zip,800,800,JPEG,77477,037115d043c02367fc6cc80b870f4068c592b2a98d66724cb2a1139ae8ce625a
SOCKET1/2DR22MM,SOCKET1_2DR22MM.jpg,Socket -   1/2inch Drive - Metric - 22mm,Socket - other | Drive 1/2in | Mixed,Sockets,FAMILY,Approved 649,Coates_K2_Road2_Retraction_Resolved_649_Thumbnails_001.zip,800,800,JPEG,77477,037115d043c02367fc6cc80b870f4068c592b2a98d66724cb2a1139ae8ce625a
SOCKET1/2DR23MM,SOCKET1_2DR23MM.jpg,Socket -   1/2inch Drive - Metric - 23mm,Socket - other | Drive 1/2in | Mixed,Sockets,FAMILY,Approved 649,Coates_K2_Road2_Retraction_Resolved_649_Thumbnails_001.zip,800,800,JPEG,77477,037115d043c02367fc6cc80b870f4068c592b2a98d66724cb2a1139ae8ce625a
SOCKET1/2DR24MM,SOCKET1_2DR24MM.jpg,Socket -   1/2inch Drive - Metric - 24mm,Socket - other | Drive 1/2in | Mixed,Sockets,FAMILY,Approved 649,Coates_K2_Road2_Retraction_Resolved_649_Thumbnails_001.zip,800,800,JPEG,77477,037115d043c02367fc6cc80b870f4068c592b2a98d66724cb2a1139ae8ce625a
SOCKET1/2DR26MM,SOCKET1_2DR26MM.jpg,Socket -   1/2inch Drive - Metric - 26mm,Socket - other | Drive 1/2in | Mixed,Sockets,FAMILY,Approved 649,Coates_K2_Road2_Retraction_Resolved_649_Thumbnails_001.zip,800,800,JPEG,77477,037115d043c02367fc6cc80b870f4068c592b2a98d66724cb2a1139ae8ce625a
SOCKET1/2DR29MM,SOCKET1_2DR29MM.jpg,Socket -   1/2inch Drive - Metric - 29mm,Socket - other | Drive 1/2in | Mixed,Sockets,FAMILY,Approved 649,Coates_K2_Road2_Retraction_Resolved_649_Thumbnails_001.zip,800,800,JPEG,77477,037115d043c02367fc6cc80b870f4068c592b2a98d66724cb2a1139ae8ce625a
SOCKET1/2DR31MM,SOCKET1_2DR31MM.jpg,Socket -   1/2inch Drive - Metric - 31mm,Socket - other | Drive 1/2in | Mixed,Sockets,FAMILY,Approved 649,Coates_K2_Road2_Retraction_Resolved_649_Thumbnails_001.zip,800,800,JPEG,77477,037115d043c02367fc6cc80b870f4068c592b2a98d66724cb2a1139ae8ce625a
SOCKET1/2DR33MM,SOCKET1_2DR33MM.jpg,Socket -   1/2inch Drive - Metric - 33mm,Socket - other | Drive 1/2in | Mixed,Sockets,FAMILY,Approved 649,Coates_K2_Road2_Retraction_Resolved_649_Thumbnails_001.zip,800,800,JPEG,77477,037115d043c02367fc6cc80b870f4068c592b2a98d66724cb2a1139ae8ce625a
SOCKET1/2DR34MM,SOCKET1_2DR34MM.jpg,Socket -   1/2inch Drive - Metric - 34mm,Socket - other | Drive 1/2in | Mixed,Sockets,FAMILY,Approved 649,Coates_K2_Road2_Retraction_Resolved_649_Thumbnails_001.zip,800,800,JPEG,77477,037115d043c02367fc6cc80b870f4068c592b2a98d66724cb2a1139ae8ce625a
SOCKET1/2DR35MM,SOCKET1_2DR35MM.jpg,Socket -   1/2inch Drive - Metric - 35mm,Socket - other | Drive 1/2in | Mixed,Sockets,FAMILY,Approved 649,Coates_K2_Road2_Retraction_Resolved_649_Thumbnails_001.zip,800,800,JPEG,77477,037115d043c02367fc6cc80b870f4068c592b2a98d66724cb2a1139ae8ce625a
SOCKET3/4DR26MM,SOCKET3_4DR26MM.jpg,Socket -   3/4inch Drive - Metric - 26mm,Socket - other | Drive 3/4in | Mixed,Sockets,FAMILY,Approved 649,Coates_K2_Road2_Retraction_Resolved_649_Thumbnails_002.zip,800,800,JPEG,77477,037115d043c02367fc6cc80b870f4068c592b2a98d66724cb2a1139ae8ce625a
SOCKET3/4DR28MM,SOCKET3_4DR28MM.jpg,Socket -   3/4inch Drive - Metric - 28mm,Socket - other | Drive 3/4in | Mixed,Sockets,FAMILY,Approved 649,Coates_K2_Road2_Retraction_Resolved_649_Thumbnails_002.zip,800,800,JPEG,77477,037115d043c02367fc6cc80b870f4068c592b2a98d66724cb2a1139ae8ce625a
SOCKET3/4DR31MM,SOCKET3_4DR31MM.jpg,Socket -   3/4inch Drive - Metric - 31mm,Socket - other | Drive 3/4in | Mixed,Sockets,FAMILY,Approved 649,Coates_K2_Road2_Retraction_Resolved_649_Thumbnails_002.zip,800,800,JPEG,77477,037115d043c02367fc6cc80b870f4068c592b2a98d66724cb2a1139ae8ce625a
SOCKET3/4DR34MM,SOCKET3_4DR34MM.jpg,Socket -   3/4inch Drive - Metric - 34mm,Socket - other | Drive 3/4in | Mixed,Sockets,FAMILY,Approved 649,Coates_K2_Road2_Retraction_Resolved_649_Thumbnails_002.zip,800,800,JPEG,77477,037115d043c02367fc6cc80b870f4068c592b2a98d66724cb2a1139ae8ce625a
SOCKET3/4DR38MM,SOCKET3_4DR38MM.jpg,Socket -   3/4inch Drive - Metric - 38mm,Socket - other | Drive 3/4in | Mixed,Sockets,FAMILY,Approved 649,Coates_K2_Road2_Retraction_Resolved_649_Thumbnails_002.zip,800,800,JPEG,77477,037115d043c02367fc6cc80b870f4068c592b2a98d66724cb2a1139ae8ce625a
SOCKET3/4DR44MM,SOCKET3_4DR44MM.jpg,Socket -   3/4inch Drive - Metric - 44mm,Socket - other | Drive 3/4in | Mixed,Sockets,FAMILY,Approved 649,Coates_K2_Road2_Retraction_Resolved_649_Thumbnails_002.zip,800,800,JPEG,77477,037115d043c02367fc6cc80b870f4068c592b2a98d66724cb2a1139ae8ce625a
SOCKET3/4DR55MM,SOCKET3_4DR55MM.jpg,Socket -   3/4inch Drive - Metric - 55mm,Socket - other | Drive 3/4in | Mixed,Sockets,FAMILY,Approved 649,Coates_K2_Road2_Retraction_Resolved_649_Thumbnails_002.zip,800,800,JPEG,77477,037115d043c02367fc6cc80b870f4068c592b2a98d66724cb2a1139ae8ce625a
SOCKET1DR19MM,SOCKET1DR19MM.jpg,Socket -  1inch Drive - Metric - 19mm,Socket - other | Drive 1in | Mixed,Sockets,FAMILY,Approved 649,Coates_K2_Road2_Retraction_Resolved_649_Thumbnails_002.zip,800,800,JPEG,77477,037115d043c02367fc6cc80b870f4068c592b2a98d66724cb2a1139ae8ce625a
SOCKET1DR31MM,SOCKET1DR31MM.jpg,Socket -  1inch Drive - Metric - 31mm,Socket - other | Drive 1in | Mixed,Sockets,FAMILY,Approved 649,Coates_K2_Road2_Retraction_Resolved_649_Thumbnails_002.zip,800,800,JPEG,77477,037115d043c02367fc6cc80b870f4068c592b2a98d66724cb2a1139ae8ce625a
SOCKET1DR34MM,SOCKET1DR34MM.jpg,Socket -  1inch Drive - Metric - 34mm,Socket - other | Drive 1in | Mixed,Sockets,FAMILY,Approved 649,Coates_K2_Road2_Retraction_Resolved_649_Thumbnails_002.zip,800,800,JPEG,77477,037115d043c02367fc6cc80b870f4068c592b2a98d66724cb2a1139ae8ce625a
SOCKET1DR38MM,SOCKET1DR38MM.jpg,Socket -  1inch Drive - Metric - 38mm,Socket - other | Drive 1in | Mixed,Sockets,FAMILY,Approved 649,Coates_K2_Road2_Retraction_Resolved_649_Thumbnails_002.zip,800,800,JPEG,77477,037115d043c02367fc6cc80b870f4068c592b2a98d66724cb2a1139ae8ce625a
SOCKET1DR41MM,SOCKET1DR41MM.jpg,Socket -  1inch Drive - Metric - 41mm,Socket - other | Drive 1in | Mixed,Sockets,FAMILY,Approved 649,Coates_K2_Road2_Retraction_Resolved_649_Thumbnails_002.zip,800,800,JPEG,77477,037115d043c02367fc6cc80b870f4068c592b2a98d66724cb2a1139ae8ce625a
SOCKET1DR54MM,SOCKET1DR54MM.jpg,Socket -  1inch Drive - Metric - 54mm,Socket - other | Drive 1in | Mixed,Sockets,FAMILY,Approved 649,Coates_K2_Road2_Retraction_Resolved_649_Thumbnails_002.zip,800,800,JPEG,77477,037115d043c02367fc6cc80b870f4068c592b2a98d66724cb2a1139ae8ce625a
SOCKET1DR55MM,SOCKET1DR55MM.jpg,Socket -  1inch Drive - Metric - 55mm,Socket - other | Drive 1in | Mixed,Sockets,FAMILY,Approved 649,Coates_K2_Road2_Retraction_Resolved_649_Thumbnails_002.zip,800,800,JPEG,77477,037115d043c02367fc6cc80b870f4068c592b2a98d66724cb2a1139ae8ce625a
SOCKET1DR63MM,SOCKET1DR63MM.jpg,Socket -  1inch Drive - Metric - 63mm,Socket - other | Drive 1in | Mixed,Sockets,FAMILY,Approved 649,Coates_K2_Road2_Retraction_Resolved_649_Thumbnails_002.zip,800,800,JPEG,77477,037115d043c02367fc6cc80b870f4068c592b2a98d66724cb2a1139ae8ce625a
SOCKET1DR65MM,SOCKET1DR65MM.jpg,Socket -  1inch Drive - Metric - 65mm,Socket - other | Drive 1in | Mixed,Sockets,FAMILY,Approved 649,Coates_K2_Road2_Retraction_Resolved_649_Thumbnails_002.zip,800,800,JPEG,77477,037115d043c02367fc6cc80b870f4068c592b2a98d66724cb2a1139ae8ce625a
SOCKET3/4DR46MM,SOCKET3_4DR46MM.jpg,Socket - 3/4in Drive - Imperial - 1 13/16in,Socket - other | Drive 3/4in | Imperial,Sockets,FAMILY,Approved 649,Coates_K2_Road2_Retraction_Resolved_649_Thumbnails_002.zip,800,800,JPEG,77477,037115d043c02367fc6cc80b870f4068c592b2a98d66724cb2a1139ae8ce625a
SOCKETEXT3/4DR175MM,SOCKETEXT3_4DR175MM.jpg,Socket - Extension - 3/4 - 175mm,Socket - extension,Sockets,FAMILY,Approved 649,Coates_K2_Road2_Retraction_Resolved_649_Thumbnails_002.zip,800,800,JPEG,80255,f3fc8ca6b5ee3e61390129510c88f91f15ae9154220843a46546bd9dfaaadf9f
SOCKETIMP3/4DR1-1/16,SOCKETIMP3_4DR1-1_16.jpg,Socket - Impact -   3/4inch Drive - Imperial - 1 1/16inch,Socket - impact standard | Drive 3/4in | Imperial,Sockets,FAMILY,Approved 649,Coates_K2_Road2_Retraction_Resolved_649_Thumbnails_002.zip,800,800,JPEG,78818,f4f2c97be6ffe4f48767b2491c65df755a1a59544115fef57561a33c1d6c71b7
SOCKETIMP3/4DR46MMD,SOCKETIMP3_4DR46MMD.jpg,Socket - Impact -   3/4inch Drive - Metric - 46mm,Socket - impact standard | Drive 3/4in | Mixed,Sockets,FAMILY,Approved 649,Coates_K2_Road2_Retraction_Resolved_649_Thumbnails_002.zip,800,800,JPEG,78818,f4f2c97be6ffe4f48767b2491c65df755a1a59544115fef57561a33c1d6c71b7
SOCKETIMP1DR2-1/4,SOCKETIMP1DR2-1_4.jpg,Socket - Impact -  1inch Drive - Imperial - 2 1/4inch,Socket - impact standard | Drive 1in | Imperial,Sockets,FAMILY,Approved 649,Coates_K2_Road2_Retraction_Resolved_649_Thumbnails_002.zip,800,800,JPEG,78818,f4f2c97be6ffe4f48767b2491c65df755a1a59544115fef57561a33c1d6c71b7
SOCKETIMP1/2-DR1--1/16,SOCKETIMP1_2-DR1--1_16.jpg,Socket - Impact - 1 1/16in 1/2in Drive,Socket - impact standard | Drive 1/2in | Imperial,Sockets,FAMILY,Approved 649,Coates_K2_Road2_Retraction_Resolved_649_Thumbnails_002.zip,800,800,JPEG,78818,f4f2c97be6ffe4f48767b2491c65df755a1a59544115fef57561a33c1d6c71b7
SOCKETIMP1DR1-1/16,SOCKETIMP1DR1-1_16.jpg,Socket - Impact - 1 1/16in 1in Drive,Socket - impact standard | Drive 1in | Imperial,Sockets,FAMILY,Approved 649,Coates_K2_Road2_Retraction_Resolved_649_Thumbnails_002.zip,800,800,JPEG,78818,f4f2c97be6ffe4f48767b2491c65df755a1a59544115fef57561a33c1d6c71b7
SOCKETIMP1-DR1--1/2,SOCKETIMP1-DR1--1_2.jpg,Socket - Impact - 1 1/2in 1in Drive,Socket - impact standard | Drive 1in | Imperial,Sockets,FAMILY,Approved 649,Coates_K2_Road2_Retraction_Resolved_649_Thumbnails_002.zip,800,800,JPEG,78818,f4f2c97be6ffe4f48767b2491c65df755a1a59544115fef57561a33c1d6c71b7
SOCKETIMP3/4DR1-1/2D,SOCKETIMP3_4DR1-1_2D.jpg,Socket - Impact - 1 1/2in 3/4in Drive,Socket - impact standard | Drive 3/4in | Imperial,Sockets,FAMILY,Approved 649,Coates_K2_Road2_Retraction_Resolved_649_Thumbnails_002.zip,800,800,JPEG,78818,f4f2c97be6ffe4f48767b2491c65df755a1a59544115fef57561a33c1d6c71b7
SOCKETIMP3/4DR1-1/4,SOCKETIMP3_4DR1-1_4.jpg,Socket - Impact - 1 1/4in 3/4in Drive,Socket - impact standard | Drive 3/4in | Imperial,Sockets,FAMILY,Approved 649,Coates_K2_Road2_Retraction_Resolved_649_Thumbnails_002.zip,800,800,JPEG,78818,f4f2c97be6ffe4f48767b2491c65df755a1a59544115fef57561a33c1d6c71b7
SOCKETIMP1/2-DR1--1/8,SOCKETIMP1_2-DR1--1_8.jpg,Socket - Impact - 1 1/8in 1/2in Drive,Socket - impact standard | Drive 1/2in | Imperial,Sockets,FAMILY,Approved 649,Coates_K2_Road2_Retraction_Resolved_649_Thumbnails_002.zip,800,800,JPEG,78818,f4f2c97be6ffe4f48767b2491c65df755a1a59544115fef57561a33c1d6c71b7
SOCKETIMP1DR1-1/8D,SOCKETIMP1DR1-1_8D.jpg,Socket - Impact - 1 1/8in 1in Drive,Socket - impact standard | Drive 1in | Imperial,Sockets,FAMILY,Approved 649,Coates_K2_Road2_Retraction_Resolved_649_Thumbnails_002.zip,800,800,JPEG,78818,f4f2c97be6ffe4f48767b2491c65df755a1a59544115fef57561a33c1d6c71b7
SOCKETIMP3/4DR1-1/8D,SOCKETIMP3_4DR1-1_8D.jpg,Socket - Impact - 1 1/8in 3/4in Drive,Socket - impact standard | Drive 3/4in | Imperial,Sockets,FAMILY,Approved 649,Coates_K2_Road2_Retraction_Resolved_649_Thumbnails_002.zip,800,800,JPEG,78818,f4f2c97be6ffe4f48767b2491c65df755a1a59544115fef57561a33c1d6c71b7
SOCKETIMP1DR1-11/16,SOCKETIMP1DR1-11_16.jpg,Socket - Impact - 1 11/16in 1in Drive,Socket - impact standard | Drive 1in | Imperial,Sockets,FAMILY,Approved 649,Coates_K2_Road2_Retraction_Resolved_649_Thumbnails_002.zip,800,800,JPEG,78818,f4f2c97be6ffe4f48767b2491c65df755a1a59544115fef57561a33c1d6c71b7
SOCKETIMP3/4-DR1--11/16,SOCKETIMP3_4-DR1--11_16.jpg,Socket - Impact - 1 11/16in 3/4in Drive,Socket - impact standard | Drive 3/4in | Imperial,Sockets,FAMILY,Approved 649,Coates_K2_Road2_Retraction_Resolved_649_Thumbnails_002.zip,800,800,JPEG,78818,f4f2c97be6ffe4f48767b2491c65df755a1a59544115fef57561a33c1d6c71b7
SOCKETIMP1/2-DR1--3/16,SOCKETIMP1_2-DR1--3_16.jpg,Socket - Impact - 1 3/16in 1/2in Drive,Socket - impact standard | Drive 1/2in | Imperial,Sockets,FAMILY,Approved 649,Coates_K2_Road2_Retraction_Resolved_649_Thumbnails_002.zip,800,800,JPEG,78818,f4f2c97be6ffe4f48767b2491c65df755a1a59544115fef57561a33c1d6c71b7
SOCKETIMP1DR1-3/16,SOCKETIMP1DR1-3_16.jpg,Socket - Impact - 1 3/16in 1in Drive,Socket - impact standard | Drive 1in | Imperial,Sockets,FAMILY,Approved 649,Coates_K2_Road2_Retraction_Resolved_649_Thumbnails_002.zip,800,800,JPEG,78818,f4f2c97be6ffe4f48767b2491c65df755a1a59544115fef57561a33c1d6c71b7
SOCKETIMP3/4DR1-3/16D,SOCKETIMP3_4DR1-3_16D.jpg,Socket - Impact - 1 3/16in 3/4in Drive,Socket - impact standard | Drive 3/4in | Imperial,Sockets,FAMILY,Approved 649,Coates_K2_Road2_Retraction_Resolved_649_Thumbnails_002.zip,800,800,JPEG,78818,f4f2c97be6ffe4f48767b2491c65df755a1a59544115fef57561a33c1d6c71b7
SOCKETIMP1/2-DR1--3/8,SOCKETIMP1_2-DR1--3_8.jpg,Socket - Impact - 1 3/8in 1/2in Drive,Socket - impact standard | Drive 1/2in | Imperial,Sockets,FAMILY,Approved 649,Coates_K2_Road2_Retraction_Resolved_649_Thumbnails_002.zip,800,800,JPEG,78818,f4f2c97be6ffe4f48767b2491c65df755a1a59544115fef57561a33c1d6c71b7
SOCKETIMP1DR1-3/8,SOCKETIMP1DR1-3_8.jpg,Socket - Impact - 1 3/8in 1in Drive,Socket - impact standard | Drive 1in | Imperial,Sockets,FAMILY,Approved 649,Coates_K2_Road2_Retraction_Resolved_649_Thumbnails_002.zip,800,800,JPEG,78818,f4f2c97be6ffe4f48767b2491c65df755a1a59544115fef57561a33c1d6c71b7
SOCKETIMP3/4DR1-3/8D,SOCKETIMP3_4DR1-3_8D.jpg,Socket - Impact - 1 3/8in 3/4in Drive,Socket - impact standard | Drive 3/4in | Imperial,Sockets,FAMILY,Approved 649,Coates_K2_Road2_Retraction_Resolved_649_Thumbnails_002.zip,800,800,JPEG,78818,f4f2c97be6ffe4f48767b2491c65df755a1a59544115fef57561a33c1d6c71b7
SOCKETIMP1/2-DR1--5/16,SOCKETIMP1_2-DR1--5_16.jpg,Socket - Impact - 1 5/16in 1/2in Drive,Socket - impact standard | Drive 1/2in | Imperial,Sockets,FAMILY,Approved 649,Coates_K2_Road2_Retraction_Resolved_649_Thumbnails_002.zip,800,800,JPEG,78818,f4f2c97be6ffe4f48767b2491c65df755a1a59544115fef57561a33c1d6c71b7
SOCKETIMP3/4DR1-5/16D,SOCKETIMP3_4DR1-5_16D.jpg,Socket - Impact - 1 5/16in 3/4in Drive,Socket - impact standard | Drive 3/4in | Imperial,Sockets,FAMILY,Approved 649,Coates_K2_Road2_Retraction_Resolved_649_Thumbnails_002.zip,800,800,JPEG,78818,f4f2c97be6ffe4f48767b2491c65df755a1a59544115fef57561a33c1d6c71b7
SOCKETIMP1DR1-5/8,SOCKETIMP1DR1-5_8.jpg,Socket - Impact - 1 5/8in 1in Drive,Socket - impact standard | Drive 1in | Imperial,Sockets,FAMILY,Approved 649,Coates_K2_Road2_Retraction_Resolved_649_Thumbnails_002.zip,800,800,JPEG,78818,f4f2c97be6ffe4f48767b2491c65df755a1a59544115fef57561a33c1d6c71b7
SOCKETIMP3/4-DR1--5/8,SOCKETIMP3_4-DR1--5_8.jpg,Socket - Impact - 1 5/8in 3/4in Drive,Socket - impact standard | Drive 3/4in | Imperial,Sockets,FAMILY,Approved 649,Coates_K2_Road2_Retraction_Resolved_649_Thumbnails_002.zip,800,800,JPEG,78818,f4f2c97be6ffe4f48767b2491c65df755a1a59544115fef57561a33c1d6c71b7
SOCKETIMP1DR1-7/16,SOCKETIMP1DR1-7_16.jpg,Socket - Impact - 1 7/16in 1in Drive,Socket - impact standard | Drive 1in | Imperial,Sockets,FAMILY,Approved 649,Coates_K2_Road2_Retraction_Resolved_649_Thumbnails_002.zip,800,800,JPEG,78818,f4f2c97be6ffe4f48767b2491c65df755a1a59544115fef57561a33c1d6c71b7
SOCKETIMP3/4DR1-7/16D,SOCKETIMP3_4DR1-7_16D.jpg,Socket - Impact - 1 7/16in 3/4in Drive,Socket - impact standard | Drive 3/4in | Imperial,Sockets,FAMILY,Approved 649,Coates_K2_Road2_Retraction_Resolved_649_Thumbnails_002.zip,800,800,JPEG,78818,f4f2c97be6ffe4f48767b2491c65df755a1a59544115fef57561a33c1d6c71b7
SOCKETIMP3/4-DR1--7/8,SOCKETIMP3_4-DR1--7_8.jpg,Socket - Impact - 1 7/8in 3/4in Drive,Socket - impact standard | Drive 3/4in | Imperial,Sockets,FAMILY,Approved 649,Coates_K2_Road2_Retraction_Resolved_649_Thumbnails_002.zip,800,800,JPEG,78818,f4f2c97be6ffe4f48767b2491c65df755a1a59544115fef57561a33c1d6c71b7
SOCKETIMP1-1/2DR1-13/16,SOCKETIMP1-1_2DR1-13_16.jpg,Socket - Impact - 1-13/16in 1-1/2in Drive,Socket - impact standard | Drive 1 1/2in | Imperial,Sockets,FAMILY,Approved 649,Coates_K2_Road2_Retraction_Resolved_649_Thumbnails_002.zip,800,800,JPEG,78818,f4f2c97be6ffe4f48767b2491c65df755a1a59544115fef57561a33c1d6c71b7
SOCKETIMP1/2-DR1-7/16,SOCKETIMP1_2-DR1-7_16.jpg,Socket - Impact - 1-7/16in 1/2in Drive,Socket - impact standard | Drive 1/2in | Imperial,Sockets,FAMILY,Approved 649,Coates_K2_Road2_Retraction_Resolved_649_Thumbnails_002.zip,800,800,JPEG,78818,f4f2c97be6ffe4f48767b2491c65df755a1a59544115fef57561a33c1d6c71b7
SOCKETIMP1/2-DR1/2,SOCKETIMP1_2-DR1_2.jpg,Socket - Impact - 1/2in 1/2in Drive,Socket - impact standard | Drive 1/2in | Imperial,Sockets,FAMILY,Approved 649,Coates_K2_Road2_Retraction_Resolved_649_Thumbnails_002.zip,800,800,JPEG,78818,f4f2c97be6ffe4f48767b2491c65df755a1a59544115fef57561a33c1d6c71b7
SOCKET1/2INDR10MM,SOCKET1_2INDR10MM.jpg,Socket - Impact - 1/2in Drive 10mm,Socket - impact standard | Drive 1/2in | Mixed,Sockets,FAMILY,Approved 649,Coates_K2_Road2_Retraction_Resolved_649_Thumbnails_002.zip,800,800,JPEG,78818,f4f2c97be6ffe4f48767b2491c65df755a1a59544115fef57561a33c1d6c71b7
SOCKET1/2INDR20MM,SOCKET1_2INDR20MM.jpg,Socket - Impact - 1/2in Drive 20mm,Socket - impact standard | Drive 1/2in | Mixed,Sockets,FAMILY,Approved 649,Coates_K2_Road2_Retraction_Resolved_649_Thumbnails_002.zip,800,800,JPEG,78818,f4f2c97be6ffe4f48767b2491c65df755a1a59544115fef57561a33c1d6c71b7
SOCKET1/2INDR30MM,SOCKET1_2INDR30MM.jpg,Socket - Impact - 1/2in Drive 30mm,Socket - impact standard | Drive 1/2in | Mixed,Sockets,FAMILY,Approved 649,Coates_K2_Road2_Retraction_Resolved_649_Thumbnails_002.zip,800,800,JPEG,78818,f4f2c97be6ffe4f48767b2491c65df755a1a59544115fef57561a33c1d6c71b7
SOCKETIMP1/2-DR11/16,SOCKETIMP1_2-DR11_16.jpg,Socket - Impact - 11/16in 1/2in Drive,Socket - impact standard | Drive 1/2in | Imperial,Sockets,FAMILY,Approved 649,Coates_K2_Road2_Retraction_Resolved_649_Thumbnails_002.zip,800,800,JPEG,78818,f4f2c97be6ffe4f48767b2491c65df755a1a59544115fef57561a33c1d6c71b7
SOCKETIMP1/2-DR13/16,SOCKETIMP1_2-DR13_16.jpg,Socket - Impact - 13/16in 1/2in Drive,Socket - impact standard | Drive 1/2in | Imperial,Sockets,FAMILY,Approved 649,Coates_K2_Road2_Retraction_Resolved_649_Thumbnails_002.zip,800,800,JPEG,78818,f4f2c97be6ffe4f48767b2491c65df755a1a59544115fef57561a33c1d6c71b7
SOCKETIMP3/4-DR13/16,SOCKETIMP3_4-DR13_16.jpg,Socket - Impact - 13/16in 3/4in Drive,Socket - impact standard | Drive 3/4in | Imperial,Sockets,FAMILY,Approved 649,Coates_K2_Road2_Retraction_Resolved_649_Thumbnails_002.zip,800,800,JPEG,78818,f4f2c97be6ffe4f48767b2491c65df755a1a59544115fef57561a33c1d6c71b7
SOCKET1/2DR13MM,SOCKET1_2DR13MM.jpg,Socket - Impact - 13mm 1/2in Drive,Socket - impact standard | Drive 1/2in | Mixed,Sockets,FAMILY,Approved 649,Coates_K2_Road2_Retraction_Resolved_649_Thumbnails_001.zip,800,800,JPEG,78818,f4f2c97be6ffe4f48767b2491c65df755a1a59544115fef57561a33c1d6c71b7
SOCKETIMP1/2-DR15/16,SOCKETIMP1_2-DR15_16.jpg,Socket - Impact - 15/16in 1/2in Drive,Socket - impact standard | Drive 1/2in | Imperial,Sockets,FAMILY,Approved 649,Coates_K2_Road2_Retraction_Resolved_649_Thumbnails_002.zip,800,800,JPEG,78818,f4f2c97be6ffe4f48767b2491c65df755a1a59544115fef57561a33c1d6c71b7
SOCKETIMP3/4-DR15/16,SOCKETIMP3_4-DR15_16.jpg,Socket - Impact - 15/16in 3/4in Drive,Socket - impact standard | Drive 3/4in | Imperial,Sockets,FAMILY,Approved 649,Coates_K2_Road2_Retraction_Resolved_649_Thumbnails_002.zip,800,800,JPEG,78818,f4f2c97be6ffe4f48767b2491c65df755a1a59544115fef57561a33c1d6c71b7
SOCKETIMP1/2DR1,SOCKETIMP1_2DR1.jpg,Socket - Impact - 1in 1/2in Drive,Socket - impact standard | Drive 1/2in | Imperial,Sockets,FAMILY,Approved 649,Coates_K2_Road2_Retraction_Resolved_649_Thumbnails_002.zip,800,800,JPEG,78818,f4f2c97be6ffe4f48767b2491c65df755a1a59544115fef57561a33c1d6c71b7
SOCKETIMP1-DR1,SOCKETIMP1-DR1.jpg,Socket - Impact - 1in 1in Drive,Socket - impact standard | Drive 1in | Imperial,Sockets,FAMILY,Approved 649,Coates_K2_Road2_Retraction_Resolved_649_Thumbnails_002.zip,800,800,JPEG,78818,f4f2c97be6ffe4f48767b2491c65df755a1a59544115fef57561a33c1d6c71b7
SOCKETIMP3/4DR1D,SOCKETIMP3_4DR1D.jpg,Socket - Impact - 1in 3/4in Drive,Socket - impact standard | Drive 3/4in | Imperial,Sockets,FAMILY,Approved 649,Coates_K2_Road2_Retraction_Resolved_649_Thumbnails_002.zip,800,800,JPEG,78818,f4f2c97be6ffe4f48767b2491c65df755a1a59544115fef57561a33c1d6c71b7
SOCKETIMP1INDR36MM,SOCKETIMP1INDR36MM.jpg,Socket - Impact - 1in Drive 36mm,Socket - impact standard | Drive 1in | Mixed,Sockets,FAMILY,Approved 649,Coates_K2_Road2_Retraction_Resolved_649_Thumbnails_002.zip,800,800,JPEG,78818,f4f2c97be6ffe4f48767b2491c65df755a1a59544115fef57561a33c1d6c71b7
SOCKET1INDR70MM,SOCKET1INDR70MM.jpg,Socket - Impact - 1in Drive 70mm,Socket - impact standard | Drive 1in | Mixed,Sockets,FAMILY,Approved 649,Coates_K2_Road2_Retraction_Resolved_649_Thumbnails_002.zip,800,800,JPEG,78818,f4f2c97be6ffe4f48767b2491c65df755a1a59544115fef57561a33c1d6c71b7
SOCKET3/4INDR20MM,SOCKET3_4INDR20MM.jpg,Socket - Impact - 20mm 3/4in Drive,Socket - impact standard | Drive 3/4in | Mixed,Sockets,FAMILY,Approved 649,Coates_K2_Road2_Retraction_Resolved_649_Thumbnails_002.zip,800,800,JPEG,78818,f4f2c97be6ffe4f48767b2491c65df755a1a59544115fef57561a33c1d6c71b7
SOCKETIMP1DR2-1/16,SOCKETIMP1DR2-1_16.jpg,Socket - Impact - 21/16in 1in Drive,Socket - impact standard | Drive 1in | Imperial,Sockets,FAMILY,Approved 649,Coates_K2_Road2_Retraction_Resolved_649_Thumbnails_002.zip,800,800,JPEG,78818,f4f2c97be6ffe4f48767b2491c65df755a1a59544115fef57561a33c1d6c71b7
SOCKETIMP3/4-DR21/16,SOCKETIMP3_4-DR21_16.jpg,Socket - Impact - 21/16in 3/4in Drive,Socket - impact standard | Drive 3/4in | Imperial,Sockets,FAMILY,Approved 649,Coates_K2_Road2_Retraction_Resolved_649_Thumbnails_002.zip,800,800,JPEG,78818,f4f2c97be6ffe4f48767b2491c65df755a1a59544115fef57561a33c1d6c71b7
SOCKETIMP1DR2-1/2,SOCKETIMP1DR2-1_2.jpg,Socket - Impact - 21/2in 1in Drive,Socket - impact standard | Drive 1in | Imperial,Sockets,FAMILY,Approved 649,Coates_K2_Road2_Retraction_Resolved_649_Thumbnails_002.zip,800,800,JPEG,78818,f4f2c97be6ffe4f48767b2491c65df755a1a59544115fef57561a33c1d6c71b7
SOCKETIMP3/4-DR21/2,SOCKETIMP3_4-DR21_2.jpg,Socket - Impact - 21/2in 3/4in Drive,Socket - impact standard | Drive 3/4in | Imperial,Sockets,FAMILY,Approved 649,Coates_K2_Road2_Retraction_Resolved_649_Thumbnails_002.zip,800,800,JPEG,78818,f4f2c97be6ffe4f48767b2491c65df755a1a59544115fef57561a33c1d6c71b7
SOCKETIMP3/4-DR21/8,SOCKETIMP3_4-DR21_8.jpg,Socket - Impact - 21/8in 3/4in Drive,Socket - impact standard | Drive 3/4in | Imperial,Sockets,FAMILY,Approved 649,Coates_K2_Road2_Retraction_Resolved_649_Thumbnails_002.zip,800,800,JPEG,78818,f4f2c97be6ffe4f48767b2491c65df755a1a59544115fef57561a33c1d6c71b7
SOCKETIMP3/4-DR211/16,SOCKETIMP3_4-DR211_16.jpg,Socket - Impact - 211/16in 3/4in Drive,Socket - impact standard | Drive 3/4in | Imperial,Sockets,FAMILY,Approved 649,Coates_K2_Road2_Retraction_Resolved_649_Thumbnails_002.zip,800,800,JPEG,78818,f4f2c97be6ffe4f48767b2491c65df755a1a59544115fef57561a33c1d6c71b7
SOCKETIMP1DR2-5/16,SOCKETIMP1DR2-5_16.jpg,Socket - Impact - 215/16in 1in Drive,Socket - impact standard | Drive 1in | Imperial,Sockets,FAMILY,Approved 649,Coates_K2_Road2_Retraction_Resolved_649_Thumbnails_002.zip,800,800,JPEG,78818,f4f2c97be6ffe4f48767b2491c65df755a1a59544115fef57561a33c1d6c71b7
SOCKETIMP3/4DR21MMD,SOCKETIMP3_4DR21MMD.jpg,Socket - Impact - 21mm 3/4in Drive,Socket - impact standard | Drive 3/4in | Mixed,Sockets,FAMILY,Approved 649,Coates_K2_Road2_Retraction_Resolved_649_Thumbnails_002.zip,800,800,JPEG,78818,f4f2c97be6ffe4f48767b2491c65df755a1a59544115fef57561a33c1d6c71b7
SOCKETIMP3/4-DR23/16,SOCKETIMP3_4-DR23_16.jpg,Socket - Impact - 23/16in 3/4in Drive,Socket - impact standard | Drive 3/4in | Imperial,Sockets,FAMILY,Approved 649,Coates_K2_Road2_Retraction_Resolved_649_Thumbnails_002.zip,800,800,JPEG,78818,f4f2c97be6ffe4f48767b2491c65df755a1a59544115fef57561a33c1d6c71b7
SOCKETIMP1DR2-3/4,SOCKETIMP1DR2-3_4.jpg,Socket - Impact - 23/4in 1in Drive,Socket - impact standard | Drive 1in | Imperial,Sockets,FAMILY,Approved 649,Coates_K2_Road2_Retraction_Resolved_649_Thumbnails_002.zip,800,800,JPEG,78818,f4f2c97be6ffe4f48767b2491c65df755a1a59544115fef57561a33c1d6c71b7
SOCKETIMP3/4-DR23/4,SOCKETIMP3_4-DR23_4.jpg,Socket - Impact - 23/4in 3/4in Drive,Socket - impact standard | Drive 3/4in | Imperial,Sockets,FAMILY,Approved 649,Coates_K2_Road2_Retraction_Resolved_649_Thumbnails_002.zip,800,800,JPEG,78818,f4f2c97be6ffe4f48767b2491c65df755a1a59544115fef57561a33c1d6c71b7
SOCKETIMP1DR2-3/8,SOCKETIMP1DR2-3_8.jpg,Socket - Impact - 23/8in 1in Drive,Socket - impact standard | Drive 1in | Imperial,Sockets,FAMILY,Approved 649,Coates_K2_Road2_Retraction_Resolved_649_Thumbnails_002.zip,800,800,JPEG,78818,f4f2c97be6ffe4f48767b2491c65df755a1a59544115fef57561a33c1d6c71b7
SOCKETIMP3/4DR2-3/8,SOCKETIMP3_4DR2-3_8.jpg,Socket - Impact - 23/8in 3/4in Drive,Socket - impact standard | Drive 3/4in | Imperial,Sockets,FAMILY,Approved 649,Coates_K2_Road2_Retraction_Resolved_649_Thumbnails_002.zip,800,800,JPEG,78818,f4f2c97be6ffe4f48767b2491c65df755a1a59544115fef57561a33c1d6c71b7
SOCKETIMP1DR2-15/16,SOCKETIMP1DR2-15_16.jpg,Socket - Impact - 25/16in 1in Drive,Socket - impact standard | Drive 1in | Imperial,Sockets,FAMILY,Approved 649,Coates_K2_Road2_Retraction_Resolved_649_Thumbnails_002.zip,800,800,JPEG,78818,f4f2c97be6ffe4f48767b2491c65df755a1a59544115fef57561a33c1d6c71b7
SOCKETIMP3/4DR2-5/16,SOCKETIMP3_4DR2-5_16.jpg,Socket - Impact - 25/16in 3/4in Drive,Socket - impact standard | Drive 3/4in | Imperial,Sockets,FAMILY,Approved 649,Coates_K2_Road2_Retraction_Resolved_649_Thumbnails_002.zip,800,800,JPEG,78818,f4f2c97be6ffe4f48767b2491c65df755a1a59544115fef57561a33c1d6c71b7
SOCKET1/2DR25MM,SOCKET1_2DR25MM.jpg,Socket - Impact - 25mm 1/2in Drive,Socket - impact standard | Drive 1/2in | Mixed,Sockets,FAMILY,Approved 649,Coates_K2_Road2_Retraction_Resolved_649_Thumbnails_001.zip,800,800,JPEG,78818,f4f2c97be6ffe4f48767b2491c65df755a1a59544115fef57561a33c1d6c71b7
SOCKET1DR25MM,SOCKET1DR25MM.jpg,Socket - Impact - 25mm 1in Drive,Socket - impact standard | Drive 1in | Mixed,Sockets,FAMILY,Approved 649,Coates_K2_Road2_Retraction_Resolved_649_Thumbnails_002.zip,800,800,JPEG,78818,f4f2c97be6ffe4f48767b2491c65df755a1a59544115fef57561a33c1d6c71b7
SOCKETIMP3/4DR25MMD,SOCKETIMP3_4DR25MMD.jpg,Socket - Impact - 25mm 3/4in Drive,Socket - impact standard | Drive 3/4in | Mixed,Sockets,FAMILY,Approved 649,Coates_K2_Road2_Retraction_Resolved_649_Thumbnails_002.zip,800,800,JPEG,78818,f4f2c97be6ffe4f48767b2491c65df755a1a59544115fef57561a33c1d6c71b7
SOCKETIMP1DR2-7/16,SOCKETIMP1DR2-7_16.jpg,Socket - Impact - 27/16in 1in Drive,Socket - impact standard | Drive 1in | Imperial,Sockets,FAMILY,Approved 649,Coates_K2_Road2_Retraction_Resolved_649_Thumbnails_002.zip,800,800,JPEG,78818,f4f2c97be6ffe4f48767b2491c65df755a1a59544115fef57561a33c1d6c71b7
SOCKETIMP3/4-DR27/16,SOCKETIMP3_4-DR27_16.jpg,Socket - Impact - 27/16in 3/4in Drive,Socket - impact standard | Drive 3/4in | Imperial,Sockets,FAMILY,Approved 649,Coates_K2_Road2_Retraction_Resolved_649_Thumbnails_002.zip,800,800,JPEG,78818,f4f2c97be6ffe4f48767b2491c65df755a1a59544115fef57561a33c1d6c71b7
SOCKETIMP1DR2-7/8,SOCKETIMP1DR2-7_8.jpg,Socket - Impact - 27/8in 1in Drive,Socket - impact standard | Drive 1in | Imperial,Sockets,FAMILY,Approved 649,Coates_K2_Road2_Retraction_Resolved_649_Thumbnails_002.zip,800,800,JPEG,78818,f4f2c97be6ffe4f48767b2491c65df755a1a59544115fef57561a33c1d6c71b7
SOCKET1/2DR27MM,SOCKET1_2DR27MM.jpg,Socket - Impact - 27mm 1/2in Drive,Socket - impact standard | Drive 1/2in | Mixed,Sockets,FAMILY,Approved 649,Coates_K2_Road2_Retraction_Resolved_649_Thumbnails_001.zip,800,800,JPEG,78818,f4f2c97be6ffe4f48767b2491c65df755a1a59544115fef57561a33c1d6c71b7
SOCKET1DR27MM,SOCKET1DR27MM.jpg,Socket - Impact - 27mm 1in Drive,Socket - impact standard | Drive 1in | Mixed,Sockets,FAMILY,Approved 649,Coates_K2_Road2_Retraction_Resolved_649_Thumbnails_002.zip,800,800,JPEG,78818,f4f2c97be6ffe4f48767b2491c65df755a1a59544115fef57561a33c1d6c71b7
SOCKETIMP3/4DR27MMD,SOCKETIMP3_4DR27MMD.jpg,Socket - Impact - 27mm 3/4in Drive,Socket - impact standard | Drive 3/4in | Mixed,Sockets,FAMILY,Approved 649,Coates_K2_Road2_Retraction_Resolved_649_Thumbnails_002.zip,800,800,JPEG,78818,f4f2c97be6ffe4f48767b2491c65df755a1a59544115fef57561a33c1d6c71b7
SOCKETIMP3/4-DR29/16,SOCKETIMP3_4-DR29_16.jpg,Socket - Impact - 29/16in 3/4in Drive,Socket - impact standard | Drive 3/4in | Imperial,Sockets,FAMILY,Approved 649,Coates_K2_Road2_Retraction_Resolved_649_Thumbnails_002.zip,800,800,JPEG,78818,f4f2c97be6ffe4f48767b2491c65df755a1a59544115fef57561a33c1d6c71b7
SOCKETIMP1DR2,SOCKETIMP1DR2.jpg,Socket - Impact - 2in 1in Drive,Socket - impact standard | Drive 1in | Imperial,Sockets,FAMILY,Approved 649,Coates_K2_Road2_Retraction_Resolved_649_Thumbnails_002.zip,800,800,JPEG,78818,f4f2c97be6ffe4f48767b2491c65df755a1a59544115fef57561a33c1d6c71b7
SOCKETIMP3/4DR2,SOCKETIMP3_4DR2.jpg,Socket - Impact - 2in 3/4in Drive,Socket - impact standard | Drive 3/4in | Imperial,Sockets,FAMILY,Approved 649,Coates_K2_Road2_Retraction_Resolved_649_Thumbnails_002.zip,800,800,JPEG,78818,f4f2c97be6ffe4f48767b2491c65df755a1a59544115fef57561a33c1d6c71b7
SOCKETIMP1/2-DR3/4,SOCKETIMP1_2-DR3_4.jpg,Socket - Impact - 3/4in 1/2in Drive,Socket - impact standard | Drive 1/2in | Imperial,Sockets,FAMILY,Approved 649,Coates_K2_Road2_Retraction_Resolved_649_Thumbnails_002.zip,800,800,JPEG,78818,f4f2c97be6ffe4f48767b2491c65df755a1a59544115fef57561a33c1d6c71b7
SOCKETIMP1-DR3/4,SOCKETIMP1-DR3_4.jpg,Socket - Impact - 3/4in 1in Drive,Socket - impact standard | Drive 1in | Imperial,Sockets,FAMILY,Approved 649,Coates_K2_Road2_Retraction_Resolved_649_Thumbnails_002.zip,800,800,JPEG,78818,f4f2c97be6ffe4f48767b2491c65df755a1a59544115fef57561a33c1d6c71b7
SOCKETIMP3/4-DR3/4,SOCKETIMP3_4-DR3_4.jpg,Socket - Impact - 3/4in 3/4in Drive,Socket - impact standard | Drive 3/4in | Imperial,Sockets,FAMILY,Approved 649,Coates_K2_Road2_Retraction_Resolved_649_Thumbnails_002.zip,800,800,JPEG,78818,f4f2c97be6ffe4f48767b2491c65df755a1a59544115fef57561a33c1d6c71b7
SOCKETIMP3/4INDR22MM,SOCKETIMP3_4INDR22MM.jpg,Socket - Impact - 3/4in Drive 22mm,Socket - impact standard | Drive 3/4in | Mixed,Sockets,FAMILY,Approved 649,Coates_K2_Road2_Retraction_Resolved_649_Thumbnails_002.zip,800,800,JPEG,78818,f4f2c97be6ffe4f48767b2491c65df755a1a59544115fef57561a33c1d6c71b7
SOCKETIMP3/4INDR24MM,SOCKETIMP3_4INDR24MM.jpg,Socket - Impact - 3/4in Drive 24mm,Socket - impact standard | Drive 3/4in | Mixed,Sockets,FAMILY,Approved 649,Coates_K2_Road2_Retraction_Resolved_649_Thumbnails_002.zip,800,800,JPEG,78818,f4f2c97be6ffe4f48767b2491c65df755a1a59544115fef57561a33c1d6c71b7
SOCKETIMP3/4INDR47MM,SOCKETIMP3_4INDR47MM.jpg,Socket - Impact - 3/4in Drive 47mm,Socket - impact standard | Drive 3/4in | Mixed,Sockets,FAMILY,Approved 649,Coates_K2_Road2_Retraction_Resolved_649_Thumbnails_002.zip,800,800,JPEG,78818,f4f2c97be6ffe4f48767b2491c65df755a1a59544115fef57561a33c1d6c71b7
SOCKETIMP3/4INDR50MM,SOCKETIMP3_4INDR50MM.jpg,Socket - Impact - 3/4in Drive 50mm,Socket - impact standard | Drive 3/4in | Mixed,Sockets,FAMILY,Approved 649,Coates_K2_Road2_Retraction_Resolved_649_Thumbnails_002.zip,800,800,JPEG,78818,f4f2c97be6ffe4f48767b2491c65df755a1a59544115fef57561a33c1d6c71b7
SOCKET1INDR30MM,SOCKET1INDR30MM.jpg,Socket - Impact - 30mm 1in Drive,Socket - impact standard | Drive 1in | Mixed,Sockets,FAMILY,Approved 649,Coates_K2_Road2_Retraction_Resolved_649_Thumbnails_002.zip,800,800,JPEG,78818,f4f2c97be6ffe4f48767b2491c65df755a1a59544115fef57561a33c1d6c71b7
SOCKET3/4INDR30MM,SOCKET3_4INDR30MM.jpg,Socket - Impact - 30mm 3/4in Drive,Socket - impact standard | Drive 3/4in | Mixed,Sockets,FAMILY,Approved 649,Coates_K2_Road2_Retraction_Resolved_649_Thumbnails_002.zip,800,800,JPEG,78818,f4f2c97be6ffe4f48767b2491c65df755a1a59544115fef57561a33c1d6c71b7
SOCKET1/2DR32MM,SOCKET1_2DR32MM.jpg,Socket - Impact - 32mm 1/2in Drive,Socket - impact standard | Drive 1/2in | Mixed,Sockets,FAMILY,Approved 649,Coates_K2_Road2_Retraction_Resolved_649_Thumbnails_001.zip,800,800,JPEG,78818,f4f2c97be6ffe4f48767b2491c65df755a1a59544115fef57561a33c1d6c71b7
SOCKETIMP3/4DR32MMD,SOCKETIMP3_4DR32MMD.jpg,Socket - Impact - 32mm 3/4in Drive,Socket - impact standard | Drive 3/4in | Mixed,Sockets,FAMILY,Approved 649,Coates_K2_Road2_Retraction_Resolved_649_Thumbnails_002.zip,800,800,JPEG,78818,f4f2c97be6ffe4f48767b2491c65df755a1a59544115fef57561a33c1d6c71b7
SOCKET1/2DR36MM,SOCKET1_2DR36MM.jpg,Socket - Impact - 36mm 1/2in Drive,Socket - impact standard | Drive 1/2in | Mixed,Sockets,FAMILY,Approved 649,Coates_K2_Road2_Retraction_Resolved_649_Thumbnails_002.zip,800,800,JPEG,78818,f4f2c97be6ffe4f48767b2491c65df755a1a59544115fef57561a33c1d6c71b7
SOCKETIMP3/4DR36MMD,SOCKETIMP3_4DR36MMD.jpg,Socket - Impact - 36mm 3/4in Drive,Socket - impact standard | Drive 3/4in | Mixed,Sockets,FAMILY,Approved 649,Coates_K2_Road2_Retraction_Resolved_649_Thumbnails_002.zip,800,800,JPEG,78818,f4f2c97be6ffe4f48767b2491c65df755a1a59544115fef57561a33c1d6c71b7
SOCKET1INDR40MM,SOCKET1INDR40MM.jpg,Socket - Impact - 40mm 1in Drive,Socket - impact standard | Drive 1in | Mixed,Sockets,FAMILY,Approved 649,Coates_K2_Road2_Retraction_Resolved_649_Thumbnails_002.zip,800,800,JPEG,78818,f4f2c97be6ffe4f48767b2491c65df755a1a59544115fef57561a33c1d6c71b7
SOCKET3/4INDR40MM,SOCKET3_4INDR40MM.jpg,Socket - Impact - 40mm 3/4in Drive,Socket - impact standard | Drive 3/4in | Mixed,Sockets,FAMILY,Approved 649,Coates_K2_Road2_Retraction_Resolved_649_Thumbnails_002.zip,800,800,JPEG,78818,f4f2c97be6ffe4f48767b2491c65df755a1a59544115fef57561a33c1d6c71b7
SOCKETIMP3/4DR41MMD,SOCKETIMP3_4DR41MMD.jpg,Socket - Impact - 41mm 3/4in Drive,Socket - impact standard | Drive 3/4in | Mixed,Sockets,FAMILY,Approved 649,Coates_K2_Road2_Retraction_Resolved_649_Thumbnails_002.zip,800,800,JPEG,78818,f4f2c97be6ffe4f48767b2491c65df755a1a59544115fef57561a33c1d6c71b7
SOCKET11/2DR46MM,SOCKET11_2DR46MM.jpg,Socket - Impact - 46mm 11/2in Drive,Socket - impact standard | Drive 11/2in | Mixed,Sockets,FAMILY,Approved 649,Coates_K2_Road2_Retraction_Resolved_649_Thumbnails_001.zip,800,800,JPEG,78818,f4f2c97be6ffe4f48767b2491c65df755a1a59544115fef57561a33c1d6c71b7
SOCKET1DR46MM,SOCKET1DR46MM.jpg,Socket - Impact - 46mm 1in Drive,Socket - impact standard | Drive 1in | Mixed,Sockets,FAMILY,Approved 649,Coates_K2_Road2_Retraction_Resolved_649_Thumbnails_002.zip,800,800,JPEG,78818,f4f2c97be6ffe4f48767b2491c65df755a1a59544115fef57561a33c1d6c71b7
SOCKETIMP1/2-DR5/8,SOCKETIMP1_2-DR5_8.jpg,Socket - Impact - 5/8in 1/2in Drive,Socket - impact standard | Drive 1/2in | Imperial,Sockets,FAMILY,Approved 649,Coates_K2_Road2_Retraction_Resolved_649_Thumbnails_002.zip,800,800,JPEG,78818,f4f2c97be6ffe4f48767b2491c65df755a1a59544115fef57561a33c1d6c71b7
SOCKET1INDR60MM,SOCKET1INDR60MM.jpg,Socket - Impact - 60mm 1in Drive,Socket - impact standard | Drive 1in | Mixed,Sockets,FAMILY,Approved 649,Coates_K2_Road2_Retraction_Resolved_649_Thumbnails_002.zip,800,800,JPEG,78818,f4f2c97be6ffe4f48767b2491c65df755a1a59544115fef57561a33c1d6c71b7
SOCKET3/4INDR60MM,SOCKET3_4INDR60MM.jpg,Socket - Impact - 60mm3/4in Drive,Socket - impact standard | Drive 3/4in | Imperial,Sockets,FAMILY,Approved 649,Coates_K2_Road2_Retraction_Resolved_649_Thumbnails_002.zip,800,800,JPEG,78818,f4f2c97be6ffe4f48767b2491c65df755a1a59544115fef57561a33c1d6c71b7
SOCKETIMP1/2-DR7/8,SOCKETIMP1_2-DR7_8.jpg,Socket - Impact - 7/8in 1/2in Drive,Socket - impact standard | Drive 1/2in | Imperial,Sockets,FAMILY,Approved 649,Coates_K2_Road2_Retraction_Resolved_649_Thumbnails_002.zip,800,800,JPEG,78818,f4f2c97be6ffe4f48767b2491c65df755a1a59544115fef57561a33c1d6c71b7
SOCKETIMP3/4-DR7/8,SOCKETIMP3_4-DR7_8.jpg,Socket - Impact - 7/8in 3/4in Drive,Socket - impact standard | Drive 3/4in | Imperial,Sockets,FAMILY,Approved 649,Coates_K2_Road2_Retraction_Resolved_649_Thumbnails_002.zip,800,800,JPEG,78818,f4f2c97be6ffe4f48767b2491c65df755a1a59544115fef57561a33c1d6c71b7
SOCKET1DR75MM,SOCKET1DR75MM.jpg,Socket - Impact - 75mm 1in Drive,Socket - impact standard | Drive 1in | Mixed,Sockets,FAMILY,Approved 649,Coates_K2_Road2_Retraction_Resolved_649_Thumbnails_002.zip,800,800,JPEG,78818,f4f2c97be6ffe4f48767b2491c65df755a1a59544115fef57561a33c1d6c71b7
SOCKETIMPEXT1/2DR150,SOCKETIMPEXT1_2DR150.jpg,Socket - Impact - Extension - 1/2inch Drive - 150mm,Socket - extension | Drive 1/2in,Sockets,FAMILY,Approved 649,Coates_K2_Road2_Retraction_Resolved_649_Thumbnails_002.zip,800,800,JPEG,76855,6c18fa733dc96001d7a05935c40af16be8964b22f74a72be194f157459a2abab
SOCKETIMPEXT1DR200,SOCKETIMPEXT1DR200.jpg,Socket - Impact - Extension - 1in Drive - 200mm,Socket - extension | Drive 1in,Sockets,FAMILY,Approved 649,Coates_K2_Road2_Retraction_Resolved_649_Thumbnails_002.zip,800,800,JPEG,76855,6c18fa733dc96001d7a05935c40af16be8964b22f74a72be194f157459a2abab
SOCKETIMPEXT1DR300,SOCKETIMPEXT1DR300.jpg,Socket - Impact - Extension - 1in Drive - 300mm,Socket - extension | Drive 1in,Sockets,FAMILY,Approved 649,Coates_K2_Road2_Retraction_Resolved_649_Thumbnails_002.zip,800,800,JPEG,76855,6c18fa733dc96001d7a05935c40af16be8964b22f74a72be194f157459a2abab
SOCKETIMPLG-3/4-DR1-1/16,SOCKETIMPLG-3_4-DR1-1_16.jpg,Socket - Impact - Long 1-1/16-3/4in Drive,Socket - impact long | Drive 16 3/4in | Imperial,Sockets,FAMILY,Approved 649,Coates_K2_Road2_Retraction_Resolved_649_Thumbnails_002.zip,800,800,JPEG,80049,42003074fa18e5b5501c7e338aee96e2ddb03d2babec2bad63abe723e3bdd58e
SOCKETIMPLG-1/2-DR1-1/4,SOCKETIMPLG-1_2-DR1-1_4.jpg,Socket - Impact - Long 1-1/4-1/2in Drive,Socket - impact long | Drive 4 1/2in | Imperial,Sockets,FAMILY,Approved 649,Coates_K2_Road2_Retraction_Resolved_649_Thumbnails_002.zip,800,800,JPEG,80049,42003074fa18e5b5501c7e338aee96e2ddb03d2babec2bad63abe723e3bdd58e
SOCKETIMPLG-1-DR1-1/4,SOCKETIMPLG-1-DR1-1_4.jpg,Socket - Impact - Long 1-1/4-1in Drive,Socket - impact long | Drive 1in | Imperial,Sockets,FAMILY,Approved 649,Coates_K2_Road2_Retraction_Resolved_649_Thumbnails_002.zip,800,800,JPEG,80049,42003074fa18e5b5501c7e338aee96e2ddb03d2babec2bad63abe723e3bdd58e
SOCKETIMPLG1-1/4IN3/4IND,SOCKETIMPLG1-1_4IN3_4IND.jpg,Socket - Impact - Long 1-1/4in 3/4in Drive,Socket - impact long | Drive 3/4in | Imperial,Sockets,FAMILY,Approved 649,Coates_K2_Road2_Retraction_Resolved_649_Thumbnails_002.zip,800,800,JPEG,80049,42003074fa18e5b5501c7e338aee96e2ddb03d2babec2bad63abe723e3bdd58e
SOCKETIMPLG-3/4-DR1-3/4,SOCKETIMPLG-3_4-DR1-3_4.jpg,Socket - Impact - Long 1-3/4-3/4in Drive,Socket - impact long | Drive 4 3/4in | Imperial,Sockets,FAMILY,Approved 649,Coates_K2_Road2_Retraction_Resolved_649_Thumbnails_002.zip,800,800,JPEG,80049,42003074fa18e5b5501c7e338aee96e2ddb03d2babec2bad63abe723e3bdd58e
SOCKETIMPLG1-7/16IN3/4IND,SOCKETIMPLG1-7_16IN3_4IND.jpg,Socket - Impact - Long 1-7/16in 3/4in Drive,Socket - impact long | Drive 3/4in | Imperial,Sockets,FAMILY,Approved 649,Coates_K2_Road2_Retraction_Resolved_649_Thumbnails_002.zip,800,800,JPEG,80049,42003074fa18e5b5501c7e338aee96e2ddb03d2babec2bad63abe723e3bdd58e
SOCKETIMPL-1/2-DR13MM,SOCKETIMPL-1_2-DR13MM.jpg,Socket - Impact - Long 13mm 1/2in Drive,Socket - impact long | Drive 1/2in | Mixed,Sockets,FAMILY,Approved 649,Coates_K2_Road2_Retraction_Resolved_649_Thumbnails_002.zip,800,800,JPEG,80049,42003074fa18e5b5501c7e338aee96e2ddb03d2babec2bad63abe723e3bdd58e
SOCKETIMPL-1/2-DR15MM,SOCKETIMPL-1_2-DR15MM.jpg,Socket - Impact - Long 15mm 1/2in Drive,Socket - impact long | Drive 1/2in | Mixed,Sockets,FAMILY,Approved 649,Coates_K2_Road2_Retraction_Resolved_649_Thumbnails_002.zip,800,800,JPEG,80049,42003074fa18e5b5501c7e338aee96e2ddb03d2babec2bad63abe723e3bdd58e
SOCKETIMPL-1/2-DR16MM,SOCKETIMPL-1_2-DR16MM.jpg,Socket - Impact - Long 16mm 1/2in Drive,Socket - impact long | Drive 1/2in | Mixed,Sockets,FAMILY,Approved 649,Coates_K2_Road2_Retraction_Resolved_649_Thumbnails_002.zip,800,800,JPEG,80049,42003074fa18e5b5501c7e338aee96e2ddb03d2babec2bad63abe723e3bdd58e
SOCKETIMPL-3/4-DR19MM,SOCKETIMPL-3_4-DR19MM.jpg,Socket - Impact - Long 19mm 3/4in Drive,Socket - impact long | Drive 3/4in | Mixed,Sockets,FAMILY,Approved 649,Coates_K2_Road2_Retraction_Resolved_649_Thumbnails_002.zip,800,800,JPEG,80049,42003074fa18e5b5501c7e338aee96e2ddb03d2babec2bad63abe723e3bdd58e
SOCKETIMPL-3/4-DR21MM,SOCKETIMPL-3_4-DR21MM.jpg,Socket - Impact - Long 21mm 3/4in Drive,Socket - impact long | Drive 3/4in | Mixed,Sockets,FAMILY,Approved 649,Coates_K2_Road2_Retraction_Resolved_649_Thumbnails_002.zip,800,800,JPEG,80049,42003074fa18e5b5501c7e338aee96e2ddb03d2babec2bad63abe723e3bdd58e
SOCKETIMPL-1/2-DR22MM,SOCKETIMPL-1_2-DR22MM.jpg,Socket - Impact - Long 22mm 1/2in Drive,Socket - impact long | Drive 1/2in | Mixed,Sockets,FAMILY,Approved 649,Coates_K2_Road2_Retraction_Resolved_649_Thumbnails_002.zip,800,800,JPEG,80049,42003074fa18e5b5501c7e338aee96e2ddb03d2babec2bad63abe723e3bdd58e
SOCKETIMPL-1/2-DR24MM,SOCKETIMPL-1_2-DR24MM.jpg,Socket - Impact - Long 24mm 1/2in Drive,Socket - impact long | Drive 1/2in | Mixed,Sockets,FAMILY,Approved 649,Coates_K2_Road2_Retraction_Resolved_649_Thumbnails_002.zip,800,800,JPEG,80049,42003074fa18e5b5501c7e338aee96e2ddb03d2babec2bad63abe723e3bdd58e
SOCKETIMPLONG24MM3/4INDR,SOCKETIMPLONG24MM3_4INDR.jpg,Socket - Impact - Long 24mm 3/4in Dr,Socket - impact long | Drive 3/4in | Mixed,Sockets,FAMILY,Approved 649,Coates_K2_Road2_Retraction_Resolved_649_Thumbnails_002.zip,800,800,JPEG,80049,42003074fa18e5b5501c7e338aee96e2ddb03d2babec2bad63abe723e3bdd58e
SOCKETIMPL-3/4-DR26MM,SOCKETIMPL-3_4-DR26MM.jpg,Socket - Impact - Long 26mm 3/4in Drive,Socket - impact long | Drive 3/4in | Mixed,Sockets,FAMILY,Approved 649,Coates_K2_Road2_Retraction_Resolved_649_Thumbnails_002.zip,800,800,JPEG,80049,42003074fa18e5b5501c7e338aee96e2ddb03d2babec2bad63abe723e3bdd58e
SOCKETIMPL-1/2-DR27MM,SOCKETIMPL-1_2-DR27MM.jpg,Socket - Impact - Long 27mm 1/2in Drive,Socket - impact long | Drive 1/2in | Mixed,Sockets,FAMILY,Approved 649,Coates_K2_Road2_Retraction_Resolved_649_Thumbnails_002.zip,800,800,JPEG,80049,42003074fa18e5b5501c7e338aee96e2ddb03d2babec2bad63abe723e3bdd58e
SOCKETIMPL-3/4-DR27MM,SOCKETIMPL-3_4-DR27MM.jpg,Socket - Impact - Long 27mm 3/4in Drive,Socket - impact long | Drive 3/4in | Mixed,Sockets,FAMILY,Approved 649,Coates_K2_Road2_Retraction_Resolved_649_Thumbnails_002.zip,800,800,JPEG,80049,42003074fa18e5b5501c7e338aee96e2ddb03d2babec2bad63abe723e3bdd58e
SOCKETIMPL-3/4-DR29MM,SOCKETIMPL-3_4-DR29MM.jpg,Socket - Impact - Long 29mm 3/4in Drive,Socket - impact long | Drive 3/4in | Mixed,Sockets,FAMILY,Approved 649,Coates_K2_Road2_Retraction_Resolved_649_Thumbnails_002.zip,800,800,JPEG,80049,42003074fa18e5b5501c7e338aee96e2ddb03d2babec2bad63abe723e3bdd58e
SOCKETIMPL1/2INDR30MM,SOCKETIMPL1_2INDR30MM.jpg,Socket - Impact - Long 30mm 1/2in Drive,Socket - impact long | Drive 1/2in | Mixed,Sockets,FAMILY,Approved 649,Coates_K2_Road2_Retraction_Resolved_649_Thumbnails_002.zip,800,800,JPEG,80049,42003074fa18e5b5501c7e338aee96e2ddb03d2babec2bad63abe723e3bdd58e
SOCKETIMPLONG30MM3/4INDR,SOCKETIMPLONG30MM3_4INDR.jpg,Socket - Impact - Long 30mm 3/4in Dr,Socket - impact long | Drive 3/4in | Mixed,Sockets,FAMILY,Approved 649,Coates_K2_Road2_Retraction_Resolved_649_Thumbnails_002.zip,800,800,JPEG,80049,42003074fa18e5b5501c7e338aee96e2ddb03d2babec2bad63abe723e3bdd58e
SOCKETIMPL-1/2-DR32MM,SOCKETIMPL-1_2-DR32MM.jpg,Socket - Impact - Long 32mm 1/2in Drive,Socket - impact long | Drive 1/2in | Mixed,Sockets,FAMILY,Approved 649,Coates_K2_Road2_Retraction_Resolved_649_Thumbnails_002.zip,800,800,JPEG,80049,42003074fa18e5b5501c7e338aee96e2ddb03d2babec2bad63abe723e3bdd58e
SOCKETIMPL-3/4-DR32MM,SOCKETIMPL-3_4-DR32MM.jpg,Socket - Impact - Long 32mm 3/4in Drive,Socket - impact long | Drive 3/4in | Mixed,Sockets,FAMILY,Approved 649,Coates_K2_Road2_Retraction_Resolved_649_Thumbnails_002.zip,800,800,JPEG,80049,42003074fa18e5b5501c7e338aee96e2ddb03d2babec2bad63abe723e3bdd58e
SOCKETIMPL-1-DR34MM,SOCKETIMPL-1-DR34MM.jpg,Socket - Impact - Long 34mm 1in Drive,Socket - impact long | Drive 1in | Mixed,Sockets,FAMILY,Approved 649,Coates_K2_Road2_Retraction_Resolved_649_Thumbnails_002.zip,800,800,JPEG,80049,42003074fa18e5b5501c7e338aee96e2ddb03d2babec2bad63abe723e3bdd58e
SOCKETIMPL-3/4-DR35MM,SOCKETIMPL-3_4-DR35MM.jpg,Socket - Impact - Long 35mm 3/4in Drive,Socket - impact long | Drive 3/4in | Mixed,Sockets,FAMILY,Approved 649,Coates_K2_Road2_Retraction_Resolved_649_Thumbnails_002.zip,800,800,JPEG,80049,42003074fa18e5b5501c7e338aee96e2ddb03d2babec2bad63abe723e3bdd58e
SOCKETIMPLONG36MM3/4INDR,SOCKETIMPLONG36MM3_4INDR.jpg,Socket - Impact - Long 36mm 3/4in Dr,Socket - impact long | Drive 3/4in | Mixed,Sockets,FAMILY,Approved 649,Coates_K2_Road2_Retraction_Resolved_649_Thumbnails_002.zip,800,800,JPEG,80049,42003074fa18e5b5501c7e338aee96e2ddb03d2babec2bad63abe723e3bdd58e
SOCKETIMPL-3/4-DR38MM,SOCKETIMPL-3_4-DR38MM.jpg,Socket - Impact - Long 38mm 3/4in Drive,Socket - impact long | Drive 3/4in | Mixed,Sockets,FAMILY,Approved 649,Coates_K2_Road2_Retraction_Resolved_649_Thumbnails_002.zip,800,800,JPEG,80049,42003074fa18e5b5501c7e338aee96e2ddb03d2babec2bad63abe723e3bdd58e
SOCKETIMPL-3/4-DR41MM,SOCKETIMPL-3_4-DR41MM.jpg,Socket - Impact - Long 41mm 3/4in Drive,Socket - impact long | Drive 3/4in | Mixed,Sockets,FAMILY,Approved 649,Coates_K2_Road2_Retraction_Resolved_649_Thumbnails_002.zip,800,800,JPEG,80049,42003074fa18e5b5501c7e338aee96e2ddb03d2babec2bad63abe723e3bdd58e
SOCKETIMPL-3/4-DR46MM,SOCKETIMPL-3_4-DR46MM.jpg,Socket - Impact - Long 46mm 3/4in Drive,Socket - impact long | Drive 3/4in | Mixed,Sockets,FAMILY,Approved 649,Coates_K2_Road2_Retraction_Resolved_649_Thumbnails_002.zip,800,800,JPEG,80049,42003074fa18e5b5501c7e338aee96e2ddb03d2babec2bad63abe723e3bdd58e
SOCKETIMPL1INDR50MM,SOCKETIMPL1INDR50MM.jpg,Socket - Impact - Long 50mm 1in Drive,Socket - impact long | Drive 1in | Mixed,Sockets,FAMILY,Approved 649,Coates_K2_Road2_Retraction_Resolved_649_Thumbnails_002.zip,800,800,JPEG,80049,42003074fa18e5b5501c7e338aee96e2ddb03d2babec2bad63abe723e3bdd58e
SOCKETIMPL-1-DR55MM,SOCKETIMPL-1-DR55MM.jpg,Socket - Impact - Long 55mm 1in Drive,Socket - impact long | Drive 1in | Mixed,Sockets,FAMILY,Approved 649,Coates_K2_Road2_Retraction_Resolved_649_Thumbnails_002.zip,800,800,JPEG,80049,42003074fa18e5b5501c7e338aee96e2ddb03d2babec2bad63abe723e3bdd58e
SOCKETIMPL1INDR60MM,SOCKETIMPL1INDR60MM.jpg,Socket - Impact - Long 60mm 1in Drive,Socket - impact long | Drive 1in | Mixed,Sockets,FAMILY,Approved 649,Coates_K2_Road2_Retraction_Resolved_649_Thumbnails_002.zip,800,800,JPEG,80049,42003074fa18e5b5501c7e338aee96e2ddb03d2babec2bad63abe723e3bdd58e
SOCKETIMPLG-1/2-DR9/16,SOCKETIMPLG-1_2-DR9_16.jpg,Socket - Impact - Long 9/16-1/2in Drive,Socket - impact long | Drive 16 1/2in | Imperial,Sockets,FAMILY,Approved 649,Coates_K2_Road2_Retraction_Resolved_649_Thumbnails_002.zip,800,800,JPEG,80049,42003074fa18e5b5501c7e338aee96e2ddb03d2babec2bad63abe723e3bdd58e
SOCKET1INDR50MM,SOCKET1INDR50MM.jpg,Socket - Impact -50mm 1in Drive,Socket - impact standard | Drive 1in | Mixed,Sockets,FAMILY,Approved 649,Coates_K2_Road2_Retraction_Resolved_649_Thumbnails_002.zip,800,800,JPEG,78818,f4f2c97be6ffe4f48767b2491c65df755a1a59544115fef57561a33c1d6c71b7
SOCKETIMPEXT1/2DR250MM,SOCKETIMPEXT1_2DR250MM.jpg,Socket - Impact -Extension - 1/2in - Drive - 250mm,Socket - extension,Sockets,FAMILY,Approved 649,Coates_K2_Road2_Retraction_Resolved_649_Thumbnails_002.zip,800,800,JPEG,76855,6c18fa733dc96001d7a05935c40af16be8964b22f74a72be194f157459a2abab
SOCKETIMPEXT1DR150MM,SOCKETIMPEXT1DR150MM.jpg,Socket - Impact -Extension - 1in - Drive - 150mm,Socket - extension,Sockets,FAMILY,Approved 649,Coates_K2_Road2_Retraction_Resolved_649_Thumbnails_002.zip,800,800,JPEG,76855,6c18fa733dc96001d7a05935c40af16be8964b22f74a72be194f157459a2abab
SOCKETIMPEXT1DR330MM,SOCKETIMPEXT1DR330MM.jpg,Socket - Impact -Extension - 1in - Drive - 330mm,Socket - extension,Sockets,FAMILY,Approved 649,Coates_K2_Road2_Retraction_Resolved_649_Thumbnails_002.zip,800,800,JPEG,76855,6c18fa733dc96001d7a05935c40af16be8964b22f74a72be194f157459a2abab
SOCKETIMPEXT3/4DR250MM,SOCKETIMPEXT3_4DR250MM.jpg,Socket - Impact -Extension - 3/4in - Drive - 250mm,Socket - extension,Sockets,FAMILY,Approved 649,Coates_K2_Road2_Retraction_Resolved_649_Thumbnails_002.zip,800,800,JPEG,76855,6c18fa733dc96001d7a05935c40af16be8964b22f74a72be194f157459a2abab
SOCKETIMPEXT3/4DR330MM,SOCKETIMPEXT3_4DR330MM.jpg,Socket - Impact -Extension - 3/4in - Drive - 330mm,Socket - extension,Sockets,FAMILY,Approved 649,Coates_K2_Road2_Retraction_Resolved_649_Thumbnails_002.zip,800,800,JPEG,76855,6c18fa733dc96001d7a05935c40af16be8964b22f74a72be194f157459a2abab
SOCKETIMPADAPT1-1/2-1DR,SOCKETIMPADAPT1-1_2-1DR.jpg,Socket - Imperial Adaptor - 1 1/2inch - 1inch Drive,Socket - adaptor | Drive 1in,Sockets,FAMILY,Approved 649,Coates_K2_Road2_Retraction_Resolved_649_Thumbnails_002.zip,800,800,JPEG,77600,761acfe09ab7b5103514a418c19d91f6427491750265037dc4981e29fc1cad59
SOCKETIMPADAPT1-3/4DR,SOCKETIMPADAPT1-3_4DR.jpg,Socket - Imperial Adaptor - 1in - 3/4in Drive,Socket - adaptor | Drive 3/4in,Sockets,FAMILY,Approved 649,Coates_K2_Road2_Retraction_Resolved_649_Thumbnails_002.zip,800,800,JPEG,77600,761acfe09ab7b5103514a418c19d91f6427491750265037dc4981e29fc1cad59
SOCKETIMPADAPT3/4-1DR,SOCKETIMPADAPT3_4-1DR.jpg,Socket - Imperial Adaptor - 3/4inch - 1inch Drive,Socket - adaptor | Drive 1in,Sockets,FAMILY,Approved 649,Coates_K2_Road2_Retraction_Resolved_649_Thumbnails_002.zip,800,800,JPEG,77600,761acfe09ab7b5103514a418c19d91f6427491750265037dc4981e29fc1cad59
SOCKETINHEX1/2-1/2,SOCKETINHEX1_2-1_2.jpg,Socket - Inhex - 1/2in -1/2in Drive,Socket - inhex | Drive 1/2in | Imperial,Sockets,FAMILY,Approved 649,Coates_K2_Road2_Retraction_Resolved_649_Thumbnails_002.zip,800,800,JPEG,72895,8958b518d16500ade2699cc299ceb594885f92273218956a848235bf3c47ba75
34DRIVEIMPACTINHEXSOCKET12,34DRIVEIMPACTINHEXSOCKET12.jpg,Socket - Inhex - 1/2in -3/4in Drive,Socket - inhex | Drive 3/4in | Imperial,Sockets,FAMILY,Approved 649,Coates_K2_Road2_Retraction_Resolved_649_Thumbnails_001.zip,800,800,JPEG,72895,8958b518d16500ade2699cc299ceb594885f92273218956a848235bf3c47ba75
SOCKETINHEX12IN34INDRIVE,SOCKETINHEX12IN34INDRIVE.jpg,Socket - Inhex - 1/2in -3/4in Drive,Socket - inhex | Drive 3/4in | Imperial,Sockets,FAMILY,Approved 649,Coates_K2_Road2_Retraction_Resolved_649_Thumbnails_002.zip,800,800,JPEG,72895,8958b518d16500ade2699cc299ceb594885f92273218956a848235bf3c47ba75
34DRIVEIMPACTINHEXSOCKET12MM,34DRIVEIMPACTINHEXSOCKET12MM.jpg,Socket - Inhex - 12MM -3/4in Drive,Socket - inhex | Drive 3/4in | Mixed,Sockets,FAMILY,Approved 649,Coates_K2_Road2_Retraction_Resolved_649_Thumbnails_001.zip,800,800,JPEG,72895,8958b518d16500ade2699cc299ceb594885f92273218956a848235bf3c47ba75
SOCKETINHEX12MM34INDRIVE,SOCKETINHEX12MM34INDRIVE.jpg,Socket - Inhex - 12MM -3/4in Drive,Socket - inhex | Drive 3/4in | Mixed,Sockets,FAMILY,Approved 649,Coates_K2_Road2_Retraction_Resolved_649_Thumbnails_002.zip,800,800,JPEG,72895,8958b518d16500ade2699cc299ceb594885f92273218956a848235bf3c47ba75
34DRIVEIMPACTINHEXSOCKET14MM,34DRIVEIMPACTINHEXSOCKET14MM.jpg,Socket - Inhex - 14MM -3/4in Drive,Socket - inhex | Drive 3/4in | Mixed,Sockets,FAMILY,Approved 649,Coates_K2_Road2_Retraction_Resolved_649_Thumbnails_001.zip,800,800,JPEG,72895,8958b518d16500ade2699cc299ceb594885f92273218956a848235bf3c47ba75
SOCKETINHEX14MM34INDRIVE,SOCKETINHEX14MM34INDRIVE.jpg,Socket - Inhex - 14MM -3/4in Drive,Socket - inhex | Drive 3/4in | Mixed,Sockets,FAMILY,Approved 649,Coates_K2_Road2_Retraction_Resolved_649_Thumbnails_002.zip,800,800,JPEG,72895,8958b518d16500ade2699cc299ceb594885f92273218956a848235bf3c47ba75
12DRIVEIMPACTINHEXSOCKET15MM,12DRIVEIMPACTINHEXSOCKET15MM.jpg,Socket - Inhex - 15MM -1/2in Drive,Socket - inhex | Drive 1/2in | Mixed,Sockets,FAMILY,Approved 649,Coates_K2_Road2_Retraction_Resolved_649_Thumbnails_001.zip,800,800,JPEG,72895,8958b518d16500ade2699cc299ceb594885f92273218956a848235bf3c47ba75
SOCKETINHEX15MM12INDRIVE,SOCKETINHEX15MM12INDRIVE.jpg,Socket - Inhex - 15MM -1/2in Drive,Socket - inhex | Drive 1/2in | Mixed,Sockets,FAMILY,Approved 649,Coates_K2_Road2_Retraction_Resolved_649_Thumbnails_002.zip,800,800,JPEG,72895,8958b518d16500ade2699cc299ceb594885f92273218956a848235bf3c47ba75
34DRIVEIMPACTINHEXSOCKET17MM,34DRIVEIMPACTINHEXSOCKET17MM.jpg,Socket - Inhex - 17MM -3/4in Drive,Socket - inhex | Drive 3/4in | Mixed,Sockets,FAMILY,Approved 649,Coates_K2_Road2_Retraction_Resolved_649_Thumbnails_001.zip,800,800,JPEG,72895,8958b518d16500ade2699cc299ceb594885f92273218956a848235bf3c47ba75
SOCKETINHEX17MM34INDRIVE,SOCKETINHEX17MM34INDRIVE.jpg,Socket - Inhex - 17MM -3/4in Drive,Socket - inhex | Drive 3/4in | Mixed,Sockets,FAMILY,Approved 649,Coates_K2_Road2_Retraction_Resolved_649_Thumbnails_002.zip,800,800,JPEG,72895,8958b518d16500ade2699cc299ceb594885f92273218956a848235bf3c47ba75
SOCKETINHEXT22MM1/2,SOCKETINHEXT22MM1_2.jpg,Socket - Inhex - 17mm - 1/2inch Drive,Socket - inhex | Drive 1/2in | Mixed,Sockets,FAMILY,Approved 649,Coates_K2_Road2_Retraction_Resolved_649_Thumbnails_002.zip,800,800,JPEG,72895,8958b518d16500ade2699cc299ceb594885f92273218956a848235bf3c47ba75
12DRIVEIMPACTINHEXSOCKET18MM,12DRIVEIMPACTINHEXSOCKET18MM.jpg,Socket - Inhex - 18MM -1/2in Drive,Socket - inhex | Drive 1/2in | Mixed,Sockets,FAMILY,Approved 649,Coates_K2_Road2_Retraction_Resolved_649_Thumbnails_001.zip,800,800,JPEG,72895,8958b518d16500ade2699cc299ceb594885f92273218956a848235bf3c47ba75
SOCKETINHEX18MM12INDRIVE,SOCKETINHEX18MM12INDRIVE.jpg,Socket - Inhex - 18MM -1/2in Drive,Socket - inhex | Drive 1/2in | Mixed,Sockets,FAMILY,Approved 649,Coates_K2_Road2_Retraction_Resolved_649_Thumbnails_002.zip,800,800,JPEG,72895,8958b518d16500ade2699cc299ceb594885f92273218956a848235bf3c47ba75
34DRIVEIMPACTINHEXSOCKET19MM,34DRIVEIMPACTINHEXSOCKET19MM.jpg,Socket - Inhex - 19MM -3/4in Drive,Socket - inhex | Drive 3/4in | Mixed,Sockets,FAMILY,Approved 649,Coates_K2_Road2_Retraction_Resolved_649_Thumbnails_001.zip,800,800,JPEG,72895,8958b518d16500ade2699cc299ceb594885f92273218956a848235bf3c47ba75
SOCKETINHEX19MM34INDRIVE,SOCKETINHEX19MM34INDRIVE.jpg,Socket - Inhex - 19MM -3/4in Drive,Socket - inhex | Drive 3/4in | Mixed,Sockets,FAMILY,Approved 649,Coates_K2_Road2_Retraction_Resolved_649_Thumbnails_002.zip,800,800,JPEG,72895,8958b518d16500ade2699cc299ceb594885f92273218956a848235bf3c47ba75
34DRIVEIMPACTINHEXSOCKET1,34DRIVEIMPACTINHEXSOCKET1.jpg,Socket - Inhex - 1in -3/4in Drive,Socket - inhex | Drive 3/4in | Imperial,Sockets,FAMILY,Approved 649,Coates_K2_Road2_Retraction_Resolved_649_Thumbnails_001.zip,800,800,JPEG,72895,8958b518d16500ade2699cc299ceb594885f92273218956a848235bf3c47ba75
SOCKETINHEX1IN34INDRIVE,SOCKETINHEX1IN34INDRIVE.jpg,Socket - Inhex - 1in -3/4in Drive,Socket - inhex | Drive 3/4in | Imperial,Sockets,FAMILY,Approved 649,Coates_K2_Road2_Retraction_Resolved_649_Thumbnails_002.zip,800,800,JPEG,72895,8958b518d16500ade2699cc299ceb594885f92273218956a848235bf3c47ba75
34DRIVEIMPACTINHEXSOCKET22MM,34DRIVEIMPACTINHEXSOCKET22MM.jpg,Socket - Inhex - 22MM -3/4in Drive,Socket - inhex | Drive 3/4in | Mixed,Sockets,FAMILY,Approved 649,Coates_K2_Road2_Retraction_Resolved_649_Thumbnails_001.zip,800,800,JPEG,72895,8958b518d16500ade2699cc299ceb594885f92273218956a848235bf3c47ba75
SOCKETINHEX22MM34INDRIVE,SOCKETINHEX22MM34INDRIVE.jpg,Socket - Inhex - 22MM -3/4in Drive,Socket - inhex | Drive 3/4in | Mixed,Sockets,FAMILY,Approved 649,Coates_K2_Road2_Retraction_Resolved_649_Thumbnails_002.zip,800,800,JPEG,72895,8958b518d16500ade2699cc299ceb594885f92273218956a848235bf3c47ba75
34DRIVEIMPACTINHEXSOCKET24MM,34DRIVEIMPACTINHEXSOCKET24MM.jpg,Socket - Inhex - 24MM -3/4in Drive,Socket - inhex | Drive 3/4in | Mixed,Sockets,FAMILY,Approved 649,Coates_K2_Road2_Retraction_Resolved_649_Thumbnails_001.zip,800,800,JPEG,72895,8958b518d16500ade2699cc299ceb594885f92273218956a848235bf3c47ba75
SOCKETINHEX24MM34INDRIVE,SOCKETINHEX24MM34INDRIVE.jpg,Socket - Inhex - 24MM -3/4in Drive,Socket - inhex | Drive 3/4in | Mixed,Sockets,FAMILY,Approved 649,Coates_K2_Road2_Retraction_Resolved_649_Thumbnails_002.zip,800,800,JPEG,72895,8958b518d16500ade2699cc299ceb594885f92273218956a848235bf3c47ba75
34DRIVEIMPACTINHEXSOCKET34,34DRIVEIMPACTINHEXSOCKET34.jpg,Socket - Inhex - 3/4in -3/4in Drive,Socket - inhex | Drive 3/4in | Imperial,Sockets,FAMILY,Approved 649,Coates_K2_Road2_Retraction_Resolved_649_Thumbnails_001.zip,800,800,JPEG,72895,8958b518d16500ade2699cc299ceb594885f92273218956a848235bf3c47ba75
SOCKETINHEX34IN34INDRIVE,SOCKETINHEX34IN34INDRIVE.jpg,Socket - Inhex - 3/4in -3/4in Drive,Socket - inhex | Drive 3/4in | Imperial,Sockets,FAMILY,Approved 649,Coates_K2_Road2_Retraction_Resolved_649_Thumbnails_002.zip,800,800,JPEG,72895,8958b518d16500ade2699cc299ceb594885f92273218956a848235bf3c47ba75
SOCKETINHEX3/8-1/2,SOCKETINHEX3_8-1_2.jpg,Socket - Inhex - 3/8in -1/2in Drive,Socket - inhex | Drive 1/2in | Imperial,Sockets,FAMILY,Approved 649,Coates_K2_Road2_Retraction_Resolved_649_Thumbnails_002.zip,800,800,JPEG,72895,8958b518d16500ade2699cc299ceb594885f92273218956a848235bf3c47ba75
SOCKETINHEX5/16-1/2,SOCKETINHEX5_16-1_2.jpg,Socket - Inhex - 5/16in -1/2in Drive,Socket - inhex | Drive 1/2in | Imperial,Sockets,FAMILY,Approved 649,Coates_K2_Road2_Retraction_Resolved_649_Thumbnails_002.zip,800,800,JPEG,72895,8958b518d16500ade2699cc299ceb594885f92273218956a848235bf3c47ba75
SOCKETINHEX5/8-1/2,SOCKETINHEX5_8-1_2.jpg,Socket - Inhex - 5/8in -1/2in Drive,Socket - inhex | Drive 1/2in | Imperial,Sockets,FAMILY,Approved 649,Coates_K2_Road2_Retraction_Resolved_649_Thumbnails_002.zip,800,800,JPEG,72895,8958b518d16500ade2699cc299ceb594885f92273218956a848235bf3c47ba75
34DRIVEIMPACTINHEXSOCKET58,34DRIVEIMPACTINHEXSOCKET58.jpg,Socket - Inhex - 5/8in -3/4in Drive,Socket - inhex | Drive 3/4in | Imperial,Sockets,FAMILY,Approved 649,Coates_K2_Road2_Retraction_Resolved_649_Thumbnails_001.zip,800,800,JPEG,72895,8958b518d16500ade2699cc299ceb594885f92273218956a848235bf3c47ba75
SOCKETINHEX58IN34INDRIVE,SOCKETINHEX58IN34INDRIVE.jpg,Socket - Inhex - 5/8in -3/4in Drive,Socket - inhex | Drive 3/4in | Imperial,Sockets,FAMILY,Approved 649,Coates_K2_Road2_Retraction_Resolved_649_Thumbnails_002.zip,800,800,JPEG,72895,8958b518d16500ade2699cc299ceb594885f92273218956a848235bf3c47ba75
34DRIVEIMPACTINHEXSOCKET78,34DRIVEIMPACTINHEXSOCKET78.jpg,Socket - Inhex - 7/8in -3/4in Drive,Socket - inhex | Drive 3/4in | Imperial,Sockets,FAMILY,Approved 649,Coates_K2_Road2_Retraction_Resolved_649_Thumbnails_001.zip,800,800,JPEG,72895,8958b518d16500ade2699cc299ceb594885f92273218956a848235bf3c47ba75
SOCKETINHEX78IN34INDRIVE,SOCKETINHEX78IN34INDRIVE.jpg,Socket - Inhex - 7/8in -3/4in Drive,Socket - inhex | Drive 3/4in | Imperial,Sockets,FAMILY,Approved 649,Coates_K2_Road2_Retraction_Resolved_649_Thumbnails_002.zip,800,800,JPEG,72895,8958b518d16500ade2699cc299ceb594885f92273218956a848235bf3c47ba75
SOCKETINHEX9/16-1/2,SOCKETINHEX9_16-1_2.jpg,Socket - Inhex - 9/16in -1/2in Drive,Socket - inhex | Drive 1/2in | Imperial,Sockets,FAMILY,Approved 649,Coates_K2_Road2_Retraction_Resolved_649_Thumbnails_002.zip,800,800,JPEG,72895,8958b518d16500ade2699cc299ceb594885f92273218956a848235bf3c47ba75
34DRIVEIMPACTINHEXSOCKET916,34DRIVEIMPACTINHEXSOCKET916.jpg,Socket - Inhex - 9/16in -3/4in Drive,Socket - inhex | Drive 3/4in | Imperial,Sockets,FAMILY,Approved 649,Coates_K2_Road2_Retraction_Resolved_649_Thumbnails_001.zip,800,800,JPEG,72895,8958b518d16500ade2699cc299ceb594885f92273218956a848235bf3c47ba75
SOCKETINHEX916IN34INDRIVE,SOCKETINHEX916IN34INDRIVE.jpg,Socket - Inhex - 9/16in -3/4in Drive,Socket - inhex | Drive 3/4in | Imperial,Sockets,FAMILY,Approved 649,Coates_K2_Road2_Retraction_Resolved_649_Thumbnails_002.zip,800,800,JPEG,72895,8958b518d16500ade2699cc299ceb594885f92273218956a848235bf3c47ba75
12DRIVEIMPACTINHEXSOCKET12,12DRIVEIMPACTINHEXSOCKET12.jpg,"Socket - Inhex -1/2""-1/2in Drive",Socket - inhex | Drive 1/2in | Imperial,Sockets,FAMILY,Approved 649,Coates_K2_Road2_Retraction_Resolved_649_Thumbnails_001.zip,800,800,JPEG,72895,8958b518d16500ade2699cc299ceb594885f92273218956a848235bf3c47ba75
SOCKETINHEX1212INDRIVE,SOCKETINHEX1212INDRIVE.jpg,"Socket - Inhex -1/2""-1/2in Drive",Socket - inhex | Drive 1/2in | Imperial,Sockets,FAMILY,Approved 649,Coates_K2_Road2_Retraction_Resolved_649_Thumbnails_002.zip,800,800,JPEG,72895,8958b518d16500ade2699cc299ceb594885f92273218956a848235bf3c47ba75
12DRIVEIMPACTINHEXSOCKET14,12DRIVEIMPACTINHEXSOCKET14.jpg,"Socket - Inhex -1/4""-1/2in Drive",Socket - inhex | Drive 1/2in | Imperial,Sockets,FAMILY,Approved 649,Coates_K2_Road2_Retraction_Resolved_649_Thumbnails_001.zip,800,800,JPEG,72895,8958b518d16500ade2699cc299ceb594885f92273218956a848235bf3c47ba75
SOCKETINHEX1412INDRIVE,SOCKETINHEX1412INDRIVE.jpg,"Socket - Inhex -1/4""-1/2in Drive",Socket - inhex | Drive 1/2in | Imperial,Sockets,FAMILY,Approved 649,Coates_K2_Road2_Retraction_Resolved_649_Thumbnails_002.zip,800,800,JPEG,72895,8958b518d16500ade2699cc299ceb594885f92273218956a848235bf3c47ba75
12DRIVEIMPACTINHEXSOCKET10MM,12DRIVEIMPACTINHEXSOCKET10MM.jpg,Socket - Inhex -10MM-1/2in Drive,Socket - inhex | Drive 1/2in | Mixed,Sockets,FAMILY,Approved 649,Coates_K2_Road2_Retraction_Resolved_649_Thumbnails_001.zip,800,800,JPEG,72895,8958b518d16500ade2699cc299ceb594885f92273218956a848235bf3c47ba75
SOCKETINHEX10MM12INDRIVE,SOCKETINHEX10MM12INDRIVE.jpg,Socket - Inhex -10MM-1/2in Drive,Socket - inhex | Drive 1/2in | Mixed,Sockets,FAMILY,Approved 649,Coates_K2_Road2_Retraction_Resolved_649_Thumbnails_002.zip,800,800,JPEG,72895,8958b518d16500ade2699cc299ceb594885f92273218956a848235bf3c47ba75
12DRIVEIMPACTINHEXSOCKET12MM,12DRIVEIMPACTINHEXSOCKET12MM.jpg,Socket - Inhex -12MM-1/2in Drive,Socket - inhex | Drive 1/2in | Mixed,Sockets,FAMILY,Approved 649,Coates_K2_Road2_Retraction_Resolved_649_Thumbnails_001.zip,800,800,JPEG,72895,8958b518d16500ade2699cc299ceb594885f92273218956a848235bf3c47ba75
SOCKETINHEX12MM12INDRIVE,SOCKETINHEX12MM12INDRIVE.jpg,Socket - Inhex -12MM-1/2in Drive,Socket - inhex | Drive 1/2in | Mixed,Sockets,FAMILY,Approved 649,Coates_K2_Road2_Retraction_Resolved_649_Thumbnails_002.zip,800,800,JPEG,72895,8958b518d16500ade2699cc299ceb594885f92273218956a848235bf3c47ba75
12DRIVEIMPACTINHEXSOCKET14MM,12DRIVEIMPACTINHEXSOCKET14MM.jpg,Socket - Inhex -14MM-1/2in Drive,Socket - inhex | Drive 1/2in | Mixed,Sockets,FAMILY,Approved 649,Coates_K2_Road2_Retraction_Resolved_649_Thumbnails_001.zip,800,800,JPEG,72895,8958b518d16500ade2699cc299ceb594885f92273218956a848235bf3c47ba75
SOCKETINHEX14MM12INDRIVE,SOCKETINHEX14MM12INDRIVE.jpg,Socket - Inhex -14MM-1/2in Drive,Socket - inhex | Drive 1/2in | Mixed,Sockets,FAMILY,Approved 649,Coates_K2_Road2_Retraction_Resolved_649_Thumbnails_002.zip,800,800,JPEG,72895,8958b518d16500ade2699cc299ceb594885f92273218956a848235bf3c47ba75
12DRIVEIMPACTINHEXSOCKET17MM,12DRIVEIMPACTINHEXSOCKET17MM.jpg,Socket - Inhex -17MM-1/2in Drive,Socket - inhex | Drive 1/2in | Mixed,Sockets,FAMILY,Approved 649,Coates_K2_Road2_Retraction_Resolved_649_Thumbnails_001.zip,800,800,JPEG,72895,8958b518d16500ade2699cc299ceb594885f92273218956a848235bf3c47ba75
SOCKETINHEX17MM12INDRIVE,SOCKETINHEX17MM12INDRIVE.jpg,Socket - Inhex -17MM-1/2in Drive,Socket - inhex | Drive 1/2in | Mixed,Sockets,FAMILY,Approved 649,Coates_K2_Road2_Retraction_Resolved_649_Thumbnails_002.zip,800,800,JPEG,72895,8958b518d16500ade2699cc299ceb594885f92273218956a848235bf3c47ba75
12DRIVEIMPACTINHEXSOCKET19MM,12DRIVEIMPACTINHEXSOCKET19MM.jpg,Socket - Inhex -19MM-1/2in Drive,Socket - inhex | Drive 1/2in | Mixed,Sockets,FAMILY,Approved 649,Coates_K2_Road2_Retraction_Resolved_649_Thumbnails_001.zip,800,800,JPEG,72895,8958b518d16500ade2699cc299ceb594885f92273218956a848235bf3c47ba75
SOCKETINHEX19MM12INDRIVE,SOCKETINHEX19MM12INDRIVE.jpg,Socket - Inhex -19MM-1/2in Drive,Socket - inhex | Drive 1/2in | Mixed,Sockets,FAMILY,Approved 649,Coates_K2_Road2_Retraction_Resolved_649_Thumbnails_002.zip,800,800,JPEG,72895,8958b518d16500ade2699cc299ceb594885f92273218956a848235bf3c47ba75
12DRIVEIMPACTINHEXSOCKET34,12DRIVEIMPACTINHEXSOCKET34.jpg,"Socket - Inhex -3/4""-1/2in Drive",Socket - inhex | Drive 1/2in | Imperial,Sockets,FAMILY,Approved 649,Coates_K2_Road2_Retraction_Resolved_649_Thumbnails_001.zip,800,800,JPEG,72895,8958b518d16500ade2699cc299ceb594885f92273218956a848235bf3c47ba75
SOCKETINHEX3412INDRIVE,SOCKETINHEX3412INDRIVE.jpg,"Socket - Inhex -3/4""-1/2in Drive",Socket - inhex | Drive 1/2in | Imperial,Sockets,FAMILY,Approved 649,Coates_K2_Road2_Retraction_Resolved_649_Thumbnails_002.zip,800,800,JPEG,72895,8958b518d16500ade2699cc299ceb594885f92273218956a848235bf3c47ba75
12DRIVEIMPACTINHEXSOCKET38,12DRIVEIMPACTINHEXSOCKET38.jpg,"Socket - Inhex -3/8""-1/2in Drive",Socket - inhex | Drive 1/2in | Imperial,Sockets,FAMILY,Approved 649,Coates_K2_Road2_Retraction_Resolved_649_Thumbnails_001.zip,800,800,JPEG,72895,8958b518d16500ade2699cc299ceb594885f92273218956a848235bf3c47ba75
SOCKETINHEX3812INDRIVE,SOCKETINHEX3812INDRIVE.jpg,"Socket - Inhex -3/8""-1/2in Drive",Socket - inhex | Drive 1/2in | Imperial,Sockets,FAMILY,Approved 649,Coates_K2_Road2_Retraction_Resolved_649_Thumbnails_002.zip,800,800,JPEG,72895,8958b518d16500ade2699cc299ceb594885f92273218956a848235bf3c47ba75
12DRIVEIMPACTINHEXSOCKET58,12DRIVEIMPACTINHEXSOCKET58.jpg,"Socket - Inhex -5/8""-1/2in Drive",Socket - inhex | Drive 1/2in | Imperial,Sockets,FAMILY,Approved 649,Coates_K2_Road2_Retraction_Resolved_649_Thumbnails_001.zip,800,800,JPEG,72895,8958b518d16500ade2699cc299ceb594885f92273218956a848235bf3c47ba75
SOCKETINHEX5812INDRIVE,SOCKETINHEX5812INDRIVE.jpg,"Socket - Inhex -5/8""-1/2in Drive",Socket - inhex | Drive 1/2in | Imperial,Sockets,FAMILY,Approved 649,Coates_K2_Road2_Retraction_Resolved_649_Thumbnails_002.zip,800,800,JPEG,72895,8958b518d16500ade2699cc299ceb594885f92273218956a848235bf3c47ba75
12DRIVEIMPACTINHEXSOCKET6MM,12DRIVEIMPACTINHEXSOCKET6MM.jpg,Socket - Inhex -6MM-1/2in Drive,Socket - inhex | Drive 1/2in | Mixed,Sockets,FAMILY,Approved 649,Coates_K2_Road2_Retraction_Resolved_649_Thumbnails_001.zip,800,800,JPEG,72895,8958b518d16500ade2699cc299ceb594885f92273218956a848235bf3c47ba75
SOCKETINHEX6MM12INDRIVE,SOCKETINHEX6MM12INDRIVE.jpg,Socket - Inhex -6MM-1/2in Drive,Socket - inhex | Drive 1/2in | Mixed,Sockets,FAMILY,Approved 649,Coates_K2_Road2_Retraction_Resolved_649_Thumbnails_002.zip,800,800,JPEG,72895,8958b518d16500ade2699cc299ceb594885f92273218956a848235bf3c47ba75
12DRIVEIMPACTINHEXSOCKET716,12DRIVEIMPACTINHEXSOCKET716.jpg,"Socket - Inhex -7/16""-1/2in Drive",Socket - inhex | Drive 1/2in | Imperial,Sockets,FAMILY,Approved 649,Coates_K2_Road2_Retraction_Resolved_649_Thumbnails_001.zip,800,800,JPEG,72895,8958b518d16500ade2699cc299ceb594885f92273218956a848235bf3c47ba75
SOCKETINHEX71612INDRIVE,SOCKETINHEX71612INDRIVE.jpg,"Socket - Inhex -7/16""-1/2in Drive",Socket - inhex | Drive 1/2in | Imperial,Sockets,FAMILY,Approved 649,Coates_K2_Road2_Retraction_Resolved_649_Thumbnails_002.zip,800,800,JPEG,72895,8958b518d16500ade2699cc299ceb594885f92273218956a848235bf3c47ba75
12DRIVEIMPACTINHEXSOCKET7MM,12DRIVEIMPACTINHEXSOCKET7MM.jpg,Socket - Inhex -7MM-1/2in Drive,Socket - inhex | Drive 1/2in | Mixed,Sockets,FAMILY,Approved 649,Coates_K2_Road2_Retraction_Resolved_649_Thumbnails_001.zip,800,800,JPEG,72895,8958b518d16500ade2699cc299ceb594885f92273218956a848235bf3c47ba75
SOCKETINHEX7MM12INDRIVE,SOCKETINHEX7MM12INDRIVE.jpg,Socket - Inhex -7MM-1/2in Drive,Socket - inhex | Drive 1/2in | Mixed,Sockets,FAMILY,Approved 649,Coates_K2_Road2_Retraction_Resolved_649_Thumbnails_002.zip,800,800,JPEG,72895,8958b518d16500ade2699cc299ceb594885f92273218956a848235bf3c47ba75
12DRIVEIMPACTINHEXSOCKET8MM,12DRIVEIMPACTINHEXSOCKET8MM.jpg,Socket - Inhex -8MM-1/2in Drive,Socket - inhex | Drive 1/2in | Mixed,Sockets,FAMILY,Approved 649,Coates_K2_Road2_Retraction_Resolved_649_Thumbnails_001.zip,800,800,JPEG,72895,8958b518d16500ade2699cc299ceb594885f92273218956a848235bf3c47ba75
SOCKETINHEX8MM12INDRIVE,SOCKETINHEX8MM12INDRIVE.jpg,Socket - Inhex -8MM-1/2in Drive,Socket - inhex | Drive 1/2in | Mixed,Sockets,FAMILY,Approved 649,Coates_K2_Road2_Retraction_Resolved_649_Thumbnails_002.zip,800,800,JPEG,72895,8958b518d16500ade2699cc299ceb594885f92273218956a848235bf3c47ba75
12DRIVEIMPACTINHEXSOCKET916,12DRIVEIMPACTINHEXSOCKET916.jpg,"Socket - Inhex -9/16""-1/2in Drive",Socket - inhex | Drive 1/2in | Imperial,Sockets,FAMILY,Approved 649,Coates_K2_Road2_Retraction_Resolved_649_Thumbnails_001.zip,800,800,JPEG,72895,8958b518d16500ade2699cc299ceb594885f92273218956a848235bf3c47ba75
SOCKETINHEX91612INDRIVE,SOCKETINHEX91612INDRIVE.jpg,"Socket - Inhex -9/16""-1/2in Drive",Socket - inhex | Drive 1/2in | Imperial,Sockets,FAMILY,Approved 649,Coates_K2_Road2_Retraction_Resolved_649_Thumbnails_002.zip,800,800,JPEG,72895,8958b518d16500ade2699cc299ceb594885f92273218956a848235bf3c47ba75
SOCKETRATCHETBAR1/2DR,SOCKETRATCHETBAR1_2DR.jpg,Socket - Ratchet Bar - 1/2inch Drive,Socket - ratchet | Drive 1/2in,Sockets,FAMILY,Approved 649,Coates_K2_Road2_Retraction_Resolved_649_Thumbnails_002.zip,800,800,JPEG,74009,7ae124629e87778fb4bf5ef9c955e63529257e80f2cb8d4990230d68b3ad49be
SOCKETRATCHETBAR3/4DR,SOCKETRATCHETBAR3_4DR.jpg,Socket - Ratchet Bar - 3/4inch Drive,Socket - ratchet | Drive 3/4in,Sockets,FAMILY,Approved 649,Coates_K2_Road2_Retraction_Resolved_649_Thumbnails_002.zip,800,800,JPEG,74009,7ae124629e87778fb4bf5ef9c955e63529257e80f2cb8d4990230d68b3ad49be
SOCKETTORQUE3/4D11/2,SOCKETTORQUE3_4D11_2.jpg,Socket - Torque 11/2in 3/4in Drive,Socket - torque | Drive 3/4in | Imperial,Sockets,FAMILY,Approved 649,Coates_K2_Road2_Retraction_Resolved_649_Thumbnails_002.zip,800,800,JPEG,81354,2a58c3e36dce17623cb6f8024dbc835a90c5126a74c6def2150e0ca6bd3f618f
SOCKETTORQUE1D11/4,SOCKETTORQUE1D11_4.jpg,Socket - Torque 11/4in 1in Drive,Socket - torque | Drive 1in | Imperial,Sockets,FAMILY,Approved 649,Coates_K2_Road2_Retraction_Resolved_649_Thumbnails_002.zip,800,800,JPEG,81354,2a58c3e36dce17623cb6f8024dbc835a90c5126a74c6def2150e0ca6bd3f618f
SOCKETTORQUE3/4D11/4,SOCKETTORQUE3_4D11_4.jpg,Socket - Torque 11/4in 3/4in Drive,Socket - torque | Drive 3/4in | Imperial,Sockets,FAMILY,Approved 649,Coates_K2_Road2_Retraction_Resolved_649_Thumbnails_002.zip,800,800,JPEG,81354,2a58c3e36dce17623cb6f8024dbc835a90c5126a74c6def2150e0ca6bd3f618f
SOCKETTORQUE1D113/16,SOCKETTORQUE1D113_16.jpg,Socket - Torque 113/16in 1in Drive,Socket - torque | Drive 1in | Imperial,Sockets,FAMILY,Approved 649,Coates_K2_Road2_Retraction_Resolved_649_Thumbnails_002.zip,800,800,JPEG,81354,2a58c3e36dce17623cb6f8024dbc835a90c5126a74c6def2150e0ca6bd3f618f
SOCKETTORQUE3/4D113/16,SOCKETTORQUE3_4D113_16.jpg,Socket - Torque 113/16in 3/4in Drive,Socket - torque | Drive 3/4in | Imperial,Sockets,FAMILY,Approved 649,Coates_K2_Road2_Retraction_Resolved_649_Thumbnails_002.zip,800,800,JPEG,81354,2a58c3e36dce17623cb6f8024dbc835a90c5126a74c6def2150e0ca6bd3f618f
SOCKETTORQUE3/4D13/4,SOCKETTORQUE3_4D13_4.jpg,Socket - Torque 13/4in 3/4in Drive,Socket - torque | Drive 3/4in | Imperial,Sockets,FAMILY,Approved 649,Coates_K2_Road2_Retraction_Resolved_649_Thumbnails_002.zip,800,800,JPEG,81354,2a58c3e36dce17623cb6f8024dbc835a90c5126a74c6def2150e0ca6bd3f618f
SOCKETTORQUE3/4D15/8,SOCKETTORQUE3_4D15_8.jpg,Socket - Torque 15/8in 3/4in Drive,Socket - torque | Drive 3/4in | Imperial,Sockets,FAMILY,Approved 649,Coates_K2_Road2_Retraction_Resolved_649_Thumbnails_002.zip,800,800,JPEG,81354,2a58c3e36dce17623cb6f8024dbc835a90c5126a74c6def2150e0ca6bd3f618f
SOCKETTORQUE3/4D17/8,SOCKETTORQUE3_4D17_8.jpg,Socket - Torque 17/8in 3/4in Drive,Socket - torque | Drive 3/4in | Imperial,Sockets,FAMILY,Approved 649,Coates_K2_Road2_Retraction_Resolved_649_Thumbnails_002.zip,800,800,JPEG,81354,2a58c3e36dce17623cb6f8024dbc835a90c5126a74c6def2150e0ca6bd3f618f
SOCKETTORQUE1D2-13/16,SOCKETTORQUE1D2-13_16.jpg,Socket - Torque 2-13/16in 1in Drive,Socket - torque | Drive 1in | Imperial,Sockets,FAMILY,Approved 649,Coates_K2_Road2_Retraction_Resolved_649_Thumbnails_002.zip,800,800,JPEG,81354,2a58c3e36dce17623cb6f8024dbc835a90c5126a74c6def2150e0ca6bd3f618f
SOCKETTORQUE1D2-3/16,SOCKETTORQUE1D2-3_16.jpg,Socket - Torque 2-3/16in 1in Drive,Socket - torque | Drive 1in | Imperial,Sockets,FAMILY,Approved 649,Coates_K2_Road2_Retraction_Resolved_649_Thumbnails_002.zip,800,800,JPEG,81354,2a58c3e36dce17623cb6f8024dbc835a90c5126a74c6def2150e0ca6bd3f618f
SOCKETTORQUE1D2-7/16,SOCKETTORQUE1D2-7_16.jpg,Socket - Torque 2-7/16in 1in Drive,Socket - torque | Drive 1in | Imperial,Sockets,FAMILY,Approved 649,Coates_K2_Road2_Retraction_Resolved_649_Thumbnails_002.zip,800,800,JPEG,81354,2a58c3e36dce17623cb6f8024dbc835a90c5126a74c6def2150e0ca6bd3f618f
SOCKETTORQUE1D2-7/8,SOCKETTORQUE1D2-7_8.jpg,Socket - Torque 2-7/8in 1in Drive,Socket - torque | Drive 1in | Imperial,Sockets,FAMILY,Approved 649,Coates_K2_Road2_Retraction_Resolved_649_Thumbnails_002.zip,800,800,JPEG,81354,2a58c3e36dce17623cb6f8024dbc835a90c5126a74c6def2150e0ca6bd3f618f
SOCKETTORQUE1D3,SOCKETTORQUE1D3.jpg,Socket - Torque 3in 1in Drive,Socket - torque | Drive 1in | Imperial,Sockets,FAMILY,Approved 649,Coates_K2_Road2_Retraction_Resolved_649_Thumbnails_002.zip,800,800,JPEG,81354,2a58c3e36dce17623cb6f8024dbc835a90c5126a74c6def2150e0ca6bd3f618f
SOCKETTORQUE1INDR50MM,SOCKETTORQUE1INDR50MM.jpg,Socket - Torque 50mm 1in Drive,Socket - torque | Drive 1in | Mixed,Sockets,FAMILY,Approved 649,Coates_K2_Road2_Retraction_Resolved_649_Thumbnails_002.zip,800,800,JPEG,81354,2a58c3e36dce17623cb6f8024dbc835a90c5126a74c6def2150e0ca6bd3f618f
SOCKETUNIJOINTS1INDR,SOCKETUNIJOINTS1INDR.jpg,Socket - Universal Joint 1in Drive,Socket - universal joint | Drive 1in,Sockets,FAMILY,Approved 649,Coates_K2_Road2_Retraction_Resolved_649_Thumbnails_002.zip,800,800,JPEG,80899,c818ce20bef80a12c35609bcecad54261e946f93a3dcc224c0a8a57d79bb455d
SOCKETUNIJOINTS3/4INDR,SOCKETUNIJOINTS3_4INDR.jpg,Socket - Universal Joint 3/4in Drive,Socket - universal joint | Drive 3/4in,Sockets,FAMILY,Approved 649,Coates_K2_Road2_Retraction_Resolved_649_Thumbnails_002.zip,800,800,JPEG,80899,c818ce20bef80a12c35609bcecad54261e946f93a3dcc224c0a8a57d79bb455d
SOCKETTORQUE25MM3/4DR,SOCKETTORQUE25MM3_4DR.jpg,Socket -Torque 25mm 3/4in Drive,Socket - torque | Drive 3/4in | Mixed,Sockets,FAMILY,Approved 649,Coates_K2_Road2_Retraction_Resolved_649_Thumbnails_002.zip,800,800,JPEG,81354,2a58c3e36dce17623cb6f8024dbc835a90c5126a74c6def2150e0ca6bd3f618f
SOCKETTORQUE26MM3/4DR,SOCKETTORQUE26MM3_4DR.jpg,Socket -Torque 26mm 3/4in Drive,Socket - torque | Drive 3/4in | Mixed,Sockets,FAMILY,Approved 649,Coates_K2_Road2_Retraction_Resolved_649_Thumbnails_002.zip,800,800,JPEG,81354,2a58c3e36dce17623cb6f8024dbc835a90c5126a74c6def2150e0ca6bd3f618f
SOCKETTORQUE27MM3/4DR,SOCKETTORQUE27MM3_4DR.jpg,Socket -Torque 27mm 3/4in Drive,Socket - torque | Drive 3/4in | Mixed,Sockets,FAMILY,Approved 649,Coates_K2_Road2_Retraction_Resolved_649_Thumbnails_002.zip,800,800,JPEG,81354,2a58c3e36dce17623cb6f8024dbc835a90c5126a74c6def2150e0ca6bd3f618f
SOCKETTORQUE28MM3/4DR,SOCKETTORQUE28MM3_4DR.jpg,Socket -Torque 28mm 3/4in Drive,Socket - torque | Drive 3/4in | Mixed,Sockets,FAMILY,Approved 649,Coates_K2_Road2_Retraction_Resolved_649_Thumbnails_002.zip,800,800,JPEG,81354,2a58c3e36dce17623cb6f8024dbc835a90c5126a74c6def2150e0ca6bd3f618f
SOCKETTORQUE32MM1DR,SOCKETTORQUE32MM1DR.jpg,Socket -Torque 32mm 1in Drive,Socket - torque | Drive 1in | Mixed,Sockets,FAMILY,Approved 649,Coates_K2_Road2_Retraction_Resolved_649_Thumbnails_002.zip,800,800,JPEG,81354,2a58c3e36dce17623cb6f8024dbc835a90c5126a74c6def2150e0ca6bd3f618f
SOCKETTORQUE38MM3/4DR,SOCKETTORQUE38MM3_4DR.jpg,Socket -Torque 38mm 3/4in Drive,Socket - torque | Drive 3/4in | Mixed,Sockets,FAMILY,Approved 649,Coates_K2_Road2_Retraction_Resolved_649_Thumbnails_002.zip,800,800,JPEG,81354,2a58c3e36dce17623cb6f8024dbc835a90c5126a74c6def2150e0ca6bd3f618f
SOCKETTORQUE41MM1DR,SOCKETTORQUE41MM1DR.jpg,Socket -Torque 41mm 1in Drive,Socket - torque | Drive 1in | Mixed,Sockets,FAMILY,Approved 649,Coates_K2_Road2_Retraction_Resolved_649_Thumbnails_002.zip,800,800,JPEG,81354,2a58c3e36dce17623cb6f8024dbc835a90c5126a74c6def2150e0ca6bd3f618f
SOCKETIMPADAPT1/2-3/4DR,SOCKETIMPADAPT1_2-3_4DR.jpg,Socket Adaptor 1/2in To 3/4in Drive,Socket - adaptor | Drive 3/4in,Sockets,FAMILY,Approved 649,Coates_K2_Road2_Retraction_Resolved_649_Thumbnails_002.zip,800,800,JPEG,77600,761acfe09ab7b5103514a418c19d91f6427491750265037dc4981e29fc1cad59
SOCKETIMPADAPT3/4-1/2DR,SOCKETIMPADAPT3_4-1_2DR.jpg,Socket Adaptor 3/4in To 1/2in Drive,Socket - adaptor | Drive 1/2in,Sockets,FAMILY,Approved 649,Coates_K2_Road2_Retraction_Resolved_649_Thumbnails_002.zip,800,800,JPEG,77600,761acfe09ab7b5103514a418c19d91f6427491750265037dc4981e29fc1cad59
SOCKEXTN3/4D150MM,SOCKEXTN3_4D150MM.jpg,Socket Extension - 3/4in Drive - 150mm,Socket - extension | Drive 3/4in,Sockets,FAMILY,Approved 649,Coates_K2_Road2_Retraction_Resolved_649_Thumbnails_002.zip,800,800,JPEG,80255,f3fc8ca6b5ee3e61390129510c88f91f15ae9154220843a46546bd9dfaaadf9f
SOCKETEXT1/2DR75MM,SOCKETEXT1_2DR75MM.jpg,Socket Extension 1/2in Drive 75mm,Socket - extension | Drive 1/2in,Sockets,FAMILY,Approved 649,Coates_K2_Road2_Retraction_Resolved_649_Thumbnails_002.zip,800,800,JPEG,80255,f3fc8ca6b5ee3e61390129510c88f91f15ae9154220843a46546bd9dfaaadf9f
SOCKSET1/2DMET,SOCKSET1_2DMET.jpg,Socket Set - 1/2in Drive - Met,Industrial Tools & Equipment,Sockets,FAMILY,Render GO 522,Coates_K2_Render_GO_522_Thumbnails_002.zip,800,800,JPEG,81306,b41a47372a17250d4f265457b0a2584b9e242e1b8df330ecc1c2474ed25cbac5
SOCKSET1/4DAFMET,SOCKSET1_4DAFMET.jpg,Socket Set - 1/4in Drive - Af/Met,Industrial Tools & Equipment,Sockets,FAMILY,Render GO 522,Coates_K2_Render_GO_522_Thumbnails_002.zip,800,800,JPEG,81306,b41a47372a17250d4f265457b0a2584b9e242e1b8df330ecc1c2474ed25cbac5
SOCKSET3/4DAF,SOCKSET3_4DAF.jpg,Socket Set - 3/4in Drive - Af,Industrial Tools & Equipment,Sockets,FAMILY,Render GO 522,Coates_K2_Render_GO_522_Thumbnails_002.zip,800,800,JPEG,81306,b41a47372a17250d4f265457b0a2584b9e242e1b8df330ecc1c2474ed25cbac5
SOCKSET3/4DMET,SOCKSET3_4DMET.jpg,Socket Set - 3/4in Drive - Met,Industrial Tools & Equipment,Sockets,FAMILY,Render GO 522,Coates_K2_Render_GO_522_Thumbnails_002.zip,800,800,JPEG,81306,b41a47372a17250d4f265457b0a2584b9e242e1b8df330ecc1c2474ed25cbac5
SCKSET3/8DAM,SCKSET3_8DAM.jpg,Socket Set - 3/8in Drive - Af/Met,Industrial Tools & Equipment,Sockets,FAMILY,Render GO 522,Coates_K2_Render_GO_522_Thumbnails_002.zip,800,800,JPEG,81306,b41a47372a17250d4f265457b0a2584b9e242e1b8df330ecc1c2474ed25cbac5
SOCKSETIM1/2DAF,SOCKSETIM1_2DAF.jpg,Socket Set - Impact - 1/2in Drive - Af,Industrial Tools & Equipment,Sockets,FAMILY,Render GO 522,Coates_K2_Render_GO_522_Thumbnails_002.zip,800,800,JPEG,80963,b7c6bd7ae2e83da091afac3847bb6253a4dee240787fe3c2b4705bafcc043cb5
SOCKTBAR1/2D,SOCKTBAR1_2D.jpg,Socket T Bar 1/2in Drive,Socket - T bar | Drive 1/2in,Sockets,FAMILY,Approved 649,Coates_K2_Road2_Retraction_Resolved_649_Thumbnails_002.zip,800,800,JPEG,72589,8edacd30a4951cdee151336d2e315d3abbf6ec89c3bc724ee41de733385fae15
SOCKETTBARHANDLE3/4DR,SOCKETTBARHANDLE3_4DR.jpg,Socket T Bar Handle - 3/4in Drive,Socket - T bar | Drive 3/4in,Sockets,FAMILY,Approved 649,Coates_K2_Road2_Retraction_Resolved_649_Thumbnails_002.zip,800,800,JPEG,72589,8edacd30a4951cdee151336d2e315d3abbf6ec89c3bc724ee41de733385fae15
SOCKETUNIJOINTS1/2INDR,SOCKETUNIJOINTS1_2INDR.jpg,Socket Universal Joint 1/2in Drive,Socket - universal joint | Drive 1/2in,Sockets,FAMILY,Approved 649,Coates_K2_Road2_Retraction_Resolved_649_Thumbnails_002.zip,800,800,JPEG,80899,c818ce20bef80a12c35609bcecad54261e946f93a3dcc224c0a8a57d79bb455d
SPANNERFLOGOF1-15/16,SPANNERFLOGOF1-15_16.jpg,**OBSOLETE**Spanner - Flogging - Offset 1 15/16in,Spanner - flogging | Offset | Imperial,Spanners,FAMILY,Approved 649,Coates_K2_Road2_Retraction_Resolved_649_Thumbnails_003.zip,800,800,JPEG,78993,c12ef5e729acfccc722a26b9c173d5d3aeed248171f8dbe9db0f6e7fde9818ca
12916RATCHETRINGSPANNER,12916RATCHETRINGSPANNER.jpg,"Ratchet Ring Spanner  1/2"" x 9/16""",Spanner - ratchet ring | Imperial,Spanners,FAMILY,Approved 649,Coates_K2_Road2_Retraction_Resolved_649_Thumbnails_001.zip,800,800,JPEG,81001,c3264b27bb335b533fde8dba540f9f8610edabfec9a8a0e44de8ebad81d283be
RATCHETRINGSPANNER12X916,RATCHETRINGSPANNER12X916.jpg,"Ratchet Ring Spanner  1/2"" x 9/16""",Spanner - ratchet ring | Imperial,Spanners,FAMILY,Approved 649,Coates_K2_Road2_Retraction_Resolved_649_Thumbnails_001.zip,800,800,JPEG,81001,c3264b27bb335b533fde8dba540f9f8610edabfec9a8a0e44de8ebad81d283be
14516RATCHETRINGSPANNER,14516RATCHETRINGSPANNER.jpg,"Ratchet Ring Spanner  1/4"" x 5/16""",Spanner - ratchet ring | Imperial,Spanners,FAMILY,Approved 649,Coates_K2_Road2_Retraction_Resolved_649_Thumbnails_001.zip,800,800,JPEG,81001,c3264b27bb335b533fde8dba540f9f8610edabfec9a8a0e44de8ebad81d283be
RATCHETRINGSPANNER14X516,RATCHETRINGSPANNER14X516.jpg,"Ratchet Ring Spanner  1/4"" x 5/16""",Spanner - ratchet ring | Imperial,Spanners,FAMILY,Approved 649,Coates_K2_Road2_Retraction_Resolved_649_Thumbnails_001.zip,800,800,JPEG,81001,c3264b27bb335b533fde8dba540f9f8610edabfec9a8a0e44de8ebad81d283be
10MM12MMRATCHETRINGSPANNER,10MM12MMRATCHETRINGSPANNER.jpg,Ratchet Ring Spanner  10MM x 12MM,Spanner - ratchet ring | Metric,Spanners,FAMILY,Approved 649,Coates_K2_Road2_Retraction_Resolved_649_Thumbnails_001.zip,800,800,JPEG,81001,c3264b27bb335b533fde8dba540f9f8610edabfec9a8a0e44de8ebad81d283be
RATCHETRINGSPANNER10MMX12MM,RATCHETRINGSPANNER10MMX12MM.jpg,Ratchet Ring Spanner  10MM x 12MM,Spanner - ratchet ring | Metric,Spanners,FAMILY,Approved 649,Coates_K2_Road2_Retraction_Resolved_649_Thumbnails_001.zip,800,800,JPEG,81001,c3264b27bb335b533fde8dba540f9f8610edabfec9a8a0e44de8ebad81d283be
11MM13MMRATCHETRINGSPANNER,11MM13MMRATCHETRINGSPANNER.jpg,Ratchet Ring Spanner  11MM x 13MM,Spanner - ratchet ring | Metric,Spanners,FAMILY,Approved 649,Coates_K2_Road2_Retraction_Resolved_649_Thumbnails_001.zip,800,800,JPEG,81001,c3264b27bb335b533fde8dba540f9f8610edabfec9a8a0e44de8ebad81d283be
RATCHETRINGSPANNER11MMX13MM,RATCHETRINGSPANNER11MMX13MM.jpg,Ratchet Ring Spanner  11MM x 13MM,Spanner - ratchet ring | Metric,Spanners,FAMILY,Approved 649,Coates_K2_Road2_Retraction_Resolved_649_Thumbnails_001.zip,800,800,JPEG,81001,c3264b27bb335b533fde8dba540f9f8610edabfec9a8a0e44de8ebad81d283be
14MM17MMRATCHETRINGSPANNER,14MM17MMRATCHETRINGSPANNER.jpg,Ratchet Ring Spanner  14MM x 17MM,Spanner - ratchet ring | Metric,Spanners,FAMILY,Approved 649,Coates_K2_Road2_Retraction_Resolved_649_Thumbnails_001.zip,800,800,JPEG,81001,c3264b27bb335b533fde8dba540f9f8610edabfec9a8a0e44de8ebad81d283be
RATCHETRINGSPANNER14MMX17MM,RATCHETRINGSPANNER14MMX17MM.jpg,Ratchet Ring Spanner  14MM x 17MM,Spanner - ratchet ring | Metric,Spanners,FAMILY,Approved 649,Coates_K2_Road2_Retraction_Resolved_649_Thumbnails_001.zip,800,800,JPEG,81001,c3264b27bb335b533fde8dba540f9f8610edabfec9a8a0e44de8ebad81d283be
19MM21MMRATCHETRINGSPANNER,19MM21MMRATCHETRINGSPANNER.jpg,Ratchet Ring Spanner  19MM x 21MM,Spanner - ratchet ring | Metric,Spanners,FAMILY,Approved 649,Coates_K2_Road2_Retraction_Resolved_649_Thumbnails_001.zip,800,800,JPEG,81001,c3264b27bb335b533fde8dba540f9f8610edabfec9a8a0e44de8ebad81d283be
RATCHETRINGSPANNER19MMX21MM,RATCHETRINGSPANNER19MMX21MM.jpg,Ratchet Ring Spanner  19MM x 21MM,Spanner - ratchet ring | Metric,Spanners,FAMILY,Approved 649,Coates_K2_Road2_Retraction_Resolved_649_Thumbnails_001.zip,800,800,JPEG,81001,c3264b27bb335b533fde8dba540f9f8610edabfec9a8a0e44de8ebad81d283be
3478RATCHETRINGSPANNER,3478RATCHETRINGSPANNER.jpg,"Ratchet Ring Spanner  3/4"" x 7/8""",Spanner - ratchet ring | Imperial,Spanners,FAMILY,Approved 649,Coates_K2_Road2_Retraction_Resolved_649_Thumbnails_001.zip,800,800,JPEG,81001,c3264b27bb335b533fde8dba540f9f8610edabfec9a8a0e44de8ebad81d283be
RATCHETRINGSPANNER34X78,RATCHETRINGSPANNER34X78.jpg,"Ratchet Ring Spanner  3/4"" x 7/8""",Spanner - ratchet ring | Imperial,Spanners,FAMILY,Approved 649,Coates_K2_Road2_Retraction_Resolved_649_Thumbnails_001.zip,800,800,JPEG,81001,c3264b27bb335b533fde8dba540f9f8610edabfec9a8a0e44de8ebad81d283be
38716RATCHETRINGSPANNER,38716RATCHETRINGSPANNER.jpg,"Ratchet Ring Spanner  3/8"" x 7/16""",Spanner - ratchet ring | Imperial,Spanners,FAMILY,Approved 649,Coates_K2_Road2_Retraction_Resolved_649_Thumbnails_001.zip,800,800,JPEG,81001,c3264b27bb335b533fde8dba540f9f8610edabfec9a8a0e44de8ebad81d283be
RATCHETRINGSPANNER38X716,RATCHETRINGSPANNER38X716.jpg,"Ratchet Ring Spanner  3/8"" x 7/16""",Spanner - ratchet ring | Imperial,Spanners,FAMILY,Approved 649,Coates_K2_Road2_Retraction_Resolved_649_Thumbnails_001.zip,800,800,JPEG,81001,c3264b27bb335b533fde8dba540f9f8610edabfec9a8a0e44de8ebad81d283be
581116RATCHETRINGSPANNER,581116RATCHETRINGSPANNER.jpg,"Ratchet Ring Spanner  5/8"" x 11/16""",Spanner - ratchet ring | Imperial,Spanners,FAMILY,Approved 649,Coates_K2_Road2_Retraction_Resolved_649_Thumbnails_001.zip,800,800,JPEG,81001,c3264b27bb335b533fde8dba540f9f8610edabfec9a8a0e44de8ebad81d283be
RATCHETRINGSPANNER58X1116,RATCHETRINGSPANNER58X1116.jpg,"Ratchet Ring Spanner  5/8"" x 11/16""",Spanner - ratchet ring | Imperial,Spanners,FAMILY,Approved 649,Coates_K2_Road2_Retraction_Resolved_649_Thumbnails_001.zip,800,800,JPEG,81001,c3264b27bb335b533fde8dba540f9f8610edabfec9a8a0e44de8ebad81d283be
6MM8MMRATCHETRINGSPANNER,6MM8MMRATCHETRINGSPANNER.jpg,Ratchet Ring Spanner  6MM x 8MM,Spanner - ratchet ring | Metric,Spanners,FAMILY,Approved 649,Coates_K2_Road2_Retraction_Resolved_649_Thumbnails_001.zip,800,800,JPEG,81001,c3264b27bb335b533fde8dba540f9f8610edabfec9a8a0e44de8ebad81d283be
RATCHETRINGSPANNER6MMX8MM,RATCHETRINGSPANNER6MMX8MM.jpg,Ratchet Ring Spanner  6MM x 8MM,Spanner - ratchet ring | Metric,Spanners,FAMILY,Approved 649,Coates_K2_Road2_Retraction_Resolved_649_Thumbnails_001.zip,800,800,JPEG,81001,c3264b27bb335b533fde8dba540f9f8610edabfec9a8a0e44de8ebad81d283be
34MMSPANNER,34MMSPANNER.jpg,SPANNER 34MM,Spanner - other | Metric,Spanners,FAMILY,Approved 649,Coates_K2_Road2_Retraction_Resolved_649_Thumbnails_001.zip,800,800,JPEG,78438,c4ff0a7051801c69bba9ce27aaf72a5c0474790a55e849329421b02808544732
SPANNER34MM,SPANNER34MM.jpg,SPANNER 34MM,Spanner - other | Metric,Spanners,FAMILY,Approved 649,Coates_K2_Road2_Retraction_Resolved_649_Thumbnails_002.zip,800,800,JPEG,78438,c4ff0a7051801c69bba9ce27aaf72a5c0474790a55e849329421b02808544732
621MMMETRICRATCHETINGRINGSPANNERSET5PIEC,621MMMETRICRATCHETINGRINGSPANNERSET5PIEC.jpg,SPANNER SET RING 5PC MET RATCHETING 6-21MM,Spanner set | Ring | Metric,Spanners,FAMILY,Approved 649,Coates_K2_Road2_Retraction_Resolved_649_Thumbnails_001.zip,800,800,JPEG,79271,0ffa7872b893e0f58a2179c558e6354d7794a9ba3b9bf628ea9c2980326fa4f4
SPANNERSETRING5PCMETRATCHETING621MM,SPANNERSETRING5PCMETRATCHETING621MM.jpg,SPANNER SET RING 5PC MET RATCHETING 6-21MM,Spanner set | Ring | Metric,Spanners,FAMILY,Approved 649,Coates_K2_Road2_Retraction_Resolved_649_Thumbnails_003.zip,800,800,JPEG,79271,0ffa7872b893e0f58a2179c558e6354d7794a9ba3b9bf628ea9c2980326fa4f4
1478SAERATCHETINGRINGSPANNERSET5PIECE,1478SAERATCHETINGRINGSPANNERSET5PIECE.jpg,"SPANNER SET RING 5PC SAE RATCHETIN 1/4-7/8""",Spanner set | Ring | Imperial,Spanners,FAMILY,Approved 649,Coates_K2_Road2_Retraction_Resolved_649_Thumbnails_001.zip,800,800,JPEG,79271,0ffa7872b893e0f58a2179c558e6354d7794a9ba3b9bf628ea9c2980326fa4f4
SPANNERSETRING5PCSAERATCHETIN1478,SPANNERSETRING5PCSAERATCHETIN1478.jpg,"SPANNER SET RING 5PC SAE RATCHETIN 1/4-7/8""",Spanner set | Ring | Imperial,Spanners,FAMILY,Approved 649,Coates_K2_Road2_Retraction_Resolved_649_Thumbnails_003.zip,800,800,JPEG,79271,0ffa7872b893e0f58a2179c558e6354d7794a9ba3b9bf628ea9c2980326fa4f4
1516FLOGGINGSPANNER,1516FLOGGINGSPANNER.jpg,"SPANNER SLOGGING 15/16"" TYPHOON",Spanner - flogging | Imperial,Spanners,FAMILY,Approved 649,Coates_K2_Road2_Retraction_Resolved_649_Thumbnails_001.zip,800,800,JPEG,80883,9546f4570f70e6117808a68ab826be6727f84a98001fef232deb1aede0141983
SPANNERSLOGGING1516TYPHOON,SPANNERSLOGGING1516TYPHOON.jpg,"SPANNER SLOGGING 15/16"" TYPHOON",Spanner - flogging | Imperial,Spanners,FAMILY,Approved 649,Coates_K2_Road2_Retraction_Resolved_649_Thumbnails_003.zip,800,800,JPEG,80883,9546f4570f70e6117808a68ab826be6727f84a98001fef232deb1aede0141983
40MMFLOGGINGSPANNER,40MMFLOGGINGSPANNER.jpg,SPANNER SLOGGING 40MM TYPHOON,Spanner - flogging | Metric,Spanners,FAMILY,Approved 649,Coates_K2_Road2_Retraction_Resolved_649_Thumbnails_001.zip,800,800,JPEG,80883,9546f4570f70e6117808a68ab826be6727f84a98001fef232deb1aede0141983
SPANNERSLOGGING40MMTYPHOON,SPANNERSLOGGING40MMTYPHOON.jpg,SPANNER SLOGGING 40MM TYPHOON,Spanner - flogging | Metric,Spanners,FAMILY,Approved 649,Coates_K2_Road2_Retraction_Resolved_649_Thumbnails_003.zip,800,800,JPEG,80883,9546f4570f70e6117808a68ab826be6727f84a98001fef232deb1aede0141983
49MMFLOGGINGSPANNER,49MMFLOGGINGSPANNER.jpg,SPANNER SLOGGING 49MM ULTIMATE,Spanner - flogging | Metric,Spanners,FAMILY,Approved 649,Coates_K2_Road2_Retraction_Resolved_649_Thumbnails_001.zip,800,800,JPEG,80883,9546f4570f70e6117808a68ab826be6727f84a98001fef232deb1aede0141983
SPANNERSLOGGING49MMULTIMATE,SPANNERSLOGGING49MMULTIMATE.jpg,SPANNER SLOGGING 49MM ULTIMATE,Spanner - flogging | Metric,Spanners,FAMILY,Approved 649,Coates_K2_Road2_Retraction_Resolved_649_Thumbnails_003.zip,800,800,JPEG,80883,9546f4570f70e6117808a68ab826be6727f84a98001fef232deb1aede0141983
58MMFLATFLOGGINGSPANNER,58MMFLATFLOGGINGSPANNER.jpg,SPANNER SLOGGING FLAT RING METRIC 58MM ITM,Spanner - flogging | Flat | Metric,Spanners,FAMILY,Approved 649,Coates_K2_Road2_Retraction_Resolved_649_Thumbnails_001.zip,800,800,JPEG,80883,9546f4570f70e6117808a68ab826be6727f84a98001fef232deb1aede0141983
SPANNERSLOGGINGFLATRINGMETRIC58MMITM,SPANNERSLOGGINGFLATRINGMETRIC58MMITM.jpg,SPANNER SLOGGING FLAT RING METRIC 58MM ITM,Spanner - flogging | Flat | Metric,Spanners,FAMILY,Approved 649,Coates_K2_Road2_Retraction_Resolved_649_Thumbnails_003.zip,800,800,JPEG,80883,9546f4570f70e6117808a68ab826be6727f84a98001fef232deb1aede0141983
1316FLATFLOGGINGSPANNER,1316FLATFLOGGINGSPANNER.jpg,"SPANNER SLOGGING RING 13/16"" FLAT ACTION",Spanner - flogging | Flat | Imperial,Spanners,FAMILY,Approved 649,Coates_K2_Road2_Retraction_Resolved_649_Thumbnails_001.zip,800,800,JPEG,80883,9546f4570f70e6117808a68ab826be6727f84a98001fef232deb1aede0141983
SPANNERSLOGGINGRING1316FLATACTION,SPANNERSLOGGINGRING1316FLATACTION.jpg,"SPANNER SLOGGING RING 13/16"" FLAT ACTION",Spanner - flogging | Flat | Imperial,Spanners,FAMILY,Approved 649,Coates_K2_Road2_Retraction_Resolved_649_Thumbnails_003.zip,800,800,JPEG,80883,9546f4570f70e6117808a68ab826be6727f84a98001fef232deb1aede0141983
SPANNERCOMBO10MM,SPANNERCOMBO10MM.jpg,Spanner - Combo (10mm),Spanner - combination | Metric,Spanners,FAMILY,Approved 649,Coates_K2_Road2_Retraction_Resolved_649_Thumbnails_003.zip,800,800,JPEG,77657,5d86cbd25c64102057f3c31a334883cdc4057a6b10a89638129debe142d88342
SPANNERCOMBO-13MM,SPANNERCOMBO-13MM.jpg,Spanner - Combo (13mm),Spanner - combination | Metric,Spanners,FAMILY,Approved 649,Coates_K2_Road2_Retraction_Resolved_649_Thumbnails_003.zip,800,800,JPEG,77657,5d86cbd25c64102057f3c31a334883cdc4057a6b10a89638129debe142d88342
SPANNERCOMBO20MM,SPANNERCOMBO20MM.jpg,Spanner - Combo (20mm),Spanner - combination | Metric,Spanners,FAMILY,Approved 649,Coates_K2_Road2_Retraction_Resolved_649_Thumbnails_003.zip,800,800,JPEG,77657,5d86cbd25c64102057f3c31a334883cdc4057a6b10a89638129debe142d88342
SPANNERCOMBO-25MM,SPANNERCOMBO-25MM.jpg,Spanner - Combo (25mm),Spanner - combination | Metric,Spanners,FAMILY,Approved 649,Coates_K2_Road2_Retraction_Resolved_649_Thumbnails_003.zip,800,800,JPEG,77657,5d86cbd25c64102057f3c31a334883cdc4057a6b10a89638129debe142d88342
SPANNERCOMBO-27MM,SPANNERCOMBO-27MM.jpg,Spanner - Combo (27mm),Spanner - combination | Metric,Spanners,FAMILY,Approved 649,Coates_K2_Road2_Retraction_Resolved_649_Thumbnails_003.zip,800,800,JPEG,77657,5d86cbd25c64102057f3c31a334883cdc4057a6b10a89638129debe142d88342
SPANNERCOMBO-29MM,SPANNERCOMBO-29MM.jpg,Spanner - Combo (29mm),Spanner - combination | Metric,Spanners,FAMILY,Approved 649,Coates_K2_Road2_Retraction_Resolved_649_Thumbnails_003.zip,800,800,JPEG,77657,5d86cbd25c64102057f3c31a334883cdc4057a6b10a89638129debe142d88342
SPANNERCOMBO30MM,SPANNERCOMBO30MM.jpg,Spanner - Combo (30mm),Spanner - combination | Metric,Spanners,FAMILY,Approved 649,Coates_K2_Road2_Retraction_Resolved_649_Thumbnails_003.zip,800,800,JPEG,77657,5d86cbd25c64102057f3c31a334883cdc4057a6b10a89638129debe142d88342
SPANNERCOMBO-32MM,SPANNERCOMBO-32MM.jpg,Spanner - Combo (32mm),Spanner - combination | Metric,Spanners,FAMILY,Approved 649,Coates_K2_Road2_Retraction_Resolved_649_Thumbnails_003.zip,800,800,JPEG,77657,5d86cbd25c64102057f3c31a334883cdc4057a6b10a89638129debe142d88342
SPANNERCOMBO-36MM,SPANNERCOMBO-36MM.jpg,Spanner - Combo (36mm),Spanner - combination | Metric,Spanners,FAMILY,Approved 649,Coates_K2_Road2_Retraction_Resolved_649_Thumbnails_003.zip,800,800,JPEG,77657,5d86cbd25c64102057f3c31a334883cdc4057a6b10a89638129debe142d88342
SPANNERCOMBO-38MM,SPANNERCOMBO-38MM.jpg,Spanner - Combo (38mm),Spanner - combination | Metric,Spanners,FAMILY,Approved 649,Coates_K2_Road2_Retraction_Resolved_649_Thumbnails_003.zip,800,800,JPEG,77657,5d86cbd25c64102057f3c31a334883cdc4057a6b10a89638129debe142d88342
SPANNERCOMBO-41MM,SPANNERCOMBO-41MM.jpg,Spanner - Combo (41mm),Spanner - combination | Metric,Spanners,FAMILY,Approved 649,Coates_K2_Road2_Retraction_Resolved_649_Thumbnails_003.zip,800,800,JPEG,77657,5d86cbd25c64102057f3c31a334883cdc4057a6b10a89638129debe142d88342
SPANNERCOMBO-46MM,SPANNERCOMBO-46MM.jpg,Spanner - Combo (46mm),Spanner - combination | Metric,Spanners,FAMILY,Approved 649,Coates_K2_Road2_Retraction_Resolved_649_Thumbnails_003.zip,800,800,JPEG,77657,5d86cbd25c64102057f3c31a334883cdc4057a6b10a89638129debe142d88342
SPANNERCOMBO-48MM,SPANNERCOMBO-48MM.jpg,Spanner - Combo (48mm),Spanner - combination | Metric,Spanners,FAMILY,Approved 649,Coates_K2_Road2_Retraction_Resolved_649_Thumbnails_003.zip,800,800,JPEG,77657,5d86cbd25c64102057f3c31a334883cdc4057a6b10a89638129debe142d88342
SPANNERCOMBO-55MM,SPANNERCOMBO-55MM.jpg,Spanner - Combo (55mm),Spanner - combination | Metric,Spanners,FAMILY,Approved 649,Coates_K2_Road2_Retraction_Resolved_649_Thumbnails_003.zip,800,800,JPEG,77657,5d86cbd25c64102057f3c31a334883cdc4057a6b10a89638129debe142d88342
SPANNERCOMBO60MM,SPANNERCOMBO60MM.jpg,Spanner - Combo (60mm),Spanner - combination | Metric,Spanners,FAMILY,Approved 649,Coates_K2_Road2_Retraction_Resolved_649_Thumbnails_003.zip,800,800,JPEG,77657,5d86cbd25c64102057f3c31a334883cdc4057a6b10a89638129debe142d88342
SPANNERCOMBO-65MM,SPANNERCOMBO-65MM.jpg,Spanner - Combo (65mm),Spanner - combination | Metric,Spanners,FAMILY,Approved 649,Coates_K2_Road2_Retraction_Resolved_649_Thumbnails_003.zip,800,800,JPEG,77657,5d86cbd25c64102057f3c31a334883cdc4057a6b10a89638129debe142d88342
SPANNERCOMBO-6MM,SPANNERCOMBO-6MM.jpg,Spanner - Combo (6mm),Spanner - combination | Metric,Spanners,FAMILY,Approved 649,Coates_K2_Road2_Retraction_Resolved_649_Thumbnails_003.zip,800,800,JPEG,77657,5d86cbd25c64102057f3c31a334883cdc4057a6b10a89638129debe142d88342
SPANNERCOMBO70MM,SPANNERCOMBO70MM.jpg,Spanner - Combo (70mm),Spanner - combination | Metric,Spanners,FAMILY,Approved 649,Coates_K2_Road2_Retraction_Resolved_649_Thumbnails_003.zip,800,800,JPEG,77657,5d86cbd25c64102057f3c31a334883cdc4057a6b10a89638129debe142d88342
SPANNERCOMBO-75MM,SPANNERCOMBO-75MM.jpg,Spanner - Combo (75mm),Spanner - combination | Metric,Spanners,FAMILY,Approved 649,Coates_K2_Road2_Retraction_Resolved_649_Thumbnails_003.zip,800,800,JPEG,77657,5d86cbd25c64102057f3c31a334883cdc4057a6b10a89638129debe142d88342
SPANNERCOMBO-7MM,SPANNERCOMBO-7MM.jpg,Spanner - Combo (7mm),Spanner - combination | Metric,Spanners,FAMILY,Approved 649,Coates_K2_Road2_Retraction_Resolved_649_Thumbnails_003.zip,800,800,JPEG,77657,5d86cbd25c64102057f3c31a334883cdc4057a6b10a89638129debe142d88342
SPANNERCOMBO80MM,SPANNERCOMBO80MM.jpg,Spanner - Combo (80mm),Spanner - combination | Metric,Spanners,FAMILY,Approved 649,Coates_K2_Road2_Retraction_Resolved_649_Thumbnails_003.zip,800,800,JPEG,77657,5d86cbd25c64102057f3c31a334883cdc4057a6b10a89638129debe142d88342
SPANNERCOMBO-9MM,SPANNERCOMBO-9MM.jpg,Spanner - Combo (9mm),Spanner - combination | Metric,Spanners,FAMILY,Approved 649,Coates_K2_Road2_Retraction_Resolved_649_Thumbnails_003.zip,800,800,JPEG,77657,5d86cbd25c64102057f3c31a334883cdc4057a6b10a89638129debe142d88342
SPANNERCOMBO50MM,SPANNERCOMBO50MM.jpg,Spanner - Combo - 50mm,Spanner - combination | Metric,Spanners,FAMILY,Approved 649,Coates_K2_Road2_Retraction_Resolved_649_Thumbnails_003.zip,800,800,JPEG,77657,5d86cbd25c64102057f3c31a334883cdc4057a6b10a89638129debe142d88342
SPANNERCOMBOFL2-15/16,SPANNERCOMBOFL2-15_16.jpg,Spanner - Combo - Flat - 2 15/16inch,Spanner - combination | Flat | Imperial,Spanners,FAMILY,Approved 649,Coates_K2_Road2_Retraction_Resolved_649_Thumbnails_003.zip,800,800,JPEG,77657,5d86cbd25c64102057f3c31a334883cdc4057a6b10a89638129debe142d88342
SPANNERCOM2-3/4,SPANNERCOM2-3_4.jpg,Spanner - Combo - Flat - 2-3/4,Spanner - combination | Flat | Imperial,Spanners,FAMILY,Approved 649,Coates_K2_Road2_Retraction_Resolved_649_Thumbnails_003.zip,800,800,JPEG,77657,5d86cbd25c64102057f3c31a334883cdc4057a6b10a89638129debe142d88342
SPANNERCOM5/8,SPANNERCOM5_8.jpg,Spanner - Combo - Flat - 5/8,Spanner - combination | Flat | Imperial,Spanners,FAMILY,Approved 649,Coates_K2_Road2_Retraction_Resolved_649_Thumbnails_003.zip,800,800,JPEG,77657,5d86cbd25c64102057f3c31a334883cdc4057a6b10a89638129debe142d88342
SPANNERCOM1,SPANNERCOM1.jpg,Spanner - Combo 1,Spanner - combination,Spanners,FAMILY,Approved 649,Coates_K2_Road2_Retraction_Resolved_649_Thumbnails_002.zip,800,800,JPEG,77657,5d86cbd25c64102057f3c31a334883cdc4057a6b10a89638129debe142d88342
SPANNERCOM1-1/16,SPANNERCOM1-1_16.jpg,Spanner - Combo 1 - 1/16,Spanner - combination | Imperial,Spanners,FAMILY,Approved 649,Coates_K2_Road2_Retraction_Resolved_649_Thumbnails_002.zip,800,800,JPEG,77657,5d86cbd25c64102057f3c31a334883cdc4057a6b10a89638129debe142d88342
SPANNERCOM1-1/2,SPANNERCOM1-1_2.jpg,Spanner - Combo 1 - 1/2,Spanner - combination | Imperial,Spanners,FAMILY,Approved 649,Coates_K2_Road2_Retraction_Resolved_649_Thumbnails_002.zip,800,800,JPEG,77657,5d86cbd25c64102057f3c31a334883cdc4057a6b10a89638129debe142d88342
SPANNERCOM1-1/4,SPANNERCOM1-1_4.jpg,Spanner - Combo 1 - 1/4,Spanner - combination | Imperial,Spanners,FAMILY,Approved 649,Coates_K2_Road2_Retraction_Resolved_649_Thumbnails_002.zip,800,800,JPEG,77657,5d86cbd25c64102057f3c31a334883cdc4057a6b10a89638129debe142d88342
SPANNERCOM1-1/8,SPANNERCOM1-1_8.jpg,Spanner - Combo 1 - 1/8,Spanner - combination | Imperial,Spanners,FAMILY,Approved 649,Coates_K2_Road2_Retraction_Resolved_649_Thumbnails_002.zip,800,800,JPEG,77657,5d86cbd25c64102057f3c31a334883cdc4057a6b10a89638129debe142d88342
SPANNERCOM1-11/16,SPANNERCOM1-11_16.jpg,Spanner - Combo 1 - 11/16,Spanner - combination | Imperial,Spanners,FAMILY,Approved 649,Coates_K2_Road2_Retraction_Resolved_649_Thumbnails_002.zip,800,800,JPEG,77657,5d86cbd25c64102057f3c31a334883cdc4057a6b10a89638129debe142d88342
SPANNERCOM1-13/16,SPANNERCOM1-13_16.jpg,Spanner - Combo 1 - 13/16,Spanner - combination | Imperial,Spanners,FAMILY,Approved 649,Coates_K2_Road2_Retraction_Resolved_649_Thumbnails_002.zip,800,800,JPEG,77657,5d86cbd25c64102057f3c31a334883cdc4057a6b10a89638129debe142d88342
SPANNERCOM1-15/16,SPANNERCOM1-15_16.jpg,Spanner - Combo 1 - 15/16,Spanner - combination | Imperial,Spanners,FAMILY,Approved 649,Coates_K2_Road2_Retraction_Resolved_649_Thumbnails_002.zip,800,800,JPEG,77657,5d86cbd25c64102057f3c31a334883cdc4057a6b10a89638129debe142d88342
SPANNERCOM1-3/16,SPANNERCOM1-3_16.jpg,Spanner - Combo 1 - 3/16,Spanner - combination | Imperial,Spanners,FAMILY,Approved 649,Coates_K2_Road2_Retraction_Resolved_649_Thumbnails_002.zip,800,800,JPEG,77657,5d86cbd25c64102057f3c31a334883cdc4057a6b10a89638129debe142d88342
SPANNERCOM1-3/4,SPANNERCOM1-3_4.jpg,Spanner - Combo 1 - 3/4,Spanner - combination | Imperial,Spanners,FAMILY,Approved 649,Coates_K2_Road2_Retraction_Resolved_649_Thumbnails_002.zip,800,800,JPEG,77657,5d86cbd25c64102057f3c31a334883cdc4057a6b10a89638129debe142d88342
SPANNERCOM1-3/8,SPANNERCOM1-3_8.jpg,Spanner - Combo 1 - 3/8,Spanner - combination | Imperial,Spanners,FAMILY,Approved 649,Coates_K2_Road2_Retraction_Resolved_649_Thumbnails_002.zip,800,800,JPEG,77657,5d86cbd25c64102057f3c31a334883cdc4057a6b10a89638129debe142d88342
SPANNERCOM1-5/16,SPANNERCOM1-5_16.jpg,Spanner - Combo 1 - 5/16,Spanner - combination | Imperial,Spanners,FAMILY,Approved 649,Coates_K2_Road2_Retraction_Resolved_649_Thumbnails_002.zip,800,800,JPEG,77657,5d86cbd25c64102057f3c31a334883cdc4057a6b10a89638129debe142d88342
SPANNERCOM1-5/8,SPANNERCOM1-5_8.jpg,Spanner - Combo 1 - 5/8,Spanner - combination | Imperial,Spanners,FAMILY,Approved 649,Coates_K2_Road2_Retraction_Resolved_649_Thumbnails_002.zip,800,800,JPEG,77657,5d86cbd25c64102057f3c31a334883cdc4057a6b10a89638129debe142d88342
SPANNERCOM1-7/16,SPANNERCOM1-7_16.jpg,Spanner - Combo 1 - 7/16,Spanner - combination | Imperial,Spanners,FAMILY,Approved 649,Coates_K2_Road2_Retraction_Resolved_649_Thumbnails_002.zip,800,800,JPEG,77657,5d86cbd25c64102057f3c31a334883cdc4057a6b10a89638129debe142d88342
SPANNERCOM1-7/8,SPANNERCOM1-7_8.jpg,Spanner - Combo 1 - 7/8,Spanner - combination | Imperial,Spanners,FAMILY,Approved 649,Coates_K2_Road2_Retraction_Resolved_649_Thumbnails_002.zip,800,800,JPEG,77657,5d86cbd25c64102057f3c31a334883cdc4057a6b10a89638129debe142d88342
SPANNERCOM1/2,SPANNERCOM1_2.jpg,Spanner - Combo 1/2,Spanner - combination | Imperial,Spanners,FAMILY,Approved 649,Coates_K2_Road2_Retraction_Resolved_649_Thumbnails_002.zip,800,800,JPEG,77657,5d86cbd25c64102057f3c31a334883cdc4057a6b10a89638129debe142d88342
SPANNERCOM1/4,SPANNERCOM1_4.jpg,Spanner - Combo 1/4,Spanner - combination | Imperial,Spanners,FAMILY,Approved 649,Coates_K2_Road2_Retraction_Resolved_649_Thumbnails_002.zip,800,800,JPEG,77657,5d86cbd25c64102057f3c31a334883cdc4057a6b10a89638129debe142d88342
SPANNERCOM11/16,SPANNERCOM11_16.jpg,Spanner - Combo 11/16,Spanner - combination | Imperial,Spanners,FAMILY,Approved 649,Coates_K2_Road2_Retraction_Resolved_649_Thumbnails_002.zip,800,800,JPEG,77657,5d86cbd25c64102057f3c31a334883cdc4057a6b10a89638129debe142d88342
SPANNERCOMBO11MM,SPANNERCOMBO11MM.jpg,Spanner - Combo 11mm,Spanner - combination | Metric,Spanners,FAMILY,Approved 649,Coates_K2_Road2_Retraction_Resolved_649_Thumbnails_003.zip,800,800,JPEG,77657,5d86cbd25c64102057f3c31a334883cdc4057a6b10a89638129debe142d88342
SPANNERCOMBO-12MM,SPANNERCOMBO-12MM.jpg,Spanner - Combo 12mm,Spanner - combination | Metric,Spanners,FAMILY,Approved 649,Coates_K2_Road2_Retraction_Resolved_649_Thumbnails_003.zip,800,800,JPEG,77657,5d86cbd25c64102057f3c31a334883cdc4057a6b10a89638129debe142d88342
SPANNERCOM13/16,SPANNERCOM13_16.jpg,Spanner - Combo 13/16,Spanner - combination | Imperial,Spanners,FAMILY,Approved 649,Coates_K2_Road2_Retraction_Resolved_649_Thumbnails_002.zip,800,800,JPEG,77657,5d86cbd25c64102057f3c31a334883cdc4057a6b10a89638129debe142d88342
SPANNERCOMBO-14MM,SPANNERCOMBO-14MM.jpg,Spanner - Combo 14mm,Spanner - combination | Metric,Spanners,FAMILY,Approved 649,Coates_K2_Road2_Retraction_Resolved_649_Thumbnails_003.zip,800,800,JPEG,77657,5d86cbd25c64102057f3c31a334883cdc4057a6b10a89638129debe142d88342
SPANNERCOM15/16,SPANNERCOM15_16.jpg,Spanner - Combo 15/16,Spanner - combination | Imperial,Spanners,FAMILY,Approved 649,Coates_K2_Road2_Retraction_Resolved_649_Thumbnails_002.zip,800,800,JPEG,77657,5d86cbd25c64102057f3c31a334883cdc4057a6b10a89638129debe142d88342
SPANNERCOMBO-15MM,SPANNERCOMBO-15MM.jpg,Spanner - Combo 15mm,Spanner - combination | Metric,Spanners,FAMILY,Approved 649,Coates_K2_Road2_Retraction_Resolved_649_Thumbnails_003.zip,800,800,JPEG,77657,5d86cbd25c64102057f3c31a334883cdc4057a6b10a89638129debe142d88342
SPANNERCOMBO-16MM,SPANNERCOMBO-16MM.jpg,Spanner - Combo 16mm,Spanner - combination | Metric,Spanners,FAMILY,Approved 649,Coates_K2_Road2_Retraction_Resolved_649_Thumbnails_003.zip,800,800,JPEG,77657,5d86cbd25c64102057f3c31a334883cdc4057a6b10a89638129debe142d88342
SPANNERCOMBO-17MM,SPANNERCOMBO-17MM.jpg,Spanner - Combo 17mm,Spanner - combination | Metric,Spanners,FAMILY,Approved 649,Coates_K2_Road2_Retraction_Resolved_649_Thumbnails_003.zip,800,800,JPEG,77657,5d86cbd25c64102057f3c31a334883cdc4057a6b10a89638129debe142d88342
SPANNERCOMBO-18MM,SPANNERCOMBO-18MM.jpg,Spanner - Combo 18mm,Spanner - combination | Metric,Spanners,FAMILY,Approved 649,Coates_K2_Road2_Retraction_Resolved_649_Thumbnails_003.zip,800,800,JPEG,77657,5d86cbd25c64102057f3c31a334883cdc4057a6b10a89638129debe142d88342
SPANNERCOMBO-19MM,SPANNERCOMBO-19MM.jpg,Spanner - Combo 19mm,Spanner - combination | Metric,Spanners,FAMILY,Approved 649,Coates_K2_Road2_Retraction_Resolved_649_Thumbnails_003.zip,800,800,JPEG,77657,5d86cbd25c64102057f3c31a334883cdc4057a6b10a89638129debe142d88342
SPANNERCOM2,SPANNERCOM2.jpg,Spanner - Combo 2,Spanner - combination,Spanners,FAMILY,Approved 649,Coates_K2_Road2_Retraction_Resolved_649_Thumbnails_003.zip,800,800,JPEG,77657,5d86cbd25c64102057f3c31a334883cdc4057a6b10a89638129debe142d88342
SPANNERCOM2-1/16,SPANNERCOM2-1_16.jpg,Spanner - Combo 2 - 1/16,Spanner - combination | Imperial,Spanners,FAMILY,Approved 649,Coates_K2_Road2_Retraction_Resolved_649_Thumbnails_003.zip,800,800,JPEG,77657,5d86cbd25c64102057f3c31a334883cdc4057a6b10a89638129debe142d88342
SPANNERCOM2-1/2,SPANNERCOM2-1_2.jpg,Spanner - Combo 2 - 1/2,Spanner - combination | Imperial,Spanners,FAMILY,Approved 649,Coates_K2_Road2_Retraction_Resolved_649_Thumbnails_003.zip,800,800,JPEG,77657,5d86cbd25c64102057f3c31a334883cdc4057a6b10a89638129debe142d88342
SPANNERCOM2-1/4,SPANNERCOM2-1_4.jpg,Spanner - Combo 2 - 1/4,Spanner - combination | Imperial,Spanners,FAMILY,Approved 649,Coates_K2_Road2_Retraction_Resolved_649_Thumbnails_003.zip,800,800,JPEG,77657,5d86cbd25c64102057f3c31a334883cdc4057a6b10a89638129debe142d88342
SPANNERCOM2-1/8,SPANNERCOM2-1_8.jpg,Spanner - Combo 2 - 1/8,Spanner - combination | Imperial,Spanners,FAMILY,Approved 649,Coates_K2_Road2_Retraction_Resolved_649_Thumbnails_003.zip,800,800,JPEG,77657,5d86cbd25c64102057f3c31a334883cdc4057a6b10a89638129debe142d88342
SPANNERCOM2-13/16,SPANNERCOM2-13_16.jpg,Spanner - Combo 2 - 3/16,Spanner - combination | Imperial,Spanners,FAMILY,Approved 649,Coates_K2_Road2_Retraction_Resolved_649_Thumbnails_003.zip,800,800,JPEG,77657,5d86cbd25c64102057f3c31a334883cdc4057a6b10a89638129debe142d88342
SPANNERCOM2-3/8,SPANNERCOM2-3_8.jpg,Spanner - Combo 2 - 3/8,Spanner - combination | Imperial,Spanners,FAMILY,Approved 649,Coates_K2_Road2_Retraction_Resolved_649_Thumbnails_003.zip,800,800,JPEG,77657,5d86cbd25c64102057f3c31a334883cdc4057a6b10a89638129debe142d88342
SPANNERCOM2-5/16,SPANNERCOM2-5_16.jpg,Spanner - Combo 2 - 5/16,Spanner - combination | Imperial,Spanners,FAMILY,Approved 649,Coates_K2_Road2_Retraction_Resolved_649_Thumbnails_003.zip,800,800,JPEG,77657,5d86cbd25c64102057f3c31a334883cdc4057a6b10a89638129debe142d88342
SPANNERCOM2-7/16,SPANNERCOM2-7_16.jpg,Spanner - Combo 2 - 7/16,Spanner - combination | Imperial,Spanners,FAMILY,Approved 649,Coates_K2_Road2_Retraction_Resolved_649_Thumbnails_003.zip,800,800,JPEG,77657,5d86cbd25c64102057f3c31a334883cdc4057a6b10a89638129debe142d88342
SPANNERCOM2-9/16,SPANNERCOM2-9_16.jpg,Spanner - Combo 2-9/16,Spanner - combination | Imperial,Spanners,FAMILY,Approved 649,Coates_K2_Road2_Retraction_Resolved_649_Thumbnails_003.zip,800,800,JPEG,77657,5d86cbd25c64102057f3c31a334883cdc4057a6b10a89638129debe142d88342
SPANNERCOMBO-21MM,SPANNERCOMBO-21MM.jpg,Spanner - Combo 21mm,Spanner - combination | Metric,Spanners,FAMILY,Approved 649,Coates_K2_Road2_Retraction_Resolved_649_Thumbnails_003.zip,800,800,JPEG,77657,5d86cbd25c64102057f3c31a334883cdc4057a6b10a89638129debe142d88342
SPANNERCOMBO-22MM,SPANNERCOMBO-22MM.jpg,Spanner - Combo 22mm,Spanner - combination | Metric,Spanners,FAMILY,Approved 649,Coates_K2_Road2_Retraction_Resolved_649_Thumbnails_003.zip,800,800,JPEG,77657,5d86cbd25c64102057f3c31a334883cdc4057a6b10a89638129debe142d88342
SPANNERCOMBO-23MM,SPANNERCOMBO-23MM.jpg,Spanner - Combo 23mm,Spanner - combination | Metric,Spanners,FAMILY,Approved 649,Coates_K2_Road2_Retraction_Resolved_649_Thumbnails_003.zip,800,800,JPEG,77657,5d86cbd25c64102057f3c31a334883cdc4057a6b10a89638129debe142d88342
SPANNERCOMBO-24MM,SPANNERCOMBO-24MM.jpg,Spanner - Combo 24mm,Spanner - combination | Metric,Spanners,FAMILY,Approved 649,Coates_K2_Road2_Retraction_Resolved_649_Thumbnails_003.zip,800,800,JPEG,77657,5d86cbd25c64102057f3c31a334883cdc4057a6b10a89638129debe142d88342
SPANNERCOMBO-26MM,SPANNERCOMBO-26MM.jpg,Spanner - Combo 26mm,Spanner - combination | Metric,Spanners,FAMILY,Approved 649,Coates_K2_Road2_Retraction_Resolved_649_Thumbnails_003.zip,800,800,JPEG,77657,5d86cbd25c64102057f3c31a334883cdc4057a6b10a89638129debe142d88342
SPANNERCOMBO-28MM,SPANNERCOMBO-28MM.jpg,Spanner - Combo 28mm,Spanner - combination | Metric,Spanners,FAMILY,Approved 649,Coates_K2_Road2_Retraction_Resolved_649_Thumbnails_003.zip,800,800,JPEG,77657,5d86cbd25c64102057f3c31a334883cdc4057a6b10a89638129debe142d88342
SPANNERCOM3/4,SPANNERCOM3_4.jpg,Spanner - Combo 3/4,Spanner - combination | Imperial,Spanners,FAMILY,Approved 649,Coates_K2_Road2_Retraction_Resolved_649_Thumbnails_003.zip,800,800,JPEG,77657,5d86cbd25c64102057f3c31a334883cdc4057a6b10a89638129debe142d88342
SPANNERCOM3/8,SPANNERCOM3_8.jpg,Spanner - Combo 3/8,Spanner - combination | Imperial,Spanners,FAMILY,Approved 649,Coates_K2_Road2_Retraction_Resolved_649_Thumbnails_003.zip,800,800,JPEG,77657,5d86cbd25c64102057f3c31a334883cdc4057a6b10a89638129debe142d88342
SPANNERCOMBO-33MM,SPANNERCOMBO-33MM.jpg,Spanner - Combo 33mm,Spanner - combination | Metric,Spanners,FAMILY,Approved 649,Coates_K2_Road2_Retraction_Resolved_649_Thumbnails_003.zip,800,800,JPEG,77657,5d86cbd25c64102057f3c31a334883cdc4057a6b10a89638129debe142d88342
SPANNERCOM5/16,SPANNERCOM5_16.jpg,Spanner - Combo 5/16,Spanner - combination | Imperial,Spanners,FAMILY,Approved 649,Coates_K2_Road2_Retraction_Resolved_649_Thumbnails_003.zip,800,800,JPEG,77657,5d86cbd25c64102057f3c31a334883cdc4057a6b10a89638129debe142d88342
SPANNERCOM7/16,SPANNERCOM7_16.jpg,Spanner - Combo 7/16,Spanner - combination | Imperial,Spanners,FAMILY,Approved 649,Coates_K2_Road2_Retraction_Resolved_649_Thumbnails_003.zip,800,800,JPEG,77657,5d86cbd25c64102057f3c31a334883cdc4057a6b10a89638129debe142d88342
SPANNERCOM7/8,SPANNERCOM7_8.jpg,Spanner - Combo 7/8,Spanner - combination | Imperial,Spanners,FAMILY,Approved 649,Coates_K2_Road2_Retraction_Resolved_649_Thumbnails_003.zip,800,800,JPEG,77657,5d86cbd25c64102057f3c31a334883cdc4057a6b10a89638129debe142d88342
SPANNERCOMBO-8MM,SPANNERCOMBO-8MM.jpg,Spanner - Combo 8mm,Spanner - combination | Metric,Spanners,FAMILY,Approved 649,Coates_K2_Road2_Retraction_Resolved_649_Thumbnails_003.zip,800,800,JPEG,77657,5d86cbd25c64102057f3c31a334883cdc4057a6b10a89638129debe142d88342
SPANNERCOM9/16,SPANNERCOM9_16.jpg,Spanner - Combo 9/16,Spanner - combination | Imperial,Spanners,FAMILY,Approved 649,Coates_K2_Road2_Retraction_Resolved_649_Thumbnails_003.zip,800,800,JPEG,77657,5d86cbd25c64102057f3c31a334883cdc4057a6b10a89638129debe142d88342
SPANNERFLOG1-1/16,SPANNERFLOG1-1_16.jpg,Spanner - Flogging - 1 1/16inch,Spanner - flogging | Imperial,Spanners,FAMILY,Approved 649,Coates_K2_Road2_Retraction_Resolved_649_Thumbnails_003.zip,800,800,JPEG,80883,9546f4570f70e6117808a68ab826be6727f84a98001fef232deb1aede0141983
SPANNERFLOG1-1/2,SPANNERFLOG1-1_2.jpg,Spanner - Flogging - 1 1/2inch,Spanner - flogging | Imperial,Spanners,FAMILY,Approved 649,Coates_K2_Road2_Retraction_Resolved_649_Thumbnails_003.zip,800,800,JPEG,80883,9546f4570f70e6117808a68ab826be6727f84a98001fef232deb1aede0141983
SPANNERFLOG1-1/4,SPANNERFLOG1-1_4.jpg,Spanner - Flogging - 1 1/4inch,Spanner - flogging | Imperial,Spanners,FAMILY,Approved 649,Coates_K2_Road2_Retraction_Resolved_649_Thumbnails_003.zip,800,800,JPEG,80883,9546f4570f70e6117808a68ab826be6727f84a98001fef232deb1aede0141983
SPANNERFLOG1-11/16,SPANNERFLOG1-11_16.jpg,Spanner - Flogging - 1 11/16inch,Spanner - flogging | Imperial,Spanners,FAMILY,Approved 649,Coates_K2_Road2_Retraction_Resolved_649_Thumbnails_003.zip,800,800,JPEG,80883,9546f4570f70e6117808a68ab826be6727f84a98001fef232deb1aede0141983
SPANNERFLOG1-13/16,SPANNERFLOG1-13_16.jpg,Spanner - Flogging - 1 13/16inch,Spanner - flogging | Imperial,Spanners,FAMILY,Approved 649,Coates_K2_Road2_Retraction_Resolved_649_Thumbnails_003.zip,800,800,JPEG,80883,9546f4570f70e6117808a68ab826be6727f84a98001fef232deb1aede0141983
SPANNERFLOG1-3/16,SPANNERFLOG1-3_16.jpg,Spanner - Flogging - 1 3/16inch,Spanner - flogging | Imperial,Spanners,FAMILY,Approved 649,Coates_K2_Road2_Retraction_Resolved_649_Thumbnails_003.zip,800,800,JPEG,80883,9546f4570f70e6117808a68ab826be6727f84a98001fef232deb1aede0141983
SPANNERFLOG1-3/4,SPANNERFLOG1-3_4.jpg,Spanner - Flogging - 1 3/4inch,Spanner - flogging | Imperial,Spanners,FAMILY,Approved 649,Coates_K2_Road2_Retraction_Resolved_649_Thumbnails_003.zip,800,800,JPEG,80883,9546f4570f70e6117808a68ab826be6727f84a98001fef232deb1aede0141983
SPANNERFLOG1-5/16,SPANNERFLOG1-5_16.jpg,Spanner - Flogging - 1 5/16inch,Spanner - flogging | Imperial,Spanners,FAMILY,Approved 649,Coates_K2_Road2_Retraction_Resolved_649_Thumbnails_003.zip,800,800,JPEG,80883,9546f4570f70e6117808a68ab826be6727f84a98001fef232deb1aede0141983
SPANNERFLOG1-5/8,SPANNERFLOG1-5_8.jpg,Spanner - Flogging - 1 5/8inch,Spanner - flogging | Imperial,Spanners,FAMILY,Approved 649,Coates_K2_Road2_Retraction_Resolved_649_Thumbnails_003.zip,800,800,JPEG,80883,9546f4570f70e6117808a68ab826be6727f84a98001fef232deb1aede0141983
SPANNERFLOG1-7/16,SPANNERFLOG1-7_16.jpg,Spanner - Flogging - 1 7/16inch,Spanner - flogging | Imperial,Spanners,FAMILY,Approved 649,Coates_K2_Road2_Retraction_Resolved_649_Thumbnails_003.zip,800,800,JPEG,80883,9546f4570f70e6117808a68ab826be6727f84a98001fef232deb1aede0141983
SPANNERFLOG1-7/8,SPANNERFLOG1-7_8.jpg,Spanner - Flogging - 1 7/8inch,Spanner - flogging | Imperial,Spanners,FAMILY,Approved 649,Coates_K2_Road2_Retraction_Resolved_649_Thumbnails_003.zip,800,800,JPEG,80883,9546f4570f70e6117808a68ab826be6727f84a98001fef232deb1aede0141983
SPANNERFLOG2-1/16,SPANNERFLOG2-1_16.jpg,Spanner - Flogging - 2 1/16inch,Spanner - flogging | Imperial,Spanners,FAMILY,Approved 649,Coates_K2_Road2_Retraction_Resolved_649_Thumbnails_003.zip,800,800,JPEG,80883,9546f4570f70e6117808a68ab826be6727f84a98001fef232deb1aede0141983
SPANNERFLOG2-3/16,SPANNERFLOG2-3_16.jpg,Spanner - Flogging - 2 3/16inch,Spanner - flogging | Imperial,Spanners,FAMILY,Approved 649,Coates_K2_Road2_Retraction_Resolved_649_Thumbnails_003.zip,800,800,JPEG,80883,9546f4570f70e6117808a68ab826be6727f84a98001fef232deb1aede0141983
SPANNERFLOGOF2-3/8,SPANNERFLOGOF2-3_8.jpg,Spanner - Flogging - 2 3/8inch,Spanner - flogging | Imperial,Spanners,FAMILY,Approved 649,Coates_K2_Road2_Retraction_Resolved_649_Thumbnails_003.zip,800,800,JPEG,80883,9546f4570f70e6117808a68ab826be6727f84a98001fef232deb1aede0141983
SPANNERFLOG22MM,SPANNERFLOG22MM.jpg,Spanner - Flogging - 22mm,Spanner - flogging | Metric,Spanners,FAMILY,Approved 649,Coates_K2_Road2_Retraction_Resolved_649_Thumbnails_003.zip,800,800,JPEG,80883,9546f4570f70e6117808a68ab826be6727f84a98001fef232deb1aede0141983
SPANNERFLOG24MM,SPANNERFLOG24MM.jpg,Spanner - Flogging - 24mm,Spanner - flogging | Metric,Spanners,FAMILY,Approved 649,Coates_K2_Road2_Retraction_Resolved_649_Thumbnails_003.zip,800,800,JPEG,80883,9546f4570f70e6117808a68ab826be6727f84a98001fef232deb1aede0141983
SPANNERFLOG27MM,SPANNERFLOG27MM.jpg,Spanner - Flogging - 27mm,Spanner - flogging | Metric,Spanners,FAMILY,Approved 649,Coates_K2_Road2_Retraction_Resolved_649_Thumbnails_003.zip,800,800,JPEG,80883,9546f4570f70e6117808a68ab826be6727f84a98001fef232deb1aede0141983
SPANNERFLOG30MM,SPANNERFLOG30MM.jpg,Spanner - Flogging - 30mm,Spanner - flogging | Metric,Spanners,FAMILY,Approved 649,Coates_K2_Road2_Retraction_Resolved_649_Thumbnails_003.zip,800,800,JPEG,80883,9546f4570f70e6117808a68ab826be6727f84a98001fef232deb1aede0141983
SPANNERFLOG32MM,SPANNERFLOG32MM.jpg,Spanner - Flogging - 32mm,Spanner - flogging | Metric,Spanners,FAMILY,Approved 649,Coates_K2_Road2_Retraction_Resolved_649_Thumbnails_003.zip,800,800,JPEG,80883,9546f4570f70e6117808a68ab826be6727f84a98001fef232deb1aede0141983
SPANNERFLOG36MM,SPANNERFLOG36MM.jpg,Spanner - Flogging - 36mm,Spanner - flogging | Metric,Spanners,FAMILY,Approved 649,Coates_K2_Road2_Retraction_Resolved_649_Thumbnails_003.zip,800,800,JPEG,80883,9546f4570f70e6117808a68ab826be6727f84a98001fef232deb1aede0141983
SPANNERFLOG41MM,SPANNERFLOG41MM.jpg,Spanner - Flogging - 41mm,Spanner - flogging | Metric,Spanners,FAMILY,Approved 649,Coates_K2_Road2_Retraction_Resolved_649_Thumbnails_003.zip,800,800,JPEG,80883,9546f4570f70e6117808a68ab826be6727f84a98001fef232deb1aede0141983
SPANNERFLOG46MM,SPANNERFLOG46MM.jpg,Spanner - Flogging - 46mm,Spanner - flogging | Metric,Spanners,FAMILY,Approved 649,Coates_K2_Road2_Retraction_Resolved_649_Thumbnails_003.zip,800,800,JPEG,80883,9546f4570f70e6117808a68ab826be6727f84a98001fef232deb1aede0141983
SPANNERFLOF48MM,SPANNERFLOF48MM.jpg,Spanner - Flogging - 48mm,Spanner - flogging | Metric,Spanners,FAMILY,Approved 649,Coates_K2_Road2_Retraction_Resolved_649_Thumbnails_003.zip,800,800,JPEG,80883,9546f4570f70e6117808a68ab826be6727f84a98001fef232deb1aede0141983
SPANNERFLOG50MM,SPANNERFLOG50MM.jpg,Spanner - Flogging - 50mm,Spanner - flogging | Metric,Spanners,FAMILY,Approved 649,Coates_K2_Road2_Retraction_Resolved_649_Thumbnails_003.zip,800,800,JPEG,80883,9546f4570f70e6117808a68ab826be6727f84a98001fef232deb1aede0141983
SPANNERFLOG55MM,SPANNERFLOG55MM.jpg,Spanner - Flogging - 55mm,Spanner - flogging | Metric,Spanners,FAMILY,Approved 649,Coates_K2_Road2_Retraction_Resolved_649_Thumbnails_003.zip,800,800,JPEG,80883,9546f4570f70e6117808a68ab826be6727f84a98001fef232deb1aede0141983
SPANNERFLOG65MM,SPANNERFLOG65MM.jpg,Spanner - Flogging - 65mm,Spanner - flogging | Metric,Spanners,FAMILY,Approved 649,Coates_K2_Road2_Retraction_Resolved_649_Thumbnails_003.zip,800,800,JPEG,80883,9546f4570f70e6117808a68ab826be6727f84a98001fef232deb1aede0141983
SPANNERFLOG80MM,SPANNERFLOG80MM.jpg,Spanner - Flogging - 80mm,Spanner - flogging | Metric,Spanners,FAMILY,Approved 649,Coates_K2_Road2_Retraction_Resolved_649_Thumbnails_003.zip,800,800,JPEG,80883,9546f4570f70e6117808a68ab826be6727f84a98001fef232deb1aede0141983
SPANNERFLOGFL1-3 /4,SPANNERFLOGFL1-3 _4.jpg,Spanner - Flogging - Flat - 1 3/4inch,Spanner - flogging | Flat | Imperial,Spanners,FAMILY,Approved 649,Coates_K2_Road2_Retraction_Resolved_649_Thumbnails_003.zip,800,800,JPEG,80883,9546f4570f70e6117808a68ab826be6727f84a98001fef232deb1aede0141983
SPANNERFLOGFL2-9/16,SPANNERFLOGFL2-9_16.jpg,Spanner - Flogging - Flat - 2 9/16inch,Spanner - flogging | Flat | Imperial,Spanners,FAMILY,Approved 649,Coates_K2_Road2_Retraction_Resolved_649_Thumbnails_003.zip,800,800,JPEG,80883,9546f4570f70e6117808a68ab826be6727f84a98001fef232deb1aede0141983
SPANNERFLOGFL75MM,SPANNERFLOGFL75MM.jpg,Spanner - Flogging - Flat - 75mm,Spanner - flogging | Flat | Metric,Spanners,FAMILY,Approved 649,Coates_K2_Road2_Retraction_Resolved_649_Thumbnails_003.zip,800,800,JPEG,80883,9546f4570f70e6117808a68ab826be6727f84a98001fef232deb1aede0141983
SPANNERFLOGOF1-1/8,SPANNERFLOGOF1-1_8.jpg,Spanner - Flogging - Offset - 1 1/8inch,Spanner - flogging | Offset | Imperial,Spanners,FAMILY,Approved 649,Coates_K2_Road2_Retraction_Resolved_649_Thumbnails_003.zip,800,800,JPEG,78993,c12ef5e729acfccc722a26b9c173d5d3aeed248171f8dbe9db0f6e7fde9818ca
SPANNERFLOGOF60MM,SPANNERFLOGOF60MM.jpg,Spanner - Flogging - Offset - 60mm,Spanner - flogging | Offset | Metric,Spanners,FAMILY,Approved 649,Coates_K2_Road2_Retraction_Resolved_649_Thumbnails_003.zip,800,800,JPEG,78993,c12ef5e729acfccc722a26b9c173d5d3aeed248171f8dbe9db0f6e7fde9818ca
SPANNERFLOGOF70MM,SPANNERFLOGOF70MM.jpg,Spanner - Flogging - Offset - 70mm,Spanner - flogging | Offset | Metric,Spanners,FAMILY,Approved 649,Coates_K2_Road2_Retraction_Resolved_649_Thumbnails_003.zip,800,800,JPEG,78993,c12ef5e729acfccc722a26b9c173d5d3aeed248171f8dbe9db0f6e7fde9818ca
SPANNERFLOG1-3/8,SPANNERFLOG1-3_8.jpg,Spanner - Flogging - Offset 1 3/8in,Spanner - flogging | Offset | Imperial,Spanners,FAMILY,Approved 649,Coates_K2_Road2_Retraction_Resolved_649_Thumbnails_003.zip,800,800,JPEG,78993,c12ef5e729acfccc722a26b9c173d5d3aeed248171f8dbe9db0f6e7fde9818ca
SPANNERFLOGOF1-9/16,SPANNERFLOGOF1-9_16.jpg,Spanner - Flogging - Offset 1 9/16in,Spanner - flogging | Offset | Imperial,Spanners,FAMILY,Approved 649,Coates_K2_Road2_Retraction_Resolved_649_Thumbnails_003.zip,800,800,JPEG,78993,c12ef5e729acfccc722a26b9c173d5d3aeed248171f8dbe9db0f6e7fde9818ca
SPANNERFLOGOF2-15/16,SPANNERFLOGOF2-15_16.jpg,Spanner - Flogging - Offset 2 15/16in,Spanner - flogging | Offset | Imperial,Spanners,FAMILY,Approved 649,Coates_K2_Road2_Retraction_Resolved_649_Thumbnails_003.zip,800,800,JPEG,78993,c12ef5e729acfccc722a26b9c173d5d3aeed248171f8dbe9db0f6e7fde9818ca
SPANNERFLOG1-15/16,SPANNERFLOG1-15_16.jpg,Spanner - Flogging 1 5/16in,Spanner - flogging | Imperial,Spanners,FAMILY,Approved 649,Coates_K2_Road2_Retraction_Resolved_649_Thumbnails_003.zip,800,800,JPEG,80883,9546f4570f70e6117808a68ab826be6727f84a98001fef232deb1aede0141983
SPANNERFLOG3/4,SPANNERFLOG3_4.jpg,Spanner - Flogging 3/4in,Spanner - flogging | Imperial,Spanners,FAMILY,Approved 649,Coates_K2_Road2_Retraction_Resolved_649_Thumbnails_003.zip,800,800,JPEG,80883,9546f4570f70e6117808a68ab826be6727f84a98001fef232deb1aede0141983
SPANNERFLOG7/8,SPANNERFLOG7_8.jpg,Spanner - Flogging 7/8in,Spanner - flogging | Imperial,Spanners,FAMILY,Approved 649,Coates_K2_Road2_Retraction_Resolved_649_Thumbnails_003.zip,800,800,JPEG,80883,9546f4570f70e6117808a68ab826be6727f84a98001fef232deb1aede0141983
SPANNEROPENEND75MM,SPANNEROPENEND75MM.jpg,Spanner - Open - End 75mm,Spanner - open end | Metric,Spanners,FAMILY,Approved 649,Coates_K2_Road2_Retraction_Resolved_649_Thumbnails_003.zip,800,800,JPEG,78438,c4ff0a7051801c69bba9ce27aaf72a5c0474790a55e849329421b02808544732
SPANNERO/E70MM,SPANNERO_E70MM.jpg,Spanner - Open Ended - 70mm,Spanner - open end | Metric,Spanners,FAMILY,Approved 649,Coates_K2_Road2_Retraction_Resolved_649_Thumbnails_003.zip,800,800,JPEG,78438,c4ff0a7051801c69bba9ce27aaf72a5c0474790a55e849329421b02808544732
SPANNERPODGERO/E1-7/16,SPANNERPODGERO_E1-7_16.jpg,Spanner - Podger - Open End - 1 7/16inch,Spanner - podger | Open end | Imperial,Spanners,FAMILY,Approved 649,Coates_K2_Road2_Retraction_Resolved_649_Thumbnails_003.zip,800,800,JPEG,79180,b534f8c456abe08edd6ebe0fecf8b2b9ea77054ac0f7920e1d8c347c60a2a56b
SPANNERPODGERRAT24MM27MM,SPANNERPODGERRAT24MM27MM.jpg,Spanner - Podger - Ratchet - 24mm / 27mm,Spanner - podger | Ratchet | Metric,Spanners,FAMILY,Approved 649,Coates_K2_Road2_Retraction_Resolved_649_Thumbnails_003.zip,800,800,JPEG,77919,c71630b4114add5cdd5dd1f2780d0c7948d769f2de7c1796732477be435b8cfc
SPANNERPODGERRAT27MM32MM,SPANNERPODGERRAT27MM32MM.jpg,Spanner - Podger - Ratchet - 27mm / 32mm,Spanner - podger | Ratchet | Metric,Spanners,FAMILY,Approved 649,Coates_K2_Road2_Retraction_Resolved_649_Thumbnails_003.zip,800,800,JPEG,77919,c71630b4114add5cdd5dd1f2780d0c7948d769f2de7c1796732477be435b8cfc
SPANNERPODGERRAT32MM36MM,SPANNERPODGERRAT32MM36MM.jpg,Spanner - Podger - Ratchet - 32mm / 36mm,Spanner - podger | Ratchet | Metric,Spanners,FAMILY,Approved 649,Coates_K2_Road2_Retraction_Resolved_649_Thumbnails_003.zip,800,800,JPEG,77919,c71630b4114add5cdd5dd1f2780d0c7948d769f2de7c1796732477be435b8cfc
SPANNERPODGERRAT36MM41MM,SPANNERPODGERRAT36MM41MM.jpg,Spanner - Podger - Ratchet - 36mm / 41mm,Spanner - podger | Ratchet | Metric,Spanners,FAMILY,Approved 649,Coates_K2_Road2_Retraction_Resolved_649_Thumbnails_003.zip,800,800,JPEG,77919,c71630b4114add5cdd5dd1f2780d0c7948d769f2de7c1796732477be435b8cfc
SPANNERPODGERO/E1-1/8,SPANNERPODGERO_E1-1_8.jpg,Spanner - Podger Open End 1 - 1/8in,Spanner - podger | Open end | Imperial,Spanners,FAMILY,Approved 649,Coates_K2_Road2_Retraction_Resolved_649_Thumbnails_003.zip,800,800,JPEG,79180,b534f8c456abe08edd6ebe0fecf8b2b9ea77054ac0f7920e1d8c347c60a2a56b
SPANNERPODGERO/E2-15/16,SPANNERPODGERO_E2-15_16.jpg,Spanner - Podger Open End 2 - 15/16in,Spanner - podger | Open end | Imperial,Spanners,FAMILY,Approved 649,Coates_K2_Road2_Retraction_Resolved_649_Thumbnails_003.zip,800,800,JPEG,79180,b534f8c456abe08edd6ebe0fecf8b2b9ea77054ac0f7920e1d8c347c60a2a56b
SPANNERRING2-5/8-2-13/16,SPANNERRING2-5_8-2-13_16.jpg,Spanner - Ring 2 - 5/8 2-13/16in,Spanner - ring | Imperial,Spanners,FAMILY,Approved 649,Coates_K2_Road2_Retraction_Resolved_649_Thumbnails_003.zip,800,800,JPEG,81482,d354679c4a0094ae6bc118682948b288aa38b7f42d25bbbaa303402c54a53f4a
SPANNERSHIFTER150MM6IN,SPANNERSHIFTER150MM6IN.jpg,Spanner - Shifter - 150mm (6in),Spanner - adjustable | Mixed,Spanners,FAMILY,Approved 649,Coates_K2_Road2_Retraction_Resolved_649_Thumbnails_003.zip,800,800,JPEG,77601,1a497d53ef9147e56eb99b7b2f4fc2e22de3e30805356218991b47eedc973c97
SPANNERSHIFTER250MM10IN,SPANNERSHIFTER250MM10IN.jpg,Spanner - Shifter - 250mm (10in),Spanner - adjustable | Mixed,Spanners,FAMILY,Approved 649,Coates_K2_Road2_Retraction_Resolved_649_Thumbnails_003.zip,800,800,JPEG,77601,1a497d53ef9147e56eb99b7b2f4fc2e22de3e30805356218991b47eedc973c97
SPANNERSHIFTER300MM12IN,SPANNERSHIFTER300MM12IN.jpg,Spanner - Shifter - 300mm (12in),Spanner - adjustable | Mixed,Spanners,FAMILY,Approved 649,Coates_K2_Road2_Retraction_Resolved_649_Thumbnails_003.zip,800,800,JPEG,77601,1a497d53ef9147e56eb99b7b2f4fc2e22de3e30805356218991b47eedc973c97
SPANNERSHIFTER375MM,SPANNERSHIFTER375MM.jpg,Spanner - Shifter - 375mm (15in ),Spanner - adjustable | Mixed,Spanners,FAMILY,Approved 649,Coates_K2_Road2_Retraction_Resolved_649_Thumbnails_003.zip,800,800,JPEG,77601,1a497d53ef9147e56eb99b7b2f4fc2e22de3e30805356218991b47eedc973c97
SPANNERSHIFTER450MM18IN,SPANNERSHIFTER450MM18IN.jpg,Spanner - Shifter - 450mm (18in),Spanner - adjustable | Mixed,Spanners,FAMILY,Approved 649,Coates_K2_Road2_Retraction_Resolved_649_Thumbnails_003.zip,800,800,JPEG,77601,1a497d53ef9147e56eb99b7b2f4fc2e22de3e30805356218991b47eedc973c97
SPANNERSHIFTER600MM24IN,SPANNERSHIFTER600MM24IN.jpg,Spanner - Shifter - 600mm (24in),Spanner - adjustable | Mixed,Spanners,FAMILY,Approved 649,Coates_K2_Road2_Retraction_Resolved_649_Thumbnails_003.zip,800,800,JPEG,77601,1a497d53ef9147e56eb99b7b2f4fc2e22de3e30805356218991b47eedc973c97
SPANNERSHIFTER770MM,SPANNERSHIFTER770MM.jpg,Spanner - Shifter - 770mm,Spanner - adjustable | Metric,Spanners,FAMILY,Approved 649,Coates_K2_Road2_Retraction_Resolved_649_Thumbnails_003.zip,800,800,JPEG,77601,1a497d53ef9147e56eb99b7b2f4fc2e22de3e30805356218991b47eedc973c97
SPANNERSHIFTER200MM8IN,SPANNERSHIFTER200MM8IN.jpg,Spanner - Shifter 200mm,Spanner - adjustable | Metric,Spanners,FAMILY,Approved 649,Coates_K2_Road2_Retraction_Resolved_649_Thumbnails_003.zip,800,800,JPEG,77601,1a497d53ef9147e56eb99b7b2f4fc2e22de3e30805356218991b47eedc973c97
SPANNERFLOG1-1/8,SPANNERFLOG1-1_8.jpg,Spanner Flogging 1 1/8in,Spanner - flogging | Imperial,Spanners,FAMILY,Approved 649,Coates_K2_Road2_Retraction_Resolved_649_Thumbnails_003.zip,800,800,JPEG,80883,9546f4570f70e6117808a68ab826be6727f84a98001fef232deb1aede0141983
SPANNERFLOG1-9/16,SPANNERFLOG1-9_16.jpg,Spanner Flogging 1 9/16in,Spanner - flogging | Imperial,Spanners,FAMILY,Approved 649,Coates_K2_Road2_Retraction_Resolved_649_Thumbnails_003.zip,800,800,JPEG,80883,9546f4570f70e6117808a68ab826be6727f84a98001fef232deb1aede0141983
SPANNERFLOG1,SPANNERFLOG1.jpg,Spanner Flogging 1in,Spanner - flogging | Imperial,Spanners,FAMILY,Approved 649,Coates_K2_Road2_Retraction_Resolved_649_Thumbnails_003.zip,800,800,JPEG,80883,9546f4570f70e6117808a68ab826be6727f84a98001fef232deb1aede0141983
SPANNERFLOG2-1/8,SPANNERFLOG2-1_8.jpg,Spanner Flogging 2 1/18in,Spanner - flogging | Imperial,Spanners,FAMILY,Approved 649,Coates_K2_Road2_Retraction_Resolved_649_Thumbnails_003.zip,800,800,JPEG,80883,9546f4570f70e6117808a68ab826be6727f84a98001fef232deb1aede0141983
SPANNERFLOG2-1/4,SPANNERFLOG2-1_4.jpg,Spanner Flogging 2 1/4in,Spanner - flogging | Imperial,Spanners,FAMILY,Approved 649,Coates_K2_Road2_Retraction_Resolved_649_Thumbnails_003.zip,800,800,JPEG,80883,9546f4570f70e6117808a68ab826be6727f84a98001fef232deb1aede0141983
SPANNERFLOG2-3/8,SPANNERFLOG2-3_8.jpg,Spanner Flogging 2 3/8in,Spanner - flogging | Imperial,Spanners,FAMILY,Approved 649,Coates_K2_Road2_Retraction_Resolved_649_Thumbnails_003.zip,800,800,JPEG,80883,9546f4570f70e6117808a68ab826be6727f84a98001fef232deb1aede0141983
SPANNERFLOG2,SPANNERFLOG2.jpg,Spanner Flogging 2in,Spanner - flogging | Imperial,Spanners,FAMILY,Approved 649,Coates_K2_Road2_Retraction_Resolved_649_Thumbnails_003.zip,800,800,JPEG,80883,9546f4570f70e6117808a68ab826be6727f84a98001fef232deb1aede0141983
STILSENALUMINIUM350MM,STILSENALUMINIUM350MM.jpg,Stilsen - Aluminium - 350mm,Stillson - aluminium,Spanners,FAMILY,Approved 649,Coates_K2_Road2_Retraction_Resolved_649_Thumbnails_003.zip,800,800,JPEG,79103,628057851145f15a45bfcc7d6e801752c0606e13e0ca67d85750b3714d537c2b
LANYARDRETRACTABLE,LANYARDRETRACTABLE.jpg,Lanyard - Retractable,Tools & Equipment,Tool Lanyards,FAMILY,Render GO 522,Coates_K2_Render_GO_522_Thumbnails_002.zip,800,800,JPEG,81183,edd942091da549d5debeaa161cb596680b472ecd1f4b1dc95e7200732ab14e2d
LANYARDTWINRETRACT2M,LANYARDTWINRETRACT2M.jpg,Lanyard - Twin - Retractable 2m,Tools & Equipment,Tool Lanyards,FAMILY,Render GO 522,Coates_K2_Render_GO_522_Thumbnails_002.zip,800,800,JPEG,81781,bdb97a3719d68c6256e1f2dd0ff23fdd2786cd5cfc6fa22602578bd13a55f8f0
ROPELANSINGTAIL,ROPELANSINGTAIL.jpg,Rope Lanyard - Single Tail,Tools & Equipment,Tool Lanyards,FAMILY,Render GO 522,Coates_K2_Render_GO_522_Thumbnails_002.zip,800,800,JPEG,81906,47f7cb90872068926cfd4624d234580c9c32ab4d74922b09f887f33665615744
SAFETYLANYARD2M,SAFETYLANYARD2M.jpg,Safety Lanyard - 2m,Industrial Tools & Equipment,Tool Lanyards,FAMILY,Render GO 522,Coates_K2_Render_GO_522_Thumbnails_002.zip,800,800,JPEG,80986,3e6b5961215618ed0f173b1db0ddc1b74f477a6618649959e3f44359e9e5c9a4
SAFETYLANYARDTWIN,SAFETYLANYARDTWIN.jpg,Safety Lanyard - Twin,Tools & Equipment,Tool Lanyards,FAMILY,Render GO 522,Coates_K2_Render_GO_522_Thumbnails_002.zip,800,800,JPEG,80101,f6558011f08e9f622e5ab3f88f690a64523068f81eee0ce043130849152d273f
TOOLLANYBUNSWL2.5KGTEC,TOOLLANYBUNSWL2.5KGTEC.jpg,Tool Lanyard Bungee Swl2.5Kg Technique,Industrial Tools & Equipment,Tool Lanyards,FAMILY,Render GO 522,Coates_K2_Render_GO_522_Thumbnails_002.zip,800,800,JPEG,81290,01d8c521ef06c5428e6dba9acab104b78590f3235cf60db3aed9031a56431607
TOOLLANYSWL7KGTEC,TOOLLANYSWL7KGTEC.jpg,Tool Lanyard Swl 7Kg Technique,Industrial Tools & Equipment,Tool Lanyards,FAMILY,Render GO 522,Coates_K2_Render_GO_522_Thumbnails_002.zip,800,800,JPEG,77998,358c7bb7eae1f997c1eb19258127699eff8f443f58d68deff16ecf6f5f6a7071
ACETYLEGUAGE,ACETYLEGUAGE.jpg,Acetylene Gauge,Welding,Welding,FAMILY,Render GO 522,Coates_K2_Render_GO_522_Thumbnails_001.zip,800,800,JPEG,79395,aace0830cce7984a02f24b36d8d832aefb56480937bd6bd0ce5c853827a1675c
AIRARCGOUG,AIRARCGOUG.jpg,Air Arc Gouging Torch,Welding,Welding,FAMILY,Render GO 522,Coates_K2_Render_GO_522_Thumbnails_001.zip,800,800,JPEG,81400,201dc99bc5ea09b325a8d0e63add52bb56e384b0ffd3ced58527f6eae29e74b3
WELDARGONGAUGE,WELDARGONGAUGE.jpg,Argon Flow Gauge,Welding,Welding,FAMILY,Render GO 522,Coates_K2_Render_GO_522_Thumbnails_003.zip,800,800,JPEG,76557,153a02a44f508fd9621bac86afb4fd040e1ee5ef46e8024fd114c9960ea54872
ARGONFLOWMETER,ARGONFLOWMETER.jpg,Argon Flow Meter,Welding,Welding,FAMILY,Render GO 522,Coates_K2_Render_GO_522_Thumbnails_001.zip,800,800,JPEG,80711,328820d2f1aa885bac2c3b4c44fa9ae2666ea8494a3d9cdfe17f93b554756954
CRANEGASBOTTLECARRIER,CRANEGASBOTTLECARRIER.jpg,Crane Gas Bottle Carrier,Welding,Welding,FAMILY,Render GO 522,Coates_K2_Render_GO_522_Thumbnails_001.zip,800,800,JPEG,80150,0a64571a97b1bf1fbced10a333e0f012bac1d2c101a8ebfd0da5f1f181cb495b
CRANEGASBOTTLETROLLEY,CRANEGASBOTTLETROLLEY.jpg,Crane Gas Bottle Trolley,Welding,Welding,FAMILY,Render GO 522,Coates_K2_Render_GO_522_Thumbnails_001.zip,800,800,JPEG,79040,8072b4c929b0c8e34ed809924429b0fffa9d63c25d10d551503c116c7c003bcd
OXYTROLLEYLARGE,OXYTROLLEYLARGE.jpg,G-Size Large Oxy Trolley,Welding,Welding,FAMILY,Render GO 522,Coates_K2_Render_GO_522_Thumbnails_002.zip,800,800,JPEG,79058,b1c9dd4196f23917a26206320cf3c672f919bab39ac6fadca6add945233082d1
CEME9016-590693,CEME9016-590693.jpg,HAMMER - WELDERS CHIPPING SPRING HANDLE - K2/26,Consumables,Welding,FAMILY,Render GO 522,Coates_K2_Render_GO_522_Thumbnails_001.zip,800,800,JPEG,79832,f42562b242e9d0d811bffa345dc8b21c0de5f0f76d6da19438dcd7d047506798
HOSEOXYLPG15M,HOSEOXYLPG15M.jpg,Hose - Oxy/Lpg - 15m,Welding,Welding,FAMILY,Render GO 522,Coates_K2_Render_GO_522_Thumbnails_002.zip,800,800,JPEG,81031,0eb91f95fe907647bc87cce0144be3389120fbeda8b64d06ba6e84a02060fa00
KITGASOXYACETCIGWELDBLUEJETTRADESMAN,KITGASOXYACETCIGWELDBLUEJETTRADESMAN.jpg,KIT GAS OXY / ACET CIGWELD BLUEJET TRADESMAN,Customer Equipment,Welding,FAMILY,Render GO 522,Coates_K2_Render_GO_522_Thumbnails_002.zip,800,800,JPEG,81803,e6545f4f9b9673860d8d7a4a71e6a7146bcd7e9bac588381ad0c39e2311757b8
OXYACETYLENEWELDINGKIT,OXYACETYLENEWELDINGKIT.jpg,KIT GAS OXY / ACET CIGWELD BLUEJET TRADESMAN,Customer Equipment,Welding,FAMILY,Render GO 522,Coates_K2_Render_GO_522_Thumbnails_002.zip,800,800,JPEG,81803,e6545f4f9b9673860d8d7a4a71e6a7146bcd7e9bac588381ad0c39e2311757b8
LPGGAUGE,LPGGAUGE.jpg,LPG Gauge,Welding,Welding,FAMILY,Render GO 522,Coates_K2_Render_GO_522_Thumbnails_002.zip,800,800,JPEG,77087,412ebf32157d40b9f13e4b60af6864b61e63710b1d91836ad42b2dadf01f21b9
WELDLPGHOSE,WELDLPGHOSE.jpg,LPG Hose,Welding,Welding,FAMILY,Render GO 522,Coates_K2_Render_GO_522_Thumbnails_003.zip,800,800,JPEG,80367,d82a50043e01aceb6b8f2988e0c374bb0056abfaf2d841a77255d895669ac838
OXYEXTHOSE,OXYEXTHOSE.jpg,Oxy Extension Hose,Welding,Welding,FAMILY,Render GO 522,Coates_K2_Render_GO_522_Thumbnails_002.zip,800,800,JPEG,80797,b7c223527f04ad3248620870ae2f67bb1903b92c1745acdad02628222bc7d604
OXY/ACETSET,OXY_ACETSET.jpg,Oxy/Acetylene Welding Kit,Welding,Welding,FAMILY,Render GO 522,Coates_K2_Render_GO_522_Thumbnails_002.zip,800,800,JPEG,81803,e6545f4f9b9673860d8d7a4a71e6a7146bcd7e9bac588381ad0c39e2311757b8
PLASMACUT10MM240V,PLASMACUT10MM240V.jpg,Plasma Cutter 10mm Electric,Welding,Welding,FAMILY,Render GO 522,Coates_K2_Render_GO_522_Thumbnails_002.zip,800,800,JPEG,80426,acbd366e3ff9f686e4bd0cf38a7b0203c8f4bd818046040802e001f24315a9b8
PLASMACUTTER25,PLASMACUTTER25.jpg,"Plasma Cutter 25mm cutting capacity, 415V x 32amp plug",Welding,Welding,FAMILY,Render GO 522,Coates_K2_Render_GO_522_Thumbnails_002.zip,800,800,JPEG,80525,e6c4aa48a2bcc7907bae7cf364461a2470a12570296b8b8242f7ee03aea81cd4
PLASMACUTTER40,PLASMACUTTER40.jpg,"Plasma Cutter 40mm cutting capacity, 415V x 32amp plug",Welding,Welding,FAMILY,Render GO 522,Coates_K2_Render_GO_522_Thumbnails_002.zip,800,800,JPEG,80525,e6c4aa48a2bcc7907bae7cf364461a2470a12570296b8b8242f7ee03aea81cd4
PLASMAHANDPIECE,PLASMAHANDPIECE.jpg,Plasma Handpiece,Welding,Welding,FAMILY,Render GO 522,Coates_K2_Render_GO_522_Thumbnails_002.zip,800,800,JPEG,80846,05f994ff5dd14f699bc542ed44ac032feccdc70b2c2bea7b56432d21a8293f1f
PROPANETORCH,PROPANETORCH.jpg,Propane Torch,Welding,Welding,FAMILY,Render GO 522,Coates_K2_Render_GO_522_Thumbnails_002.zip,800,800,JPEG,76591,00e4d2286f2e9ec681a18db9cd833b832754863367da2fb41f3ce1ca76a1b410
WELDERAIRVANTAGE600A,WELDERAIRVANTAGE600A.jpg,Welder - Motorised - Diesel - 600A Air Vantage,Welding,Welding,FAMILY,Render GO 522,Coates_K2_Render_GO_522_Thumbnails_003.zip,800,800,JPEG,80716,78b1545b01c65e15181cbb7b701986f6312d0a6e3148374f4214b6a9c8df6eee
WELD580D,WELD580D.jpg,Welder - Motorized - Diesel - Vantage 580,Welding,Welding,FAMILY,Render GO 522,Coates_K2_Render_GO_522_Thumbnails_003.zip,800,800,JPEG,79736,5e202f78d5aa84ea6d355fb6d6ecfddd0e92e14d6cc2c131e8316faade08d698
WELD500A-DIESEL,WELD500A-DIESEL.jpg,Welder Diesel 500A,Welding,Welding,FAMILY,Render GO 522,Coates_K2_Render_GO_522_Thumbnails_003.zip,800,800,JPEG,79736,5e202f78d5aa84ea6d355fb6d6ecfddd0e92e14d6cc2c131e8316faade08d698
WELD140AE,WELD140AE.jpg,Welder Electric 140A (240V),Welding,Welding,FAMILY,Render GO 522,Coates_K2_Render_GO_522_Thumbnails_003.zip,800,800,JPEG,81228,2e40f66244b28f15c550df4669c23120d336e9d0cdbd461223e55187e056f809
WELDTIG220A240V,WELDTIG220A240V.jpg,Welder Tig 220A  Electric,Welding,Welding,FAMILY,Render GO 522,Coates_K2_Render_GO_522_Thumbnails_003.zip,800,800,JPEG,77034,e86eae5ad3ff89afbf4da9ee9662125ac0a3d101b681b0c089a37418df1a7d85
WELDERLEADHANDPIECE,WELDERLEADHANDPIECE.jpg,Welding - Lead Hand Piece,Welding,Welding,FAMILY,Render GO 522,Coates_K2_Render_GO_522_Thumbnails_003.zip,800,800,JPEG,77917,f66faff85a7364d39fe3743db0e995951e449b6060b75f2dba9e802b92983da2
OXY/ACETHANDPIECE,OXY_ACETHANDPIECE.jpg,Welding - Oxy/Acetylene Hand Piece,Welding,Welding,FAMILY,Render GO 522,Coates_K2_Render_GO_522_Thumbnails_002.zip,800,800,JPEG,81262,d9f2e3da2bb289be15fa54120122d10afe4c6090f4efceffefb73272cbfae92d
WELDPIPEWRAP,WELDPIPEWRAP.jpg,Welding - Pipe Wrap,Welding,Welding,FAMILY,Render GO 522,Coates_K2_Render_GO_522_Thumbnails_003.zip,800,800,JPEG,81115,e9ab246ba228d1fbe8e0fd012dfb867d8eba3cdfac000876c8f2cc155e81909b
WELDINGAIRVANTAGEDIESEL,WELDINGAIRVANTAGEDIESEL.jpg,Welding Air Vantage Diesel 500(HGA014),Welderairvantage500A,Welding,FAMILY,Render GO 522,Coates_K2_Render_GO_522_Thumbnails_003.zip,800,800,JPEG,80716,78b1545b01c65e15181cbb7b701986f6312d0a6e3148374f4214b6a9c8df6eee
WELDEARTHCLAMP,WELDEARTHCLAMP.jpg,Welding Earth Clamp,Welding,Welding,FAMILY,Render GO 522,Coates_K2_Render_GO_522_Thumbnails_003.zip,800,800,JPEG,78645,06908cc35f6091cd99281e34bcedfcad4abe9b370552baa504fa56b33079ff47
WELDEARTHCLAMPCADDY,WELDEARTHCLAMPCADDY.jpg,Welding Earth Clamp - Caddy,Welding,Welding,FAMILY,Render GO 522,Coates_K2_Render_GO_522_Thumbnails_003.zip,800,800,JPEG,78645,06908cc35f6091cd99281e34bcedfcad4abe9b370552baa504fa56b33079ff47
WELDEARTHLD16MM,WELDEARTHLD16MM.jpg,Welding Earth Lead 16MM,Welding,Welding,FAMILY,Render GO 522,Coates_K2_Render_GO_522_Thumbnails_003.zip,800,800,JPEG,78107,3519698db05dbe05500c07006a4901e42b526a970d2c032ac5a0abab61368de3
WELDELECTRODEHOLER,WELDELECTRODEHOLER.jpg,Welding Electrode Holder,Welding,Welding,FAMILY,Render GO 522,Coates_K2_Render_GO_522_Thumbnails_003.zip,800,800,JPEG,81659,f1e8186332e706e4809f7f20057e6740074b3209073d26ec1620aa86f869fc69
WELDINGELECTRODEHOTBOX,WELDINGELECTRODEHOTBOX.jpg,Welding Electrode Hotbox,Welding,Welding,FAMILY,Render GO 522,Coates_K2_Render_GO_522_Thumbnails_003.zip,800,800,JPEG,81848,7d14e6f21f1831186e8a4d4c8731df56ce5e5644f278c665a0073f7e61cacbb9
WELDELECTRODEOVEN5KG240V,WELDELECTRODEOVEN5KG240V.jpg,Welding Electrode Oven 5kg Electric,Welding,Welding,FAMILY,Render GO 522,Coates_K2_Render_GO_522_Thumbnails_003.zip,800,800,JPEG,78053,6611a84087c1c2694947e7bc7864df1aad39d8dd5d2050a473e142764cab6208
WELDHANDPIECECADDY,WELDHANDPIECECADDY.jpg,Welding Hand Piece - Caddy,Welding,Welding,FAMILY,Render GO 522,Coates_K2_Render_GO_522_Thumbnails_003.zip,800,800,JPEG,77917,f66faff85a7364d39fe3743db0e995951e449b6060b75f2dba9e802b92983da2
WELDHANDPIECEMIGWF,WELDHANDPIECEMIGWF.jpg,Welding Hand Piece - Mig Wire Feeder,Welding,Welding,FAMILY,Render GO 522,Coates_K2_Render_GO_522_Thumbnails_003.zip,800,800,JPEG,81621,cf25a76a1d4af4e490248fa374f977f1816fc9f6e05fa18d7eb716f36955bf21
WELDHOSEARGON,WELDHOSEARGON.jpg,Welding Hose - Argon,Industrial Tools & Equipment,Welding,FAMILY,Render GO 522,Coates_K2_Render_GO_522_Thumbnails_003.zip,800,800,JPEG,79142,e2f7c8192fa74469c096886d017455a6df11f075bdb15034608b00e780843ee5
WELDLEAD50MM,WELDLEAD50MM.jpg,Welding Lead Extension 50mm2,Welding,Welding,FAMILY,Render GO 522,Coates_K2_Render_GO_522_Thumbnails_003.zip,800,800,JPEG,81132,9bf2c1d0457975ffd65f8ce8644cdccddae756396e314c26441e35d1ea5adc75
WELDLEAD70MM,WELDLEAD70MM.jpg,Welding Lead Extension 70mm2,Welding,Welding,FAMILY,Render GO 522,Coates_K2_Render_GO_522_Thumbnails_003.zip,800,800,JPEG,81132,9bf2c1d0457975ffd65f8ce8644cdccddae756396e314c26441e35d1ea5adc75
WELDLEADTAIL,WELDLEADTAIL.jpg,Welding Lead Tail,Welding,Welding,FAMILY,Render GO 522,Coates_K2_Render_GO_522_Thumbnails_003.zip,800,800,JPEG,77684,cfbf0b184728599faa4efb1103439ab8dcdd02fc2c4a31df34c7d8ccca397432
WELDINGVANTAGEDIESEL,WELDINGVANTAGEDIESEL.jpg,Welding Vantage Diesel 500(HGA009),Welderairvantage500A,Welding,FAMILY,Render GO 522,Coates_K2_Render_GO_522_Thumbnails_003.zip,800,800,JPEG,79736,5e202f78d5aa84ea6d355fb6d6ecfddd0e92e14d6cc2c131e8316faade08d698
WELDINGVANTAGEDIESEL580HGA047,WELDINGVANTAGEDIESEL580HGA047.jpg,Welding Vantage Diesel 580 (HGA047),Welderairvantage580A,Welding,FAMILY,Render GO 522,Coates_K2_Render_GO_522_Thumbnails_003.zip,800,800,JPEG,79736,5e202f78d5aa84ea6d355fb6d6ecfddd0e92e14d6cc2c131e8316faade08d698
WIREFEEDLN25,WIREFEEDLN25.jpg,Wire Feeder LN25,Welding,Welding,FAMILY,Render GO 522,Coates_K2_Render_GO_522_Thumbnails_003.zip,800,800,JPEG,81682,661ab81ad4e8a8f3b8d61be5998423098b46f3881b31de19a9dda5029936a314
