release_id,archive_filename,workbook_row,road,variant_code,output_filename,register_name,visual_family,physical_prompt_label,variant_markings,source_type,source_asset,source_asset_sha256,assignment_rule,visual_review_scope,release_qualification,width,height,format,output_bytes,output_sha256,match_checklist,notes
COATES-K2-ROAD2-649-RETRACTION-RESOLVED-20260806-V2,Coates_K2_Road2_Retraction_Resolved_649_Thumbnails_001.zip,373,2,10MM12MMRATCHETRINGSPANNER,10MM12MMRATCHETRINGSPANNER.jpg,Ratchet Ring Spanner  10MM x 12MM,Spanner - ratchet ring | Metric,metric double-ended ratcheting ring spanner,10mm | 12mm,HOUSE_RENDER_FAMILY,production/family_assets/ratchet_ring_spanner.png,caa3b20c4815c06a0aeeae26432c57d1217a9ac81206d07e51505dea2c839393,ALL_ROWS,FAMILY_MASTER_REVIEWED_AND_CODE_MAPPED,APPROVED_FAMILY_RENDER,800,800,JPEG,81001,c3264b27bb335b533fde8dba540f9f8610edabfec9a8a0e44de8ebad81d283be,"Ratchet mechanism visible in the ring end; both stated sizes apply to its two ends ; stamped/labelled sizes readable: 10mm, 12mm ; house style holds (dark floor, orange rim glow, item fills ~75%, no text/people/price)",Family render; the catalogue code supplies the exact size/variant where the shared image does not visibly prove that marking.
COATES-K2-ROAD2-649-RETRACTION-RESOLVED-20260806-V2,Coates_K2_Road2_Retraction_Resolved_649_Thumbnails_001.zip,375,2,11MM13MMRATCHETRINGSPANNER,11MM13MMRATCHETRINGSPANNER.jpg,Ratchet Ring Spanner  11MM x 13MM,Spanner - ratchet ring | Metric,metric double-ended ratcheting ring spanner,11mm | 13mm,HOUSE_RENDER_FAMILY,production/family_assets/ratchet_ring_spanner.png,caa3b20c4815c06a0aeeae26432c57d1217a9ac81206d07e51505dea2c839393,ALL_ROWS,FAMILY_MASTER_REVIEWED_AND_CODE_MAPPED,APPROVED_FAMILY_RENDER,800,800,JPEG,81001,c3264b27bb335b533fde8dba540f9f8610edabfec9a8a0e44de8ebad81d283be,"Ratchet mechanism visible in the ring end; both stated sizes apply to its two ends ; stamped/labelled sizes readable: 11mm, 13mm ; house style holds (dark floor, orange rim glow, item fills ~75%, no text/people/price)",Family render; the catalogue code supplies the exact size/variant where the shared image does not visibly prove that marking.
COATES-K2-ROAD2-649-RETRACTION-RESOLVED-20260806-V2,Coates_K2_Road2_Retraction_Resolved_649_Thumbnails_001.zip,369,2,12916RATCHETRINGSPANNER,12916RATCHETRINGSPANNER.jpg,"Ratchet Ring Spanner  1/2"" x 9/16""",Spanner - ratchet ring | Imperial,imperial double-ended ratcheting ring spanner,"1/2"" | 9/16""",HOUSE_RENDER_FAMILY,production/family_assets/ratchet_ring_spanner.png,caa3b20c4815c06a0aeeae26432c57d1217a9ac81206d07e51505dea2c839393,ALL_ROWS,FAMILY_MASTER_REVIEWED_AND_CODE_MAPPED,APPROVED_FAMILY_RENDER,800,800,JPEG,81001,c3264b27bb335b533fde8dba540f9f8610edabfec9a8a0e44de8ebad81d283be,"Ratchet mechanism visible in the ring end; both stated sizes apply to its two ends ; stamped/labelled sizes readable: 1/2"", 9/16"" ; house style holds (dark floor, orange rim glow, item fills ~75%, no text/people/price)",Family render; the catalogue code supplies the exact size/variant where the shared image does not visibly prove that marking.
COATES-K2-ROAD2-649-RETRACTION-RESOLVED-20260806-V2,Coates_K2_Road2_Retraction_Resolved_649_Thumbnails_001.zip,229,2,12DRIVECROWSFEET27MM,12DRIVECROWSFEET27MM.jpg,"1/2"" Drive Crowsfeet-27MM",Crowsfoot socket | Drive 1/2in | Mixed,1/2-inch drive open-end crowsfoot socket,"1/2"" | 27mm",HOUSE_RENDER_FAMILY,production/family_assets/crowfoot_wrench.png,18b4239103656521642e595c710cfef699e0523eee43b69fded246f1c574ff5d,ALL_ROWS,FAMILY_MASTER_REVIEWED_AND_CODE_MAPPED,APPROVED_FAMILY_RENDER,800,800,JPEG,79953,d174a6468cd8b9d6fa4144e85e95050c6c0dc11be1ef3801041077ee00996a89,"Item type unmistakably matches the register name ; stamped/labelled sizes readable: 1/2"", 27mm ; house style holds (dark floor, orange rim glow, item fills ~75%, no text/people/price)",Family render; the catalogue code supplies the exact size/variant where the shared image does not visibly prove that marking.
COATES-K2-ROAD2-649-RETRACTION-RESOLVED-20260806-V2,Coates_K2_Road2_Retraction_Resolved_649_Thumbnails_001.zip,231,2,12DRIVECROWSFEET29MM,12DRIVECROWSFEET29MM.jpg,"1/2"" Drive Crowsfeet-29MM",Crowsfoot socket | Drive 1/2in | Mixed,1/2-inch drive open-end crowsfoot socket,"1/2"" | 29mm",HOUSE_RENDER_FAMILY,production/family_assets/crowfoot_wrench.png,18b4239103656521642e595c710cfef699e0523eee43b69fded246f1c574ff5d,ALL_ROWS,FAMILY_MASTER_REVIEWED_AND_CODE_MAPPED,APPROVED_FAMILY_RENDER,800,800,JPEG,79953,d174a6468cd8b9d6fa4144e85e95050c6c0dc11be1ef3801041077ee00996a89,"Item type unmistakably matches the register name ; stamped/labelled sizes readable: 1/2"", 29mm ; house style holds (dark floor, orange rim glow, item fills ~75%, no text/people/price)",Family render; the catalogue code supplies the exact size/variant where the shared image does not visibly prove that marking.
COATES-K2-ROAD2-649-RETRACTION-RESOLVED-20260806-V2,Coates_K2_Road2_Retraction_Resolved_649_Thumbnails_001.zip,233,2,12DRIVECROWSFEET30MM,12DRIVECROWSFEET30MM.jpg,"1/2"" Drive Crowsfeet-30MM",Crowsfoot socket | Drive 1/2in | Mixed,1/2-inch drive open-end crowsfoot socket,"1/2"" | 30mm",HOUSE_RENDER_FAMILY,production/family_assets/crowfoot_wrench.png,18b4239103656521642e595c710cfef699e0523eee43b69fded246f1c574ff5d,ALL_ROWS,FAMILY_MASTER_REVIEWED_AND_CODE_MAPPED,APPROVED_FAMILY_RENDER,800,800,JPEG,79953,d174a6468cd8b9d6fa4144e85e95050c6c0dc11be1ef3801041077ee00996a89,"Item type unmistakably matches the register name ; stamped/labelled sizes readable: 1/2"", 30mm ; house style holds (dark floor, orange rim glow, item fills ~75%, no text/people/price)",Family render; the catalogue code supplies the exact size/variant where the shared image does not visibly prove that marking.
COATES-K2-ROAD2-649-RETRACTION-RESOLVED-20260806-V2,Coates_K2_Road2_Retraction_Resolved_649_Thumbnails_001.zip,235,2,12DRIVECROWSFEET32MM,12DRIVECROWSFEET32MM.jpg,"1/2"" Drive Crowsfeet-32MM",Crowsfoot socket | Drive 1/2in | Mixed,1/2-inch drive open-end crowsfoot socket,"1/2"" | 32mm",HOUSE_RENDER_FAMILY,production/family_assets/crowfoot_wrench.png,18b4239103656521642e595c710cfef699e0523eee43b69fded246f1c574ff5d,ALL_ROWS,FAMILY_MASTER_REVIEWED_AND_CODE_MAPPED,APPROVED_FAMILY_RENDER,800,800,JPEG,79953,d174a6468cd8b9d6fa4144e85e95050c6c0dc11be1ef3801041077ee00996a89,"Item type unmistakably matches the register name ; stamped/labelled sizes readable: 1/2"", 32mm ; house style holds (dark floor, orange rim glow, item fills ~75%, no text/people/price)",Family render; the catalogue code supplies the exact size/variant where the shared image does not visibly prove that marking.
COATES-K2-ROAD2-649-RETRACTION-RESOLVED-20260806-V2,Coates_K2_Road2_Retraction_Resolved_649_Thumbnails_001.zip,237,2,12DRIVECROWSFEET33MM,12DRIVECROWSFEET33MM.jpg,"1/2"" Drive Crowsfeet-33MM",Crowsfoot socket | Drive 1/2in | Mixed,1/2-inch drive open-end crowsfoot socket,"1/2"" | 33mm",HOUSE_RENDER_FAMILY,production/family_assets/crowfoot_wrench.png,18b4239103656521642e595c710cfef699e0523eee43b69fded246f1c574ff5d,ALL_ROWS,FAMILY_MASTER_REVIEWED_AND_CODE_MAPPED,APPROVED_FAMILY_RENDER,800,800,JPEG,79953,d174a6468cd8b9d6fa4144e85e95050c6c0dc11be1ef3801041077ee00996a89,"Item type unmistakably matches the register name ; stamped/labelled sizes readable: 1/2"", 33mm ; house style holds (dark floor, orange rim glow, item fills ~75%, no text/people/price)",Family render; the catalogue code supplies the exact size/variant where the shared image does not visibly prove that marking.
COATES-K2-ROAD2-649-RETRACTION-RESOLVED-20260806-V2,Coates_K2_Road2_Retraction_Resolved_649_Thumbnails_001.zip,239,2,12DRIVECROWSFEET34MM,12DRIVECROWSFEET34MM.jpg,"1/2"" Drive Crowsfeet-34MM",Crowsfoot socket | Drive 1/2in | Mixed,1/2-inch drive open-end crowsfoot socket,"1/2"" | 34mm",HOUSE_RENDER_FAMILY,production/family_assets/crowfoot_wrench.png,18b4239103656521642e595c710cfef699e0523eee43b69fded246f1c574ff5d,ALL_ROWS,FAMILY_MASTER_REVIEWED_AND_CODE_MAPPED,APPROVED_FAMILY_RENDER,800,800,JPEG,79953,d174a6468cd8b9d6fa4144e85e95050c6c0dc11be1ef3801041077ee00996a89,"Item type unmistakably matches the register name ; stamped/labelled sizes readable: 1/2"", 34mm ; house style holds (dark floor, orange rim glow, item fills ~75%, no text/people/price)",Family render; the catalogue code supplies the exact size/variant where the shared image does not visibly prove that marking.
COATES-K2-ROAD2-649-RETRACTION-RESOLVED-20260806-V2,Coates_K2_Road2_Retraction_Resolved_649_Thumbnails_001.zip,241,2,12DRIVECROWSFEET35MM,12DRIVECROWSFEET35MM.jpg,"1/2"" Drive Crowsfeet-35MM",Crowsfoot socket | Drive 1/2in | Mixed,1/2-inch drive open-end crowsfoot socket,"1/2"" | 35mm",HOUSE_RENDER_FAMILY,production/family_assets/crowfoot_wrench.png,18b4239103656521642e595c710cfef699e0523eee43b69fded246f1c574ff5d,ALL_ROWS,FAMILY_MASTER_REVIEWED_AND_CODE_MAPPED,APPROVED_FAMILY_RENDER,800,800,JPEG,79953,d174a6468cd8b9d6fa4144e85e95050c6c0dc11be1ef3801041077ee00996a89,"Item type unmistakably matches the register name ; stamped/labelled sizes readable: 1/2"", 35mm ; house style holds (dark floor, orange rim glow, item fills ~75%, no text/people/price)",Family render; the catalogue code supplies the exact size/variant where the shared image does not visibly prove that marking.
COATES-K2-ROAD2-649-RETRACTION-RESOLVED-20260806-V2,Coates_K2_Road2_Retraction_Resolved_649_Thumbnails_001.zip,243,2,12DRIVECROWSFEET36MM,12DRIVECROWSFEET36MM.jpg,"1/2"" Drive Crowsfeet-36MM",Crowsfoot socket | Drive 1/2in | Mixed,1/2-inch drive open-end crowsfoot socket,"1/2"" | 36mm",HOUSE_RENDER_FAMILY,production/family_assets/crowfoot_wrench.png,18b4239103656521642e595c710cfef699e0523eee43b69fded246f1c574ff5d,ALL_ROWS,FAMILY_MASTER_REVIEWED_AND_CODE_MAPPED,APPROVED_FAMILY_RENDER,800,800,JPEG,79953,d174a6468cd8b9d6fa4144e85e95050c6c0dc11be1ef3801041077ee00996a89,"Item type unmistakably matches the register name ; stamped/labelled sizes readable: 1/2"", 36mm ; house style holds (dark floor, orange rim glow, item fills ~75%, no text/people/price)",Family render; the catalogue code supplies the exact size/variant where the shared image does not visibly prove that marking.
COATES-K2-ROAD2-649-RETRACTION-RESOLVED-20260806-V2,Coates_K2_Road2_Retraction_Resolved_649_Thumbnails_001.zip,245,2,12DRIVECROWSFEET38MM,12DRIVECROWSFEET38MM.jpg,"1/2"" Drive Crowsfeet-38MM",Crowsfoot socket | Drive 1/2in | Mixed,1/2-inch drive open-end crowsfoot socket,"1/2"" | 38mm",HOUSE_RENDER_FAMILY,production/family_assets/crowfoot_wrench.png,18b4239103656521642e595c710cfef699e0523eee43b69fded246f1c574ff5d,ALL_ROWS,FAMILY_MASTER_REVIEWED_AND_CODE_MAPPED,APPROVED_FAMILY_RENDER,800,800,JPEG,79953,d174a6468cd8b9d6fa4144e85e95050c6c0dc11be1ef3801041077ee00996a89,"Item type unmistakably matches the register name ; stamped/labelled sizes readable: 1/2"", 38mm ; house style holds (dark floor, orange rim glow, item fills ~75%, no text/people/price)",Family render; the catalogue code supplies the exact size/variant where the shared image does not visibly prove that marking.
COATES-K2-ROAD2-649-RETRACTION-RESOLVED-20260806-V2,Coates_K2_Road2_Retraction_Resolved_649_Thumbnails_001.zip,247,2,12DRIVECROWSFEET41MM,12DRIVECROWSFEET41MM.jpg,"1/2"" Drive Crowsfeet-41MM",Crowsfoot socket | Drive 1/2in | Mixed,1/2-inch drive open-end crowsfoot socket,"1/2"" | 41mm",HOUSE_RENDER_FAMILY,production/family_assets/crowfoot_wrench.png,18b4239103656521642e595c710cfef699e0523eee43b69fded246f1c574ff5d,ALL_ROWS,FAMILY_MASTER_REVIEWED_AND_CODE_MAPPED,APPROVED_FAMILY_RENDER,800,800,JPEG,79953,d174a6468cd8b9d6fa4144e85e95050c6c0dc11be1ef3801041077ee00996a89,"Item type unmistakably matches the register name ; stamped/labelled sizes readable: 1/2"", 41mm ; house style holds (dark floor, orange rim glow, item fills ~75%, no text/people/price)",Family render; the catalogue code supplies the exact size/variant where the shared image does not visibly prove that marking.
COATES-K2-ROAD2-649-RETRACTION-RESOLVED-20260806-V2,Coates_K2_Road2_Retraction_Resolved_649_Thumbnails_001.zip,249,2,12DRIVECROWSFEET43MM,12DRIVECROWSFEET43MM.jpg,"1/2"" Drive Crowsfeet-43MM",Crowsfoot socket | Drive 1/2in | Mixed,1/2-inch drive open-end crowsfoot socket,"1/2"" | 43mm",HOUSE_RENDER_FAMILY,production/family_assets/crowfoot_wrench.png,18b4239103656521642e595c710cfef699e0523eee43b69fded246f1c574ff5d,ALL_ROWS,FAMILY_MASTER_REVIEWED_AND_CODE_MAPPED,APPROVED_FAMILY_RENDER,800,800,JPEG,79953,d174a6468cd8b9d6fa4144e85e95050c6c0dc11be1ef3801041077ee00996a89,"Item type unmistakably matches the register name ; stamped/labelled sizes readable: 1/2"", 43mm ; house style holds (dark floor, orange rim glow, item fills ~75%, no text/people/price)",Family render; the catalogue code supplies the exact size/variant where the shared image does not visibly prove that marking.
COATES-K2-ROAD2-649-RETRACTION-RESOLVED-20260806-V2,Coates_K2_Road2_Retraction_Resolved_649_Thumbnails_001.zip,251,2,12DRIVECROWSFEET46MM,12DRIVECROWSFEET46MM.jpg,"1/2"" Drive Crowsfeet-46MM",Crowsfoot socket | Drive 1/2in | Mixed,1/2-inch drive open-end crowsfoot socket,"1/2"" | 46mm",HOUSE_RENDER_FAMILY,production/family_assets/crowfoot_wrench.png,18b4239103656521642e595c710cfef699e0523eee43b69fded246f1c574ff5d,ALL_ROWS,FAMILY_MASTER_REVIEWED_AND_CODE_MAPPED,APPROVED_FAMILY_RENDER,800,800,JPEG,79953,d174a6468cd8b9d6fa4144e85e95050c6c0dc11be1ef3801041077ee00996a89,"Item type unmistakably matches the register name ; stamped/labelled sizes readable: 1/2"", 46mm ; house style holds (dark floor, orange rim glow, item fills ~75%, no text/people/price)",Family render; the catalogue code supplies the exact size/variant where the shared image does not visibly prove that marking.
COATES-K2-ROAD2-649-RETRACTION-RESOLVED-20260806-V2,Coates_K2_Road2_Retraction_Resolved_649_Thumbnails_001.zip,253,2,12DRIVECROWSFEET48MM,12DRIVECROWSFEET48MM.jpg,"1/2"" Drive Crowsfeet-48MM",Crowsfoot socket | Drive 1/2in | Mixed,1/2-inch drive open-end crowsfoot socket,"1/2"" | 48mm",HOUSE_RENDER_FAMILY,production/family_assets/crowfoot_wrench.png,18b4239103656521642e595c710cfef699e0523eee43b69fded246f1c574ff5d,ALL_ROWS,FAMILY_MASTER_REVIEWED_AND_CODE_MAPPED,APPROVED_FAMILY_RENDER,800,800,JPEG,79953,d174a6468cd8b9d6fa4144e85e95050c6c0dc11be1ef3801041077ee00996a89,"Item type unmistakably matches the register name ; stamped/labelled sizes readable: 1/2"", 48mm ; house style holds (dark floor, orange rim glow, item fills ~75%, no text/people/price)",Family render; the catalogue code supplies the exact size/variant where the shared image does not visibly prove that marking.
COATES-K2-ROAD2-649-RETRACTION-RESOLVED-20260806-V2,Coates_K2_Road2_Retraction_Resolved_649_Thumbnails_001.zip,255,2,12DRIVECROWSFEET50MM,12DRIVECROWSFEET50MM.jpg,"1/2"" Drive Crowsfeet-50MM",Crowsfoot socket | Drive 1/2in | Mixed,1/2-inch drive open-end crowsfoot socket,"1/2"" | 50mm",HOUSE_RENDER_FAMILY,production/family_assets/crowfoot_wrench.png,18b4239103656521642e595c710cfef699e0523eee43b69fded246f1c574ff5d,ALL_ROWS,FAMILY_MASTER_REVIEWED_AND_CODE_MAPPED,APPROVED_FAMILY_RENDER,800,800,JPEG,79953,d174a6468cd8b9d6fa4144e85e95050c6c0dc11be1ef3801041077ee00996a89,"Item type unmistakably matches the register name ; stamped/labelled sizes readable: 1/2"", 50mm ; house style holds (dark floor, orange rim glow, item fills ~75%, no text/people/price)",Family render; the catalogue code supplies the exact size/variant where the shared image does not visibly prove that marking.
COATES-K2-ROAD2-649-RETRACTION-RESOLVED-20260806-V2,Coates_K2_Road2_Retraction_Resolved_649_Thumbnails_001.zip,451,2,12DRIVEIMPACTHEXSOCKET17MM78MM,12DRIVEIMPACTHEXSOCKET17MM78MM.jpg,"SOCKET IMPACT HEX 1/2""DR MET 17MM X 78MM Kinchrome",Socket - impact standard | Drive 1/2in | Mixed,"standard black impact socket, 1/2-inch drive","1/2"" | 17mm | 78mm",HOUSE_RENDER_FAMILY,production/family_assets/socket_impact_standard_generic.png,83c4822425fdd3dd54988180560702b1393f9cd644610fe5f1c5e69fe2841a7a,ALL_ROWS,FAMILY_MASTER_REVIEWED_AND_CODE_MAPPED,APPROVED_FAMILY_RENDER,800,800,JPEG,78818,f4f2c97be6ffe4f48767b2491c65df755a1a59544115fef57561a33c1d6c71b7,"ONE socket only; six-point black impact finish; correct drive square; hex opening visible ; stamped/labelled sizes readable: 1/2"", 17mm, 78mm ; house style holds (dark floor, orange rim glow, item fills ~75%, no text/people/price)",Family render; the catalogue code supplies the exact size/variant where the shared image does not visibly prove that marking.
COATES-K2-ROAD2-649-RETRACTION-RESOLVED-20260806-V2,Coates_K2_Road2_Retraction_Resolved_649_Thumbnails_001.zip,425,2,12DRIVEIMPACTINHEXSOCKET10MM,12DRIVEIMPACTINHEXSOCKET10MM.jpg,Socket - Inhex -10MM-1/2in Drive,Socket - inhex | Drive 1/2in | Mixed,"black inhex bit socket, 1/2-inch drive",1/2in | 10mm,HOUSE_RENDER_FAMILY,production/family_assets/socket_inhex.png,a26e49bba1790cacfd99649f43163e2d5820af23d151230c605976a6c5be5d49,ALL_ROWS,FAMILY_MASTER_REVIEWED_AND_CODE_MAPPED,APPROVED_FAMILY_RENDER,800,800,JPEG,72895,8958b518d16500ade2699cc299ceb594885f92273218956a848235bf3c47ba75,"ONE socket only; six-point black impact finish; correct drive square; hex opening visible ; stamped/labelled sizes readable: 1/2in, 10mm ; house style holds (dark floor, orange rim glow, item fills ~75%, no text/people/price)",Family render; the catalogue code supplies the exact size/variant where the shared image does not visibly prove that marking.
COATES-K2-ROAD2-649-RETRACTION-RESOLVED-20260806-V2,Coates_K2_Road2_Retraction_Resolved_649_Thumbnails_001.zip,421,2,12DRIVEIMPACTINHEXSOCKET12,12DRIVEIMPACTINHEXSOCKET12.jpg,"Socket - Inhex -1/2""-1/2in Drive",Socket - inhex | Drive 1/2in | Imperial,"black inhex bit socket, 1/2-inch drive","1/2"" | 1/2in",HOUSE_RENDER_FAMILY,production/family_assets/socket_inhex.png,a26e49bba1790cacfd99649f43163e2d5820af23d151230c605976a6c5be5d49,ALL_ROWS,FAMILY_MASTER_REVIEWED_AND_CODE_MAPPED,APPROVED_FAMILY_RENDER,800,800,JPEG,72895,8958b518d16500ade2699cc299ceb594885f92273218956a848235bf3c47ba75,"ONE socket only; six-point black impact finish; correct drive square; hex opening visible ; stamped/labelled sizes readable: 1/2"", 1/2in ; house style holds (dark floor, orange rim glow, item fills ~75%, no text/people/price)",Family render; the catalogue code supplies the exact size/variant where the shared image does not visibly prove that marking.
COATES-K2-ROAD2-649-RETRACTION-RESOLVED-20260806-V2,Coates_K2_Road2_Retraction_Resolved_649_Thumbnails_001.zip,427,2,12DRIVEIMPACTINHEXSOCKET12MM,12DRIVEIMPACTINHEXSOCKET12MM.jpg,Socket - Inhex -12MM-1/2in Drive,Socket - inhex | Drive 1/2in | Mixed,"black inhex bit socket, 1/2-inch drive",1/2in | 12mm,HOUSE_RENDER_FAMILY,production/family_assets/socket_inhex.png,a26e49bba1790cacfd99649f43163e2d5820af23d151230c605976a6c5be5d49,ALL_ROWS,FAMILY_MASTER_REVIEWED_AND_CODE_MAPPED,APPROVED_FAMILY_RENDER,800,800,JPEG,72895,8958b518d16500ade2699cc299ceb594885f92273218956a848235bf3c47ba75,"ONE socket only; six-point black impact finish; correct drive square; hex opening visible ; stamped/labelled sizes readable: 1/2in, 12mm ; house style holds (dark floor, orange rim glow, item fills ~75%, no text/people/price)",Family render; the catalogue code supplies the exact size/variant where the shared image does not visibly prove that marking.
COATES-K2-ROAD2-649-RETRACTION-RESOLVED-20260806-V2,Coates_K2_Road2_Retraction_Resolved_649_Thumbnails_001.zip,423,2,12DRIVEIMPACTINHEXSOCKET14,12DRIVEIMPACTINHEXSOCKET14.jpg,"Socket - Inhex -1/4""-1/2in Drive",Socket - inhex | Drive 1/2in | Imperial,"black inhex bit socket, 1/2-inch drive","1/4"" | 1/2in",HOUSE_RENDER_FAMILY,production/family_assets/socket_inhex.png,a26e49bba1790cacfd99649f43163e2d5820af23d151230c605976a6c5be5d49,ALL_ROWS,FAMILY_MASTER_REVIEWED_AND_CODE_MAPPED,APPROVED_FAMILY_RENDER,800,800,JPEG,72895,8958b518d16500ade2699cc299ceb594885f92273218956a848235bf3c47ba75,"ONE socket only; six-point black impact finish; correct drive square; hex opening visible ; stamped/labelled sizes readable: 1/4"", 1/2in ; house style holds (dark floor, orange rim glow, item fills ~75%, no text/people/price)",Family render; the catalogue code supplies the exact size/variant where the shared image does not visibly prove that marking.
COATES-K2-ROAD2-649-RETRACTION-RESOLVED-20260806-V2,Coates_K2_Road2_Retraction_Resolved_649_Thumbnails_001.zip,429,2,12DRIVEIMPACTINHEXSOCKET14MM,12DRIVEIMPACTINHEXSOCKET14MM.jpg,Socket - Inhex -14MM-1/2in Drive,Socket - inhex | Drive 1/2in | Mixed,"black inhex bit socket, 1/2-inch drive",1/2in | 14mm,HOUSE_RENDER_FAMILY,production/family_assets/socket_inhex.png,a26e49bba1790cacfd99649f43163e2d5820af23d151230c605976a6c5be5d49,ALL_ROWS,FAMILY_MASTER_REVIEWED_AND_CODE_MAPPED,APPROVED_FAMILY_RENDER,800,800,JPEG,72895,8958b518d16500ade2699cc299ceb594885f92273218956a848235bf3c47ba75,"ONE socket only; six-point black impact finish; correct drive square; hex opening visible ; stamped/labelled sizes readable: 1/2in, 14mm ; house style holds (dark floor, orange rim glow, item fills ~75%, no text/people/price)",Family render; the catalogue code supplies the exact size/variant where the shared image does not visibly prove that marking.
COATES-K2-ROAD2-649-RETRACTION-RESOLVED-20260806-V2,Coates_K2_Road2_Retraction_Resolved_649_Thumbnails_001.zip,399,2,12DRIVEIMPACTINHEXSOCKET15MM,12DRIVEIMPACTINHEXSOCKET15MM.jpg,Socket - Inhex - 15MM -1/2in Drive,Socket - inhex | Drive 1/2in | Mixed,"black inhex bit socket, 1/2-inch drive",1/2in | 15mm,HOUSE_RENDER_FAMILY,production/family_assets/socket_inhex.png,a26e49bba1790cacfd99649f43163e2d5820af23d151230c605976a6c5be5d49,ALL_ROWS,FAMILY_MASTER_REVIEWED_AND_CODE_MAPPED,APPROVED_FAMILY_RENDER,800,800,JPEG,72895,8958b518d16500ade2699cc299ceb594885f92273218956a848235bf3c47ba75,"ONE socket only; six-point black impact finish; correct drive square; hex opening visible ; stamped/labelled sizes readable: 1/2in, 15mm ; house style holds (dark floor, orange rim glow, item fills ~75%, no text/people/price)",Family render; the catalogue code supplies the exact size/variant where the shared image does not visibly prove that marking.
COATES-K2-ROAD2-649-RETRACTION-RESOLVED-20260806-V2,Coates_K2_Road2_Retraction_Resolved_649_Thumbnails_001.zip,431,2,12DRIVEIMPACTINHEXSOCKET17MM,12DRIVEIMPACTINHEXSOCKET17MM.jpg,Socket - Inhex -17MM-1/2in Drive,Socket - inhex | Drive 1/2in | Mixed,"black inhex bit socket, 1/2-inch drive",1/2in | 17mm,HOUSE_RENDER_FAMILY,production/family_assets/socket_inhex.png,a26e49bba1790cacfd99649f43163e2d5820af23d151230c605976a6c5be5d49,ALL_ROWS,FAMILY_MASTER_REVIEWED_AND_CODE_MAPPED,APPROVED_FAMILY_RENDER,800,800,JPEG,72895,8958b518d16500ade2699cc299ceb594885f92273218956a848235bf3c47ba75,"ONE socket only; six-point black impact finish; correct drive square; hex opening visible ; stamped/labelled sizes readable: 1/2in, 17mm ; house style holds (dark floor, orange rim glow, item fills ~75%, no text/people/price)",Family render; the catalogue code supplies the exact size/variant where the shared image does not visibly prove that marking.
COATES-K2-ROAD2-649-RETRACTION-RESOLVED-20260806-V2,Coates_K2_Road2_Retraction_Resolved_649_Thumbnails_001.zip,403,2,12DRIVEIMPACTINHEXSOCKET18MM,12DRIVEIMPACTINHEXSOCKET18MM.jpg,Socket - Inhex - 18MM -1/2in Drive,Socket - inhex | Drive 1/2in | Mixed,"black inhex bit socket, 1/2-inch drive",1/2in | 18mm,HOUSE_RENDER_FAMILY,production/family_assets/socket_inhex.png,a26e49bba1790cacfd99649f43163e2d5820af23d151230c605976a6c5be5d49,ALL_ROWS,FAMILY_MASTER_REVIEWED_AND_CODE_MAPPED,APPROVED_FAMILY_RENDER,800,800,JPEG,72895,8958b518d16500ade2699cc299ceb594885f92273218956a848235bf3c47ba75,"ONE socket only; six-point black impact finish; correct drive square; hex opening visible ; stamped/labelled sizes readable: 1/2in, 18mm ; house style holds (dark floor, orange rim glow, item fills ~75%, no text/people/price)",Family render; the catalogue code supplies the exact size/variant where the shared image does not visibly prove that marking.
COATES-K2-ROAD2-649-RETRACTION-RESOLVED-20260806-V2,Coates_K2_Road2_Retraction_Resolved_649_Thumbnails_001.zip,433,2,12DRIVEIMPACTINHEXSOCKET19MM,12DRIVEIMPACTINHEXSOCKET19MM.jpg,Socket - Inhex -19MM-1/2in Drive,Socket - inhex | Drive 1/2in | Mixed,"black inhex bit socket, 1/2-inch drive",1/2in | 19mm,HOUSE_RENDER_FAMILY,production/family_assets/socket_inhex.png,a26e49bba1790cacfd99649f43163e2d5820af23d151230c605976a6c5be5d49,ALL_ROWS,FAMILY_MASTER_REVIEWED_AND_CODE_MAPPED,APPROVED_FAMILY_RENDER,800,800,JPEG,72895,8958b518d16500ade2699cc299ceb594885f92273218956a848235bf3c47ba75,"ONE socket only; six-point black impact finish; correct drive square; hex opening visible ; stamped/labelled sizes readable: 1/2in, 19mm ; house style holds (dark floor, orange rim glow, item fills ~75%, no text/people/price)",Family render; the catalogue code supplies the exact size/variant where the shared image does not visibly prove that marking.
COATES-K2-ROAD2-649-RETRACTION-RESOLVED-20260806-V2,Coates_K2_Road2_Retraction_Resolved_649_Thumbnails_001.zip,435,2,12DRIVEIMPACTINHEXSOCKET34,12DRIVEIMPACTINHEXSOCKET34.jpg,"Socket - Inhex -3/4""-1/2in Drive",Socket - inhex | Drive 1/2in | Imperial,"black inhex bit socket, 1/2-inch drive","3/4"" | 1/2in",HOUSE_RENDER_FAMILY,production/family_assets/socket_inhex.png,a26e49bba1790cacfd99649f43163e2d5820af23d151230c605976a6c5be5d49,ALL_ROWS,FAMILY_MASTER_REVIEWED_AND_CODE_MAPPED,APPROVED_FAMILY_RENDER,800,800,JPEG,72895,8958b518d16500ade2699cc299ceb594885f92273218956a848235bf3c47ba75,"ONE socket only; six-point black impact finish; correct drive square; hex opening visible ; stamped/labelled sizes readable: 3/4"", 1/2in ; house style holds (dark floor, orange rim glow, item fills ~75%, no text/people/price)",Family render; the catalogue code supplies the exact size/variant where the shared image does not visibly prove that marking.
COATES-K2-ROAD2-649-RETRACTION-RESOLVED-20260806-V2,Coates_K2_Road2_Retraction_Resolved_649_Thumbnails_001.zip,437,2,12DRIVEIMPACTINHEXSOCKET38,12DRIVEIMPACTINHEXSOCKET38.jpg,"Socket - Inhex -3/8""-1/2in Drive",Socket - inhex | Drive 1/2in | Imperial,"black inhex bit socket, 1/2-inch drive","3/8"" | 1/2in",HOUSE_RENDER_FAMILY,production/family_assets/socket_inhex.png,a26e49bba1790cacfd99649f43163e2d5820af23d151230c605976a6c5be5d49,ALL_ROWS,FAMILY_MASTER_REVIEWED_AND_CODE_MAPPED,APPROVED_FAMILY_RENDER,800,800,JPEG,72895,8958b518d16500ade2699cc299ceb594885f92273218956a848235bf3c47ba75,"ONE socket only; six-point black impact finish; correct drive square; hex opening visible ; stamped/labelled sizes readable: 3/8"", 1/2in ; house style holds (dark floor, orange rim glow, item fills ~75%, no text/people/price)",Family render; the catalogue code supplies the exact size/variant where the shared image does not visibly prove that marking.
COATES-K2-ROAD2-649-RETRACTION-RESOLVED-20260806-V2,Coates_K2_Road2_Retraction_Resolved_649_Thumbnails_001.zip,439,2,12DRIVEIMPACTINHEXSOCKET58,12DRIVEIMPACTINHEXSOCKET58.jpg,"Socket - Inhex -5/8""-1/2in Drive",Socket - inhex | Drive 1/2in | Imperial,"black inhex bit socket, 1/2-inch drive","5/8"" | 1/2in",HOUSE_RENDER_FAMILY,production/family_assets/socket_inhex.png,a26e49bba1790cacfd99649f43163e2d5820af23d151230c605976a6c5be5d49,ALL_ROWS,FAMILY_MASTER_REVIEWED_AND_CODE_MAPPED,APPROVED_FAMILY_RENDER,800,800,JPEG,72895,8958b518d16500ade2699cc299ceb594885f92273218956a848235bf3c47ba75,"ONE socket only; six-point black impact finish; correct drive square; hex opening visible ; stamped/labelled sizes readable: 5/8"", 1/2in ; house style holds (dark floor, orange rim glow, item fills ~75%, no text/people/price)",Family render; the catalogue code supplies the exact size/variant where the shared image does not visibly prove that marking.
COATES-K2-ROAD2-649-RETRACTION-RESOLVED-20260806-V2,Coates_K2_Road2_Retraction_Resolved_649_Thumbnails_001.zip,441,2,12DRIVEIMPACTINHEXSOCKET6MM,12DRIVEIMPACTINHEXSOCKET6MM.jpg,Socket - Inhex -6MM-1/2in Drive,Socket - inhex | Drive 1/2in | Mixed,"black inhex bit socket, 1/2-inch drive",1/2in | 6mm,HOUSE_RENDER_FAMILY,production/family_assets/socket_inhex.png,a26e49bba1790cacfd99649f43163e2d5820af23d151230c605976a6c5be5d49,ALL_ROWS,FAMILY_MASTER_REVIEWED_AND_CODE_MAPPED,APPROVED_FAMILY_RENDER,800,800,JPEG,72895,8958b518d16500ade2699cc299ceb594885f92273218956a848235bf3c47ba75,"ONE socket only; six-point black impact finish; correct drive square; hex opening visible ; stamped/labelled sizes readable: 1/2in, 6mm ; house style holds (dark floor, orange rim glow, item fills ~75%, no text/people/price)",Family render; the catalogue code supplies the exact size/variant where the shared image does not visibly prove that marking.
COATES-K2-ROAD2-649-RETRACTION-RESOLVED-20260806-V2,Coates_K2_Road2_Retraction_Resolved_649_Thumbnails_001.zip,443,2,12DRIVEIMPACTINHEXSOCKET716,12DRIVEIMPACTINHEXSOCKET716.jpg,"Socket - Inhex -7/16""-1/2in Drive",Socket - inhex | Drive 1/2in | Imperial,"black inhex bit socket, 1/2-inch drive","7/16"" | 1/2in",HOUSE_RENDER_FAMILY,production/family_assets/socket_inhex.png,a26e49bba1790cacfd99649f43163e2d5820af23d151230c605976a6c5be5d49,ALL_ROWS,FAMILY_MASTER_REVIEWED_AND_CODE_MAPPED,APPROVED_FAMILY_RENDER,800,800,JPEG,72895,8958b518d16500ade2699cc299ceb594885f92273218956a848235bf3c47ba75,"ONE socket only; six-point black impact finish; correct drive square; hex opening visible ; stamped/labelled sizes readable: 7/16"", 1/2in ; house style holds (dark floor, orange rim glow, item fills ~75%, no text/people/price)",Family render; the catalogue code supplies the exact size/variant where the shared image does not visibly prove that marking.
COATES-K2-ROAD2-649-RETRACTION-RESOLVED-20260806-V2,Coates_K2_Road2_Retraction_Resolved_649_Thumbnails_001.zip,445,2,12DRIVEIMPACTINHEXSOCKET7MM,12DRIVEIMPACTINHEXSOCKET7MM.jpg,Socket - Inhex -7MM-1/2in Drive,Socket - inhex | Drive 1/2in | Mixed,"black inhex bit socket, 1/2-inch drive",1/2in | 7mm,HOUSE_RENDER_FAMILY,production/family_assets/socket_inhex.png,a26e49bba1790cacfd99649f43163e2d5820af23d151230c605976a6c5be5d49,ALL_ROWS,FAMILY_MASTER_REVIEWED_AND_CODE_MAPPED,APPROVED_FAMILY_RENDER,800,800,JPEG,72895,8958b518d16500ade2699cc299ceb594885f92273218956a848235bf3c47ba75,"ONE socket only; six-point black impact finish; correct drive square; hex opening visible ; stamped/labelled sizes readable: 1/2in, 7mm ; house style holds (dark floor, orange rim glow, item fills ~75%, no text/people/price)",Family render; the catalogue code supplies the exact size/variant where the shared image does not visibly prove that marking.
COATES-K2-ROAD2-649-RETRACTION-RESOLVED-20260806-V2,Coates_K2_Road2_Retraction_Resolved_649_Thumbnails_001.zip,447,2,12DRIVEIMPACTINHEXSOCKET8MM,12DRIVEIMPACTINHEXSOCKET8MM.jpg,Socket - Inhex -8MM-1/2in Drive,Socket - inhex | Drive 1/2in | Mixed,"black inhex bit socket, 1/2-inch drive",1/2in | 8mm,HOUSE_RENDER_FAMILY,production/family_assets/socket_inhex.png,a26e49bba1790cacfd99649f43163e2d5820af23d151230c605976a6c5be5d49,ALL_ROWS,FAMILY_MASTER_REVIEWED_AND_CODE_MAPPED,APPROVED_FAMILY_RENDER,800,800,JPEG,72895,8958b518d16500ade2699cc299ceb594885f92273218956a848235bf3c47ba75,"ONE socket only; six-point black impact finish; correct drive square; hex opening visible ; stamped/labelled sizes readable: 1/2in, 8mm ; house style holds (dark floor, orange rim glow, item fills ~75%, no text/people/price)",Family render; the catalogue code supplies the exact size/variant where the shared image does not visibly prove that marking.
COATES-K2-ROAD2-649-RETRACTION-RESOLVED-20260806-V2,Coates_K2_Road2_Retraction_Resolved_649_Thumbnails_001.zip,449,2,12DRIVEIMPACTINHEXSOCKET916,12DRIVEIMPACTINHEXSOCKET916.jpg,"Socket - Inhex -9/16""-1/2in Drive",Socket - inhex | Drive 1/2in | Imperial,"black inhex bit socket, 1/2-inch drive","9/16"" | 1/2in",HOUSE_RENDER_FAMILY,production/family_assets/socket_inhex.png,a26e49bba1790cacfd99649f43163e2d5820af23d151230c605976a6c5be5d49,ALL_ROWS,FAMILY_MASTER_REVIEWED_AND_CODE_MAPPED,APPROVED_FAMILY_RENDER,800,800,JPEG,72895,8958b518d16500ade2699cc299ceb594885f92273218956a848235bf3c47ba75,"ONE socket only; six-point black impact finish; correct drive square; hex opening visible ; stamped/labelled sizes readable: 9/16"", 1/2in ; house style holds (dark floor, orange rim glow, item fills ~75%, no text/people/price)",Family render; the catalogue code supplies the exact size/variant where the shared image does not visibly prove that marking.
COATES-K2-ROAD2-649-RETRACTION-RESOLVED-20260806-V2,Coates_K2_Road2_Retraction_Resolved_649_Thumbnails_001.zip,465,2,1316FLATFLOGGINGSPANNER,1316FLATFLOGGINGSPANNER.jpg,"SPANNER SLOGGING RING 13/16"" FLAT ACTION",Spanner - flogging | Flat | Imperial,imperial flat ring flogging spanner,"13/16""",HOUSE_RENDER_FAMILY,production/family_assets/spanner_flogging.png,4f8be63cf85e5ace2044e3bd8e1a9b220145eaa114f8936d04138b707f8cb5b9,ALL_ROWS,FAMILY_MASTER_REVIEWED_AND_CODE_MAPPED,APPROVED_FAMILY_RENDER,800,800,JPEG,80883,9546f4570f70e6117808a68ab826be6727f84a98001fef232deb1aede0141983,"Ring end PLUS square striking anvil (no open jaw); one spanner only ; stamped/labelled sizes readable: 13/16"" ; house style holds (dark floor, orange rim glow, item fills ~75%, no text/people/price)",Family render; the catalogue code supplies the exact size/variant where the shared image does not visibly prove that marking.
COATES-K2-ROAD2-649-RETRACTION-RESOLVED-20260806-V2,Coates_K2_Road2_Retraction_Resolved_649_Thumbnails_001.zip,371,2,14516RATCHETRINGSPANNER,14516RATCHETRINGSPANNER.jpg,"Ratchet Ring Spanner  1/4"" x 5/16""",Spanner - ratchet ring | Imperial,imperial double-ended ratcheting ring spanner,"1/4"" | 5/16""",HOUSE_RENDER_FAMILY,production/family_assets/ratchet_ring_spanner.png,caa3b20c4815c06a0aeeae26432c57d1217a9ac81206d07e51505dea2c839393,ALL_ROWS,FAMILY_MASTER_REVIEWED_AND_CODE_MAPPED,APPROVED_FAMILY_RENDER,800,800,JPEG,81001,c3264b27bb335b533fde8dba540f9f8610edabfec9a8a0e44de8ebad81d283be,"Ratchet mechanism visible in the ring end; both stated sizes apply to its two ends ; stamped/labelled sizes readable: 1/4"", 5/16"" ; house style holds (dark floor, orange rim glow, item fills ~75%, no text/people/price)",Family render; the catalogue code supplies the exact size/variant where the shared image does not visibly prove that marking.
COATES-K2-ROAD2-649-RETRACTION-RESOLVED-20260806-V2,Coates_K2_Road2_Retraction_Resolved_649_Thumbnails_001.zip,455,2,1478SAERATCHETINGRINGSPANNERSET5PIECE,1478SAERATCHETINGRINGSPANNERSET5PIECE.jpg,"SPANNER SET RING 5PC SAE RATCHETIN 1/4-7/8""",Spanner set | Ring | Imperial,imperial five-piece ratcheting ring-spanner set,"7/8""",HOUSE_RENDER_FAMILY,production/family_assets/ratcheting_ring_spanner_set.png,8a9184a7cef70fd1f5abcfb716d2b2f474dea3b517bea9bfb3742b6360949915,ALL_ROWS,FAMILY_MASTER_REVIEWED_AND_CODE_MAPPED,APPROVED_FAMILY_RENDER,800,800,JPEG,79271,0ffa7872b893e0f58a2179c558e6354d7794a9ba3b9bf628ea9c2980326fa4f4,"Spanner type matches the name exactly; one spanner only ; stamped/labelled sizes readable: 7/8"" ; house style holds (dark floor, orange rim glow, item fills ~75%, no text/people/price)",Family render; the catalogue code supplies the exact size/variant where the shared image does not visibly prove that marking.
COATES-K2-ROAD2-649-RETRACTION-RESOLVED-20260806-V2,Coates_K2_Road2_Retraction_Resolved_649_Thumbnails_001.zip,377,2,14MM17MMRATCHETRINGSPANNER,14MM17MMRATCHETRINGSPANNER.jpg,Ratchet Ring Spanner  14MM x 17MM,Spanner - ratchet ring | Metric,metric double-ended ratcheting ring spanner,14mm | 17mm,HOUSE_RENDER_FAMILY,production/family_assets/ratchet_ring_spanner.png,caa3b20c4815c06a0aeeae26432c57d1217a9ac81206d07e51505dea2c839393,ALL_ROWS,FAMILY_MASTER_REVIEWED_AND_CODE_MAPPED,APPROVED_FAMILY_RENDER,800,800,JPEG,81001,c3264b27bb335b533fde8dba540f9f8610edabfec9a8a0e44de8ebad81d283be,"Ratchet mechanism visible in the ring end; both stated sizes apply to its two ends ; stamped/labelled sizes readable: 14mm, 17mm ; house style holds (dark floor, orange rim glow, item fills ~75%, no text/people/price)",Family render; the catalogue code supplies the exact size/variant where the shared image does not visibly prove that marking.
COATES-K2-ROAD2-649-RETRACTION-RESOLVED-20260806-V2,Coates_K2_Road2_Retraction_Resolved_649_Thumbnails_001.zip,457,2,1516FLOGGINGSPANNER,1516FLOGGINGSPANNER.jpg,"SPANNER SLOGGING 15/16"" TYPHOON",Spanner - flogging | Imperial,imperial ring flogging spanner,"15/16""",HOUSE_RENDER_FAMILY,production/family_assets/spanner_flogging.png,4f8be63cf85e5ace2044e3bd8e1a9b220145eaa114f8936d04138b707f8cb5b9,ALL_ROWS,FAMILY_MASTER_REVIEWED_AND_CODE_MAPPED,APPROVED_FAMILY_RENDER,800,800,JPEG,80883,9546f4570f70e6117808a68ab826be6727f84a98001fef232deb1aede0141983,"Ring end PLUS square striking anvil (no open jaw); one spanner only ; stamped/labelled sizes readable: 15/16"" ; house style holds (dark floor, orange rim glow, item fills ~75%, no text/people/price)",Family render; the catalogue code supplies the exact size/variant where the shared image does not visibly prove that marking.
COATES-K2-ROAD2-649-RETRACTION-RESOLVED-20260806-V2,Coates_K2_Road2_Retraction_Resolved_649_Thumbnails_001.zip,379,2,19MM21MMRATCHETRINGSPANNER,19MM21MMRATCHETRINGSPANNER.jpg,Ratchet Ring Spanner  19MM x 21MM,Spanner - ratchet ring | Metric,metric double-ended ratcheting ring spanner,19mm | 21mm,HOUSE_RENDER_FAMILY,production/family_assets/ratchet_ring_spanner.png,caa3b20c4815c06a0aeeae26432c57d1217a9ac81206d07e51505dea2c839393,ALL_ROWS,FAMILY_MASTER_REVIEWED_AND_CODE_MAPPED,APPROVED_FAMILY_RENDER,800,800,JPEG,81001,c3264b27bb335b533fde8dba540f9f8610edabfec9a8a0e44de8ebad81d283be,"Ratchet mechanism visible in the ring end; both stated sizes apply to its two ends ; stamped/labelled sizes readable: 19mm, 21mm ; house style holds (dark floor, orange rim glow, item fills ~75%, no text/people/price)",Family render; the catalogue code supplies the exact size/variant where the shared image does not visibly prove that marking.
COATES-K2-ROAD2-649-RETRACTION-RESOLVED-20260806-V2,Coates_K2_Road2_Retraction_Resolved_649_Thumbnails_001.zip,381,2,3478RATCHETRINGSPANNER,3478RATCHETRINGSPANNER.jpg,"Ratchet Ring Spanner  3/4"" x 7/8""",Spanner - ratchet ring | Imperial,imperial double-ended ratcheting ring spanner,"3/4"" | 7/8""",HOUSE_RENDER_FAMILY,production/family_assets/ratchet_ring_spanner.png,caa3b20c4815c06a0aeeae26432c57d1217a9ac81206d07e51505dea2c839393,ALL_ROWS,FAMILY_MASTER_REVIEWED_AND_CODE_MAPPED,APPROVED_FAMILY_RENDER,800,800,JPEG,81001,c3264b27bb335b533fde8dba540f9f8610edabfec9a8a0e44de8ebad81d283be,"Ratchet mechanism visible in the ring end; both stated sizes apply to its two ends ; stamped/labelled sizes readable: 3/4"", 7/8"" ; house style holds (dark floor, orange rim glow, item fills ~75%, no text/people/price)",Family render; the catalogue code supplies the exact size/variant where the shared image does not visibly prove that marking.
COATES-K2-ROAD2-649-RETRACTION-RESOLVED-20260806-V2,Coates_K2_Road2_Retraction_Resolved_649_Thumbnails_001.zip,407,2,34DRIVEIMPACTINHEXSOCKET1,34DRIVEIMPACTINHEXSOCKET1.jpg,Socket - Inhex - 1in -3/4in Drive,Socket - inhex | Drive 3/4in | Imperial,"black inhex bit socket, 3/4-inch drive",3/4in | 1in,HOUSE_RENDER_FAMILY,production/family_assets/socket_inhex.png,a26e49bba1790cacfd99649f43163e2d5820af23d151230c605976a6c5be5d49,ALL_ROWS,FAMILY_MASTER_REVIEWED_AND_CODE_MAPPED,APPROVED_FAMILY_RENDER,800,800,JPEG,72895,8958b518d16500ade2699cc299ceb594885f92273218956a848235bf3c47ba75,"ONE socket only; six-point black impact finish; correct drive square; hex opening visible ; stamped/labelled sizes readable: 3/4in, 1in ; house style holds (dark floor, orange rim glow, item fills ~75%, no text/people/price)",Family render; the catalogue code supplies the exact size/variant where the shared image does not visibly prove that marking.
COATES-K2-ROAD2-649-RETRACTION-RESOLVED-20260806-V2,Coates_K2_Road2_Retraction_Resolved_649_Thumbnails_001.zip,393,2,34DRIVEIMPACTINHEXSOCKET12,34DRIVEIMPACTINHEXSOCKET12.jpg,Socket - Inhex - 1/2in -3/4in Drive,Socket - inhex | Drive 3/4in | Imperial,"black inhex bit socket, 3/4-inch drive",1/2in | 3/4in,HOUSE_RENDER_FAMILY,production/family_assets/socket_inhex.png,a26e49bba1790cacfd99649f43163e2d5820af23d151230c605976a6c5be5d49,ALL_ROWS,FAMILY_MASTER_REVIEWED_AND_CODE_MAPPED,APPROVED_FAMILY_RENDER,800,800,JPEG,72895,8958b518d16500ade2699cc299ceb594885f92273218956a848235bf3c47ba75,"ONE socket only; six-point black impact finish; correct drive square; hex opening visible ; stamped/labelled sizes readable: 1/2in, 3/4in ; house style holds (dark floor, orange rim glow, item fills ~75%, no text/people/price)",Family render; the catalogue code supplies the exact size/variant where the shared image does not visibly prove that marking.
COATES-K2-ROAD2-649-RETRACTION-RESOLVED-20260806-V2,Coates_K2_Road2_Retraction_Resolved_649_Thumbnails_001.zip,395,2,34DRIVEIMPACTINHEXSOCKET12MM,34DRIVEIMPACTINHEXSOCKET12MM.jpg,Socket - Inhex - 12MM -3/4in Drive,Socket - inhex | Drive 3/4in | Mixed,"black inhex bit socket, 3/4-inch drive",3/4in | 12mm,HOUSE_RENDER_FAMILY,production/family_assets/socket_inhex.png,a26e49bba1790cacfd99649f43163e2d5820af23d151230c605976a6c5be5d49,ALL_ROWS,FAMILY_MASTER_REVIEWED_AND_CODE_MAPPED,APPROVED_FAMILY_RENDER,800,800,JPEG,72895,8958b518d16500ade2699cc299ceb594885f92273218956a848235bf3c47ba75,"ONE socket only; six-point black impact finish; correct drive square; hex opening visible ; stamped/labelled sizes readable: 3/4in, 12mm ; house style holds (dark floor, orange rim glow, item fills ~75%, no text/people/price)",Family render; the catalogue code supplies the exact size/variant where the shared image does not visibly prove that marking.
COATES-K2-ROAD2-649-RETRACTION-RESOLVED-20260806-V2,Coates_K2_Road2_Retraction_Resolved_649_Thumbnails_001.zip,397,2,34DRIVEIMPACTINHEXSOCKET14MM,34DRIVEIMPACTINHEXSOCKET14MM.jpg,Socket - Inhex - 14MM -3/4in Drive,Socket - inhex | Drive 3/4in | Mixed,"black inhex bit socket, 3/4-inch drive",3/4in | 14mm,HOUSE_RENDER_FAMILY,production/family_assets/socket_inhex.png,a26e49bba1790cacfd99649f43163e2d5820af23d151230c605976a6c5be5d49,ALL_ROWS,FAMILY_MASTER_REVIEWED_AND_CODE_MAPPED,APPROVED_FAMILY_RENDER,800,800,JPEG,72895,8958b518d16500ade2699cc299ceb594885f92273218956a848235bf3c47ba75,"ONE socket only; six-point black impact finish; correct drive square; hex opening visible ; stamped/labelled sizes readable: 3/4in, 14mm ; house style holds (dark floor, orange rim glow, item fills ~75%, no text/people/price)",Family render; the catalogue code supplies the exact size/variant where the shared image does not visibly prove that marking.
COATES-K2-ROAD2-649-RETRACTION-RESOLVED-20260806-V2,Coates_K2_Road2_Retraction_Resolved_649_Thumbnails_001.zip,401,2,34DRIVEIMPACTINHEXSOCKET17MM,34DRIVEIMPACTINHEXSOCKET17MM.jpg,Socket - Inhex - 17MM -3/4in Drive,Socket - inhex | Drive 3/4in | Mixed,"black inhex bit socket, 3/4-inch drive",3/4in | 17mm,HOUSE_RENDER_FAMILY,production/family_assets/socket_inhex.png,a26e49bba1790cacfd99649f43163e2d5820af23d151230c605976a6c5be5d49,ALL_ROWS,FAMILY_MASTER_REVIEWED_AND_CODE_MAPPED,APPROVED_FAMILY_RENDER,800,800,JPEG,72895,8958b518d16500ade2699cc299ceb594885f92273218956a848235bf3c47ba75,"ONE socket only; six-point black impact finish; correct drive square; hex opening visible ; stamped/labelled sizes readable: 3/4in, 17mm ; house style holds (dark floor, orange rim glow, item fills ~75%, no text/people/price)",Family render; the catalogue code supplies the exact size/variant where the shared image does not visibly prove that marking.
COATES-K2-ROAD2-649-RETRACTION-RESOLVED-20260806-V2,Coates_K2_Road2_Retraction_Resolved_649_Thumbnails_001.zip,405,2,34DRIVEIMPACTINHEXSOCKET19MM,34DRIVEIMPACTINHEXSOCKET19MM.jpg,Socket - Inhex - 19MM -3/4in Drive,Socket - inhex | Drive 3/4in | Mixed,"black inhex bit socket, 3/4-inch drive",3/4in | 19mm,HOUSE_RENDER_FAMILY,production/family_assets/socket_inhex.png,a26e49bba1790cacfd99649f43163e2d5820af23d151230c605976a6c5be5d49,ALL_ROWS,FAMILY_MASTER_REVIEWED_AND_CODE_MAPPED,APPROVED_FAMILY_RENDER,800,800,JPEG,72895,8958b518d16500ade2699cc299ceb594885f92273218956a848235bf3c47ba75,"ONE socket only; six-point black impact finish; correct drive square; hex opening visible ; stamped/labelled sizes readable: 3/4in, 19mm ; house style holds (dark floor, orange rim glow, item fills ~75%, no text/people/price)",Family render; the catalogue code supplies the exact size/variant where the shared image does not visibly prove that marking.
COATES-K2-ROAD2-649-RETRACTION-RESOLVED-20260806-V2,Coates_K2_Road2_Retraction_Resolved_649_Thumbnails_001.zip,409,2,34DRIVEIMPACTINHEXSOCKET22MM,34DRIVEIMPACTINHEXSOCKET22MM.jpg,Socket - Inhex - 22MM -3/4in Drive,Socket - inhex | Drive 3/4in | Mixed,"black inhex bit socket, 3/4-inch drive",3/4in | 22mm,HOUSE_RENDER_FAMILY,production/family_assets/socket_inhex.png,a26e49bba1790cacfd99649f43163e2d5820af23d151230c605976a6c5be5d49,ALL_ROWS,FAMILY_MASTER_REVIEWED_AND_CODE_MAPPED,APPROVED_FAMILY_RENDER,800,800,JPEG,72895,8958b518d16500ade2699cc299ceb594885f92273218956a848235bf3c47ba75,"ONE socket only; six-point black impact finish; correct drive square; hex opening visible ; stamped/labelled sizes readable: 3/4in, 22mm ; house style holds (dark floor, orange rim glow, item fills ~75%, no text/people/price)",Family render; the catalogue code supplies the exact size/variant where the shared image does not visibly prove that marking.
COATES-K2-ROAD2-649-RETRACTION-RESOLVED-20260806-V2,Coates_K2_Road2_Retraction_Resolved_649_Thumbnails_001.zip,411,2,34DRIVEIMPACTINHEXSOCKET24MM,34DRIVEIMPACTINHEXSOCKET24MM.jpg,Socket - Inhex - 24MM -3/4in Drive,Socket - inhex | Drive 3/4in | Mixed,"black inhex bit socket, 3/4-inch drive",3/4in | 24mm,HOUSE_RENDER_FAMILY,production/family_assets/socket_inhex.png,a26e49bba1790cacfd99649f43163e2d5820af23d151230c605976a6c5be5d49,ALL_ROWS,FAMILY_MASTER_REVIEWED_AND_CODE_MAPPED,APPROVED_FAMILY_RENDER,800,800,JPEG,72895,8958b518d16500ade2699cc299ceb594885f92273218956a848235bf3c47ba75,"ONE socket only; six-point black impact finish; correct drive square; hex opening visible ; stamped/labelled sizes readable: 3/4in, 24mm ; house style holds (dark floor, orange rim glow, item fills ~75%, no text/people/price)",Family render; the catalogue code supplies the exact size/variant where the shared image does not visibly prove that marking.
COATES-K2-ROAD2-649-RETRACTION-RESOLVED-20260806-V2,Coates_K2_Road2_Retraction_Resolved_649_Thumbnails_001.zip,413,2,34DRIVEIMPACTINHEXSOCKET34,34DRIVEIMPACTINHEXSOCKET34.jpg,Socket - Inhex - 3/4in -3/4in Drive,Socket - inhex | Drive 3/4in | Imperial,"black inhex bit socket, 3/4-inch drive",3/4in,HOUSE_RENDER_FAMILY,production/family_assets/socket_inhex.png,a26e49bba1790cacfd99649f43163e2d5820af23d151230c605976a6c5be5d49,ALL_ROWS,FAMILY_MASTER_REVIEWED_AND_CODE_MAPPED,APPROVED_FAMILY_RENDER,800,800,JPEG,72895,8958b518d16500ade2699cc299ceb594885f92273218956a848235bf3c47ba75,"ONE socket only; six-point black impact finish; correct drive square; hex opening visible ; stamped/labelled sizes readable: 3/4in ; house style holds (dark floor, orange rim glow, item fills ~75%, no text/people/price)",Family render; the catalogue code supplies the exact size/variant where the shared image does not visibly prove that marking.
COATES-K2-ROAD2-649-RETRACTION-RESOLVED-20260806-V2,Coates_K2_Road2_Retraction_Resolved_649_Thumbnails_001.zip,415,2,34DRIVEIMPACTINHEXSOCKET58,34DRIVEIMPACTINHEXSOCKET58.jpg,Socket - Inhex - 5/8in -3/4in Drive,Socket - inhex | Drive 3/4in | Imperial,"black inhex bit socket, 3/4-inch drive",5/8in | 3/4in,HOUSE_RENDER_FAMILY,production/family_assets/socket_inhex.png,a26e49bba1790cacfd99649f43163e2d5820af23d151230c605976a6c5be5d49,ALL_ROWS,FAMILY_MASTER_REVIEWED_AND_CODE_MAPPED,APPROVED_FAMILY_RENDER,800,800,JPEG,72895,8958b518d16500ade2699cc299ceb594885f92273218956a848235bf3c47ba75,"ONE socket only; six-point black impact finish; correct drive square; hex opening visible ; stamped/labelled sizes readable: 5/8in, 3/4in ; house style holds (dark floor, orange rim glow, item fills ~75%, no text/people/price)",Family render; the catalogue code supplies the exact size/variant where the shared image does not visibly prove that marking.
COATES-K2-ROAD2-649-RETRACTION-RESOLVED-20260806-V2,Coates_K2_Road2_Retraction_Resolved_649_Thumbnails_001.zip,417,2,34DRIVEIMPACTINHEXSOCKET78,34DRIVEIMPACTINHEXSOCKET78.jpg,Socket - Inhex - 7/8in -3/4in Drive,Socket - inhex | Drive 3/4in | Imperial,"black inhex bit socket, 3/4-inch drive",7/8in | 3/4in,HOUSE_RENDER_FAMILY,production/family_assets/socket_inhex.png,a26e49bba1790cacfd99649f43163e2d5820af23d151230c605976a6c5be5d49,ALL_ROWS,FAMILY_MASTER_REVIEWED_AND_CODE_MAPPED,APPROVED_FAMILY_RENDER,800,800,JPEG,72895,8958b518d16500ade2699cc299ceb594885f92273218956a848235bf3c47ba75,"ONE socket only; six-point black impact finish; correct drive square; hex opening visible ; stamped/labelled sizes readable: 7/8in, 3/4in ; house style holds (dark floor, orange rim glow, item fills ~75%, no text/people/price)",Family render; the catalogue code supplies the exact size/variant where the shared image does not visibly prove that marking.
COATES-K2-ROAD2-649-RETRACTION-RESOLVED-20260806-V2,Coates_K2_Road2_Retraction_Resolved_649_Thumbnails_001.zip,419,2,34DRIVEIMPACTINHEXSOCKET916,34DRIVEIMPACTINHEXSOCKET916.jpg,Socket - Inhex - 9/16in -3/4in Drive,Socket - inhex | Drive 3/4in | Imperial,"black inhex bit socket, 3/4-inch drive",9/16in | 3/4in,HOUSE_RENDER_FAMILY,production/family_assets/socket_inhex.png,a26e49bba1790cacfd99649f43163e2d5820af23d151230c605976a6c5be5d49,ALL_ROWS,FAMILY_MASTER_REVIEWED_AND_CODE_MAPPED,APPROVED_FAMILY_RENDER,800,800,JPEG,72895,8958b518d16500ade2699cc299ceb594885f92273218956a848235bf3c47ba75,"ONE socket only; six-point black impact finish; correct drive square; hex opening visible ; stamped/labelled sizes readable: 9/16in, 3/4in ; house style holds (dark floor, orange rim glow, item fills ~75%, no text/people/price)",Family render; the catalogue code supplies the exact size/variant where the shared image does not visibly prove that marking.
COATES-K2-ROAD2-649-RETRACTION-RESOLVED-20260806-V2,Coates_K2_Road2_Retraction_Resolved_649_Thumbnails_001.zip,490,2,34MMSPANNER,34MMSPANNER.jpg,SPANNER 34MM,Spanner - other | Metric,single hand spanner matching the named end profile,34mm,HOUSE_RENDER_FAMILY,production/family_assets/large_open_end_spanner.png,d160c3c04ff54d6d11d063105118d63700cc0412027ba9df0e2c9d3216ce38f6,ALL_ROWS,FAMILY_MASTER_REVIEWED_AND_CODE_MAPPED,APPROVED_FAMILY_RENDER,800,800,JPEG,78438,c4ff0a7051801c69bba9ce27aaf72a5c0474790a55e849329421b02808544732,"Spanner type matches the name exactly; one spanner only ; stamped/labelled sizes readable: 34mm ; house style holds (dark floor, orange rim glow, item fills ~75%, no text/people/price)",Family render; the catalogue code supplies the exact size/variant where the shared image does not visibly prove that marking.
COATES-K2-ROAD2-649-RETRACTION-RESOLVED-20260806-V2,Coates_K2_Road2_Retraction_Resolved_649_Thumbnails_001.zip,383,2,38716RATCHETRINGSPANNER,38716RATCHETRINGSPANNER.jpg,"Ratchet Ring Spanner  3/8"" x 7/16""",Spanner - ratchet ring | Imperial,imperial double-ended ratcheting ring spanner,"3/8"" | 7/16""",HOUSE_RENDER_FAMILY,production/family_assets/ratchet_ring_spanner.png,caa3b20c4815c06a0aeeae26432c57d1217a9ac81206d07e51505dea2c839393,ALL_ROWS,FAMILY_MASTER_REVIEWED_AND_CODE_MAPPED,APPROVED_FAMILY_RENDER,800,800,JPEG,81001,c3264b27bb335b533fde8dba540f9f8610edabfec9a8a0e44de8ebad81d283be,"Ratchet mechanism visible in the ring end; both stated sizes apply to its two ends ; stamped/labelled sizes readable: 3/8"", 7/16"" ; house style holds (dark floor, orange rim glow, item fills ~75%, no text/people/price)",Family render; the catalogue code supplies the exact size/variant where the shared image does not visibly prove that marking.
COATES-K2-ROAD2-649-RETRACTION-RESOLVED-20260806-V2,Coates_K2_Road2_Retraction_Resolved_649_Thumbnails_001.zip,459,2,40MMFLOGGINGSPANNER,40MMFLOGGINGSPANNER.jpg,SPANNER SLOGGING 40MM TYPHOON,Spanner - flogging | Metric,metric ring flogging spanner,40mm,HOUSE_RENDER_FAMILY,production/family_assets/spanner_flogging.png,4f8be63cf85e5ace2044e3bd8e1a9b220145eaa114f8936d04138b707f8cb5b9,ALL_ROWS,FAMILY_MASTER_REVIEWED_AND_CODE_MAPPED,APPROVED_FAMILY_RENDER,800,800,JPEG,80883,9546f4570f70e6117808a68ab826be6727f84a98001fef232deb1aede0141983,"Ring end PLUS square striking anvil (no open jaw); one spanner only ; stamped/labelled sizes readable: 40mm ; house style holds (dark floor, orange rim glow, item fills ~75%, no text/people/price)",Family render; the catalogue code supplies the exact size/variant where the shared image does not visibly prove that marking.
COATES-K2-ROAD2-649-RETRACTION-RESOLVED-20260806-V2,Coates_K2_Road2_Retraction_Resolved_649_Thumbnails_001.zip,461,2,49MMFLOGGINGSPANNER,49MMFLOGGINGSPANNER.jpg,SPANNER SLOGGING 49MM ULTIMATE,Spanner - flogging | Metric,metric ring flogging spanner,49mm,HOUSE_RENDER_FAMILY,production/family_assets/spanner_flogging.png,4f8be63cf85e5ace2044e3bd8e1a9b220145eaa114f8936d04138b707f8cb5b9,ALL_ROWS,FAMILY_MASTER_REVIEWED_AND_CODE_MAPPED,APPROVED_FAMILY_RENDER,800,800,JPEG,80883,9546f4570f70e6117808a68ab826be6727f84a98001fef232deb1aede0141983,"Ring end PLUS square striking anvil (no open jaw); one spanner only ; stamped/labelled sizes readable: 49mm ; house style holds (dark floor, orange rim glow, item fills ~75%, no text/people/price)",Family render; the catalogue code supplies the exact size/variant where the shared image does not visibly prove that marking.
COATES-K2-ROAD2-649-RETRACTION-RESOLVED-20260806-V2,Coates_K2_Road2_Retraction_Resolved_649_Thumbnails_001.zip,385,2,581116RATCHETRINGSPANNER,581116RATCHETRINGSPANNER.jpg,"Ratchet Ring Spanner  5/8"" x 11/16""",Spanner - ratchet ring | Imperial,imperial double-ended ratcheting ring spanner,"5/8"" | 11/16""",HOUSE_RENDER_FAMILY,production/family_assets/ratchet_ring_spanner.png,caa3b20c4815c06a0aeeae26432c57d1217a9ac81206d07e51505dea2c839393,ALL_ROWS,FAMILY_MASTER_REVIEWED_AND_CODE_MAPPED,APPROVED_FAMILY_RENDER,800,800,JPEG,81001,c3264b27bb335b533fde8dba540f9f8610edabfec9a8a0e44de8ebad81d283be,"Ratchet mechanism visible in the ring end; both stated sizes apply to its two ends ; stamped/labelled sizes readable: 5/8"", 11/16"" ; house style holds (dark floor, orange rim glow, item fills ~75%, no text/people/price)",Family render; the catalogue code supplies the exact size/variant where the shared image does not visibly prove that marking.
COATES-K2-ROAD2-649-RETRACTION-RESOLVED-20260806-V2,Coates_K2_Road2_Retraction_Resolved_649_Thumbnails_001.zip,463,2,58MMFLATFLOGGINGSPANNER,58MMFLATFLOGGINGSPANNER.jpg,SPANNER SLOGGING FLAT RING METRIC 58MM ITM,Spanner - flogging | Flat | Metric,metric flat ring flogging spanner,58mm,HOUSE_RENDER_FAMILY,production/family_assets/spanner_flogging.png,4f8be63cf85e5ace2044e3bd8e1a9b220145eaa114f8936d04138b707f8cb5b9,ALL_ROWS,FAMILY_MASTER_REVIEWED_AND_CODE_MAPPED,APPROVED_FAMILY_RENDER,800,800,JPEG,80883,9546f4570f70e6117808a68ab826be6727f84a98001fef232deb1aede0141983,"Ring end PLUS square striking anvil (no open jaw); one spanner only ; stamped/labelled sizes readable: 58mm ; house style holds (dark floor, orange rim glow, item fills ~75%, no text/people/price)",Family render; the catalogue code supplies the exact size/variant where the shared image does not visibly prove that marking.
COATES-K2-ROAD2-649-RETRACTION-RESOLVED-20260806-V2,Coates_K2_Road2_Retraction_Resolved_649_Thumbnails_001.zip,453,2,621MMMETRICRATCHETINGRINGSPANNERSET5PIEC,621MMMETRICRATCHETINGRINGSPANNERSET5PIEC.jpg,SPANNER SET RING 5PC MET RATCHETING 6-21MM,Spanner set | Ring | Metric,metric five-piece ratcheting ring-spanner set,21mm,HOUSE_RENDER_FAMILY,production/family_assets/ratcheting_ring_spanner_set.png,8a9184a7cef70fd1f5abcfb716d2b2f474dea3b517bea9bfb3742b6360949915,ALL_ROWS,FAMILY_MASTER_REVIEWED_AND_CODE_MAPPED,APPROVED_FAMILY_RENDER,800,800,JPEG,79271,0ffa7872b893e0f58a2179c558e6354d7794a9ba3b9bf628ea9c2980326fa4f4,"Spanner type matches the name exactly; one spanner only ; stamped/labelled sizes readable: 21mm ; house style holds (dark floor, orange rim glow, item fills ~75%, no text/people/price)",Family render; the catalogue code supplies the exact size/variant where the shared image does not visibly prove that marking.
COATES-K2-ROAD2-649-RETRACTION-RESOLVED-20260806-V2,Coates_K2_Road2_Retraction_Resolved_649_Thumbnails_001.zip,387,2,6MM8MMRATCHETRINGSPANNER,6MM8MMRATCHETRINGSPANNER.jpg,Ratchet Ring Spanner  6MM x 8MM,Spanner - ratchet ring | Metric,metric double-ended ratcheting ring spanner,6mm | 8mm,HOUSE_RENDER_FAMILY,production/family_assets/ratchet_ring_spanner.png,caa3b20c4815c06a0aeeae26432c57d1217a9ac81206d07e51505dea2c839393,ALL_ROWS,FAMILY_MASTER_REVIEWED_AND_CODE_MAPPED,APPROVED_FAMILY_RENDER,800,800,JPEG,81001,c3264b27bb335b533fde8dba540f9f8610edabfec9a8a0e44de8ebad81d283be,"Ratchet mechanism visible in the ring end; both stated sizes apply to its two ends ; stamped/labelled sizes readable: 6mm, 8mm ; house style holds (dark floor, orange rim glow, item fills ~75%, no text/people/price)",Family render; the catalogue code supplies the exact size/variant where the shared image does not visibly prove that marking.
COATES-K2-ROAD2-649-RETRACTION-RESOLVED-20260806-V2,Coates_K2_Road2_Retraction_Resolved_649_Thumbnails_001.zip,517,2,ALLENKEYMET12MM,ALLENKEYMET12MM.jpg,Allen Key Metric - 12mm,Allen key | Single | Metric,single L-shaped hex key,12mm,HOUSE_RENDER_FAMILY,production/family_assets/allen_key.png,12dc12b4518b8e72d6ea0e3c4085cb279bdf433a038b445ec4bfeab9168dc3fa,ALL_ROWS,FAMILY_MASTER_REVIEWED_AND_CODE_MAPPED,APPROVED_FAMILY_RENDER,800,800,JPEG,75564,0f4c95100058e3da9a42305cf896f6e945493f7cd940cd43d962c3fd9f2bf52c,"Tool type unmistakable; working end sharp in the light ; stamped/labelled sizes readable: 12mm ; house style holds (dark floor, orange rim glow, item fills ~75%, no text/people/price)",Family render; the catalogue code supplies the exact size/variant where the shared image does not visibly prove that marking.
COATES-K2-ROAD2-649-RETRACTION-RESOLVED-20260806-V2,Coates_K2_Road2_Retraction_Resolved_649_Thumbnails_001.zip,518,2,ALLENKEYMET14MM,ALLENKEYMET14MM.jpg,Allen Key Metric - 14mm,Allen key | Single | Metric,single L-shaped hex key,14mm,HOUSE_RENDER_FAMILY,production/family_assets/allen_key.png,12dc12b4518b8e72d6ea0e3c4085cb279bdf433a038b445ec4bfeab9168dc3fa,ALL_ROWS,FAMILY_MASTER_REVIEWED_AND_CODE_MAPPED,APPROVED_FAMILY_RENDER,800,800,JPEG,75564,0f4c95100058e3da9a42305cf896f6e945493f7cd940cd43d962c3fd9f2bf52c,"Tool type unmistakable; working end sharp in the light ; stamped/labelled sizes readable: 14mm ; house style holds (dark floor, orange rim glow, item fills ~75%, no text/people/price)",Family render; the catalogue code supplies the exact size/variant where the shared image does not visibly prove that marking.
COATES-K2-ROAD2-649-RETRACTION-RESOLVED-20260806-V2,Coates_K2_Road2_Retraction_Resolved_649_Thumbnails_001.zip,519,2,ALLENKEYMET17MM,ALLENKEYMET17MM.jpg,Allen Key Metric - 17mm,Allen key | Single | Metric,single L-shaped hex key,17mm,HOUSE_RENDER_FAMILY,production/family_assets/allen_key.png,12dc12b4518b8e72d6ea0e3c4085cb279bdf433a038b445ec4bfeab9168dc3fa,ALL_ROWS,FAMILY_MASTER_REVIEWED_AND_CODE_MAPPED,APPROVED_FAMILY_RENDER,800,800,JPEG,75564,0f4c95100058e3da9a42305cf896f6e945493f7cd940cd43d962c3fd9f2bf52c,"Tool type unmistakable; working end sharp in the light ; stamped/labelled sizes readable: 17mm ; house style holds (dark floor, orange rim glow, item fills ~75%, no text/people/price)",Family render; the catalogue code supplies the exact size/variant where the shared image does not visibly prove that marking.
COATES-K2-ROAD2-649-RETRACTION-RESOLVED-20260806-V2,Coates_K2_Road2_Retraction_Resolved_649_Thumbnails_001.zip,520,2,ALLENKEYMET19MM,ALLENKEYMET19MM.jpg,Allen Key Metric - 19mm,Allen key | Single | Metric,single L-shaped hex key,19mm,HOUSE_RENDER_FAMILY,production/family_assets/allen_key.png,12dc12b4518b8e72d6ea0e3c4085cb279bdf433a038b445ec4bfeab9168dc3fa,ALL_ROWS,FAMILY_MASTER_REVIEWED_AND_CODE_MAPPED,APPROVED_FAMILY_RENDER,800,800,JPEG,75564,0f4c95100058e3da9a42305cf896f6e945493f7cd940cd43d962c3fd9f2bf52c,"Tool type unmistakable; working end sharp in the light ; stamped/labelled sizes readable: 19mm ; house style holds (dark floor, orange rim glow, item fills ~75%, no text/people/price)",Family render; the catalogue code supplies the exact size/variant where the shared image does not visibly prove that marking.
COATES-K2-ROAD2-649-RETRACTION-RESOLVED-20260806-V2,Coates_K2_Road2_Retraction_Resolved_649_Thumbnails_001.zip,521,2,ALLENKEYMET24MM,ALLENKEYMET24MM.jpg,Allen Key Metric - 24mm,Allen key | Single | Metric,single L-shaped hex key,24mm,HOUSE_RENDER_FAMILY,production/family_assets/allen_key.png,12dc12b4518b8e72d6ea0e3c4085cb279bdf433a038b445ec4bfeab9168dc3fa,ALL_ROWS,FAMILY_MASTER_REVIEWED_AND_CODE_MAPPED,APPROVED_FAMILY_RENDER,800,800,JPEG,75564,0f4c95100058e3da9a42305cf896f6e945493f7cd940cd43d962c3fd9f2bf52c,"Tool type unmistakable; working end sharp in the light ; stamped/labelled sizes readable: 24mm ; house style holds (dark floor, orange rim glow, item fills ~75%, no text/people/price)",Family render; the catalogue code supplies the exact size/variant where the shared image does not visibly prove that marking.
COATES-K2-ROAD2-649-RETRACTION-RESOLVED-20260806-V2,Coates_K2_Road2_Retraction_Resolved_649_Thumbnails_001.zip,266,2,BIMETALCOBALTHOLESAW19MM,BIMETALCOBALTHOLESAW19MM.jpg,Bi Metal Cobalt Holesaw-19MM,Holesaw | Metric,bimetal cobalt cup holesaw,19mm,HOUSE_RENDER_FAMILY,production/family_assets/holesaw.png,fa595b40641cfab0378da48611b0636dda7109dd3f8ec49d3fc5c62c676f144a,ALL_ROWS,FAMILY_MASTER_REVIEWED_AND_CODE_MAPPED,APPROVED_FAMILY_RENDER,800,800,JPEG,80053,107300b123b8e94a04a5d8403683b11ae02fa85bfe46f5b72c3494b8508997ac,"Tooth ring sharp in the light; diameter stamp legible ; stamped/labelled sizes readable: 19mm ; house style holds (dark floor, orange rim glow, item fills ~75%, no text/people/price)",Family render; the catalogue code supplies the exact size/variant where the shared image does not visibly prove that marking.
COATES-K2-ROAD2-649-RETRACTION-RESOLVED-20260806-V2,Coates_K2_Road2_Retraction_Resolved_649_Thumbnails_001.zip,268,2,BIMETALCOBALTHOLESAW22MM,BIMETALCOBALTHOLESAW22MM.jpg,Bi Metal Cobalt Holesaw-22MM,Holesaw | Metric,bimetal cobalt cup holesaw,22mm,HOUSE_RENDER_FAMILY,production/family_assets/holesaw.png,fa595b40641cfab0378da48611b0636dda7109dd3f8ec49d3fc5c62c676f144a,ALL_ROWS,FAMILY_MASTER_REVIEWED_AND_CODE_MAPPED,APPROVED_FAMILY_RENDER,800,800,JPEG,80053,107300b123b8e94a04a5d8403683b11ae02fa85bfe46f5b72c3494b8508997ac,"Tooth ring sharp in the light; diameter stamp legible ; stamped/labelled sizes readable: 22mm ; house style holds (dark floor, orange rim glow, item fills ~75%, no text/people/price)",Family render; the catalogue code supplies the exact size/variant where the shared image does not visibly prove that marking.
COATES-K2-ROAD2-649-RETRACTION-RESOLVED-20260806-V2,Coates_K2_Road2_Retraction_Resolved_649_Thumbnails_001.zip,270,2,BIMETALCOBALTHOLESAW25MM,BIMETALCOBALTHOLESAW25MM.jpg,Bi Metal Cobalt Holesaw-25MM,Holesaw | Metric,bimetal cobalt cup holesaw,25mm,HOUSE_RENDER_FAMILY,production/family_assets/holesaw.png,fa595b40641cfab0378da48611b0636dda7109dd3f8ec49d3fc5c62c676f144a,ALL_ROWS,FAMILY_MASTER_REVIEWED_AND_CODE_MAPPED,APPROVED_FAMILY_RENDER,800,800,JPEG,80053,107300b123b8e94a04a5d8403683b11ae02fa85bfe46f5b72c3494b8508997ac,"Tooth ring sharp in the light; diameter stamp legible ; stamped/labelled sizes readable: 25mm ; house style holds (dark floor, orange rim glow, item fills ~75%, no text/people/price)",Family render; the catalogue code supplies the exact size/variant where the shared image does not visibly prove that marking.
COATES-K2-ROAD2-649-RETRACTION-RESOLVED-20260806-V2,Coates_K2_Road2_Retraction_Resolved_649_Thumbnails_001.zip,272,2,BIMETALCOBALTHOLESAW32MM,BIMETALCOBALTHOLESAW32MM.jpg,Bi Metal Cobalt Holesaw-32MM,Holesaw | Metric,bimetal cobalt cup holesaw,32mm,HOUSE_RENDER_FAMILY,production/family_assets/holesaw.png,fa595b40641cfab0378da48611b0636dda7109dd3f8ec49d3fc5c62c676f144a,ALL_ROWS,FAMILY_MASTER_REVIEWED_AND_CODE_MAPPED,APPROVED_FAMILY_RENDER,800,800,JPEG,80053,107300b123b8e94a04a5d8403683b11ae02fa85bfe46f5b72c3494b8508997ac,"Tooth ring sharp in the light; diameter stamp legible ; stamped/labelled sizes readable: 32mm ; house style holds (dark floor, orange rim glow, item fills ~75%, no text/people/price)",Family render; the catalogue code supplies the exact size/variant where the shared image does not visibly prove that marking.
COATES-K2-ROAD2-649-RETRACTION-RESOLVED-20260806-V2,Coates_K2_Road2_Retraction_Resolved_649_Thumbnails_001.zip,274,2,BIMETALCOBALTHOLESAW35MM,BIMETALCOBALTHOLESAW35MM.jpg,Bi Metal Cobalt Holesaw-35MM,Holesaw | Metric,bimetal cobalt cup holesaw,35mm,HOUSE_RENDER_FAMILY,production/family_assets/holesaw.png,fa595b40641cfab0378da48611b0636dda7109dd3f8ec49d3fc5c62c676f144a,ALL_ROWS,FAMILY_MASTER_REVIEWED_AND_CODE_MAPPED,APPROVED_FAMILY_RENDER,800,800,JPEG,80053,107300b123b8e94a04a5d8403683b11ae02fa85bfe46f5b72c3494b8508997ac,"Tooth ring sharp in the light; diameter stamp legible ; stamped/labelled sizes readable: 35mm ; house style holds (dark floor, orange rim glow, item fills ~75%, no text/people/price)",Family render; the catalogue code supplies the exact size/variant where the shared image does not visibly prove that marking.
COATES-K2-ROAD2-649-RETRACTION-RESOLVED-20260806-V2,Coates_K2_Road2_Retraction_Resolved_649_Thumbnails_001.zip,276,2,BIMETALCOBALTHOLESAW38MM,BIMETALCOBALTHOLESAW38MM.jpg,Bi Metal Cobalt Holesaw-38MM,Holesaw | Metric,bimetal cobalt cup holesaw,38mm,HOUSE_RENDER_FAMILY,production/family_assets/holesaw.png,fa595b40641cfab0378da48611b0636dda7109dd3f8ec49d3fc5c62c676f144a,ALL_ROWS,FAMILY_MASTER_REVIEWED_AND_CODE_MAPPED,APPROVED_FAMILY_RENDER,800,800,JPEG,80053,107300b123b8e94a04a5d8403683b11ae02fa85bfe46f5b72c3494b8508997ac,"Tooth ring sharp in the light; diameter stamp legible ; stamped/labelled sizes readable: 38mm ; house style holds (dark floor, orange rim glow, item fills ~75%, no text/people/price)",Family render; the catalogue code supplies the exact size/variant where the shared image does not visibly prove that marking.
COATES-K2-ROAD2-649-RETRACTION-RESOLVED-20260806-V2,Coates_K2_Road2_Retraction_Resolved_649_Thumbnails_001.zip,278,2,BIMETALCOBALTHOLESAW44MM,BIMETALCOBALTHOLESAW44MM.jpg,Bi Metal Cobalt Holesaw-44MM,Holesaw | Metric,bimetal cobalt cup holesaw,44mm,HOUSE_RENDER_FAMILY,production/family_assets/holesaw.png,fa595b40641cfab0378da48611b0636dda7109dd3f8ec49d3fc5c62c676f144a,ALL_ROWS,FAMILY_MASTER_REVIEWED_AND_CODE_MAPPED,APPROVED_FAMILY_RENDER,800,800,JPEG,80053,107300b123b8e94a04a5d8403683b11ae02fa85bfe46f5b72c3494b8508997ac,"Tooth ring sharp in the light; diameter stamp legible ; stamped/labelled sizes readable: 44mm ; house style holds (dark floor, orange rim glow, item fills ~75%, no text/people/price)",Family render; the catalogue code supplies the exact size/variant where the shared image does not visibly prove that marking.
COATES-K2-ROAD2-649-RETRACTION-RESOLVED-20260806-V2,Coates_K2_Road2_Retraction_Resolved_649_Thumbnails_001.zip,280,2,BIMETALCOBALTHOLESAW51MM,BIMETALCOBALTHOLESAW51MM.jpg,Bi Metal Cobalt Holesaw-51MM,Holesaw | Metric,bimetal cobalt cup holesaw,51mm,HOUSE_RENDER_FAMILY,production/family_assets/holesaw.png,fa595b40641cfab0378da48611b0636dda7109dd3f8ec49d3fc5c62c676f144a,ALL_ROWS,FAMILY_MASTER_REVIEWED_AND_CODE_MAPPED,APPROVED_FAMILY_RENDER,800,800,JPEG,80053,107300b123b8e94a04a5d8403683b11ae02fa85bfe46f5b72c3494b8508997ac,"Tooth ring sharp in the light; diameter stamp legible ; stamped/labelled sizes readable: 51mm ; house style holds (dark floor, orange rim glow, item fills ~75%, no text/people/price)",Family render; the catalogue code supplies the exact size/variant where the shared image does not visibly prove that marking.
COATES-K2-ROAD2-649-RETRACTION-RESOLVED-20260806-V2,Coates_K2_Road2_Retraction_Resolved_649_Thumbnails_001.zip,282,2,BIMETALCOBALTHOLESAW54MM,BIMETALCOBALTHOLESAW54MM.jpg,Bi Metal Cobalt Holesaw-54MM,Holesaw | Metric,bimetal cobalt cup holesaw,54mm,HOUSE_RENDER_FAMILY,production/family_assets/holesaw.png,fa595b40641cfab0378da48611b0636dda7109dd3f8ec49d3fc5c62c676f144a,ALL_ROWS,FAMILY_MASTER_REVIEWED_AND_CODE_MAPPED,APPROVED_FAMILY_RENDER,800,800,JPEG,80053,107300b123b8e94a04a5d8403683b11ae02fa85bfe46f5b72c3494b8508997ac,"Tooth ring sharp in the light; diameter stamp legible ; stamped/labelled sizes readable: 54mm ; house style holds (dark floor, orange rim glow, item fills ~75%, no text/people/price)",Family render; the catalogue code supplies the exact size/variant where the shared image does not visibly prove that marking.
COATES-K2-ROAD2-649-RETRACTION-RESOLVED-20260806-V2,Coates_K2_Road2_Retraction_Resolved_649_Thumbnails_001.zip,284,2,BIMETALCOBALTHOLESAW63MM,BIMETALCOBALTHOLESAW63MM.jpg,Bi Metal Cobalt Holesaw-63MM,Holesaw | Metric,bimetal cobalt cup holesaw,63mm,HOUSE_RENDER_FAMILY,production/family_assets/holesaw.png,fa595b40641cfab0378da48611b0636dda7109dd3f8ec49d3fc5c62c676f144a,ALL_ROWS,FAMILY_MASTER_REVIEWED_AND_CODE_MAPPED,APPROVED_FAMILY_RENDER,800,800,JPEG,80053,107300b123b8e94a04a5d8403683b11ae02fa85bfe46f5b72c3494b8508997ac,"Tooth ring sharp in the light; diameter stamp legible ; stamped/labelled sizes readable: 63mm ; house style holds (dark floor, orange rim glow, item fills ~75%, no text/people/price)",Family render; the catalogue code supplies the exact size/variant where the shared image does not visibly prove that marking.
COATES-K2-ROAD2-649-RETRACTION-RESOLVED-20260806-V2,Coates_K2_Road2_Retraction_Resolved_649_Thumbnails_001.zip,286,2,BIMETALCOBALTHOLESAW76MM,BIMETALCOBALTHOLESAW76MM.jpg,Bi Metal Cobalt Holesaw-76MM,Holesaw | Metric,bimetal cobalt cup holesaw,76mm,HOUSE_RENDER_FAMILY,production/family_assets/holesaw.png,fa595b40641cfab0378da48611b0636dda7109dd3f8ec49d3fc5c62c676f144a,ALL_ROWS,FAMILY_MASTER_REVIEWED_AND_CODE_MAPPED,APPROVED_FAMILY_RENDER,800,800,JPEG,80053,107300b123b8e94a04a5d8403683b11ae02fa85bfe46f5b72c3494b8508997ac,"Tooth ring sharp in the light; diameter stamp legible ; stamped/labelled sizes readable: 76mm ; house style holds (dark floor, orange rim glow, item fills ~75%, no text/people/price)",Family render; the catalogue code supplies the exact size/variant where the shared image does not visibly prove that marking.
COATES-K2-ROAD2-649-RETRACTION-RESOLVED-20260806-V2,Coates_K2_Road2_Retraction_Resolved_649_Thumbnails_001.zip,264,2,BIMETALCOBALTHOLESAWADAPTORS,BIMETALCOBALTHOLESAWADAPTORS.jpg,Bi Metal Cobalt Holesaw Adaptors,Holesaw,bimetal holesaw adaptor,,HOUSE_RENDER_FAMILY,production/family_assets/holesaw_arbor.png,bb4ef38895b48e4a87754c87d32f331c58c52edb09a0e49eb4e50a3e3abbe74d,ALL_ROWS,FAMILY_MASTER_REVIEWED_AND_CODE_MAPPED,APPROVED_FAMILY_RENDER,800,800,JPEG,79892,ad6ce2e89095ff835561b06e1b528fbcf954f99fce33fd7066c16e43d7071e8f,"Tooth ring sharp in the light; diameter stamp legible ; house style holds (dark floor, orange rim glow, item fills ~75%, no text/people/price)",Family render; the catalogue code supplies the exact size/variant where the shared image does not visibly prove that marking.
COATES-K2-ROAD2-649-RETRACTION-RESOLVED-20260806-V2,Coates_K2_Road2_Retraction_Resolved_649_Thumbnails_001.zip,288,2,BIMETALCOBALTQUICKFITARBOR,BIMETALCOBALTQUICKFITARBOR.jpg,Bi Metal Cobalt Quickfit Arbor,Holesaw arbor,quick-fit holesaw arbor,,HOUSE_RENDER_FAMILY,production/family_assets/holesaw_arbor.png,bb4ef38895b48e4a87754c87d32f331c58c52edb09a0e49eb4e50a3e3abbe74d,ALL_ROWS,FAMILY_MASTER_REVIEWED_AND_CODE_MAPPED,APPROVED_FAMILY_RENDER,800,800,JPEG,79892,ad6ce2e89095ff835561b06e1b528fbcf954f99fce33fd7066c16e43d7071e8f,"Item type unmistakably matches the register name ; house style holds (dark floor, orange rim glow, item fills ~75%, no text/people/price)",Family render; the catalogue code supplies the exact size/variant where the shared image does not visibly prove that marking.
COATES-K2-ROAD2-649-RETRACTION-RESOLVED-20260806-V2,Coates_K2_Road2_Retraction_Resolved_649_Thumbnails_001.zip,524,2,BOLTCUT600M,BOLTCUT600M.jpg,Bolt Cutters - 600mm - 24inch,Bolt/cable cutter,long-handled bolt cutters,24inch | 600mm,HOUSE_RENDER_FAMILY,production/family_assets/bolt_cutters.png,89e2feddd66118e291d409926a5552885f0ccb18bc0fd515e128a26023ae7079,ALL_ROWS,FAMILY_MASTER_REVIEWED_AND_CODE_MAPPED,APPROVED_FAMILY_RENDER,800,800,JPEG,72462,2c2d7701769ff94275c47a9f00dc960e577efa718a03ed91274fd4e7d30b930b,"Compound jaws visible; stated length proportionate ; stamped/labelled sizes readable: 24inch, 600mm ; house style holds (dark floor, orange rim glow, item fills ~75%, no text/people/price)",Family render; the catalogue code supplies the exact size/variant where the shared image does not visibly prove that marking.
COATES-K2-ROAD2-649-RETRACTION-RESOLVED-20260806-V2,Coates_K2_Road2_Retraction_Resolved_649_Thumbnails_001.zip,525,2,BOLTCUTTERLARGE,BOLTCUTTERLARGE.jpg,Bolt Cutters - Large,Bolt/cable cutter,long-handled bolt cutters,,HOUSE_RENDER_FAMILY,production/family_assets/bolt_cutters.png,89e2feddd66118e291d409926a5552885f0ccb18bc0fd515e128a26023ae7079,ALL_ROWS,FAMILY_MASTER_REVIEWED_AND_CODE_MAPPED,APPROVED_FAMILY_RENDER,800,800,JPEG,72462,2c2d7701769ff94275c47a9f00dc960e577efa718a03ed91274fd4e7d30b930b,"Compound jaws visible; stated length proportionate ; house style holds (dark floor, orange rim glow, item fills ~75%, no text/people/price)",Family render; the catalogue code supplies the exact size/variant where the shared image does not visibly prove that marking.
COATES-K2-ROAD2-649-RETRACTION-RESOLVED-20260806-V2,Coates_K2_Road2_Retraction_Resolved_649_Thumbnails_001.zip,526,2,BROOM,BROOM.jpg,Broom,Other - broom,wide industrial push broom,,HOUSE_RENDER_FAMILY,production/family_assets/industrial_broom.png,35916d06d3befcc2b3247c9b670f99029fb8be736478619243da4baa8e295199,ALL_ROWS,FAMILY_MASTER_REVIEWED_AND_CODE_MAPPED,APPROVED_FAMILY_RENDER,800,800,JPEG,76279,e8570d982856b020b3da56f7059d408dd3ed01b7c75581f3f8bc4414d9890442,"Item type unmistakably matches the register name ; house style holds (dark floor, orange rim glow, item fills ~75%, no text/people/price)",Family render; the catalogue code supplies the exact size/variant where the shared image does not visibly prove that marking.
COATES-K2-ROAD2-649-RETRACTION-RESOLVED-20260806-V2,Coates_K2_Road2_Retraction_Resolved_649_Thumbnails_001.zip,528,2,CABLECUTTER70MM,CABLECUTTER70MM.jpg,Cable Cutter - 70mm,Bolt/cable cutter,long-handled cable cutter,70mm,HOUSE_RENDER_FAMILY,production/family_assets/cable_cutter.png,1a8a48525acd25ab095be28be6817a2173edc456713a105eea42bd2a07e3dcad,ALL_ROWS,FAMILY_MASTER_REVIEWED_AND_CODE_MAPPED,APPROVED_FAMILY_RENDER,800,800,JPEG,80115,cbf3a961fd6e158df83c0c0081fac841d38e86873bcaec720761944d0a9f7397,"Item type unmistakably matches the register name ; stamped/labelled sizes readable: 70mm ; house style holds (dark floor, orange rim glow, item fills ~75%, no text/people/price)",Family render; the catalogue code supplies the exact size/variant where the shared image does not visibly prove that marking.
COATES-K2-ROAD2-649-RETRACTION-RESOLVED-20260806-V2,Coates_K2_Road2_Retraction_Resolved_649_Thumbnails_001.zip,529,2,CENTREPUNCHSET,CENTREPUNCHSET.jpg,Centre Punch Set,Other - centre punch,set of steel centre punches,,HOUSE_RENDER_FAMILY,production/family_assets/centre_punch_set.png,3599d43d1f9b0d78ef597562771f269d6c48f4049240ed114454bcebcff8ce4f,ALL_ROWS,FAMILY_MASTER_REVIEWED_AND_CODE_MAPPED,APPROVED_FAMILY_RENDER,800,800,JPEG,81692,d1143516356c082c2b960f3b3c00523dc48d2a52d3662297ba5f36aa698de1cc,"Tool type unmistakable; working end sharp in the light ; house style holds (dark floor, orange rim glow, item fills ~75%, no text/people/price)",Family render; the catalogue code supplies the exact size/variant where the shared image does not visibly prove that marking.
COATES-K2-ROAD2-649-RETRACTION-RESOLVED-20260806-V2,Coates_K2_Road2_Retraction_Resolved_649_Thumbnails_001.zip,530,2,COLDCHISEL,COLDCHISEL.jpg,Cold Chisel,Other - cold chisel,single steel cold chisel,,HOUSE_RENDER_FAMILY,production/family_assets/cold_chisel.png,1586049e07e486b2b7a22619ade816e38a54617b0f24626254ba68163a8b05b4,ALL_ROWS,FAMILY_MASTER_REVIEWED_AND_CODE_MAPPED,APPROVED_FAMILY_RENDER,800,800,JPEG,77940,fc08f1438c90a9527a247be23494164916ba750b8ab1ed1139c74e143c98d665,"Tool type unmistakable; working end sharp in the light ; house style holds (dark floor, orange rim glow, item fills ~75%, no text/people/price)",Family render; the catalogue code supplies the exact size/variant where the shared image does not visibly prove that marking.
COATES-K2-ROAD2-649-RETRACTION-RESOLVED-20260806-V2,Coates_K2_Road2_Retraction_Resolved_649_Thumbnails_001.zip,532,2,COMBINATIONSQUARE,COMBINATIONSQUARE.jpg,Combination Square,Square | Combination,combination square with steel rule,,HOUSE_RENDER_FAMILY,production/family_assets/combination_square.png,1abcd947a147a52f4123cba1a0120572b2b3aff418314bb487d0dc912c059b2d,ALL_ROWS,FAMILY_MASTER_REVIEWED_AND_CODE_MAPPED,APPROVED_FAMILY_RENDER,800,800,JPEG,78565,d5ac6262b540f501d01e38e5f53953dc9b3f3fe6c22ca8dfe42bc52f8e94825e,"Item type unmistakably matches the register name ; house style holds (dark floor, orange rim glow, item fills ~75%, no text/people/price)",Family render; the catalogue code supplies the exact size/variant where the shared image does not visibly prove that marking.
COATES-K2-ROAD2-649-RETRACTION-RESOLVED-20260806-V2,Coates_K2_Road2_Retraction_Resolved_649_Thumbnails_001.zip,533,2,CROWBARLGE,CROWBARLGE.jpg,Crow Bar - Large,Crow/pinch bar,steel crowbar,,HOUSE_RENDER_FAMILY,production/family_assets/steel_crowbar.png,a75f1b40e7f2a10441b93c5b9e36f31656df16efce48e64219cb6191e1ece02d,ALL_ROWS,FAMILY_MASTER_REVIEWED_AND_CODE_MAPPED,APPROVED_FAMILY_RENDER,800,800,JPEG,76466,2d5110b5cd2e3ea978f911336dfdec0ba5fed580a41e4771a60e2d0443f0ca51,"Working tip shape correct; stated length proportionate ; house style holds (dark floor, orange rim glow, item fills ~75%, no text/people/price)",Family render; the catalogue code supplies the exact size/variant where the shared image does not visibly prove that marking.
COATES-K2-ROAD2-649-RETRACTION-RESOLVED-20260806-V2,Coates_K2_Road2_Retraction_Resolved_649_Thumbnails_001.zip,534,2,CROWBARSM,CROWBARSM.jpg,Crow Bar - Small,Crow/pinch bar,steel crowbar,,HOUSE_RENDER_FAMILY,production/family_assets/steel_crowbar.png,a75f1b40e7f2a10441b93c5b9e36f31656df16efce48e64219cb6191e1ece02d,ALL_ROWS,FAMILY_MASTER_REVIEWED_AND_CODE_MAPPED,APPROVED_FAMILY_RENDER,800,800,JPEG,76466,2d5110b5cd2e3ea978f911336dfdec0ba5fed580a41e4771a60e2d0443f0ca51,"Working tip shape correct; stated length proportionate ; house style holds (dark floor, orange rim glow, item fills ~75%, no text/people/price)",Family render; the catalogue code supplies the exact size/variant where the shared image does not visibly prove that marking.
COATES-K2-ROAD2-649-RETRACTION-RESOLVED-20260806-V2,Coates_K2_Road2_Retraction_Resolved_649_Thumbnails_001.zip,230,2,CROWFOOT27MM12INDRIVE,CROWFOOT27MM12INDRIVE.jpg,"1/2"" Drive Crowsfeet-27MM",Crowsfoot socket | Drive 1/2in | Mixed,1/2-inch drive open-end crowsfoot socket,"1/2"" | 27mm",HOUSE_RENDER_FAMILY,production/family_assets/crowfoot_wrench.png,18b4239103656521642e595c710cfef699e0523eee43b69fded246f1c574ff5d,ALL_ROWS,FAMILY_MASTER_REVIEWED_AND_CODE_MAPPED,APPROVED_FAMILY_RENDER,800,800,JPEG,79953,d174a6468cd8b9d6fa4144e85e95050c6c0dc11be1ef3801041077ee00996a89,"Item type unmistakably matches the register name ; stamped/labelled sizes readable: 1/2"", 27mm ; house style holds (dark floor, orange rim glow, item fills ~75%, no text/people/price)",Family render; the catalogue code supplies the exact size/variant where the shared image does not visibly prove that marking.
COATES-K2-ROAD2-649-RETRACTION-RESOLVED-20260806-V2,Coates_K2_Road2_Retraction_Resolved_649_Thumbnails_001.zip,232,2,CROWFOOT29MM12INDRIVE,CROWFOOT29MM12INDRIVE.jpg,"1/2"" Drive Crowsfeet-29MM",Crowsfoot socket | Drive 1/2in | Mixed,1/2-inch drive open-end crowsfoot socket,"1/2"" | 29mm",HOUSE_RENDER_FAMILY,production/family_assets/crowfoot_wrench.png,18b4239103656521642e595c710cfef699e0523eee43b69fded246f1c574ff5d,ALL_ROWS,FAMILY_MASTER_REVIEWED_AND_CODE_MAPPED,APPROVED_FAMILY_RENDER,800,800,JPEG,79953,d174a6468cd8b9d6fa4144e85e95050c6c0dc11be1ef3801041077ee00996a89,"Item type unmistakably matches the register name ; stamped/labelled sizes readable: 1/2"", 29mm ; house style holds (dark floor, orange rim glow, item fills ~75%, no text/people/price)",Family render; the catalogue code supplies the exact size/variant where the shared image does not visibly prove that marking.
COATES-K2-ROAD2-649-RETRACTION-RESOLVED-20260806-V2,Coates_K2_Road2_Retraction_Resolved_649_Thumbnails_001.zip,234,2,CROWFOOT30MM12INDRIVE,CROWFOOT30MM12INDRIVE.jpg,"1/2"" Drive Crowsfeet-30MM",Crowsfoot socket | Drive 1/2in | Mixed,1/2-inch drive open-end crowsfoot socket,"1/2"" | 30mm",HOUSE_RENDER_FAMILY,production/family_assets/crowfoot_wrench.png,18b4239103656521642e595c710cfef699e0523eee43b69fded246f1c574ff5d,ALL_ROWS,FAMILY_MASTER_REVIEWED_AND_CODE_MAPPED,APPROVED_FAMILY_RENDER,800,800,JPEG,79953,d174a6468cd8b9d6fa4144e85e95050c6c0dc11be1ef3801041077ee00996a89,"Item type unmistakably matches the register name ; stamped/labelled sizes readable: 1/2"", 30mm ; house style holds (dark floor, orange rim glow, item fills ~75%, no text/people/price)",Family render; the catalogue code supplies the exact size/variant where the shared image does not visibly prove that marking.
COATES-K2-ROAD2-649-RETRACTION-RESOLVED-20260806-V2,Coates_K2_Road2_Retraction_Resolved_649_Thumbnails_001.zip,236,2,CROWFOOT32MM12INDRIVE,CROWFOOT32MM12INDRIVE.jpg,"1/2"" Drive Crowsfeet-32MM",Crowsfoot socket | Drive 1/2in | Mixed,1/2-inch drive open-end crowsfoot socket,"1/2"" | 32mm",HOUSE_RENDER_FAMILY,production/family_assets/crowfoot_wrench.png,18b4239103656521642e595c710cfef699e0523eee43b69fded246f1c574ff5d,ALL_ROWS,FAMILY_MASTER_REVIEWED_AND_CODE_MAPPED,APPROVED_FAMILY_RENDER,800,800,JPEG,79953,d174a6468cd8b9d6fa4144e85e95050c6c0dc11be1ef3801041077ee00996a89,"Item type unmistakably matches the register name ; stamped/labelled sizes readable: 1/2"", 32mm ; house style holds (dark floor, orange rim glow, item fills ~75%, no text/people/price)",Family render; the catalogue code supplies the exact size/variant where the shared image does not visibly prove that marking.
COATES-K2-ROAD2-649-RETRACTION-RESOLVED-20260806-V2,Coates_K2_Road2_Retraction_Resolved_649_Thumbnails_001.zip,238,2,CROWFOOT33MM12INDRIVE,CROWFOOT33MM12INDRIVE.jpg,"1/2"" Drive Crowsfeet-33MM",Crowsfoot socket | Drive 1/2in | Mixed,1/2-inch drive open-end crowsfoot socket,"1/2"" | 33mm",HOUSE_RENDER_FAMILY,production/family_assets/crowfoot_wrench.png,18b4239103656521642e595c710cfef699e0523eee43b69fded246f1c574ff5d,ALL_ROWS,FAMILY_MASTER_REVIEWED_AND_CODE_MAPPED,APPROVED_FAMILY_RENDER,800,800,JPEG,79953,d174a6468cd8b9d6fa4144e85e95050c6c0dc11be1ef3801041077ee00996a89,"Item type unmistakably matches the register name ; stamped/labelled sizes readable: 1/2"", 33mm ; house style holds (dark floor, orange rim glow, item fills ~75%, no text/people/price)",Family render; the catalogue code supplies the exact size/variant where the shared image does not visibly prove that marking.
COATES-K2-ROAD2-649-RETRACTION-RESOLVED-20260806-V2,Coates_K2_Road2_Retraction_Resolved_649_Thumbnails_001.zip,240,2,CROWFOOT34MM12INDRIVE,CROWFOOT34MM12INDRIVE.jpg,"1/2"" Drive Crowsfeet-34MM",Crowsfoot socket | Drive 1/2in | Mixed,1/2-inch drive open-end crowsfoot socket,"1/2"" | 34mm",HOUSE_RENDER_FAMILY,production/family_assets/crowfoot_wrench.png,18b4239103656521642e595c710cfef699e0523eee43b69fded246f1c574ff5d,ALL_ROWS,FAMILY_MASTER_REVIEWED_AND_CODE_MAPPED,APPROVED_FAMILY_RENDER,800,800,JPEG,79953,d174a6468cd8b9d6fa4144e85e95050c6c0dc11be1ef3801041077ee00996a89,"Item type unmistakably matches the register name ; stamped/labelled sizes readable: 1/2"", 34mm ; house style holds (dark floor, orange rim glow, item fills ~75%, no text/people/price)",Family render; the catalogue code supplies the exact size/variant where the shared image does not visibly prove that marking.
COATES-K2-ROAD2-649-RETRACTION-RESOLVED-20260806-V2,Coates_K2_Road2_Retraction_Resolved_649_Thumbnails_001.zip,242,2,CROWFOOT35MM12INDRIVE,CROWFOOT35MM12INDRIVE.jpg,"1/2"" Drive Crowsfeet-35MM",Crowsfoot socket | Drive 1/2in | Mixed,1/2-inch drive open-end crowsfoot socket,"1/2"" | 35mm",HOUSE_RENDER_FAMILY,production/family_assets/crowfoot_wrench.png,18b4239103656521642e595c710cfef699e0523eee43b69fded246f1c574ff5d,ALL_ROWS,FAMILY_MASTER_REVIEWED_AND_CODE_MAPPED,APPROVED_FAMILY_RENDER,800,800,JPEG,79953,d174a6468cd8b9d6fa4144e85e95050c6c0dc11be1ef3801041077ee00996a89,"Item type unmistakably matches the register name ; stamped/labelled sizes readable: 1/2"", 35mm ; house style holds (dark floor, orange rim glow, item fills ~75%, no text/people/price)",Family render; the catalogue code supplies the exact size/variant where the shared image does not visibly prove that marking.
COATES-K2-ROAD2-649-RETRACTION-RESOLVED-20260806-V2,Coates_K2_Road2_Retraction_Resolved_649_Thumbnails_001.zip,244,2,CROWFOOT36MM12INDRIVE,CROWFOOT36MM12INDRIVE.jpg,"1/2"" Drive Crowsfeet-36MM",Crowsfoot socket | Drive 1/2in | Mixed,1/2-inch drive open-end crowsfoot socket,"1/2"" | 36mm",HOUSE_RENDER_FAMILY,production/family_assets/crowfoot_wrench.png,18b4239103656521642e595c710cfef699e0523eee43b69fded246f1c574ff5d,ALL_ROWS,FAMILY_MASTER_REVIEWED_AND_CODE_MAPPED,APPROVED_FAMILY_RENDER,800,800,JPEG,79953,d174a6468cd8b9d6fa4144e85e95050c6c0dc11be1ef3801041077ee00996a89,"Item type unmistakably matches the register name ; stamped/labelled sizes readable: 1/2"", 36mm ; house style holds (dark floor, orange rim glow, item fills ~75%, no text/people/price)",Family render; the catalogue code supplies the exact size/variant where the shared image does not visibly prove that marking.
COATES-K2-ROAD2-649-RETRACTION-RESOLVED-20260806-V2,Coates_K2_Road2_Retraction_Resolved_649_Thumbnails_001.zip,246,2,CROWFOOT38MM12INDRIVE,CROWFOOT38MM12INDRIVE.jpg,"1/2"" Drive Crowsfeet-38MM",Crowsfoot socket | Drive 1/2in | Mixed,1/2-inch drive open-end crowsfoot socket,"1/2"" | 38mm",HOUSE_RENDER_FAMILY,production/family_assets/crowfoot_wrench.png,18b4239103656521642e595c710cfef699e0523eee43b69fded246f1c574ff5d,ALL_ROWS,FAMILY_MASTER_REVIEWED_AND_CODE_MAPPED,APPROVED_FAMILY_RENDER,800,800,JPEG,79953,d174a6468cd8b9d6fa4144e85e95050c6c0dc11be1ef3801041077ee00996a89,"Item type unmistakably matches the register name ; stamped/labelled sizes readable: 1/2"", 38mm ; house style holds (dark floor, orange rim glow, item fills ~75%, no text/people/price)",Family render; the catalogue code supplies the exact size/variant where the shared image does not visibly prove that marking.
COATES-K2-ROAD2-649-RETRACTION-RESOLVED-20260806-V2,Coates_K2_Road2_Retraction_Resolved_649_Thumbnails_001.zip,248,2,CROWFOOT41MM12INDRIVE,CROWFOOT41MM12INDRIVE.jpg,"1/2"" Drive Crowsfeet-41MM",Crowsfoot socket | Drive 1/2in | Mixed,1/2-inch drive open-end crowsfoot socket,"1/2"" | 41mm",HOUSE_RENDER_FAMILY,production/family_assets/crowfoot_wrench.png,18b4239103656521642e595c710cfef699e0523eee43b69fded246f1c574ff5d,ALL_ROWS,FAMILY_MASTER_REVIEWED_AND_CODE_MAPPED,APPROVED_FAMILY_RENDER,800,800,JPEG,79953,d174a6468cd8b9d6fa4144e85e95050c6c0dc11be1ef3801041077ee00996a89,"Item type unmistakably matches the register name ; stamped/labelled sizes readable: 1/2"", 41mm ; house style holds (dark floor, orange rim glow, item fills ~75%, no text/people/price)",Family render; the catalogue code supplies the exact size/variant where the shared image does not visibly prove that marking.
COATES-K2-ROAD2-649-RETRACTION-RESOLVED-20260806-V2,Coates_K2_Road2_Retraction_Resolved_649_Thumbnails_001.zip,250,2,CROWFOOT43MM12INDRIVE,CROWFOOT43MM12INDRIVE.jpg,"1/2"" Drive Crowsfeet-43MM",Crowsfoot socket | Drive 1/2in | Mixed,1/2-inch drive open-end crowsfoot socket,"1/2"" | 43mm",HOUSE_RENDER_FAMILY,production/family_assets/crowfoot_wrench.png,18b4239103656521642e595c710cfef699e0523eee43b69fded246f1c574ff5d,ALL_ROWS,FAMILY_MASTER_REVIEWED_AND_CODE_MAPPED,APPROVED_FAMILY_RENDER,800,800,JPEG,79953,d174a6468cd8b9d6fa4144e85e95050c6c0dc11be1ef3801041077ee00996a89,"Item type unmistakably matches the register name ; stamped/labelled sizes readable: 1/2"", 43mm ; house style holds (dark floor, orange rim glow, item fills ~75%, no text/people/price)",Family render; the catalogue code supplies the exact size/variant where the shared image does not visibly prove that marking.
COATES-K2-ROAD2-649-RETRACTION-RESOLVED-20260806-V2,Coates_K2_Road2_Retraction_Resolved_649_Thumbnails_001.zip,252,2,CROWFOOT46MM12INDRIVE,CROWFOOT46MM12INDRIVE.jpg,"1/2"" Drive Crowsfeet-46MM",Crowsfoot socket | Drive 1/2in | Mixed,1/2-inch drive open-end crowsfoot socket,"1/2"" | 46mm",HOUSE_RENDER_FAMILY,production/family_assets/crowfoot_wrench.png,18b4239103656521642e595c710cfef699e0523eee43b69fded246f1c574ff5d,ALL_ROWS,FAMILY_MASTER_REVIEWED_AND_CODE_MAPPED,APPROVED_FAMILY_RENDER,800,800,JPEG,79953,d174a6468cd8b9d6fa4144e85e95050c6c0dc11be1ef3801041077ee00996a89,"Item type unmistakably matches the register name ; stamped/labelled sizes readable: 1/2"", 46mm ; house style holds (dark floor, orange rim glow, item fills ~75%, no text/people/price)",Family render; the catalogue code supplies the exact size/variant where the shared image does not visibly prove that marking.
COATES-K2-ROAD2-649-RETRACTION-RESOLVED-20260806-V2,Coates_K2_Road2_Retraction_Resolved_649_Thumbnails_001.zip,254,2,CROWFOOT48MM12INDRIVE,CROWFOOT48MM12INDRIVE.jpg,"1/2"" Drive Crowsfeet-48MM",Crowsfoot socket | Drive 1/2in | Mixed,1/2-inch drive open-end crowsfoot socket,"1/2"" | 48mm",HOUSE_RENDER_FAMILY,production/family_assets/crowfoot_wrench.png,18b4239103656521642e595c710cfef699e0523eee43b69fded246f1c574ff5d,ALL_ROWS,FAMILY_MASTER_REVIEWED_AND_CODE_MAPPED,APPROVED_FAMILY_RENDER,800,800,JPEG,79953,d174a6468cd8b9d6fa4144e85e95050c6c0dc11be1ef3801041077ee00996a89,"Item type unmistakably matches the register name ; stamped/labelled sizes readable: 1/2"", 48mm ; house style holds (dark floor, orange rim glow, item fills ~75%, no text/people/price)",Family render; the catalogue code supplies the exact size/variant where the shared image does not visibly prove that marking.
COATES-K2-ROAD2-649-RETRACTION-RESOLVED-20260806-V2,Coates_K2_Road2_Retraction_Resolved_649_Thumbnails_001.zip,256,2,CROWFOOT50MM12INDRIVE,CROWFOOT50MM12INDRIVE.jpg,"1/2"" Drive Crowsfeet-50MM",Crowsfoot socket | Drive 1/2in | Mixed,1/2-inch drive open-end crowsfoot socket,"1/2"" | 50mm",HOUSE_RENDER_FAMILY,production/family_assets/crowfoot_wrench.png,18b4239103656521642e595c710cfef699e0523eee43b69fded246f1c574ff5d,ALL_ROWS,FAMILY_MASTER_REVIEWED_AND_CODE_MAPPED,APPROVED_FAMILY_RENDER,800,800,JPEG,79953,d174a6468cd8b9d6fa4144e85e95050c6c0dc11be1ef3801041077ee00996a89,"Item type unmistakably matches the register name ; stamped/labelled sizes readable: 1/2"", 50mm ; house style holds (dark floor, orange rim glow, item fills ~75%, no text/people/price)",Family render; the catalogue code supplies the exact size/variant where the shared image does not visibly prove that marking.
COATES-K2-ROAD2-649-RETRACTION-RESOLVED-20260806-V2,Coates_K2_Road2_Retraction_Resolved_649_Thumbnails_001.zip,293,2,CUTTERANNULARHSSTIN1625MM34SHMULTIFIT,CUTTERANNULARHSSTIN1625MM34SHMULTIFIT.jpg,CUTTER ANNULAR HSSTIN 16x25MM 3/4-SH MULTIFIT,Annular cutter,hollow HSS annular hole cutter with 3/4-inch shank,25mm,HOUSE_RENDER_FAMILY,production/family_assets/annular_cutter_v2.png,a008f0eedb0ea46fba8b6bec5daf14e1d139073b963edd4de5349df5def286fe,ALL_ROWS,FAMILY_MASTER_REVIEWED_AND_CODE_MAPPED,APPROVED_FAMILY_RENDER,800,800,JPEG,78491,9c0cc13209a1025ffc5b011c63edc01920fd80fb8fe62ae8d762110e18b4ea72,"Item type unmistakably matches the register name ; stamped/labelled sizes readable: 25mm ; house style holds (dark floor, orange rim glow, item fills ~75%, no text/people/price)",Family render; the catalogue code supplies the exact size/variant where the shared image does not visibly prove that marking.
COATES-K2-ROAD2-649-RETRACTION-RESOLVED-20260806-V2,Coates_K2_Road2_Retraction_Resolved_649_Thumbnails_001.zip,294,2,CUTTERANNULARHSSTIN16X25MM34SHMULTIFIT,CUTTERANNULARHSSTIN16X25MM34SHMULTIFIT.jpg,CUTTER ANNULAR HSSTIN 16x25MM 3/4-SH MULTIFIT,Annular cutter,hollow HSS annular hole cutter with 3/4-inch shank,25mm,HOUSE_RENDER_FAMILY,production/family_assets/annular_cutter_v2.png,a008f0eedb0ea46fba8b6bec5daf14e1d139073b963edd4de5349df5def286fe,ALL_ROWS,FAMILY_MASTER_REVIEWED_AND_CODE_MAPPED,APPROVED_FAMILY_RENDER,800,800,JPEG,78491,9c0cc13209a1025ffc5b011c63edc01920fd80fb8fe62ae8d762110e18b4ea72,"Item type unmistakably matches the register name ; stamped/labelled sizes readable: 25mm ; house style holds (dark floor, orange rim glow, item fills ~75%, no text/people/price)",Family render; the catalogue code supplies the exact size/variant where the shared image does not visibly prove that marking.
COATES-K2-ROAD2-649-RETRACTION-RESOLVED-20260806-V2,Coates_K2_Road2_Retraction_Resolved_649_Thumbnails_001.zip,295,2,CUTTERANNULARHSSTIN1725MM34SHMULTIFIT,CUTTERANNULARHSSTIN1725MM34SHMULTIFIT.jpg,CUTTER ANNULAR HSSTIN 17x25MM 3/4-SH MULTIFIT,Annular cutter,hollow HSS annular hole cutter with 3/4-inch shank,25mm,HOUSE_RENDER_FAMILY,production/family_assets/annular_cutter_v2.png,a008f0eedb0ea46fba8b6bec5daf14e1d139073b963edd4de5349df5def286fe,ALL_ROWS,FAMILY_MASTER_REVIEWED_AND_CODE_MAPPED,APPROVED_FAMILY_RENDER,800,800,JPEG,78491,9c0cc13209a1025ffc5b011c63edc01920fd80fb8fe62ae8d762110e18b4ea72,"Item type unmistakably matches the register name ; stamped/labelled sizes readable: 25mm ; house style holds (dark floor, orange rim glow, item fills ~75%, no text/people/price)",Family render; the catalogue code supplies the exact size/variant where the shared image does not visibly prove that marking.
COATES-K2-ROAD2-649-RETRACTION-RESOLVED-20260806-V2,Coates_K2_Road2_Retraction_Resolved_649_Thumbnails_001.zip,296,2,CUTTERANNULARHSSTIN17X25MM34SHMULTIFIT,CUTTERANNULARHSSTIN17X25MM34SHMULTIFIT.jpg,CUTTER ANNULAR HSSTIN 17x25MM 3/4-SH MULTIFIT,Annular cutter,hollow HSS annular hole cutter with 3/4-inch shank,25mm,HOUSE_RENDER_FAMILY,production/family_assets/annular_cutter_v2.png,a008f0eedb0ea46fba8b6bec5daf14e1d139073b963edd4de5349df5def286fe,ALL_ROWS,FAMILY_MASTER_REVIEWED_AND_CODE_MAPPED,APPROVED_FAMILY_RENDER,800,800,JPEG,78491,9c0cc13209a1025ffc5b011c63edc01920fd80fb8fe62ae8d762110e18b4ea72,"Item type unmistakably matches the register name ; stamped/labelled sizes readable: 25mm ; house style holds (dark floor, orange rim glow, item fills ~75%, no text/people/price)",Family render; the catalogue code supplies the exact size/variant where the shared image does not visibly prove that marking.
COATES-K2-ROAD2-649-RETRACTION-RESOLVED-20260806-V2,Coates_K2_Road2_Retraction_Resolved_649_Thumbnails_001.zip,297,2,CUTTERANNULARHSSTIN1825MM34SHMULTIFIT,CUTTERANNULARHSSTIN1825MM34SHMULTIFIT.jpg,CUTTER ANNULAR HSSTIN 18x25MM 3/4-SH MULTIFIT,Annular cutter,hollow HSS annular hole cutter with 3/4-inch shank,25mm,HOUSE_RENDER_FAMILY,production/family_assets/annular_cutter_v2.png,a008f0eedb0ea46fba8b6bec5daf14e1d139073b963edd4de5349df5def286fe,ALL_ROWS,FAMILY_MASTER_REVIEWED_AND_CODE_MAPPED,APPROVED_FAMILY_RENDER,800,800,JPEG,78491,9c0cc13209a1025ffc5b011c63edc01920fd80fb8fe62ae8d762110e18b4ea72,"Item type unmistakably matches the register name ; stamped/labelled sizes readable: 25mm ; house style holds (dark floor, orange rim glow, item fills ~75%, no text/people/price)",Family render; the catalogue code supplies the exact size/variant where the shared image does not visibly prove that marking.
COATES-K2-ROAD2-649-RETRACTION-RESOLVED-20260806-V2,Coates_K2_Road2_Retraction_Resolved_649_Thumbnails_001.zip,298,2,CUTTERANNULARHSSTIN18X25MM34SHMULTIFIT,CUTTERANNULARHSSTIN18X25MM34SHMULTIFIT.jpg,CUTTER ANNULAR HSSTIN 18x25MM 3/4-SH MULTIFIT,Annular cutter,hollow HSS annular hole cutter with 3/4-inch shank,25mm,HOUSE_RENDER_FAMILY,production/family_assets/annular_cutter_v2.png,a008f0eedb0ea46fba8b6bec5daf14e1d139073b963edd4de5349df5def286fe,ALL_ROWS,FAMILY_MASTER_REVIEWED_AND_CODE_MAPPED,APPROVED_FAMILY_RENDER,800,800,JPEG,78491,9c0cc13209a1025ffc5b011c63edc01920fd80fb8fe62ae8d762110e18b4ea72,"Item type unmistakably matches the register name ; stamped/labelled sizes readable: 25mm ; house style holds (dark floor, orange rim glow, item fills ~75%, no text/people/price)",Family render; the catalogue code supplies the exact size/variant where the shared image does not visibly prove that marking.
COATES-K2-ROAD2-649-RETRACTION-RESOLVED-20260806-V2,Coates_K2_Road2_Retraction_Resolved_649_Thumbnails_001.zip,299,2,CUTTERANNULARHSSTIN1925MM34SHMULTIFIT,CUTTERANNULARHSSTIN1925MM34SHMULTIFIT.jpg,CUTTER ANNULAR HSSTIN 19x25MM 3/4-SH MULTIFIT,Annular cutter,hollow HSS annular hole cutter with 3/4-inch shank,25mm,HOUSE_RENDER_FAMILY,production/family_assets/annular_cutter_v2.png,a008f0eedb0ea46fba8b6bec5daf14e1d139073b963edd4de5349df5def286fe,ALL_ROWS,FAMILY_MASTER_REVIEWED_AND_CODE_MAPPED,APPROVED_FAMILY_RENDER,800,800,JPEG,78491,9c0cc13209a1025ffc5b011c63edc01920fd80fb8fe62ae8d762110e18b4ea72,"Item type unmistakably matches the register name ; stamped/labelled sizes readable: 25mm ; house style holds (dark floor, orange rim glow, item fills ~75%, no text/people/price)",Family render; the catalogue code supplies the exact size/variant where the shared image does not visibly prove that marking.
COATES-K2-ROAD2-649-RETRACTION-RESOLVED-20260806-V2,Coates_K2_Road2_Retraction_Resolved_649_Thumbnails_001.zip,300,2,CUTTERANNULARHSSTIN19X25MM34SHMULTIFIT,CUTTERANNULARHSSTIN19X25MM34SHMULTIFIT.jpg,CUTTER ANNULAR HSSTIN 19x25MM 3/4-SH MULTIFIT,Annular cutter,hollow HSS annular hole cutter with 3/4-inch shank,25mm,HOUSE_RENDER_FAMILY,production/family_assets/annular_cutter_v2.png,a008f0eedb0ea46fba8b6bec5daf14e1d139073b963edd4de5349df5def286fe,ALL_ROWS,FAMILY_MASTER_REVIEWED_AND_CODE_MAPPED,APPROVED_FAMILY_RENDER,800,800,JPEG,78491,9c0cc13209a1025ffc5b011c63edc01920fd80fb8fe62ae8d762110e18b4ea72,"Item type unmistakably matches the register name ; stamped/labelled sizes readable: 25mm ; house style holds (dark floor, orange rim glow, item fills ~75%, no text/people/price)",Family render; the catalogue code supplies the exact size/variant where the shared image does not visibly prove that marking.
COATES-K2-ROAD2-649-RETRACTION-RESOLVED-20260806-V2,Coates_K2_Road2_Retraction_Resolved_649_Thumbnails_001.zip,301,2,CUTTERANNULARHSSTIN2025MM34SHMULTIFIT,CUTTERANNULARHSSTIN2025MM34SHMULTIFIT.jpg,CUTTER ANNULAR HSSTIN 20x25MM 3/4-SH MULTIFIT,Annular cutter,hollow HSS annular hole cutter with 3/4-inch shank,25mm,HOUSE_RENDER_FAMILY,production/family_assets/annular_cutter_v2.png,a008f0eedb0ea46fba8b6bec5daf14e1d139073b963edd4de5349df5def286fe,ALL_ROWS,FAMILY_MASTER_REVIEWED_AND_CODE_MAPPED,APPROVED_FAMILY_RENDER,800,800,JPEG,78491,9c0cc13209a1025ffc5b011c63edc01920fd80fb8fe62ae8d762110e18b4ea72,"Item type unmistakably matches the register name ; stamped/labelled sizes readable: 25mm ; house style holds (dark floor, orange rim glow, item fills ~75%, no text/people/price)",Family render; the catalogue code supplies the exact size/variant where the shared image does not visibly prove that marking.
COATES-K2-ROAD2-649-RETRACTION-RESOLVED-20260806-V2,Coates_K2_Road2_Retraction_Resolved_649_Thumbnails_001.zip,302,2,CUTTERANNULARHSSTIN20X25MM34SHMULTIFIT,CUTTERANNULARHSSTIN20X25MM34SHMULTIFIT.jpg,CUTTER ANNULAR HSSTIN 20x25MM 3/4-SH MULTIFIT,Annular cutter,hollow HSS annular hole cutter with 3/4-inch shank,25mm,HOUSE_RENDER_FAMILY,production/family_assets/annular_cutter_v2.png,a008f0eedb0ea46fba8b6bec5daf14e1d139073b963edd4de5349df5def286fe,ALL_ROWS,FAMILY_MASTER_REVIEWED_AND_CODE_MAPPED,APPROVED_FAMILY_RENDER,800,800,JPEG,78491,9c0cc13209a1025ffc5b011c63edc01920fd80fb8fe62ae8d762110e18b4ea72,"Item type unmistakably matches the register name ; stamped/labelled sizes readable: 25mm ; house style holds (dark floor, orange rim glow, item fills ~75%, no text/people/price)",Family render; the catalogue code supplies the exact size/variant where the shared image does not visibly prove that marking.
COATES-K2-ROAD2-649-RETRACTION-RESOLVED-20260806-V2,Coates_K2_Road2_Retraction_Resolved_649_Thumbnails_001.zip,303,2,CUTTERANNULARHSSTIN2125MM34SHMULTIFIT,CUTTERANNULARHSSTIN2125MM34SHMULTIFIT.jpg,CUTTER ANNULAR HSSTIN 21x25MM 3/4-SH MULTIFIT,Annular cutter,hollow HSS annular hole cutter with 3/4-inch shank,25mm,HOUSE_RENDER_FAMILY,production/family_assets/annular_cutter_v2.png,a008f0eedb0ea46fba8b6bec5daf14e1d139073b963edd4de5349df5def286fe,ALL_ROWS,FAMILY_MASTER_REVIEWED_AND_CODE_MAPPED,APPROVED_FAMILY_RENDER,800,800,JPEG,78491,9c0cc13209a1025ffc5b011c63edc01920fd80fb8fe62ae8d762110e18b4ea72,"Item type unmistakably matches the register name ; stamped/labelled sizes readable: 25mm ; house style holds (dark floor, orange rim glow, item fills ~75%, no text/people/price)",Family render; the catalogue code supplies the exact size/variant where the shared image does not visibly prove that marking.
COATES-K2-ROAD2-649-RETRACTION-RESOLVED-20260806-V2,Coates_K2_Road2_Retraction_Resolved_649_Thumbnails_001.zip,304,2,CUTTERANNULARHSSTIN21X25MM34SHMULTIFIT,CUTTERANNULARHSSTIN21X25MM34SHMULTIFIT.jpg,CUTTER ANNULAR HSSTIN 21x25MM 3/4-SH MULTIFIT,Annular cutter,hollow HSS annular hole cutter with 3/4-inch shank,25mm,HOUSE_RENDER_FAMILY,production/family_assets/annular_cutter_v2.png,a008f0eedb0ea46fba8b6bec5daf14e1d139073b963edd4de5349df5def286fe,ALL_ROWS,FAMILY_MASTER_REVIEWED_AND_CODE_MAPPED,APPROVED_FAMILY_RENDER,800,800,JPEG,78491,9c0cc13209a1025ffc5b011c63edc01920fd80fb8fe62ae8d762110e18b4ea72,"Item type unmistakably matches the register name ; stamped/labelled sizes readable: 25mm ; house style holds (dark floor, orange rim glow, item fills ~75%, no text/people/price)",Family render; the catalogue code supplies the exact size/variant where the shared image does not visibly prove that marking.
COATES-K2-ROAD2-649-RETRACTION-RESOLVED-20260806-V2,Coates_K2_Road2_Retraction_Resolved_649_Thumbnails_001.zip,313,2,CUTTERANNULARHSSTIN2225MM34SHMULTIFIT,CUTTERANNULARHSSTIN2225MM34SHMULTIFIT.jpg,CUTTER ANNULAR HSSTIN 2x25MM 3/4-SH MULTIFIT,Annular cutter,hollow HSS annular hole cutter with 3/4-inch shank,25mm,HOUSE_RENDER_FAMILY,production/family_assets/annular_cutter_v2.png,a008f0eedb0ea46fba8b6bec5daf14e1d139073b963edd4de5349df5def286fe,ALL_ROWS,FAMILY_MASTER_REVIEWED_AND_CODE_MAPPED,APPROVED_FAMILY_RENDER,800,800,JPEG,78491,9c0cc13209a1025ffc5b011c63edc01920fd80fb8fe62ae8d762110e18b4ea72,"Item type unmistakably matches the register name ; stamped/labelled sizes readable: 25mm ; house style holds (dark floor, orange rim glow, item fills ~75%, no text/people/price)",Family render; the catalogue code supplies the exact size/variant where the shared image does not visibly prove that marking.
COATES-K2-ROAD2-649-RETRACTION-RESOLVED-20260806-V2,Coates_K2_Road2_Retraction_Resolved_649_Thumbnails_001.zip,305,2,CUTTERANNULARHSSTIN2325MM34SHMULTIFIT,CUTTERANNULARHSSTIN2325MM34SHMULTIFIT.jpg,CUTTER ANNULAR HSSTIN 23x25MM 3/4-SH MULTIFIT,Annular cutter,hollow HSS annular hole cutter with 3/4-inch shank,25mm,HOUSE_RENDER_FAMILY,production/family_assets/annular_cutter_v2.png,a008f0eedb0ea46fba8b6bec5daf14e1d139073b963edd4de5349df5def286fe,ALL_ROWS,FAMILY_MASTER_REVIEWED_AND_CODE_MAPPED,APPROVED_FAMILY_RENDER,800,800,JPEG,78491,9c0cc13209a1025ffc5b011c63edc01920fd80fb8fe62ae8d762110e18b4ea72,"Item type unmistakably matches the register name ; stamped/labelled sizes readable: 25mm ; house style holds (dark floor, orange rim glow, item fills ~75%, no text/people/price)",Family render; the catalogue code supplies the exact size/variant where the shared image does not visibly prove that marking.
COATES-K2-ROAD2-649-RETRACTION-RESOLVED-20260806-V2,Coates_K2_Road2_Retraction_Resolved_649_Thumbnails_001.zip,306,2,CUTTERANNULARHSSTIN23X25MM34SHMULTIFIT,CUTTERANNULARHSSTIN23X25MM34SHMULTIFIT.jpg,CUTTER ANNULAR HSSTIN 23x25MM 3/4-SH MULTIFIT,Annular cutter,hollow HSS annular hole cutter with 3/4-inch shank,25mm,HOUSE_RENDER_FAMILY,production/family_assets/annular_cutter_v2.png,a008f0eedb0ea46fba8b6bec5daf14e1d139073b963edd4de5349df5def286fe,ALL_ROWS,FAMILY_MASTER_REVIEWED_AND_CODE_MAPPED,APPROVED_FAMILY_RENDER,800,800,JPEG,78491,9c0cc13209a1025ffc5b011c63edc01920fd80fb8fe62ae8d762110e18b4ea72,"Item type unmistakably matches the register name ; stamped/labelled sizes readable: 25mm ; house style holds (dark floor, orange rim glow, item fills ~75%, no text/people/price)",Family render; the catalogue code supplies the exact size/variant where the shared image does not visibly prove that marking.
COATES-K2-ROAD2-649-RETRACTION-RESOLVED-20260806-V2,Coates_K2_Road2_Retraction_Resolved_649_Thumbnails_001.zip,307,2,CUTTERANNULARHSSTIN2425MM34SHMULTIFIT,CUTTERANNULARHSSTIN2425MM34SHMULTIFIT.jpg,CUTTER ANNULAR HSSTIN 24x25MM 3/4-SH MULTIFIT,Annular cutter,hollow HSS annular hole cutter with 3/4-inch shank,25mm,HOUSE_RENDER_FAMILY,production/family_assets/annular_cutter_v2.png,a008f0eedb0ea46fba8b6bec5daf14e1d139073b963edd4de5349df5def286fe,ALL_ROWS,FAMILY_MASTER_REVIEWED_AND_CODE_MAPPED,APPROVED_FAMILY_RENDER,800,800,JPEG,78491,9c0cc13209a1025ffc5b011c63edc01920fd80fb8fe62ae8d762110e18b4ea72,"Item type unmistakably matches the register name ; stamped/labelled sizes readable: 25mm ; house style holds (dark floor, orange rim glow, item fills ~75%, no text/people/price)",Family render; the catalogue code supplies the exact size/variant where the shared image does not visibly prove that marking.
COATES-K2-ROAD2-649-RETRACTION-RESOLVED-20260806-V2,Coates_K2_Road2_Retraction_Resolved_649_Thumbnails_001.zip,308,2,CUTTERANNULARHSSTIN24X25MM34SHMULTIFIT,CUTTERANNULARHSSTIN24X25MM34SHMULTIFIT.jpg,CUTTER ANNULAR HSSTIN 24x25MM 3/4-SH MULTIFIT,Annular cutter,hollow HSS annular hole cutter with 3/4-inch shank,25mm,HOUSE_RENDER_FAMILY,production/family_assets/annular_cutter_v2.png,a008f0eedb0ea46fba8b6bec5daf14e1d139073b963edd4de5349df5def286fe,ALL_ROWS,FAMILY_MASTER_REVIEWED_AND_CODE_MAPPED,APPROVED_FAMILY_RENDER,800,800,JPEG,78491,9c0cc13209a1025ffc5b011c63edc01920fd80fb8fe62ae8d762110e18b4ea72,"Item type unmistakably matches the register name ; stamped/labelled sizes readable: 25mm ; house style holds (dark floor, orange rim glow, item fills ~75%, no text/people/price)",Family render; the catalogue code supplies the exact size/variant where the shared image does not visibly prove that marking.
COATES-K2-ROAD2-649-RETRACTION-RESOLVED-20260806-V2,Coates_K2_Road2_Retraction_Resolved_649_Thumbnails_001.zip,309,2,CUTTERANNULARHSSTIN2525MM34SHMULTIFIT,CUTTERANNULARHSSTIN2525MM34SHMULTIFIT.jpg,CUTTER ANNULAR HSSTIN 25x25MM 3/4-SH MULTIFIT,Annular cutter,hollow HSS annular hole cutter with 3/4-inch shank,25mm,HOUSE_RENDER_FAMILY,production/family_assets/annular_cutter_v2.png,a008f0eedb0ea46fba8b6bec5daf14e1d139073b963edd4de5349df5def286fe,ALL_ROWS,FAMILY_MASTER_REVIEWED_AND_CODE_MAPPED,APPROVED_FAMILY_RENDER,800,800,JPEG,78491,9c0cc13209a1025ffc5b011c63edc01920fd80fb8fe62ae8d762110e18b4ea72,"Item type unmistakably matches the register name ; stamped/labelled sizes readable: 25mm ; house style holds (dark floor, orange rim glow, item fills ~75%, no text/people/price)",Family render; the catalogue code supplies the exact size/variant where the shared image does not visibly prove that marking.
COATES-K2-ROAD2-649-RETRACTION-RESOLVED-20260806-V2,Coates_K2_Road2_Retraction_Resolved_649_Thumbnails_001.zip,310,2,CUTTERANNULARHSSTIN25X25MM34SHMULTIFIT,CUTTERANNULARHSSTIN25X25MM34SHMULTIFIT.jpg,CUTTER ANNULAR HSSTIN 25x25MM 3/4-SH MULTIFIT,Annular cutter,hollow HSS annular hole cutter with 3/4-inch shank,25mm,HOUSE_RENDER_FAMILY,production/family_assets/annular_cutter_v2.png,a008f0eedb0ea46fba8b6bec5daf14e1d139073b963edd4de5349df5def286fe,ALL_ROWS,FAMILY_MASTER_REVIEWED_AND_CODE_MAPPED,APPROVED_FAMILY_RENDER,800,800,JPEG,78491,9c0cc13209a1025ffc5b011c63edc01920fd80fb8fe62ae8d762110e18b4ea72,"Item type unmistakably matches the register name ; stamped/labelled sizes readable: 25mm ; house style holds (dark floor, orange rim glow, item fills ~75%, no text/people/price)",Family render; the catalogue code supplies the exact size/variant where the shared image does not visibly prove that marking.
COATES-K2-ROAD2-649-RETRACTION-RESOLVED-20260806-V2,Coates_K2_Road2_Retraction_Resolved_649_Thumbnails_001.zip,311,2,CUTTERANNULARHSSTIN2625MM34SHMULTIFIT,CUTTERANNULARHSSTIN2625MM34SHMULTIFIT.jpg,CUTTER ANNULAR HSSTIN 26x25MM 3/4-SH MULTIFIT,Annular cutter,hollow HSS annular hole cutter with 3/4-inch shank,25mm,HOUSE_RENDER_FAMILY,production/family_assets/annular_cutter_v2.png,a008f0eedb0ea46fba8b6bec5daf14e1d139073b963edd4de5349df5def286fe,ALL_ROWS,FAMILY_MASTER_REVIEWED_AND_CODE_MAPPED,APPROVED_FAMILY_RENDER,800,800,JPEG,78491,9c0cc13209a1025ffc5b011c63edc01920fd80fb8fe62ae8d762110e18b4ea72,"Item type unmistakably matches the register name ; stamped/labelled sizes readable: 25mm ; house style holds (dark floor, orange rim glow, item fills ~75%, no text/people/price)",Family render; the catalogue code supplies the exact size/variant where the shared image does not visibly prove that marking.
COATES-K2-ROAD2-649-RETRACTION-RESOLVED-20260806-V2,Coates_K2_Road2_Retraction_Resolved_649_Thumbnails_001.zip,312,2,CUTTERANNULARHSSTIN26X25MM34SHMULTIFIT,CUTTERANNULARHSSTIN26X25MM34SHMULTIFIT.jpg,CUTTER ANNULAR HSSTIN 26x25MM 3/4-SH MULTIFIT,Annular cutter,hollow HSS annular hole cutter with 3/4-inch shank,25mm,HOUSE_RENDER_FAMILY,production/family_assets/annular_cutter_v2.png,a008f0eedb0ea46fba8b6bec5daf14e1d139073b963edd4de5349df5def286fe,ALL_ROWS,FAMILY_MASTER_REVIEWED_AND_CODE_MAPPED,APPROVED_FAMILY_RENDER,800,800,JPEG,78491,9c0cc13209a1025ffc5b011c63edc01920fd80fb8fe62ae8d762110e18b4ea72,"Item type unmistakably matches the register name ; stamped/labelled sizes readable: 25mm ; house style holds (dark floor, orange rim glow, item fills ~75%, no text/people/price)",Family render; the catalogue code supplies the exact size/variant where the shared image does not visibly prove that marking.
COATES-K2-ROAD2-649-RETRACTION-RESOLVED-20260806-V2,Coates_K2_Road2_Retraction_Resolved_649_Thumbnails_001.zip,314,2,CUTTERANNULARHSSTIN2X25MM34SHMULTIFIT,CUTTERANNULARHSSTIN2X25MM34SHMULTIFIT.jpg,CUTTER ANNULAR HSSTIN 2x25MM 3/4-SH MULTIFIT,Annular cutter,hollow HSS annular hole cutter with 3/4-inch shank,25mm,HOUSE_RENDER_FAMILY,production/family_assets/annular_cutter_v2.png,a008f0eedb0ea46fba8b6bec5daf14e1d139073b963edd4de5349df5def286fe,ALL_ROWS,FAMILY_MASTER_REVIEWED_AND_CODE_MAPPED,APPROVED_FAMILY_RENDER,800,800,JPEG,78491,9c0cc13209a1025ffc5b011c63edc01920fd80fb8fe62ae8d762110e18b4ea72,"Item type unmistakably matches the register name ; stamped/labelled sizes readable: 25mm ; house style holds (dark floor, orange rim glow, item fills ~75%, no text/people/price)",Family render; the catalogue code supplies the exact size/variant where the shared image does not visibly prove that marking.
COATES-K2-ROAD2-649-RETRACTION-RESOLVED-20260806-V2,Coates_K2_Road2_Retraction_Resolved_649_Thumbnails_001.zip,536,2,DIVIDER100MM,DIVIDER100MM.jpg,Divider - 100mm,Divider | Metric,steel wing divider compass,100mm,HOUSE_RENDER_FAMILY,production/family_assets/wing_divider.png,c19e27a184b122d638ca8de52862691d234f922c7e2172c96ef9a1659e982de5,ALL_ROWS,FAMILY_MASTER_REVIEWED_AND_CODE_MAPPED,APPROVED_FAMILY_RENDER,800,800,JPEG,75043,7fc77b29cd1fdedd4c9e383b4a503a1dd8e6750cb8680319029ba77ca965db36,"Item type unmistakably matches the register name ; stamped/labelled sizes readable: 100mm ; house style holds (dark floor, orange rim glow, item fills ~75%, no text/people/price)",Family render; the catalogue code supplies the exact size/variant where the shared image does not visibly prove that marking.
COATES-K2-ROAD2-649-RETRACTION-RESOLVED-20260806-V2,Coates_K2_Road2_Retraction_Resolved_649_Thumbnails_001.zip,537,2,DIVIDER150MM,DIVIDER150MM.jpg,Divider - 150mm,Divider | Metric,steel wing divider compass,150mm,HOUSE_RENDER_FAMILY,production/family_assets/wing_divider.png,c19e27a184b122d638ca8de52862691d234f922c7e2172c96ef9a1659e982de5,ALL_ROWS,FAMILY_MASTER_REVIEWED_AND_CODE_MAPPED,APPROVED_FAMILY_RENDER,800,800,JPEG,75043,7fc77b29cd1fdedd4c9e383b4a503a1dd8e6750cb8680319029ba77ca965db36,"Item type unmistakably matches the register name ; stamped/labelled sizes readable: 150mm ; house style holds (dark floor, orange rim glow, item fills ~75%, no text/people/price)",Family render; the catalogue code supplies the exact size/variant where the shared image does not visibly prove that marking.
COATES-K2-ROAD2-649-RETRACTION-RESOLVED-20260806-V2,Coates_K2_Road2_Retraction_Resolved_649_Thumbnails_001.zip,538,2,DRIFTBOILMAKE16/153MM,DRIFTBOILMAKE16_153MM.jpg,Drift Pin - Barrel - 16mm,Drift pin | Metric,tapered barrel drift pin,16mm,HOUSE_RENDER_FAMILY,production/family_assets/drift_pin.png,a89627c11d755eb8a50b3e4dec0183c1c0fce8b33f005eeede0685f71c14023c,ALL_ROWS,FAMILY_MASTER_REVIEWED_AND_CODE_MAPPED,APPROVED_FAMILY_RENDER,800,800,JPEG,79793,1d7c226149f8ce46e91e925513ff0edbd067aa435efc449c8bc011edd47b054c,"Item type unmistakably matches the register name ; stamped/labelled sizes readable: 16mm ; house style holds (dark floor, orange rim glow, item fills ~75%, no text/people/price)",Family render; the catalogue code supplies the exact size/variant where the shared image does not visibly prove that marking.
COATES-K2-ROAD2-649-RETRACTION-RESOLVED-20260806-V2,Coates_K2_Road2_Retraction_Resolved_649_Thumbnails_001.zip,540,2,DRIFTPINBARREL1,DRIFTPINBARREL1.jpg,Drift Pin - Barrel - 1in,Drift pin | Imperial,tapered barrel drift pin,1in,HOUSE_RENDER_FAMILY,production/family_assets/drift_pin.png,a89627c11d755eb8a50b3e4dec0183c1c0fce8b33f005eeede0685f71c14023c,ALL_ROWS,FAMILY_MASTER_REVIEWED_AND_CODE_MAPPED,APPROVED_FAMILY_RENDER,800,800,JPEG,79793,1d7c226149f8ce46e91e925513ff0edbd067aa435efc449c8bc011edd47b054c,"Item type unmistakably matches the register name ; stamped/labelled sizes readable: 1in ; house style holds (dark floor, orange rim glow, item fills ~75%, no text/people/price)",Family render; the catalogue code supplies the exact size/variant where the shared image does not visibly prove that marking.
COATES-K2-ROAD2-649-RETRACTION-RESOLVED-20260806-V2,Coates_K2_Road2_Retraction_Resolved_649_Thumbnails_001.zip,539,2,DRIFTPINBARREL19MM,DRIFTPINBARREL19MM.jpg,Drift Pin - Barrel - 19mm,Drift pin | Metric,tapered barrel drift pin,19mm,HOUSE_RENDER_FAMILY,production/family_assets/drift_pin.png,a89627c11d755eb8a50b3e4dec0183c1c0fce8b33f005eeede0685f71c14023c,ALL_ROWS,FAMILY_MASTER_REVIEWED_AND_CODE_MAPPED,APPROVED_FAMILY_RENDER,800,800,JPEG,79793,1d7c226149f8ce46e91e925513ff0edbd067aa435efc449c8bc011edd47b054c,"Item type unmistakably matches the register name ; stamped/labelled sizes readable: 19mm ; house style holds (dark floor, orange rim glow, item fills ~75%, no text/people/price)",Family render; the catalogue code supplies the exact size/variant where the shared image does not visibly prove that marking.
COATES-K2-ROAD2-649-RETRACTION-RESOLVED-20260806-V2,Coates_K2_Road2_Retraction_Resolved_649_Thumbnails_001.zip,541,2,DRIFTPINBARREL22MM,DRIFTPINBARREL22MM.jpg,Drift Pin - Barrel - 22mm,Drift pin | Metric,tapered barrel drift pin,22mm,HOUSE_RENDER_FAMILY,production/family_assets/drift_pin.png,a89627c11d755eb8a50b3e4dec0183c1c0fce8b33f005eeede0685f71c14023c,ALL_ROWS,FAMILY_MASTER_REVIEWED_AND_CODE_MAPPED,APPROVED_FAMILY_RENDER,800,800,JPEG,79793,1d7c226149f8ce46e91e925513ff0edbd067aa435efc449c8bc011edd47b054c,"Item type unmistakably matches the register name ; stamped/labelled sizes readable: 22mm ; house style holds (dark floor, orange rim glow, item fills ~75%, no text/people/price)",Family render; the catalogue code supplies the exact size/variant where the shared image does not visibly prove that marking.
COATES-K2-ROAD2-649-RETRACTION-RESOLVED-20260806-V2,Coates_K2_Road2_Retraction_Resolved_649_Thumbnails_001.zip,542,2,DRIFTPINBARREL33MM,DRIFTPINBARREL33MM.jpg,Drift Pin - Barrel - 33mm,Drift pin | Metric,tapered barrel drift pin,33mm,HOUSE_RENDER_FAMILY,production/family_assets/drift_pin.png,a89627c11d755eb8a50b3e4dec0183c1c0fce8b33f005eeede0685f71c14023c,ALL_ROWS,FAMILY_MASTER_REVIEWED_AND_CODE_MAPPED,APPROVED_FAMILY_RENDER,800,800,JPEG,79793,1d7c226149f8ce46e91e925513ff0edbd067aa435efc449c8bc011edd47b054c,"Item type unmistakably matches the register name ; stamped/labelled sizes readable: 33mm ; house style holds (dark floor, orange rim glow, item fills ~75%, no text/people/price)",Family render; the catalogue code supplies the exact size/variant where the shared image does not visibly prove that marking.
COATES-K2-ROAD2-649-RETRACTION-RESOLVED-20260806-V2,Coates_K2_Road2_Retraction_Resolved_649_Thumbnails_001.zip,350,2,FLATFILE2SECONDCUTMEDIUM,FLATFILE2SECONDCUTMEDIUM.jpg,Flat File – #2 = Second Cut (medium),File | Flat,flat hand file,,HOUSE_RENDER_FAMILY,production/family_assets/hand_file_flat.png,dd749bf4662119ba27bb8324330eede0f2522649b422aab4e9fabd57dc14af00,ALL_ROWS,FAMILY_MASTER_REVIEWED_AND_CODE_MAPPED,APPROVED_FAMILY_RENDER,800,800,JPEG,77507,e293b118178824111e6f01f1abc4b8cfb9ccc14ae73d0023653bb3503e8da61e,"Item type unmistakably matches the register name ; house style holds (dark floor, orange rim glow, item fills ~75%, no text/people/price)",Family render; the catalogue code supplies the exact size/variant where the shared image does not visibly prove that marking.
COATES-K2-ROAD2-649-RETRACTION-RESOLVED-20260806-V2,Coates_K2_Road2_Retraction_Resolved_649_Thumbnails_001.zip,548,2,FRAMESQUAREALUM400X600,FRAMESQUAREALUM400X600.jpg,Framing Square - Aluminium - 400mm x 600mm,Square | Framing | Metric,aluminium framing square,400mm | 600mm,HOUSE_RENDER_FAMILY,production/family_assets/framing_square.png,c459c2f31f12a140bfd38f74cdf037526c66c78cb91d0d07368872f93d0131ad,ALL_ROWS,FAMILY_MASTER_REVIEWED_AND_CODE_MAPPED,APPROVED_FAMILY_RENDER,800,800,JPEG,72548,149f58a8bf8cf8f8e8aaebf2c407e2fc7c568a34ac9716b42a850da623b6b2a5,"Item type unmistakably matches the register name ; stamped/labelled sizes readable: 400mm, 600mm ; house style holds (dark floor, orange rim glow, item fills ~75%, no text/people/price)",Family render; the catalogue code supplies the exact size/variant where the shared image does not visibly prove that marking.
COATES-K2-ROAD2-649-RETRACTION-RESOLVED-20260806-V2,Coates_K2_Road2_Retraction_Resolved_649_Thumbnails_001.zip,549,2,GCLAMP100MM,GCLAMP100MM.jpg,G Clamp - 100mm,G/quick clamp,cast-steel G-clamp with screw handle,100mm,HOUSE_RENDER_FAMILY,production/family_assets/g_clamp.png,5d2eac4eba55e80bfc9f557e95a3a6ff556e3d972c3ad0176f63fd7af69f0e6d,ALL_ROWS,FAMILY_MASTER_REVIEWED_AND_CODE_MAPPED,APPROVED_FAMILY_RENDER,800,800,JPEG,80468,693c760c16e3040f2f5ac4bbff94cbcd897cf4b264362d2dfd3c699712c9e7a4,"Frame and screw both visible; throat size proportionate ; stamped/labelled sizes readable: 100mm ; house style holds (dark floor, orange rim glow, item fills ~75%, no text/people/price)",Family render; the catalogue code supplies the exact size/variant where the shared image does not visibly prove that marking.
COATES-K2-ROAD2-649-RETRACTION-RESOLVED-20260806-V2,Coates_K2_Road2_Retraction_Resolved_649_Thumbnails_001.zip,550,2,GCLAMP150MM,GCLAMP150MM.jpg,G Clamp - 150mm,G/quick clamp,cast-steel G-clamp with screw handle,150mm,HOUSE_RENDER_FAMILY,production/family_assets/g_clamp.png,5d2eac4eba55e80bfc9f557e95a3a6ff556e3d972c3ad0176f63fd7af69f0e6d,ALL_ROWS,FAMILY_MASTER_REVIEWED_AND_CODE_MAPPED,APPROVED_FAMILY_RENDER,800,800,JPEG,80468,693c760c16e3040f2f5ac4bbff94cbcd897cf4b264362d2dfd3c699712c9e7a4,"Frame and screw both visible; throat size proportionate ; stamped/labelled sizes readable: 150mm ; house style holds (dark floor, orange rim glow, item fills ~75%, no text/people/price)",Family render; the catalogue code supplies the exact size/variant where the shared image does not visibly prove that marking.
COATES-K2-ROAD2-649-RETRACTION-RESOLVED-20260806-V2,Coates_K2_Road2_Retraction_Resolved_649_Thumbnails_001.zip,551,2,GCLAMP250MM,GCLAMP250MM.jpg,G Clamp - 250mm,G/quick clamp,cast-steel G-clamp with screw handle,250mm,HOUSE_RENDER_FAMILY,production/family_assets/g_clamp.png,5d2eac4eba55e80bfc9f557e95a3a6ff556e3d972c3ad0176f63fd7af69f0e6d,ALL_ROWS,FAMILY_MASTER_REVIEWED_AND_CODE_MAPPED,APPROVED_FAMILY_RENDER,800,800,JPEG,80468,693c760c16e3040f2f5ac4bbff94cbcd897cf4b264362d2dfd3c699712c9e7a4,"Frame and screw both visible; throat size proportionate ; stamped/labelled sizes readable: 250mm ; house style holds (dark floor, orange rim glow, item fills ~75%, no text/people/price)",Family render; the catalogue code supplies the exact size/variant where the shared image does not visibly prove that marking.
COATES-K2-ROAD2-649-RETRACTION-RESOLVED-20260806-V2,Coates_K2_Road2_Retraction_Resolved_649_Thumbnails_001.zip,552,2,GCLAMP300MM,GCLAMP300MM.jpg,G Clamp - 300mm,G/quick clamp,cast-steel G-clamp with screw handle,300mm,HOUSE_RENDER_FAMILY,production/family_assets/g_clamp.png,5d2eac4eba55e80bfc9f557e95a3a6ff556e3d972c3ad0176f63fd7af69f0e6d,ALL_ROWS,FAMILY_MASTER_REVIEWED_AND_CODE_MAPPED,APPROVED_FAMILY_RENDER,800,800,JPEG,80468,693c760c16e3040f2f5ac4bbff94cbcd897cf4b264362d2dfd3c699712c9e7a4,"Frame and screw both visible; throat size proportionate ; stamped/labelled sizes readable: 300mm ; house style holds (dark floor, orange rim glow, item fills ~75%, no text/people/price)",Family render; the catalogue code supplies the exact size/variant where the shared image does not visibly prove that marking.
COATES-K2-ROAD2-649-RETRACTION-RESOLVED-20260806-V2,Coates_K2_Road2_Retraction_Resolved_649_Thumbnails_001.zip,553,2,GCLAMP50MM,GCLAMP50MM.jpg,G Clamp - 50mm,G/quick clamp,cast-steel G-clamp with screw handle,50mm,HOUSE_RENDER_FAMILY,production/family_assets/g_clamp.png,5d2eac4eba55e80bfc9f557e95a3a6ff556e3d972c3ad0176f63fd7af69f0e6d,ALL_ROWS,FAMILY_MASTER_REVIEWED_AND_CODE_MAPPED,APPROVED_FAMILY_RENDER,800,800,JPEG,80468,693c760c16e3040f2f5ac4bbff94cbcd897cf4b264362d2dfd3c699712c9e7a4,"Frame and screw both visible; throat size proportionate ; stamped/labelled sizes readable: 50mm ; house style holds (dark floor, orange rim glow, item fills ~75%, no text/people/price)",Family render; the catalogue code supplies the exact size/variant where the shared image does not visibly prove that marking.
COATES-K2-ROAD2-649-RETRACTION-RESOLVED-20260806-V2,Coates_K2_Road2_Retraction_Resolved_649_Thumbnails_001.zip,554,2,HACKSAW300MM,HACKSAW300MM.jpg,Hacksaw - Hand 300mm,Saw | hack,300 mm hand hacksaw,300mm,HOUSE_RENDER_FAMILY,production/family_assets/hand_hacksaw.png,308025c7d586a140f076199120d16fc0934250c357a7af73419c7b79aae139f1,ALL_ROWS,FAMILY_MASTER_REVIEWED_AND_CODE_MAPPED,APPROVED_FAMILY_RENDER,800,800,JPEG,80984,72aa80360c36187c418f1a88c080273e4b8e4748f32544c29c2e810278d36356,"Tool type unmistakable; working end sharp in the light ; stamped/labelled sizes readable: 300mm ; house style holds (dark floor, orange rim glow, item fills ~75%, no text/people/price)",Family render; the catalogue code supplies the exact size/variant where the shared image does not visibly prove that marking.
COATES-K2-ROAD2-649-RETRACTION-RESOLVED-20260806-V2,Coates_K2_Road2_Retraction_Resolved_649_Thumbnails_001.zip,352,2,HALFROUNDFILE1BASTARDCUTCOARSE,HALFROUNDFILE1BASTARDCUTCOARSE.jpg,Half Round File – #1 = Bastard Cut (coarse),File | Half round,half round hand file,,HOUSE_RENDER_FAMILY,production/family_assets/hand_file_half_round.png,4199015fc1935b565e34d62f9b97665ea81b26db73c9062efb2758b6720d37c5,ALL_ROWS,FAMILY_MASTER_REVIEWED_AND_CODE_MAPPED,APPROVED_FAMILY_RENDER,800,800,JPEG,78538,571441b9c415ef7aa0e17fa4f903703a28233fd75f71479b568ac3fe0acd2140,"Item type unmistakably matches the register name ; house style holds (dark floor, orange rim glow, item fills ~75%, no text/people/price)",Family render; the catalogue code supplies the exact size/variant where the shared image does not visibly prove that marking.
COATES-K2-ROAD2-649-RETRACTION-RESOLVED-20260806-V2,Coates_K2_Road2_Retraction_Resolved_649_Thumbnails_001.zip,555,2,HAMMERBALLPEIN16OZ,HAMMERBALLPEIN16OZ.jpg,Hammer - Ball Pein - 16 Oz,Hammer | ball pein,ball-pein hammer,,HOUSE_RENDER_FAMILY,production/family_assets/hammer_ball_pein.png,77ee80bfa17b185048f336fe0f0f290f1e00126489d794069fc899c4af2680d2,ALL_ROWS,FAMILY_MASTER_REVIEWED_AND_CODE_MAPPED,APPROVED_FAMILY_RENDER,800,800,JPEG,74680,f559b71e12eecd3f9febb445482d8636bfefe1a5c5aeb6bf09b876a8d8577394,"Head material reads right (copper glows warm); handle type matches the name ; house style holds (dark floor, orange rim glow, item fills ~75%, no text/people/price)",Family render; the catalogue code supplies the exact size/variant where the shared image does not visibly prove that marking.
COATES-K2-ROAD2-649-RETRACTION-RESOLVED-20260806-V2,Coates_K2_Road2_Retraction_Resolved_649_Thumbnails_001.zip,556,2,HAMMERBALLPEIN320Z,HAMMERBALLPEIN320Z.jpg,Hammer - Ball Pein - 32 Oz,Hammer | ball pein,ball-pein hammer,,HOUSE_RENDER_FAMILY,production/family_assets/hammer_ball_pein.png,77ee80bfa17b185048f336fe0f0f290f1e00126489d794069fc899c4af2680d2,ALL_ROWS,FAMILY_MASTER_REVIEWED_AND_CODE_MAPPED,APPROVED_FAMILY_RENDER,800,800,JPEG,74680,f559b71e12eecd3f9febb445482d8636bfefe1a5c5aeb6bf09b876a8d8577394,"Head material reads right (copper glows warm); handle type matches the name ; house style holds (dark floor, orange rim glow, item fills ~75%, no text/people/price)",Family render; the catalogue code supplies the exact size/variant where the shared image does not visibly prove that marking.
COATES-K2-ROAD2-649-RETRACTION-RESOLVED-20260806-V2,Coates_K2_Road2_Retraction_Resolved_649_Thumbnails_001.zip,557,2,HAMMERBRASSML,HAMMERBRASSML.jpg,Hammer - Brass - Small,Hammer | brass,brass-face hammer,,HOUSE_RENDER_FAMILY,production/family_assets/hammer_brass.png,af47affe0df8f8211c8455f559d3cd2ba0b09bc00509a5c1c9d782ee906e62f1,ALL_ROWS,FAMILY_MASTER_REVIEWED_AND_CODE_MAPPED,APPROVED_FAMILY_RENDER,800,800,JPEG,81730,c37d617ee09d03eac6f32bf44ecf85d7ac5bd26a8dacde4c01c6dc55c08813b4,"Head material reads right (copper glows warm); handle type matches the name ; house style holds (dark floor, orange rim glow, item fills ~75%, no text/people/price)",Family render; the catalogue code supplies the exact size/variant where the shared image does not visibly prove that marking.
COATES-K2-ROAD2-649-RETRACTION-RESOLVED-20260806-V2,Coates_K2_Road2_Retraction_Resolved_649_Thumbnails_001.zip,558,2,HAMMERCHIPPINGSOLIDSTEEL,HAMMERCHIPPINGSOLIDSTEEL.jpg,Hammer - Chipping,Hammer | chipping,solid-steel welding chipping hammer,,HOUSE_RENDER_FAMILY,production/family_assets/welding_chipping_hammer.png,bcba0bd0bace6c9ba8125d6cb54d042c995a2357eabfe3c6f47f6ceb3d6c73ca,ALL_ROWS,FAMILY_MASTER_REVIEWED_AND_CODE_MAPPED,APPROVED_FAMILY_RENDER,800,800,JPEG,79832,f42562b242e9d0d811bffa345dc8b21c0de5f0f76d6da19438dcd7d047506798,"Head material reads right (copper glows warm); handle type matches the name ; house style holds (dark floor, orange rim glow, item fills ~75%, no text/people/price)",Family render; the catalogue code supplies the exact size/variant where the shared image does not visibly prove that marking.
COATES-K2-ROAD2-649-RETRACTION-RESOLVED-20260806-V2,Coates_K2_Road2_Retraction_Resolved_649_Thumbnails_001.zip,559,2,HAMMERCLAW20OZ,HAMMERCLAW20OZ.jpg,Hammer - Claw,Hammer | claw,claw hammer,,HOUSE_RENDER_FAMILY,production/family_assets/hammer_claw.png,0d6ba9aec01f7b3eb2c8aab4669ea90dd7f176d6077887b5f4470bd3833260b1,ALL_ROWS,FAMILY_MASTER_REVIEWED_AND_CODE_MAPPED,APPROVED_FAMILY_RENDER,800,800,JPEG,78198,56643c39898f8dbb4b5287d2c238a710e164499e25216688e71a172ae2abd090,"Head material reads right (copper glows warm); handle type matches the name ; house style holds (dark floor, orange rim glow, item fills ~75%, no text/people/price)",Family render; the catalogue code supplies the exact size/variant where the shared image does not visibly prove that marking.
COATES-K2-ROAD2-649-RETRACTION-RESOLVED-20260806-V2,Coates_K2_Road2_Retraction_Resolved_649_Thumbnails_001.zip,353,2,HAMMERCLUB4LB18KGFIBREGLASSRUBBERGRIP,HAMMERCLUB4LB18KGFIBREGLASSRUBBERGRIP.jpg,"HAMMER CLUB 4LB/1.8KG FIBREGLASS,RUBBER GRIP",Hammer | rubber,fibreglass-handled steel club hammer with rubber grip,4lb | 1.8kg,HOUSE_RENDER_FAMILY,production/family_assets/club_hammer.png,5762c66d2a337a5440af39f8d30f788ed3ab82607a05bf549aafae30592b8d1a,ALL_ROWS,FAMILY_MASTER_REVIEWED_AND_CODE_MAPPED,APPROVED_FAMILY_RENDER,800,800,JPEG,77997,e170390658c46d56e2a429ebf96c64677e54adf8e89dd7f59673576ef255ee4e,"Head material reads right (copper glows warm); handle type matches the name ; stamped/labelled sizes readable: 4lb, 1.8kg ; house style holds (dark floor, orange rim glow, item fills ~75%, no text/people/price)",Family render; the catalogue code supplies the exact size/variant where the shared image does not visibly prove that marking.
COATES-K2-ROAD2-649-RETRACTION-RESOLVED-20260806-V2,Coates_K2_Road2_Retraction_Resolved_649_Thumbnails_001.zip,354,2,HAMMERCOPPER275LB126KG38MMWOODEN,HAMMERCOPPER275LB126KG38MMWOODEN.jpg,"HAMMER COPPER 2.75LB/1.26KG 38MM,WOODEN",Hammer | copper,wood-handled copper-face hammer,38mm | 2.75lb | 1.26kg,HOUSE_RENDER_FAMILY,production/family_assets/hammer_copper_generic.png,be651ece482ec0668c908336db2a5d39262c27a2751d2bde37f0d2fa9d70a2e8,ALL_ROWS,FAMILY_MASTER_REVIEWED_AND_CODE_MAPPED,APPROVED_FAMILY_RENDER,800,800,JPEG,78118,d6ef8df0accf6b665d6e09061ae77e6884cf7ceee2d6545dd735d58fbd940af8,"Head material reads right (copper glows warm); handle type matches the name ; stamped/labelled sizes readable: 38mm, 2.75lb, 1.26kg ; house style holds (dark floor, orange rim glow, item fills ~75%, no text/people/price)",Family render; the catalogue code supplies the exact size/variant where the shared image does not visibly prove that marking.
COATES-K2-ROAD2-649-RETRACTION-RESOLVED-20260806-V2,Coates_K2_Road2_Retraction_Resolved_649_Thumbnails_001.zip,355,2,HAMMERCOPPER4LB194KG44MMWOODEN,HAMMERCOPPER4LB194KG44MMWOODEN.jpg,"HAMMER COPPER 4LB/1.94KG 44MM,WOODEN",Hammer | copper,wood-handled copper-face hammer,44mm | 4lb | 1.94kg,HOUSE_RENDER_FAMILY,production/family_assets/hammer_copper_generic.png,be651ece482ec0668c908336db2a5d39262c27a2751d2bde37f0d2fa9d70a2e8,ALL_ROWS,FAMILY_MASTER_REVIEWED_AND_CODE_MAPPED,APPROVED_FAMILY_RENDER,800,800,JPEG,78118,d6ef8df0accf6b665d6e09061ae77e6884cf7ceee2d6545dd735d58fbd940af8,"Head material reads right (copper glows warm); handle type matches the name ; stamped/labelled sizes readable: 44mm, 4lb, 1.94kg ; house style holds (dark floor, orange rim glow, item fills ~75%, no text/people/price)",Family render; the catalogue code supplies the exact size/variant where the shared image does not visibly prove that marking.
COATES-K2-ROAD2-649-RETRACTION-RESOLVED-20260806-V2,Coates_K2_Road2_Retraction_Resolved_649_Thumbnails_001.zip,560,2,HAMMERCOPPERHEADLARGE,HAMMERCOPPERHEADLARGE.jpg,Hammer - Copper Head - Large,Hammer | copper,wood-handled copper-face hammer,,HOUSE_RENDER_FAMILY,production/family_assets/hammer_copper_generic.png,be651ece482ec0668c908336db2a5d39262c27a2751d2bde37f0d2fa9d70a2e8,ALL_ROWS,FAMILY_MASTER_REVIEWED_AND_CODE_MAPPED,APPROVED_FAMILY_RENDER,800,800,JPEG,78118,d6ef8df0accf6b665d6e09061ae77e6884cf7ceee2d6545dd735d58fbd940af8,"Head material reads right (copper glows warm); handle type matches the name ; house style holds (dark floor, orange rim glow, item fills ~75%, no text/people/price)",Family render; the catalogue code supplies the exact size/variant where the shared image does not visibly prove that marking.
COATES-K2-ROAD2-649-RETRACTION-RESOLVED-20260806-V2,Coates_K2_Road2_Retraction_Resolved_649_Thumbnails_001.zip,561,2,HAMMERCOPPERHEADSMALL,HAMMERCOPPERHEADSMALL.jpg,Hammer - Copper Head - Small,Hammer | copper,wood-handled copper-face hammer,,HOUSE_RENDER_FAMILY,production/family_assets/hammer_copper_generic.png,be651ece482ec0668c908336db2a5d39262c27a2751d2bde37f0d2fa9d70a2e8,ALL_ROWS,FAMILY_MASTER_REVIEWED_AND_CODE_MAPPED,APPROVED_FAMILY_RENDER,800,800,JPEG,78118,d6ef8df0accf6b665d6e09061ae77e6884cf7ceee2d6545dd735d58fbd940af8,"Head material reads right (copper glows warm); handle type matches the name ; house style holds (dark floor, orange rim glow, item fills ~75%, no text/people/price)",Family render; the catalogue code supplies the exact size/variant where the shared image does not visibly prove that marking.
COATES-K2-ROAD2-649-RETRACTION-RESOLVED-20260806-V2,Coates_K2_Road2_Retraction_Resolved_649_Thumbnails_001.zip,562,2,HAMMERDEADBLOWLARGE,HAMMERDEADBLOWLARGE.jpg,Hammer - Dead Blow - Large,Hammer | dead blow,soft-face dead-blow hammer,,HOUSE_RENDER_FAMILY,production/family_assets/dead_blow_hammer.png,6cb456dee888d9d3f25beb468bde68ed44cb4c9db150135554f09be68e83fc51,ALL_ROWS,FAMILY_MASTER_REVIEWED_AND_CODE_MAPPED,APPROVED_FAMILY_RENDER,800,800,JPEG,74121,d55bcad012cb5376acfa2211a03c04874f71ac5d5d583011bfff7415092f779d,"Head material reads right (copper glows warm); handle type matches the name ; house style holds (dark floor, orange rim glow, item fills ~75%, no text/people/price)",Family render; the catalogue code supplies the exact size/variant where the shared image does not visibly prove that marking.
COATES-K2-ROAD2-649-RETRACTION-RESOLVED-20260806-V2,Coates_K2_Road2_Retraction_Resolved_649_Thumbnails_001.zip,563,2,HAMMERDEADBLOWSMALL,HAMMERDEADBLOWSMALL.jpg,Hammer - Dead Blow - Small,Hammer | dead blow,soft-face dead-blow hammer,,HOUSE_RENDER_FAMILY,production/family_assets/dead_blow_hammer.png,6cb456dee888d9d3f25beb468bde68ed44cb4c9db150135554f09be68e83fc51,ALL_ROWS,FAMILY_MASTER_REVIEWED_AND_CODE_MAPPED,APPROVED_FAMILY_RENDER,800,800,JPEG,74121,d55bcad012cb5376acfa2211a03c04874f71ac5d5d583011bfff7415092f779d,"Head material reads right (copper glows warm); handle type matches the name ; house style holds (dark floor, orange rim glow, item fills ~75%, no text/people/price)",Family render; the catalogue code supplies the exact size/variant where the shared image does not visibly prove that marking.
COATES-K2-ROAD2-649-RETRACTION-RESOLVED-20260806-V2,Coates_K2_Road2_Retraction_Resolved_649_Thumbnails_001.zip,564,2,HAMMERRUBBER,HAMMERRUBBER.jpg,Hammer - Rubber,Hammer | rubber,rubber mallet,,HOUSE_RENDER_FAMILY,production/family_assets/rubber_mallet.png,b6e9b6d15c41063404f770c0f976738f76c2d6bdab5f79a9890db7d5480bc62a,ALL_ROWS,FAMILY_MASTER_REVIEWED_AND_CODE_MAPPED,APPROVED_FAMILY_RENDER,800,800,JPEG,73603,ac194cd3473eff42acb906f3a64438c434803adb8f564c1e59cceeb172050fcd,"Head material reads right (copper glows warm); handle type matches the name ; house style holds (dark floor, orange rim glow, item fills ~75%, no text/people/price)",Family render; the catalogue code supplies the exact size/variant where the shared image does not visibly prove that marking.
COATES-K2-ROAD2-649-RETRACTION-RESOLVED-20260806-V2,Coates_K2_Road2_Retraction_Resolved_649_Thumbnails_001.zip,565,2,HAMMERSLEDGE14LB,HAMMERSLEDGE14LB.jpg,Hammer - Sledge 14Lb,Hammer | sledge,long-handled sledge hammer,14lb,HOUSE_RENDER_FAMILY,production/family_assets/hammer_sledge.png,61579314134e3f1bb0a4b10a37f796fd88dbc3be737ad3a2ced0fbf5b557f184,ALL_ROWS,FAMILY_MASTER_REVIEWED_AND_CODE_MAPPED,APPROVED_FAMILY_RENDER,800,800,JPEG,79614,204aa1b553baa39eebe9d54ece2b9ec5dc777707c5e85fefe438e807771d22cf,"Head material reads right (copper glows warm); handle type matches the name ; stamped/labelled sizes readable: 14lb ; house style holds (dark floor, orange rim glow, item fills ~75%, no text/people/price)",Family render; the catalogue code supplies the exact size/variant where the shared image does not visibly prove that marking.
COATES-K2-ROAD2-649-RETRACTION-RESOLVED-20260806-V2,Coates_K2_Road2_Retraction_Resolved_649_Thumbnails_001.zip,566,2,HAMMERSLEDGE4LB,HAMMERSLEDGE4LB.jpg,Hammer - Sledge 4Lb,Hammer | sledge,long-handled sledge hammer,4lb,HOUSE_RENDER_FAMILY,production/family_assets/hammer_sledge.png,61579314134e3f1bb0a4b10a37f796fd88dbc3be737ad3a2ced0fbf5b557f184,ALL_ROWS,FAMILY_MASTER_REVIEWED_AND_CODE_MAPPED,APPROVED_FAMILY_RENDER,800,800,JPEG,79614,204aa1b553baa39eebe9d54ece2b9ec5dc777707c5e85fefe438e807771d22cf,"Head material reads right (copper glows warm); handle type matches the name ; stamped/labelled sizes readable: 4lb ; house style holds (dark floor, orange rim glow, item fills ~75%, no text/people/price)",Family render; the catalogue code supplies the exact size/variant where the shared image does not visibly prove that marking.
COATES-K2-ROAD2-649-RETRACTION-RESOLVED-20260806-V2,Coates_K2_Road2_Retraction_Resolved_649_Thumbnails_001.zip,567,2,HAMMERSLEDGE8LB,HAMMERSLEDGE8LB.jpg,Hammer - Sledge 8Lb,Hammer | sledge,long-handled sledge hammer,8lb,HOUSE_RENDER_FAMILY,production/family_assets/hammer_sledge.png,61579314134e3f1bb0a4b10a37f796fd88dbc3be737ad3a2ced0fbf5b557f184,ALL_ROWS,FAMILY_MASTER_REVIEWED_AND_CODE_MAPPED,APPROVED_FAMILY_RENDER,800,800,JPEG,79614,204aa1b553baa39eebe9d54ece2b9ec5dc777707c5e85fefe438e807771d22cf,"Head material reads right (copper glows warm); handle type matches the name ; stamped/labelled sizes readable: 8lb ; house style holds (dark floor, orange rim glow, item fills ~75%, no text/people/price)",Family render; the catalogue code supplies the exact size/variant where the shared image does not visibly prove that marking.
COATES-K2-ROAD2-649-RETRACTION-RESOLVED-20260806-V2,Coates_K2_Road2_Retraction_Resolved_649_Thumbnails_001.zip,997,2,HAMMERSSLEDGE10LB,HAMMERSSLEDGE10LB.jpg,Hammer - Sledge 10lb,Hammer | sledge,long-handled sledge hammer,10lb,HOUSE_RENDER_FAMILY,production/family_assets/hammer_sledge.png,61579314134e3f1bb0a4b10a37f796fd88dbc3be737ad3a2ced0fbf5b557f184,ALL_ROWS,FAMILY_MASTER_REVIEWED_AND_CODE_MAPPED,APPROVED_FAMILY_RENDER,800,800,JPEG,79614,204aa1b553baa39eebe9d54ece2b9ec5dc777707c5e85fefe438e807771d22cf,"Head material reads right (copper glows warm); handle type matches the name ; stamped/labelled sizes readable: 10lb ; house style holds (dark floor, orange rim glow, item fills ~75%, no text/people/price)",Family render; the catalogue code supplies the exact size/variant where the shared image does not visibly prove that marking.
COATES-K2-ROAD2-649-RETRACTION-RESOLVED-20260806-V2,Coates_K2_Road2_Retraction_Resolved_649_Thumbnails_001.zip,265,2,HOLESAWADAPTORBIMETALCOBALT,HOLESAWADAPTORBIMETALCOBALT.jpg,Bi Metal Cobalt Holesaw Adaptors,Holesaw,bimetal holesaw adaptor,,HOUSE_RENDER_FAMILY,production/family_assets/holesaw_arbor.png,bb4ef38895b48e4a87754c87d32f331c58c52edb09a0e49eb4e50a3e3abbe74d,ALL_ROWS,FAMILY_MASTER_REVIEWED_AND_CODE_MAPPED,APPROVED_FAMILY_RENDER,800,800,JPEG,79892,ad6ce2e89095ff835561b06e1b528fbcf954f99fce33fd7066c16e43d7071e8f,"Tooth ring sharp in the light; diameter stamp legible ; house style holds (dark floor, orange rim glow, item fills ~75%, no text/people/price)",Family render; the catalogue code supplies the exact size/variant where the shared image does not visibly prove that marking.
COATES-K2-ROAD2-649-RETRACTION-RESOLVED-20260806-V2,Coates_K2_Road2_Retraction_Resolved_649_Thumbnails_001.zip,289,2,HOLESAWARBORBIMETALCOBALTQUICKFIT,HOLESAWARBORBIMETALCOBALTQUICKFIT.jpg,Bi Metal Cobalt Quickfit Arbor,Holesaw arbor,quick-fit holesaw arbor,,HOUSE_RENDER_FAMILY,production/family_assets/holesaw_arbor.png,bb4ef38895b48e4a87754c87d32f331c58c52edb09a0e49eb4e50a3e3abbe74d,ALL_ROWS,FAMILY_MASTER_REVIEWED_AND_CODE_MAPPED,APPROVED_FAMILY_RENDER,800,800,JPEG,79892,ad6ce2e89095ff835561b06e1b528fbcf954f99fce33fd7066c16e43d7071e8f,"Item type unmistakably matches the register name ; house style holds (dark floor, orange rim glow, item fills ~75%, no text/people/price)",Family render; the catalogue code supplies the exact size/variant where the shared image does not visibly prove that marking.
COATES-K2-ROAD2-649-RETRACTION-RESOLVED-20260806-V2,Coates_K2_Road2_Retraction_Resolved_649_Thumbnails_001.zip,267,2,HOLESAWBIMETALCOBALT19MM,HOLESAWBIMETALCOBALT19MM.jpg,Bi Metal Cobalt Holesaw-19MM,Holesaw | Metric,bimetal cobalt cup holesaw,19mm,HOUSE_RENDER_FAMILY,production/family_assets/holesaw.png,fa595b40641cfab0378da48611b0636dda7109dd3f8ec49d3fc5c62c676f144a,ALL_ROWS,FAMILY_MASTER_REVIEWED_AND_CODE_MAPPED,APPROVED_FAMILY_RENDER,800,800,JPEG,80053,107300b123b8e94a04a5d8403683b11ae02fa85bfe46f5b72c3494b8508997ac,"Tooth ring sharp in the light; diameter stamp legible ; stamped/labelled sizes readable: 19mm ; house style holds (dark floor, orange rim glow, item fills ~75%, no text/people/price)",Family render; the catalogue code supplies the exact size/variant where the shared image does not visibly prove that marking.
COATES-K2-ROAD2-649-RETRACTION-RESOLVED-20260806-V2,Coates_K2_Road2_Retraction_Resolved_649_Thumbnails_001.zip,269,2,HOLESAWBIMETALCOBALT22MM,HOLESAWBIMETALCOBALT22MM.jpg,Bi Metal Cobalt Holesaw-22MM,Holesaw | Metric,bimetal cobalt cup holesaw,22mm,HOUSE_RENDER_FAMILY,production/family_assets/holesaw.png,fa595b40641cfab0378da48611b0636dda7109dd3f8ec49d3fc5c62c676f144a,ALL_ROWS,FAMILY_MASTER_REVIEWED_AND_CODE_MAPPED,APPROVED_FAMILY_RENDER,800,800,JPEG,80053,107300b123b8e94a04a5d8403683b11ae02fa85bfe46f5b72c3494b8508997ac,"Tooth ring sharp in the light; diameter stamp legible ; stamped/labelled sizes readable: 22mm ; house style holds (dark floor, orange rim glow, item fills ~75%, no text/people/price)",Family render; the catalogue code supplies the exact size/variant where the shared image does not visibly prove that marking.
COATES-K2-ROAD2-649-RETRACTION-RESOLVED-20260806-V2,Coates_K2_Road2_Retraction_Resolved_649_Thumbnails_001.zip,271,2,HOLESAWBIMETALCOBALT25MM,HOLESAWBIMETALCOBALT25MM.jpg,Bi Metal Cobalt Holesaw-25MM,Holesaw | Metric,bimetal cobalt cup holesaw,25mm,HOUSE_RENDER_FAMILY,production/family_assets/holesaw.png,fa595b40641cfab0378da48611b0636dda7109dd3f8ec49d3fc5c62c676f144a,ALL_ROWS,FAMILY_MASTER_REVIEWED_AND_CODE_MAPPED,APPROVED_FAMILY_RENDER,800,800,JPEG,80053,107300b123b8e94a04a5d8403683b11ae02fa85bfe46f5b72c3494b8508997ac,"Tooth ring sharp in the light; diameter stamp legible ; stamped/labelled sizes readable: 25mm ; house style holds (dark floor, orange rim glow, item fills ~75%, no text/people/price)",Family render; the catalogue code supplies the exact size/variant where the shared image does not visibly prove that marking.
COATES-K2-ROAD2-649-RETRACTION-RESOLVED-20260806-V2,Coates_K2_Road2_Retraction_Resolved_649_Thumbnails_001.zip,273,2,HOLESAWBIMETALCOBALT32MM,HOLESAWBIMETALCOBALT32MM.jpg,Bi Metal Cobalt Holesaw-32MM,Holesaw | Metric,bimetal cobalt cup holesaw,32mm,HOUSE_RENDER_FAMILY,production/family_assets/holesaw.png,fa595b40641cfab0378da48611b0636dda7109dd3f8ec49d3fc5c62c676f144a,ALL_ROWS,FAMILY_MASTER_REVIEWED_AND_CODE_MAPPED,APPROVED_FAMILY_RENDER,800,800,JPEG,80053,107300b123b8e94a04a5d8403683b11ae02fa85bfe46f5b72c3494b8508997ac,"Tooth ring sharp in the light; diameter stamp legible ; stamped/labelled sizes readable: 32mm ; house style holds (dark floor, orange rim glow, item fills ~75%, no text/people/price)",Family render; the catalogue code supplies the exact size/variant where the shared image does not visibly prove that marking.
COATES-K2-ROAD2-649-RETRACTION-RESOLVED-20260806-V2,Coates_K2_Road2_Retraction_Resolved_649_Thumbnails_001.zip,275,2,HOLESAWBIMETALCOBALT35MM,HOLESAWBIMETALCOBALT35MM.jpg,Bi Metal Cobalt Holesaw-35MM,Holesaw | Metric,bimetal cobalt cup holesaw,35mm,HOUSE_RENDER_FAMILY,production/family_assets/holesaw.png,fa595b40641cfab0378da48611b0636dda7109dd3f8ec49d3fc5c62c676f144a,ALL_ROWS,FAMILY_MASTER_REVIEWED_AND_CODE_MAPPED,APPROVED_FAMILY_RENDER,800,800,JPEG,80053,107300b123b8e94a04a5d8403683b11ae02fa85bfe46f5b72c3494b8508997ac,"Tooth ring sharp in the light; diameter stamp legible ; stamped/labelled sizes readable: 35mm ; house style holds (dark floor, orange rim glow, item fills ~75%, no text/people/price)",Family render; the catalogue code supplies the exact size/variant where the shared image does not visibly prove that marking.
COATES-K2-ROAD2-649-RETRACTION-RESOLVED-20260806-V2,Coates_K2_Road2_Retraction_Resolved_649_Thumbnails_001.zip,277,2,HOLESAWBIMETALCOBALT38MM,HOLESAWBIMETALCOBALT38MM.jpg,Bi Metal Cobalt Holesaw-38MM,Holesaw | Metric,bimetal cobalt cup holesaw,38mm,HOUSE_RENDER_FAMILY,production/family_assets/holesaw.png,fa595b40641cfab0378da48611b0636dda7109dd3f8ec49d3fc5c62c676f144a,ALL_ROWS,FAMILY_MASTER_REVIEWED_AND_CODE_MAPPED,APPROVED_FAMILY_RENDER,800,800,JPEG,80053,107300b123b8e94a04a5d8403683b11ae02fa85bfe46f5b72c3494b8508997ac,"Tooth ring sharp in the light; diameter stamp legible ; stamped/labelled sizes readable: 38mm ; house style holds (dark floor, orange rim glow, item fills ~75%, no text/people/price)",Family render; the catalogue code supplies the exact size/variant where the shared image does not visibly prove that marking.
COATES-K2-ROAD2-649-RETRACTION-RESOLVED-20260806-V2,Coates_K2_Road2_Retraction_Resolved_649_Thumbnails_001.zip,279,2,HOLESAWBIMETALCOBALT44MM,HOLESAWBIMETALCOBALT44MM.jpg,Bi Metal Cobalt Holesaw-44MM,Holesaw | Metric,bimetal cobalt cup holesaw,44mm,HOUSE_RENDER_FAMILY,production/family_assets/holesaw.png,fa595b40641cfab0378da48611b0636dda7109dd3f8ec49d3fc5c62c676f144a,ALL_ROWS,FAMILY_MASTER_REVIEWED_AND_CODE_MAPPED,APPROVED_FAMILY_RENDER,800,800,JPEG,80053,107300b123b8e94a04a5d8403683b11ae02fa85bfe46f5b72c3494b8508997ac,"Tooth ring sharp in the light; diameter stamp legible ; stamped/labelled sizes readable: 44mm ; house style holds (dark floor, orange rim glow, item fills ~75%, no text/people/price)",Family render; the catalogue code supplies the exact size/variant where the shared image does not visibly prove that marking.
COATES-K2-ROAD2-649-RETRACTION-RESOLVED-20260806-V2,Coates_K2_Road2_Retraction_Resolved_649_Thumbnails_001.zip,281,2,HOLESAWBIMETALCOBALT51MM,HOLESAWBIMETALCOBALT51MM.jpg,Bi Metal Cobalt Holesaw-51MM,Holesaw | Metric,bimetal cobalt cup holesaw,51mm,HOUSE_RENDER_FAMILY,production/family_assets/holesaw.png,fa595b40641cfab0378da48611b0636dda7109dd3f8ec49d3fc5c62c676f144a,ALL_ROWS,FAMILY_MASTER_REVIEWED_AND_CODE_MAPPED,APPROVED_FAMILY_RENDER,800,800,JPEG,80053,107300b123b8e94a04a5d8403683b11ae02fa85bfe46f5b72c3494b8508997ac,"Tooth ring sharp in the light; diameter stamp legible ; stamped/labelled sizes readable: 51mm ; house style holds (dark floor, orange rim glow, item fills ~75%, no text/people/price)",Family render; the catalogue code supplies the exact size/variant where the shared image does not visibly prove that marking.
COATES-K2-ROAD2-649-RETRACTION-RESOLVED-20260806-V2,Coates_K2_Road2_Retraction_Resolved_649_Thumbnails_001.zip,283,2,HOLESAWBIMETALCOBALT54MM,HOLESAWBIMETALCOBALT54MM.jpg,Bi Metal Cobalt Holesaw-54MM,Holesaw | Metric,bimetal cobalt cup holesaw,54mm,HOUSE_RENDER_FAMILY,production/family_assets/holesaw.png,fa595b40641cfab0378da48611b0636dda7109dd3f8ec49d3fc5c62c676f144a,ALL_ROWS,FAMILY_MASTER_REVIEWED_AND_CODE_MAPPED,APPROVED_FAMILY_RENDER,800,800,JPEG,80053,107300b123b8e94a04a5d8403683b11ae02fa85bfe46f5b72c3494b8508997ac,"Tooth ring sharp in the light; diameter stamp legible ; stamped/labelled sizes readable: 54mm ; house style holds (dark floor, orange rim glow, item fills ~75%, no text/people/price)",Family render; the catalogue code supplies the exact size/variant where the shared image does not visibly prove that marking.
COATES-K2-ROAD2-649-RETRACTION-RESOLVED-20260806-V2,Coates_K2_Road2_Retraction_Resolved_649_Thumbnails_001.zip,285,2,HOLESAWBIMETALCOBALT63MM,HOLESAWBIMETALCOBALT63MM.jpg,Bi Metal Cobalt Holesaw-63MM,Holesaw | Metric,bimetal cobalt cup holesaw,63mm,HOUSE_RENDER_FAMILY,production/family_assets/holesaw.png,fa595b40641cfab0378da48611b0636dda7109dd3f8ec49d3fc5c62c676f144a,ALL_ROWS,FAMILY_MASTER_REVIEWED_AND_CODE_MAPPED,APPROVED_FAMILY_RENDER,800,800,JPEG,80053,107300b123b8e94a04a5d8403683b11ae02fa85bfe46f5b72c3494b8508997ac,"Tooth ring sharp in the light; diameter stamp legible ; stamped/labelled sizes readable: 63mm ; house style holds (dark floor, orange rim glow, item fills ~75%, no text/people/price)",Family render; the catalogue code supplies the exact size/variant where the shared image does not visibly prove that marking.
COATES-K2-ROAD2-649-RETRACTION-RESOLVED-20260806-V2,Coates_K2_Road2_Retraction_Resolved_649_Thumbnails_001.zip,287,2,HOLESAWBIMETALCOBALT76MM,HOLESAWBIMETALCOBALT76MM.jpg,Bi Metal Cobalt Holesaw-76MM,Holesaw | Metric,bimetal cobalt cup holesaw,76mm,HOUSE_RENDER_FAMILY,production/family_assets/holesaw.png,fa595b40641cfab0378da48611b0636dda7109dd3f8ec49d3fc5c62c676f144a,ALL_ROWS,FAMILY_MASTER_REVIEWED_AND_CODE_MAPPED,APPROVED_FAMILY_RENDER,800,800,JPEG,80053,107300b123b8e94a04a5d8403683b11ae02fa85bfe46f5b72c3494b8508997ac,"Tooth ring sharp in the light; diameter stamp legible ; stamped/labelled sizes readable: 76mm ; house style holds (dark floor, orange rim glow, item fills ~75%, no text/people/price)",Family render; the catalogue code supplies the exact size/variant where the shared image does not visibly prove that marking.
COATES-K2-ROAD2-649-RETRACTION-RESOLVED-20260806-V2,Coates_K2_Road2_Retraction_Resolved_649_Thumbnails_001.zip,357,2,HOOKPICKSET4PCMINIATURETTI,HOOKPICKSET4PCMINIATURETTI.jpg,HOOK & PICK SET 4PC MINIATURE TTI,Other - hook pick,four-piece miniature hook-and-pick set,,HOUSE_RENDER_FAMILY,production/family_assets/hook_pick_set.png,5bfc27436ea2c02920308589638c463129fb0d139dfa4dbe8e5b024f4991684d,ALL_ROWS,FAMILY_MASTER_REVIEWED_AND_CODE_MAPPED,APPROVED_FAMILY_RENDER,800,800,JPEG,80417,c84b94cfe58f0f8fc7f0ecb9b365e03559455945fa52c4a3dac41a5073ee6c5c,"Item type unmistakably matches the register name ; house style holds (dark floor, orange rim glow, item fills ~75%, no text/people/price)",Family render; the catalogue code supplies the exact size/variant where the shared image does not visibly prove that marking.
COATES-K2-ROAD2-649-RETRACTION-RESOLVED-20260806-V2,Coates_K2_Road2_Retraction_Resolved_649_Thumbnails_001.zip,568,2,MIRRORINSPECTION,MIRRORINSPECTION.jpg,Mirror - Inspection,Other - mirror inspection,telescopic inspection mirror,,HOUSE_RENDER_FAMILY,production/family_assets/inspection_mirror.png,6238fa2ac058b722df746ea6b2975e5b7bbd78f0a0b5a916d74203639703b996,ALL_ROWS,FAMILY_MASTER_REVIEWED_AND_CODE_MAPPED,APPROVED_FAMILY_RENDER,800,800,JPEG,80459,a5344724f1a2d103de82f4af405c31e3504a98029570c962b96d2e497482e41d,"Item type unmistakably matches the register name ; house style holds (dark floor, orange rim glow, item fills ~75%, no text/people/price)",Family render; the catalogue code supplies the exact size/variant where the shared image does not visibly prove that marking.
COATES-K2-ROAD2-649-RETRACTION-RESOLVED-20260806-V2,Coates_K2_Road2_Retraction_Resolved_649_Thumbnails_001.zip,496,2,ORANGEMALLETS5LB,ORANGEMALLETS5LB.jpg,ORANGE MALLETS 5LB,Hammer,orange soft-face sledge mallet,5lb,HOUSE_RENDER_FAMILY,production/family_assets/soft_face_orange_mallet.png,f416b4fc30778b3ebf67814267d98a9609be759a32fad33b4bbbd1e93f911b41,ALL_ROWS,FAMILY_MASTER_REVIEWED_AND_CODE_MAPPED,APPROVED_FAMILY_RENDER,800,800,JPEG,81702,7e8978ea97d512b6bd111006b5d87dc3cfff93212d9093bb1af0e918fa9cdd16,"Item type unmistakably matches the register name ; stamped/labelled sizes readable: 5lb ; house style holds (dark floor, orange rim glow, item fills ~75%, no text/people/price)",Family render; the catalogue code supplies the exact size/variant where the shared image does not visibly prove that marking.
COATES-K2-ROAD2-649-RETRACTION-RESOLVED-20260806-V2,Coates_K2_Road2_Retraction_Resolved_649_Thumbnails_001.zip,497,2,ORANGEMALLETS8LB,ORANGEMALLETS8LB.jpg,ORANGE MALLETS 8LB,Hammer,orange soft-face sledge mallet,8lb,HOUSE_RENDER_FAMILY,production/family_assets/soft_face_orange_mallet.png,f416b4fc30778b3ebf67814267d98a9609be759a32fad33b4bbbd1e93f911b41,ALL_ROWS,FAMILY_MASTER_REVIEWED_AND_CODE_MAPPED,APPROVED_FAMILY_RENDER,800,800,JPEG,81702,7e8978ea97d512b6bd111006b5d87dc3cfff93212d9093bb1af0e918fa9cdd16,"Item type unmistakably matches the register name ; stamped/labelled sizes readable: 8lb ; house style holds (dark floor, orange rim glow, item fills ~75%, no text/people/price)",Family render; the catalogue code supplies the exact size/variant where the shared image does not visibly prove that marking.
COATES-K2-ROAD2-649-RETRACTION-RESOLVED-20260806-V2,Coates_K2_Road2_Retraction_Resolved_649_Thumbnails_001.zip,570,2,PINCHBAR,PINCHBAR.jpg,Pinch Bar,Crow/pinch bar,pinch bar with bent chisel end,,HOUSE_RENDER_FAMILY,production/family_assets/pinch_bar.png,9f1bcc58cb844dc7ecfbc45956a0c2b31999d96dfad613ac08823d90577ff85d,ALL_ROWS,FAMILY_MASTER_REVIEWED_AND_CODE_MAPPED,APPROVED_FAMILY_RENDER,800,800,JPEG,72706,fd9363ad78e6d8388d7a7a76bfdd8e693f1b5e493263412e343d2a02adece6d8,"Working tip shape correct; stated length proportionate ; house style holds (dark floor, orange rim glow, item fills ~75%, no text/people/price)",Family render; the catalogue code supplies the exact size/variant where the shared image does not visibly prove that marking.
COATES-K2-ROAD2-649-RETRACTION-RESOLVED-20260806-V2,Coates_K2_Road2_Retraction_Resolved_649_Thumbnails_001.zip,569,2,PINPUNCHSETLONG,PINPUNCHSETLONG.jpg,Pin Punch Set - Long,Other - pin punch,long steel pin-punch set,,HOUSE_RENDER_FAMILY,production/family_assets/pin_punch_set.png,fdea6ebf68243d59c75e6f9d768b88185c46806aabac73ff85e54ca0dd23187c,ALL_ROWS,FAMILY_MASTER_REVIEWED_AND_CODE_MAPPED,APPROVED_FAMILY_RENDER,800,800,JPEG,81504,67d30f5b426dd95aede8ebe49136048adfdb25c74792d84ae7e01f697520ee68,"Tool type unmistakable; working end sharp in the light ; house style holds (dark floor, orange rim glow, item fills ~75%, no text/people/price)",Family render; the catalogue code supplies the exact size/variant where the shared image does not visibly prove that marking.
COATES-K2-ROAD2-649-RETRACTION-RESOLVED-20260806-V2,Coates_K2_Road2_Retraction_Resolved_649_Thumbnails_001.zip,575,2,PLIERSCIRCLIPEXT,PLIERSCIRCLIPEXT.jpg,Pliers - Circlip - External,Pliers | circlip,external circlip pliers,,HOUSE_RENDER_FAMILY,production/family_assets/circlip_pliers_external.png,f470611e69e11724887a476a9182cdfd1b814cf27bf95168ec1efb65cb839209,ALL_ROWS,FAMILY_MASTER_REVIEWED_AND_CODE_MAPPED,APPROVED_FAMILY_RENDER,800,800,JPEG,75208,b7e1f0b3a0235758ac76e75281b97082e7332878aa749dae5e078f8a110ba5f7,"Tool type unmistakable; working end sharp in the light ; house style holds (dark floor, orange rim glow, item fills ~75%, no text/people/price)",Family render; the catalogue code supplies the exact size/variant where the shared image does not visibly prove that marking.
COATES-K2-ROAD2-649-RETRACTION-RESOLVED-20260806-V2,Coates_K2_Road2_Retraction_Resolved_649_Thumbnails_001.zip,576,2,PLIERSCIRCLIPINT,PLIERSCIRCLIPINT.jpg,Pliers - Circlip internal,Pliers | circlip,internal circlip pliers,,HOUSE_RENDER_FAMILY,production/family_assets/circlip_pliers_internal.png,ddf399b956fc12c41bba2fec788e1771af558b5be5221ce3edd9e646670abd60,ALL_ROWS,FAMILY_MASTER_REVIEWED_AND_CODE_MAPPED,APPROVED_FAMILY_RENDER,800,800,JPEG,79064,b1016838b954bb74030f5e4cff84789cf32afbf86fdd3ede4e9a2e5aad31020d,"Tool type unmistakable; working end sharp in the light ; house style holds (dark floor, orange rim glow, item fills ~75%, no text/people/price)",Family render; the catalogue code supplies the exact size/variant where the shared image does not visibly prove that marking.
COATES-K2-ROAD2-649-RETRACTION-RESOLVED-20260806-V2,Coates_K2_Road2_Retraction_Resolved_649_Thumbnails_001.zip,577,2,PLIERSCOMBINATION200,PLIERSCOMBINATION200.jpg,Pliers - Combination 200mm,Pliers,combination pliers,200mm,HOUSE_RENDER_FAMILY,production/family_assets/pliers_combination.png,b8d6600dd943e037f23c24bb2e7d92c1eff0c7d08994f86c1897d2dbd56cdf68,ALL_ROWS,FAMILY_MASTER_REVIEWED_AND_CODE_MAPPED,APPROVED_FAMILY_RENDER,800,800,JPEG,78451,648e9d1a6b6de9ad03e2115ad773b079fc36ec35077a7cd8d4292fe25c6eab22,"Tool type unmistakable; working end sharp in the light ; stamped/labelled sizes readable: 200mm ; house style holds (dark floor, orange rim glow, item fills ~75%, no text/people/price)",Family render; the catalogue code supplies the exact size/variant where the shared image does not visibly prove that marking.
COATES-K2-ROAD2-649-RETRACTION-RESOLVED-20260806-V2,Coates_K2_Road2_Retraction_Resolved_649_Thumbnails_001.zip,578,2,PLIERSCRIMPING,PLIERSCRIMPING.jpg,Pliers - Crimping,Pliers | crimp,manual crimping pliers,,HOUSE_RENDER_FAMILY,production/family_assets/crimping_pliers.png,a87de2164a7a04b8842905c974e13ff99fcc623b050bb39dfb966d5a5970acba,ALL_ROWS,FAMILY_MASTER_REVIEWED_AND_CODE_MAPPED,APPROVED_FAMILY_RENDER,800,800,JPEG,72609,09f269c3bbc03fc774ba4a70d590518e57abbfc8e04772585a18e16186a15a1f,"Tool type unmistakable; working end sharp in the light ; house style holds (dark floor, orange rim glow, item fills ~75%, no text/people/price)",Family render; the catalogue code supplies the exact size/variant where the shared image does not visibly prove that marking.
COATES-K2-ROAD2-649-RETRACTION-RESOLVED-20260806-V2,Coates_K2_Road2_Retraction_Resolved_649_Thumbnails_001.zip,579,2,PLIERSLOCKWIRETWIST230MM,PLIERSLOCKWIRETWIST230MM.jpg,Pliers - Lockwire Twisting - 230mm,Pliers,lock-wire twisting pliers,230mm,HOUSE_RENDER_FAMILY,production/family_assets/lockwire_twisting_pliers.png,b4e96c4b02c9c74728138896ce8d40f9cc88c7195568976dbc77da035a046d47,ALL_ROWS,FAMILY_MASTER_REVIEWED_AND_CODE_MAPPED,APPROVED_FAMILY_RENDER,800,800,JPEG,78681,d650a4d84d6ea35db9345c9a9949739e0b0437016de38f42dc0093ff7114a537,"Tool type unmistakable; working end sharp in the light ; stamped/labelled sizes readable: 230mm ; house style holds (dark floor, orange rim glow, item fills ~75%, no text/people/price)",Family render; the catalogue code supplies the exact size/variant where the shared image does not visibly prove that marking.
COATES-K2-ROAD2-649-RETRACTION-RESOLVED-20260806-V2,Coates_K2_Road2_Retraction_Resolved_649_Thumbnails_001.zip,580,2,PLIERSLONGNOSE,PLIERSLONGNOSE.jpg,Pliers - Long Nose,Pliers | long nose,long-nose pliers,,HOUSE_RENDER_FAMILY,production/family_assets/long_nose_pliers.png,01f9d9a018ad89fc298c7e6c03b47ec6d8efeed4a78c58aec7c99025e8cfbaa3,ALL_ROWS,FAMILY_MASTER_REVIEWED_AND_CODE_MAPPED,APPROVED_FAMILY_RENDER,800,800,JPEG,76430,81ccb5683dc9903a6051f17f1c05dbe221d62d54766395396b89c479072c048c,"Tool type unmistakable; working end sharp in the light ; house style holds (dark floor, orange rim glow, item fills ~75%, no text/people/price)",Family render; the catalogue code supplies the exact size/variant where the shared image does not visibly prove that marking.
COATES-K2-ROAD2-649-RETRACTION-RESOLVED-20260806-V2,Coates_K2_Road2_Retraction_Resolved_649_Thumbnails_001.zip,581,2,PLIERSMULTIGRIP,PLIERSMULTIGRIP.jpg,Pliers - Multi Grip,Pliers | multi grip,multi-grip water-pump pliers,,HOUSE_RENDER_FAMILY,production/family_assets/water_pump_pliers.png,74192c1fffb3440ff6008367d45931bf9b5adc724f9cf1889fdb9b5dc952b729,ALL_ROWS,FAMILY_MASTER_REVIEWED_AND_CODE_MAPPED,APPROVED_FAMILY_RENDER,800,800,JPEG,77887,f5f35fbba608229a0a7aed1084f109b6846f350b916c9e2c6d26dab39b86501b,"Tool type unmistakable; working end sharp in the light ; house style holds (dark floor, orange rim glow, item fills ~75%, no text/people/price)",Family render; the catalogue code supplies the exact size/variant where the shared image does not visibly prove that marking.
COATES-K2-ROAD2-649-RETRACTION-RESOLVED-20260806-V2,Coates_K2_Road2_Retraction_Resolved_649_Thumbnails_001.zip,582,2,PLIERSSIDECUTTING150MM,PLIERSSIDECUTTING150MM.jpg,Pliers - Side Cutting 150mm,Pliers | side cut,diagonal side-cutting pliers,150mm,HOUSE_RENDER_FAMILY,production/family_assets/side_cutting_pliers.png,246af07b2d96a40a79222bb9d7f5052b7b917671ec135ff4d3acf389db32b66f,ALL_ROWS,FAMILY_MASTER_REVIEWED_AND_CODE_MAPPED,APPROVED_FAMILY_RENDER,800,800,JPEG,78749,f8c68c9f537b1715ab09236afbaa0420b2aa60b11b46676b79fd0e796b599761,"Tool type unmistakable; working end sharp in the light ; stamped/labelled sizes readable: 150mm ; house style holds (dark floor, orange rim glow, item fills ~75%, no text/people/price)",Family render; the catalogue code supplies the exact size/variant where the shared image does not visibly prove that marking.
COATES-K2-ROAD2-649-RETRACTION-RESOLVED-20260806-V2,Coates_K2_Road2_Retraction_Resolved_649_Thumbnails_001.zip,583,2,PLIERSSIDECUTTING200MM,PLIERSSIDECUTTING200MM.jpg,Pliers - Side Cutting 200mm,Pliers | side cut,diagonal side-cutting pliers,200mm,HOUSE_RENDER_FAMILY,production/family_assets/side_cutting_pliers.png,246af07b2d96a40a79222bb9d7f5052b7b917671ec135ff4d3acf389db32b66f,ALL_ROWS,FAMILY_MASTER_REVIEWED_AND_CODE_MAPPED,APPROVED_FAMILY_RENDER,800,800,JPEG,78749,f8c68c9f537b1715ab09236afbaa0420b2aa60b11b46676b79fd0e796b599761,"Tool type unmistakable; working end sharp in the light ; stamped/labelled sizes readable: 200mm ; house style holds (dark floor, orange rim glow, item fills ~75%, no text/people/price)",Family render; the catalogue code supplies the exact size/variant where the shared image does not visibly prove that marking.
COATES-K2-ROAD2-649-RETRACTION-RESOLVED-20260806-V2,Coates_K2_Road2_Retraction_Resolved_649_Thumbnails_001.zip,584,2,PLIERSVICEGRIP,PLIERSVICEGRIP.jpg,Pliers - Vice Grip,Pliers | vice grip,locking vice-grip pliers,,HOUSE_RENDER_FAMILY,production/family_assets/vice_grip_pliers.png,d90e252538fc5c20a2a0158e900e4ecd85382cffcdc14198b38571faa203e88e,ALL_ROWS,FAMILY_MASTER_REVIEWED_AND_CODE_MAPPED,APPROVED_FAMILY_RENDER,800,800,JPEG,81303,a61bf3914f1586f8bdc044b364e91cd52fee8d062e25bc9ac79616f97d9a639e,"Tool type unmistakable; working end sharp in the light ; house style holds (dark floor, orange rim glow, item fills ~75%, no text/people/price)",Family render; the catalogue code supplies the exact size/variant where the shared image does not visibly prove that marking.
COATES-K2-ROAD2-649-RETRACTION-RESOLVED-20260806-V2,Coates_K2_Road2_Retraction_Resolved_649_Thumbnails_001.zip,585,2,PLIERSWIRESTRIPPING,PLIERSWIRESTRIPPING.jpg,Pliers - Wire Strippers,Pliers | wire strip,wire-stripping pliers,,HOUSE_RENDER_FAMILY,production/family_assets/wire_stripping_pliers.png,5975d9d49bc75ef7eeaaee4dde81e4bd64cdbd01f9747ccd4d4625b3409d663f,ALL_ROWS,FAMILY_MASTER_REVIEWED_AND_CODE_MAPPED,APPROVED_FAMILY_RENDER,800,800,JPEG,80916,270a3694620ecec9ef5ad23e00f9c632fac93863d958aed4bc253ef8d056460e,"Tool type unmistakable; working end sharp in the light ; house style holds (dark floor, orange rim glow, item fills ~75%, no text/people/price)",Family render; the catalogue code supplies the exact size/variant where the shared image does not visibly prove that marking.
COATES-K2-ROAD2-649-RETRACTION-RESOLVED-20260806-V2,Coates_K2_Road2_Retraction_Resolved_649_Thumbnails_001.zip,586,2,PLUMBBOB,PLUMBBOB.jpg,Plumb Bob,Other - plumb bob,pointed metal plumb bob,,HOUSE_RENDER_FAMILY,production/family_assets/plumb_bob.png,70e6fd90a342686ddbf7c282444fa14b1585beab845dc9634a0d022e863960e5,ALL_ROWS,FAMILY_MASTER_REVIEWED_AND_CODE_MAPPED,APPROVED_FAMILY_RENDER,800,800,JPEG,78445,499a01c7fed903b0d5cb7d761a816b3e6137b92c10391378fc993632212eaf65,"Item type unmistakably matches the register name ; house style holds (dark floor, orange rim glow, item fills ~75%, no text/people/price)",Family render; the catalogue code supplies the exact size/variant where the shared image does not visibly prove that marking.
COATES-K2-ROAD2-649-RETRACTION-RESOLVED-20260806-V2,Coates_K2_Road2_Retraction_Resolved_649_Thumbnails_001.zip,1048,2,POPRIVETGUNHANDHELD,POPRIVETGUNHANDHELD.jpg,Hand Held Rivetgun,Other - hand held,manual hand rivet gun,,HOUSE_RENDER_FAMILY,production/family_assets/hand_rivet_gun.png,fa605ba0943d9594fae9b21fd32354e22689a75f693a9224ea20b09cfe6bb923,ALL_ROWS,FAMILY_MASTER_REVIEWED_AND_CODE_MAPPED,APPROVED_FAMILY_RENDER,800,800,JPEG,80808,883ba3dd410262a963dad542af9feba4440c010633d212278e042e76c3b70220,"Item type unmistakably matches the register name ; house style holds (dark floor, orange rim glow, item fills ~75%, no text/people/price)",Family render; the catalogue code supplies the exact size/variant where the shared image does not visibly prove that marking.
COATES-K2-ROAD2-649-RETRACTION-RESOLVED-20260806-V2,Coates_K2_Road2_Retraction_Resolved_649_Thumbnails_001.zip,590,2,PUNCHPINSET,PUNCHPINSET.jpg,Punch - Pin Set,Other - punch pin,steel pin-punch set,,HOUSE_RENDER_FAMILY,production/family_assets/pin_punch_set.png,fdea6ebf68243d59c75e6f9d768b88185c46806aabac73ff85e54ca0dd23187c,ALL_ROWS,FAMILY_MASTER_REVIEWED_AND_CODE_MAPPED,APPROVED_FAMILY_RENDER,800,800,JPEG,81504,67d30f5b426dd95aede8ebe49136048adfdb25c74792d84ae7e01f697520ee68,"Tool type unmistakable; working end sharp in the light ; house style holds (dark floor, orange rim glow, item fills ~75%, no text/people/price)",Family render; the catalogue code supplies the exact size/variant where the shared image does not visibly prove that marking.
COATES-K2-ROAD2-649-RETRACTION-RESOLVED-20260806-V2,Coates_K2_Road2_Retraction_Resolved_649_Thumbnails_001.zip,591,2,QUICKCLAMP300MM,QUICKCLAMP300MM.jpg,Quickclamp - 300mm,G/quick clamp,quick-release bar clamp,300mm,HOUSE_RENDER_FAMILY,production/family_assets/quick_release_bar_clamp.png,b05b6321a9ecbd9326f0b32b2761495ec93acb50ae19b37624b773568d36ed43,ALL_ROWS,FAMILY_MASTER_REVIEWED_AND_CODE_MAPPED,APPROVED_FAMILY_RENDER,800,800,JPEG,78091,516096624c05081b8f5f6da66332ac61af829224357aada1d766d35d15959123,"Lamp visibly ON; mount/stand type matches the name ; stamped/labelled sizes readable: 300mm ; house style holds (dark floor, orange rim glow, item fills ~75%, no text/people/price)",Family render; the catalogue code supplies the exact size/variant where the shared image does not visibly prove that marking.
COATES-K2-ROAD2-649-RETRACTION-RESOLVED-20260806-V2,Coates_K2_Road2_Retraction_Resolved_649_Thumbnails_001.zip,592,2,QUICKCLAMP500MM,QUICKCLAMP500MM.jpg,Quickclamp - 500mm,G/quick clamp,quick-release bar clamp,500mm,HOUSE_RENDER_FAMILY,production/family_assets/quick_release_bar_clamp.png,b05b6321a9ecbd9326f0b32b2761495ec93acb50ae19b37624b773568d36ed43,ALL_ROWS,FAMILY_MASTER_REVIEWED_AND_CODE_MAPPED,APPROVED_FAMILY_RENDER,800,800,JPEG,78091,516096624c05081b8f5f6da66332ac61af829224357aada1d766d35d15959123,"Lamp visibly ON; mount/stand type matches the name ; stamped/labelled sizes readable: 500mm ; house style holds (dark floor, orange rim glow, item fills ~75%, no text/people/price)",Family render; the catalogue code supplies the exact size/variant where the shared image does not visibly prove that marking.
COATES-K2-ROAD2-649-RETRACTION-RESOLVED-20260806-V2,Coates_K2_Road2_Retraction_Resolved_649_Thumbnails_001.zip,593,2,QUICKCLAMP600MM,QUICKCLAMP600MM.jpg,Quickclamp - 600mm,G/quick clamp,quick-release bar clamp,600mm,HOUSE_RENDER_FAMILY,production/family_assets/quick_release_bar_clamp.png,b05b6321a9ecbd9326f0b32b2761495ec93acb50ae19b37624b773568d36ed43,ALL_ROWS,FAMILY_MASTER_REVIEWED_AND_CODE_MAPPED,APPROVED_FAMILY_RENDER,800,800,JPEG,78091,516096624c05081b8f5f6da66332ac61af829224357aada1d766d35d15959123,"Lamp visibly ON; mount/stand type matches the name ; stamped/labelled sizes readable: 600mm ; house style holds (dark floor, orange rim glow, item fills ~75%, no text/people/price)",Family render; the catalogue code supplies the exact size/variant where the shared image does not visibly prove that marking.
COATES-K2-ROAD2-649-RETRACTION-RESOLVED-20260806-V2,Coates_K2_Road2_Retraction_Resolved_649_Thumbnails_001.zip,374,2,RATCHETRINGSPANNER10MMX12MM,RATCHETRINGSPANNER10MMX12MM.jpg,Ratchet Ring Spanner  10MM x 12MM,Spanner - ratchet ring | Metric,metric double-ended ratcheting ring spanner,10mm | 12mm,HOUSE_RENDER_FAMILY,production/family_assets/ratchet_ring_spanner.png,caa3b20c4815c06a0aeeae26432c57d1217a9ac81206d07e51505dea2c839393,ALL_ROWS,FAMILY_MASTER_REVIEWED_AND_CODE_MAPPED,APPROVED_FAMILY_RENDER,800,800,JPEG,81001,c3264b27bb335b533fde8dba540f9f8610edabfec9a8a0e44de8ebad81d283be,"Ratchet mechanism visible in the ring end; both stated sizes apply to its two ends ; stamped/labelled sizes readable: 10mm, 12mm ; house style holds (dark floor, orange rim glow, item fills ~75%, no text/people/price)",Family render; the catalogue code supplies the exact size/variant where the shared image does not visibly prove that marking.
COATES-K2-ROAD2-649-RETRACTION-RESOLVED-20260806-V2,Coates_K2_Road2_Retraction_Resolved_649_Thumbnails_001.zip,376,2,RATCHETRINGSPANNER11MMX13MM,RATCHETRINGSPANNER11MMX13MM.jpg,Ratchet Ring Spanner  11MM x 13MM,Spanner - ratchet ring | Metric,metric double-ended ratcheting ring spanner,11mm | 13mm,HOUSE_RENDER_FAMILY,production/family_assets/ratchet_ring_spanner.png,caa3b20c4815c06a0aeeae26432c57d1217a9ac81206d07e51505dea2c839393,ALL_ROWS,FAMILY_MASTER_REVIEWED_AND_CODE_MAPPED,APPROVED_FAMILY_RENDER,800,800,JPEG,81001,c3264b27bb335b533fde8dba540f9f8610edabfec9a8a0e44de8ebad81d283be,"Ratchet mechanism visible in the ring end; both stated sizes apply to its two ends ; stamped/labelled sizes readable: 11mm, 13mm ; house style holds (dark floor, orange rim glow, item fills ~75%, no text/people/price)",Family render; the catalogue code supplies the exact size/variant where the shared image does not visibly prove that marking.
COATES-K2-ROAD2-649-RETRACTION-RESOLVED-20260806-V2,Coates_K2_Road2_Retraction_Resolved_649_Thumbnails_001.zip,370,2,RATCHETRINGSPANNER12X916,RATCHETRINGSPANNER12X916.jpg,"Ratchet Ring Spanner  1/2"" x 9/16""",Spanner - ratchet ring | Imperial,imperial double-ended ratcheting ring spanner,"1/2"" | 9/16""",HOUSE_RENDER_FAMILY,production/family_assets/ratchet_ring_spanner.png,caa3b20c4815c06a0aeeae26432c57d1217a9ac81206d07e51505dea2c839393,ALL_ROWS,FAMILY_MASTER_REVIEWED_AND_CODE_MAPPED,APPROVED_FAMILY_RENDER,800,800,JPEG,81001,c3264b27bb335b533fde8dba540f9f8610edabfec9a8a0e44de8ebad81d283be,"Ratchet mechanism visible in the ring end; both stated sizes apply to its two ends ; stamped/labelled sizes readable: 1/2"", 9/16"" ; house style holds (dark floor, orange rim glow, item fills ~75%, no text/people/price)",Family render; the catalogue code supplies the exact size/variant where the shared image does not visibly prove that marking.
COATES-K2-ROAD2-649-RETRACTION-RESOLVED-20260806-V2,Coates_K2_Road2_Retraction_Resolved_649_Thumbnails_001.zip,378,2,RATCHETRINGSPANNER14MMX17MM,RATCHETRINGSPANNER14MMX17MM.jpg,Ratchet Ring Spanner  14MM x 17MM,Spanner - ratchet ring | Metric,metric double-ended ratcheting ring spanner,14mm | 17mm,HOUSE_RENDER_FAMILY,production/family_assets/ratchet_ring_spanner.png,caa3b20c4815c06a0aeeae26432c57d1217a9ac81206d07e51505dea2c839393,ALL_ROWS,FAMILY_MASTER_REVIEWED_AND_CODE_MAPPED,APPROVED_FAMILY_RENDER,800,800,JPEG,81001,c3264b27bb335b533fde8dba540f9f8610edabfec9a8a0e44de8ebad81d283be,"Ratchet mechanism visible in the ring end; both stated sizes apply to its two ends ; stamped/labelled sizes readable: 14mm, 17mm ; house style holds (dark floor, orange rim glow, item fills ~75%, no text/people/price)",Family render; the catalogue code supplies the exact size/variant where the shared image does not visibly prove that marking.
COATES-K2-ROAD2-649-RETRACTION-RESOLVED-20260806-V2,Coates_K2_Road2_Retraction_Resolved_649_Thumbnails_001.zip,372,2,RATCHETRINGSPANNER14X516,RATCHETRINGSPANNER14X516.jpg,"Ratchet Ring Spanner  1/4"" x 5/16""",Spanner - ratchet ring | Imperial,imperial double-ended ratcheting ring spanner,"1/4"" | 5/16""",HOUSE_RENDER_FAMILY,production/family_assets/ratchet_ring_spanner.png,caa3b20c4815c06a0aeeae26432c57d1217a9ac81206d07e51505dea2c839393,ALL_ROWS,FAMILY_MASTER_REVIEWED_AND_CODE_MAPPED,APPROVED_FAMILY_RENDER,800,800,JPEG,81001,c3264b27bb335b533fde8dba540f9f8610edabfec9a8a0e44de8ebad81d283be,"Ratchet mechanism visible in the ring end; both stated sizes apply to its two ends ; stamped/labelled sizes readable: 1/4"", 5/16"" ; house style holds (dark floor, orange rim glow, item fills ~75%, no text/people/price)",Family render; the catalogue code supplies the exact size/variant where the shared image does not visibly prove that marking.
COATES-K2-ROAD2-649-RETRACTION-RESOLVED-20260806-V2,Coates_K2_Road2_Retraction_Resolved_649_Thumbnails_001.zip,380,2,RATCHETRINGSPANNER19MMX21MM,RATCHETRINGSPANNER19MMX21MM.jpg,Ratchet Ring Spanner  19MM x 21MM,Spanner - ratchet ring | Metric,metric double-ended ratcheting ring spanner,19mm | 21mm,HOUSE_RENDER_FAMILY,production/family_assets/ratchet_ring_spanner.png,caa3b20c4815c06a0aeeae26432c57d1217a9ac81206d07e51505dea2c839393,ALL_ROWS,FAMILY_MASTER_REVIEWED_AND_CODE_MAPPED,APPROVED_FAMILY_RENDER,800,800,JPEG,81001,c3264b27bb335b533fde8dba540f9f8610edabfec9a8a0e44de8ebad81d283be,"Ratchet mechanism visible in the ring end; both stated sizes apply to its two ends ; stamped/labelled sizes readable: 19mm, 21mm ; house style holds (dark floor, orange rim glow, item fills ~75%, no text/people/price)",Family render; the catalogue code supplies the exact size/variant where the shared image does not visibly prove that marking.
COATES-K2-ROAD2-649-RETRACTION-RESOLVED-20260806-V2,Coates_K2_Road2_Retraction_Resolved_649_Thumbnails_001.zip,382,2,RATCHETRINGSPANNER34X78,RATCHETRINGSPANNER34X78.jpg,"Ratchet Ring Spanner  3/4"" x 7/8""",Spanner - ratchet ring | Imperial,imperial double-ended ratcheting ring spanner,"3/4"" | 7/8""",HOUSE_RENDER_FAMILY,production/family_assets/ratchet_ring_spanner.png,caa3b20c4815c06a0aeeae26432c57d1217a9ac81206d07e51505dea2c839393,ALL_ROWS,FAMILY_MASTER_REVIEWED_AND_CODE_MAPPED,APPROVED_FAMILY_RENDER,800,800,JPEG,81001,c3264b27bb335b533fde8dba540f9f8610edabfec9a8a0e44de8ebad81d283be,"Ratchet mechanism visible in the ring end; both stated sizes apply to its two ends ; stamped/labelled sizes readable: 3/4"", 7/8"" ; house style holds (dark floor, orange rim glow, item fills ~75%, no text/people/price)",Family render; the catalogue code supplies the exact size/variant where the shared image does not visibly prove that marking.
COATES-K2-ROAD2-649-RETRACTION-RESOLVED-20260806-V2,Coates_K2_Road2_Retraction_Resolved_649_Thumbnails_001.zip,384,2,RATCHETRINGSPANNER38X716,RATCHETRINGSPANNER38X716.jpg,"Ratchet Ring Spanner  3/8"" x 7/16""",Spanner - ratchet ring | Imperial,imperial double-ended ratcheting ring spanner,"3/8"" | 7/16""",HOUSE_RENDER_FAMILY,production/family_assets/ratchet_ring_spanner.png,caa3b20c4815c06a0aeeae26432c57d1217a9ac81206d07e51505dea2c839393,ALL_ROWS,FAMILY_MASTER_REVIEWED_AND_CODE_MAPPED,APPROVED_FAMILY_RENDER,800,800,JPEG,81001,c3264b27bb335b533fde8dba540f9f8610edabfec9a8a0e44de8ebad81d283be,"Ratchet mechanism visible in the ring end; both stated sizes apply to its two ends ; stamped/labelled sizes readable: 3/8"", 7/16"" ; house style holds (dark floor, orange rim glow, item fills ~75%, no text/people/price)",Family render; the catalogue code supplies the exact size/variant where the shared image does not visibly prove that marking.
COATES-K2-ROAD2-649-RETRACTION-RESOLVED-20260806-V2,Coates_K2_Road2_Retraction_Resolved_649_Thumbnails_001.zip,386,2,RATCHETRINGSPANNER58X1116,RATCHETRINGSPANNER58X1116.jpg,"Ratchet Ring Spanner  5/8"" x 11/16""",Spanner - ratchet ring | Imperial,imperial double-ended ratcheting ring spanner,"5/8"" | 11/16""",HOUSE_RENDER_FAMILY,production/family_assets/ratchet_ring_spanner.png,caa3b20c4815c06a0aeeae26432c57d1217a9ac81206d07e51505dea2c839393,ALL_ROWS,FAMILY_MASTER_REVIEWED_AND_CODE_MAPPED,APPROVED_FAMILY_RENDER,800,800,JPEG,81001,c3264b27bb335b533fde8dba540f9f8610edabfec9a8a0e44de8ebad81d283be,"Ratchet mechanism visible in the ring end; both stated sizes apply to its two ends ; stamped/labelled sizes readable: 5/8"", 11/16"" ; house style holds (dark floor, orange rim glow, item fills ~75%, no text/people/price)",Family render; the catalogue code supplies the exact size/variant where the shared image does not visibly prove that marking.
COATES-K2-ROAD2-649-RETRACTION-RESOLVED-20260806-V2,Coates_K2_Road2_Retraction_Resolved_649_Thumbnails_001.zip,388,2,RATCHETRINGSPANNER6MMX8MM,RATCHETRINGSPANNER6MMX8MM.jpg,Ratchet Ring Spanner  6MM x 8MM,Spanner - ratchet ring | Metric,metric double-ended ratcheting ring spanner,6mm | 8mm,HOUSE_RENDER_FAMILY,production/family_assets/ratchet_ring_spanner.png,caa3b20c4815c06a0aeeae26432c57d1217a9ac81206d07e51505dea2c839393,ALL_ROWS,FAMILY_MASTER_REVIEWED_AND_CODE_MAPPED,APPROVED_FAMILY_RENDER,800,800,JPEG,81001,c3264b27bb335b533fde8dba540f9f8610edabfec9a8a0e44de8ebad81d283be,"Ratchet mechanism visible in the ring end; both stated sizes apply to its two ends ; stamped/labelled sizes readable: 6mm, 8mm ; house style holds (dark floor, orange rim glow, item fills ~75%, no text/people/price)",Family render; the catalogue code supplies the exact size/variant where the shared image does not visibly prove that marking.
COATES-K2-ROAD2-649-RETRACTION-RESOLVED-20260806-V2,Coates_K2_Road2_Retraction_Resolved_649_Thumbnails_001.zip,389,2,ROUNDFILE1BASTARDCUTCOARSE,ROUNDFILE1BASTARDCUTCOARSE.jpg,Round File – #1 = Bastard Cut (coarse),File | Round,round hand file,,HOUSE_RENDER_FAMILY,production/family_assets/hand_file_round.png,12dc9b26732854b629949995000f20d302f84063d8e4bdff619df71a82bd9ac0,ALL_ROWS,FAMILY_MASTER_REVIEWED_AND_CODE_MAPPED,APPROVED_FAMILY_RENDER,800,800,JPEG,75492,2d3651ef2f4015a63e5751e0b2e3516c42313c4c640e31c9d20517a0e50bbdff,"Item type unmistakably matches the register name ; house style holds (dark floor, orange rim glow, item fills ~75%, no text/people/price)",Family render; the catalogue code supplies the exact size/variant where the shared image does not visibly prove that marking.
COATES-K2-ROAD2-649-RETRACTION-RESOLVED-20260806-V2,Coates_K2_Road2_Retraction_Resolved_649_Thumbnails_001.zip,596,2,SASHCLAMP400MM,SASHCLAMP400MM.jpg,Sash Clamp 400mm,Other - sash clamp,long sash clamp with screw jaw,400mm,HOUSE_RENDER_FAMILY,production/family_assets/sash_clamp.png,de813c7182b85268501ee465e34b83f7d3570d35a32f28967269807b86edb425,ALL_ROWS,FAMILY_MASTER_REVIEWED_AND_CODE_MAPPED,APPROVED_FAMILY_RENDER,800,800,JPEG,79258,bf61b271d37aa641fececc9c37fe3f503e60139dc7212bb2af2bd5ece21c45e4,"Lamp visibly ON; mount/stand type matches the name ; stamped/labelled sizes readable: 400mm ; house style holds (dark floor, orange rim glow, item fills ~75%, no text/people/price)",Family render; the catalogue code supplies the exact size/variant where the shared image does not visibly prove that marking.
COATES-K2-ROAD2-649-RETRACTION-RESOLVED-20260806-V2,Coates_K2_Road2_Retraction_Resolved_649_Thumbnails_001.zip,390,2,SAWHACKHEAVYDUTYSQUAREFRAME300MMWOLF,SAWHACKHEAVYDUTYSQUAREFRAME300MMWOLF.jpg,SAW HACK HEAVY DUTY SQUARE FRAME 300MM WoLF,Saw | hack,300 mm hand hacksaw,300mm,HOUSE_RENDER_FAMILY,production/family_assets/hand_hacksaw.png,308025c7d586a140f076199120d16fc0934250c357a7af73419c7b79aae139f1,ALL_ROWS,FAMILY_MASTER_REVIEWED_AND_CODE_MAPPED,APPROVED_FAMILY_RENDER,800,800,JPEG,80984,72aa80360c36187c418f1a88c080273e4b8e4748f32544c29c2e810278d36356,"Item type unmistakably matches the register name ; stamped/labelled sizes readable: 300mm ; house style holds (dark floor, orange rim glow, item fills ~75%, no text/people/price)",Family render; the catalogue code supplies the exact size/variant where the shared image does not visibly prove that marking.
COATES-K2-ROAD2-649-RETRACTION-RESOLVED-20260806-V2,Coates_K2_Road2_Retraction_Resolved_649_Thumbnails_001.zip,597,2,SCEWDRIVE1KV100,SCEWDRIVE1KV100.jpg,Screw Driver - 1000v - 100mm,Screwdriver,1000-volt insulated screwdriver,100mm | 1000v,HOUSE_RENDER_FAMILY,production/family_assets/insulated_screwdriver_phillips_v2.png,378a04952c22240fa7d5dbbd52f238b983524ccb92cd16944eff4ad7b1742f5b,ALL_ROWS,FAMILY_MASTER_REVIEWED_AND_CODE_MAPPED,APPROVED_FAMILY_RENDER,800,800,JPEG,81724,51aad888d3521944c46dcc8c0e00c1d7f4e25c995bfaca0f970b7d96476d2dbb,"Item type unmistakably matches the register name ; stamped/labelled sizes readable: 100mm, 1000v ; house style holds (dark floor, orange rim glow, item fills ~75%, no text/people/price)",Family render; the catalogue code supplies the exact size/variant where the shared image does not visibly prove that marking.
COATES-K2-ROAD2-649-RETRACTION-RESOLVED-20260806-V2,Coates_K2_Road2_Retraction_Resolved_649_Thumbnails_001.zip,598,2,SCREWDRIVERINSULFLAT,SCREWDRIVERINSULFLAT.jpg,Screwdriver - insulated - Flat,Screwdriver | Insulated | Flat,insulated flat-blade screwdriver,,HOUSE_RENDER_FAMILY,production/family_assets/insulated_screwdriver_flat_v2.png,4d9b02eb64aaeb8eb8d6bdd77c434bbad7b3559b9c5d1c1ec8e5871e855ea1e8,ALL_ROWS,FAMILY_MASTER_REVIEWED_AND_CODE_MAPPED,APPROVED_FAMILY_RENDER,800,800,JPEG,80681,b1ba6d0ceddd6f1cdbf894a5ee01276fffad3644b86d5f3f1460c7defbae2d13,"Tool type unmistakable; working end sharp in the light ; house style holds (dark floor, orange rim glow, item fills ~75%, no text/people/price)",Family render; the catalogue code supplies the exact size/variant where the shared image does not visibly prove that marking.
COATES-K2-ROAD2-649-RETRACTION-RESOLVED-20260806-V2,Coates_K2_Road2_Retraction_Resolved_649_Thumbnails_001.zip,599,2,SCREWDRIVERINSULPHILLIPS,SCREWDRIVERINSULPHILLIPS.jpg,Screwdriver - insulated - Phillips,Screwdriver | Insulated | Phillips,insulated Phillips-head screwdriver,,HOUSE_RENDER_FAMILY,production/family_assets/insulated_screwdriver_phillips_v2.png,378a04952c22240fa7d5dbbd52f238b983524ccb92cd16944eff4ad7b1742f5b,ALL_ROWS,FAMILY_MASTER_REVIEWED_AND_CODE_MAPPED,APPROVED_FAMILY_RENDER,800,800,JPEG,81724,51aad888d3521944c46dcc8c0e00c1d7f4e25c995bfaca0f970b7d96476d2dbb,"Tool type unmistakable; working end sharp in the light ; house style holds (dark floor, orange rim glow, item fills ~75%, no text/people/price)",Family render; the catalogue code supplies the exact size/variant where the shared image does not visibly prove that marking.
COATES-K2-ROAD2-649-RETRACTION-RESOLVED-20260806-V2,Coates_K2_Road2_Retraction_Resolved_649_Thumbnails_001.zip,600,2,SCREWDRIVERPHILIPSHEAD,SCREWDRIVERPHILIPSHEAD.jpg,Screwdriver - Phillips Head,Screwdriver | Phillips,Phillips-head screwdriver,,HOUSE_RENDER_FAMILY,production/family_assets/screwdriver_phillips.png,200a6446650e076f7eeb2d0caae5fe4b998ac60c52fdd097efbd1fa871628d63,ALL_ROWS,FAMILY_MASTER_REVIEWED_AND_CODE_MAPPED,APPROVED_FAMILY_RENDER,800,800,JPEG,78928,5b41051b23d1c0fcaa7b4ef443f7c35ee2d9fcda149114b0bd1b11356b3581b6,"Tool type unmistakable; working end sharp in the light ; house style holds (dark floor, orange rim glow, item fills ~75%, no text/people/price)",Family render; the catalogue code supplies the exact size/variant where the shared image does not visibly prove that marking.
COATES-K2-ROAD2-649-RETRACTION-RESOLVED-20260806-V2,Coates_K2_Road2_Retraction_Resolved_649_Thumbnails_001.zip,601,2,SCREWDRIVERSQUARE,SCREWDRIVERSQUARE.jpg,Screwdriver - Square,Screwdriver | Square,square-drive screwdriver,,HOUSE_RENDER_FAMILY,production/family_assets/screwdriver_square.png,2fc171c2fe6cec366105fd1e231810b3130bd2ca58c104906821d77d482ba09b,ALL_ROWS,FAMILY_MASTER_REVIEWED_AND_CODE_MAPPED,APPROVED_FAMILY_RENDER,800,800,JPEG,77455,60ac6dbe629c314604c995d64853e98791e5c750cd479c566626de7a3696492a,"Tool type unmistakable; working end sharp in the light ; house style holds (dark floor, orange rim glow, item fills ~75%, no text/people/price)",Family render; the catalogue code supplies the exact size/variant where the shared image does not visibly prove that marking.
COATES-K2-ROAD2-649-RETRACTION-RESOLVED-20260806-V2,Coates_K2_Road2_Retraction_Resolved_649_Thumbnails_001.zip,391,2,SCRIBERDOUBLEENDED250MMSTRAIGHT90,SCRIBERDOUBLEENDED250MMSTRAIGHT90.jpg,SCRIBER DOUBLE ENDED 250MM STRAIGHT & 90DEG,Scriber,double-ended engineer's scriber,250mm,HOUSE_RENDER_FAMILY,production/family_assets/engineers_scriber.png,3894555be8724be57eadd29c0e5d9eb5602d93ff1358ba1e6d3950600332af16,ALL_ROWS,FAMILY_MASTER_REVIEWED_AND_CODE_MAPPED,APPROVED_FAMILY_RENDER,800,800,JPEG,77277,b4886d437fec6e559a473af9c7cb09754f0494ad193d60b9bd4db61e25f204c3,"Scale/dial legible; measuring faces visible ; stamped/labelled sizes readable: 250mm ; house style holds (dark floor, orange rim glow, item fills ~75%, no text/people/price)",Family render; the catalogue code supplies the exact size/variant where the shared image does not visibly prove that marking.
COATES-K2-ROAD2-649-RETRACTION-RESOLVED-20260806-V2,Coates_K2_Road2_Retraction_Resolved_649_Thumbnails_001.zip,392,2,SCRIBERDOUBLEENDED250MMSTRAIGHT90DEG,SCRIBERDOUBLEENDED250MMSTRAIGHT90DEG.jpg,SCRIBER DOUBLE ENDED 250MM STRAIGHT & 90DEG,Scriber,double-ended engineer's scriber,250mm,HOUSE_RENDER_FAMILY,production/family_assets/engineers_scriber.png,3894555be8724be57eadd29c0e5d9eb5602d93ff1358ba1e6d3950600332af16,ALL_ROWS,FAMILY_MASTER_REVIEWED_AND_CODE_MAPPED,APPROVED_FAMILY_RENDER,800,800,JPEG,77277,b4886d437fec6e559a473af9c7cb09754f0494ad193d60b9bd4db61e25f204c3,"Scale/dial legible; measuring faces visible ; stamped/labelled sizes readable: 250mm ; house style holds (dark floor, orange rim glow, item fills ~75%, no text/people/price)",Family render; the catalogue code supplies the exact size/variant where the shared image does not visibly prove that marking.
COATES-K2-ROAD2-649-RETRACTION-RESOLVED-20260806-V2,Coates_K2_Road2_Retraction_Resolved_649_Thumbnails_001.zip,998,2,SHOVELLHSQMTH,SHOVELLHSQMTH.jpg,Shovel - Long Handle - Square Mouth,Square,long-handle square-mouth shovel,,HOUSE_RENDER_FAMILY,production/family_assets/shovel_long_square.png,eb0a8d8b734d859bd886965fbf0c40c250e2c889b7688993338d842f9e877416,ALL_ROWS,FAMILY_MASTER_REVIEWED_AND_CODE_MAPPED,APPROVED_FAMILY_RENDER,800,800,JPEG,76101,28845b37421e5c6021fb49ce53e9d3dde73f9bccc112792d54b891fe1d21796e,"Item type unmistakably matches the register name ; house style holds (dark floor, orange rim glow, item fills ~75%, no text/people/price)",Family render; the catalogue code supplies the exact size/variant where the shared image does not visibly prove that marking.
COATES-K2-ROAD2-649-RETRACTION-RESOLVED-20260806-V2,Coates_K2_Road2_Retraction_Resolved_649_Thumbnails_001.zip,999,2,SHOVELSHSQMTH,SHOVELSHSQMTH.jpg,Shovel - Short Handle - Square Mouth,Square,short-handle square-mouth shovel,,HOUSE_RENDER_FAMILY,production/family_assets/shovel_short_square.png,0b9c85b83610450c8013f94147d7c60717c3eed6bfe532585d6d3a004350279d,ALL_ROWS,FAMILY_MASTER_REVIEWED_AND_CODE_MAPPED,APPROVED_FAMILY_RENDER,800,800,JPEG,78403,2198d824cb254629f55f85259bdc3745e3edb54fd0a767dc9a532c0bff94ac01,"Item type unmistakably matches the register name ; house style holds (dark floor, orange rim glow, item fills ~75%, no text/people/price)",Family render; the catalogue code supplies the exact size/variant where the shared image does not visibly prove that marking.
COATES-K2-ROAD2-649-RETRACTION-RESOLVED-20260806-V2,Coates_K2_Road2_Retraction_Resolved_649_Thumbnails_001.zip,603,2,SNIPSMETALLEFTHAND,SNIPSMETALLEFTHAND.jpg,Snips - Left Hand,Snips/shears,left-cut aviation snips,,HOUSE_RENDER_FAMILY,production/family_assets/aviation_snips_left.png,531a9763f7677e2ee158713ac96ff62f4ef116aeaa35342ccbb08b25a24c5c31,ALL_ROWS,FAMILY_MASTER_REVIEWED_AND_CODE_MAPPED,APPROVED_FAMILY_RENDER,800,800,JPEG,78543,60c56b95d8cad2a0a3a5fcf4d9a639eac2fc9a0ed2e986335baf43c44f87969e,"Item type unmistakably matches the register name ; house style holds (dark floor, orange rim glow, item fills ~75%, no text/people/price)",Family render; the catalogue code supplies the exact size/variant where the shared image does not visibly prove that marking.
COATES-K2-ROAD2-649-RETRACTION-RESOLVED-20260806-V2,Coates_K2_Road2_Retraction_Resolved_649_Thumbnails_001.zip,604,2,SNIPSMETALRIGHTHAND,SNIPSMETALRIGHTHAND.jpg,Snips - Right Hand,Snips/shears,right-cut aviation snips,,HOUSE_RENDER_FAMILY,production/family_assets/aviation_snips_right.png,6d7d26f0b503efc8ed8ef3edc7901c2d98657c189fae018a342097634531a27f,ALL_ROWS,FAMILY_MASTER_REVIEWED_AND_CODE_MAPPED,APPROVED_FAMILY_RENDER,800,800,JPEG,77406,54e46ded86729e488bdb8a7124f47c2920f9e4f3a5f25de2b9b53103e07ebe0d,"Item type unmistakably matches the register name ; house style holds (dark floor, orange rim glow, item fills ~75%, no text/people/price)",Family render; the catalogue code supplies the exact size/variant where the shared image does not visibly prove that marking.
COATES-K2-ROAD2-649-RETRACTION-RESOLVED-20260806-V2,Coates_K2_Road2_Retraction_Resolved_649_Thumbnails_001.zip,605,2,SNIPSSTRAIGHT,SNIPSSTRAIGHT.jpg,Snips - Straight,Snips/shears,straight-cut aviation snips,,HOUSE_RENDER_FAMILY,production/family_assets/aviation_snips_straight.png,ef00a6401f99a3be65c874a972bb26e07fcf3a199356a2bf7f490f6c697ab9bf,ALL_ROWS,FAMILY_MASTER_REVIEWED_AND_CODE_MAPPED,APPROVED_FAMILY_RENDER,800,800,JPEG,80371,4e16949c15e561e5e20b36a12140589463e162e18cf555ff3358eb75934d71f2,"Item type unmistakably matches the register name ; house style holds (dark floor, orange rim glow, item fills ~75%, no text/people/price)",Family render; the catalogue code supplies the exact size/variant where the shared image does not visibly prove that marking.
COATES-K2-ROAD2-649-RETRACTION-RESOLVED-20260806-V2,Coates_K2_Road2_Retraction_Resolved_649_Thumbnails_001.zip,729,2,SOCKET11/2DR46MM,SOCKET11_2DR46MM.jpg,Socket - Impact - 46mm 11/2in Drive,Socket - impact standard | Drive 11/2in | Mixed,"standard black impact socket, 1-1/2-inch drive",11/2in | 46mm,HOUSE_RENDER_FAMILY,production/family_assets/socket_impact_standard_generic.png,83c4822425fdd3dd54988180560702b1393f9cd644610fe5f1c5e69fe2841a7a,ALL_ROWS,FAMILY_MASTER_REVIEWED_AND_CODE_MAPPED,APPROVED_FAMILY_RENDER,800,800,JPEG,78818,f4f2c97be6ffe4f48767b2491c65df755a1a59544115fef57561a33c1d6c71b7,"ONE socket only; six-point black impact finish; correct drive square; hex opening visible ; stamped/labelled sizes readable: 11/2in, 46mm ; house style holds (dark floor, orange rim glow, item fills ~75%, no text/people/price)",Family render; the catalogue code supplies the exact size/variant where the shared image does not visibly prove that marking.
COATES-K2-ROAD2-649-RETRACTION-RESOLVED-20260806-V2,Coates_K2_Road2_Retraction_Resolved_649_Thumbnails_001.zip,606,2,SOCKET1/2DR11MM,SOCKET1_2DR11MM.jpg,Socket -   1/2inch Drive - Metric - 11mm,Socket - other | Drive 1/2in | Mixed,"standard chrome hand socket, 1/2-inch drive",1/2inch | 11mm,HOUSE_RENDER_FAMILY,production/family_assets/socket_standard_chrome_v3.png,84f23dd1cdef04c9a36ccfcb2b2faf259349485ff5c0dac463d38f8e5560436a,ALL_ROWS,FAMILY_MASTER_REVIEWED_AND_CODE_MAPPED,APPROVED_FAMILY_RENDER,800,800,JPEG,77477,037115d043c02367fc6cc80b870f4068c592b2a98d66724cb2a1139ae8ce625a,"ONE socket only; six-point black impact finish; correct drive square; hex opening visible ; stamped/labelled sizes readable: 1/2inch, 11mm ; house style holds (dark floor, orange rim glow, item fills ~75%, no text/people/price)",Family render; the catalogue code supplies the exact size/variant where the shared image does not visibly prove that marking.
COATES-K2-ROAD2-649-RETRACTION-RESOLVED-20260806-V2,Coates_K2_Road2_Retraction_Resolved_649_Thumbnails_001.zip,607,2,SOCKET1/2DR12MM,SOCKET1_2DR12MM.jpg,Socket -   1/2inch Drive - Metric - 12mm,Socket - other | Drive 1/2in | Mixed,"standard chrome hand socket, 1/2-inch drive",1/2inch | 12mm,HOUSE_RENDER_FAMILY,production/family_assets/socket_standard_chrome_v3.png,84f23dd1cdef04c9a36ccfcb2b2faf259349485ff5c0dac463d38f8e5560436a,ALL_ROWS,FAMILY_MASTER_REVIEWED_AND_CODE_MAPPED,APPROVED_FAMILY_RENDER,800,800,JPEG,77477,037115d043c02367fc6cc80b870f4068c592b2a98d66724cb2a1139ae8ce625a,"ONE socket only; six-point black impact finish; correct drive square; hex opening visible ; stamped/labelled sizes readable: 1/2inch, 12mm ; house style holds (dark floor, orange rim glow, item fills ~75%, no text/people/price)",Family render; the catalogue code supplies the exact size/variant where the shared image does not visibly prove that marking.
COATES-K2-ROAD2-649-RETRACTION-RESOLVED-20260806-V2,Coates_K2_Road2_Retraction_Resolved_649_Thumbnails_001.zip,677,2,SOCKET1/2DR13MM,SOCKET1_2DR13MM.jpg,Socket - Impact - 13mm 1/2in Drive,Socket - impact standard | Drive 1/2in | Mixed,"standard black impact socket, 1/2-inch drive",1/2in | 13mm,HOUSE_RENDER_FAMILY,production/family_assets/socket_impact_standard_generic.png,83c4822425fdd3dd54988180560702b1393f9cd644610fe5f1c5e69fe2841a7a,ALL_ROWS,FAMILY_MASTER_REVIEWED_AND_CODE_MAPPED,APPROVED_FAMILY_RENDER,800,800,JPEG,78818,f4f2c97be6ffe4f48767b2491c65df755a1a59544115fef57561a33c1d6c71b7,"ONE socket only; six-point black impact finish; correct drive square; hex opening visible ; stamped/labelled sizes readable: 1/2in, 13mm ; house style holds (dark floor, orange rim glow, item fills ~75%, no text/people/price)",Family render; the catalogue code supplies the exact size/variant where the shared image does not visibly prove that marking.
COATES-K2-ROAD2-649-RETRACTION-RESOLVED-20260806-V2,Coates_K2_Road2_Retraction_Resolved_649_Thumbnails_001.zip,608,2,SOCKET1/2DR14MM,SOCKET1_2DR14MM.jpg,Socket -   1/2inch Drive - Metric - 14mm,Socket - other | Drive 1/2in | Mixed,"standard chrome hand socket, 1/2-inch drive",1/2inch | 14mm,HOUSE_RENDER_FAMILY,production/family_assets/socket_standard_chrome_v3.png,84f23dd1cdef04c9a36ccfcb2b2faf259349485ff5c0dac463d38f8e5560436a,ALL_ROWS,FAMILY_MASTER_REVIEWED_AND_CODE_MAPPED,APPROVED_FAMILY_RENDER,800,800,JPEG,77477,037115d043c02367fc6cc80b870f4068c592b2a98d66724cb2a1139ae8ce625a,"ONE socket only; six-point black impact finish; correct drive square; hex opening visible ; stamped/labelled sizes readable: 1/2inch, 14mm ; house style holds (dark floor, orange rim glow, item fills ~75%, no text/people/price)",Family render; the catalogue code supplies the exact size/variant where the shared image does not visibly prove that marking.
COATES-K2-ROAD2-649-RETRACTION-RESOLVED-20260806-V2,Coates_K2_Road2_Retraction_Resolved_649_Thumbnails_001.zip,609,2,SOCKET1/2DR15MM,SOCKET1_2DR15MM.jpg,Socket -   1/2inch Drive - Metric - 15mm,Socket - other | Drive 1/2in | Mixed,"standard chrome hand socket, 1/2-inch drive",1/2inch | 15mm,HOUSE_RENDER_FAMILY,production/family_assets/socket_standard_chrome_v3.png,84f23dd1cdef04c9a36ccfcb2b2faf259349485ff5c0dac463d38f8e5560436a,ALL_ROWS,FAMILY_MASTER_REVIEWED_AND_CODE_MAPPED,APPROVED_FAMILY_RENDER,800,800,JPEG,77477,037115d043c02367fc6cc80b870f4068c592b2a98d66724cb2a1139ae8ce625a,"ONE socket only; six-point black impact finish; correct drive square; hex opening visible ; stamped/labelled sizes readable: 1/2inch, 15mm ; house style holds (dark floor, orange rim glow, item fills ~75%, no text/people/price)",Family render; the catalogue code supplies the exact size/variant where the shared image does not visibly prove that marking.
COATES-K2-ROAD2-649-RETRACTION-RESOLVED-20260806-V2,Coates_K2_Road2_Retraction_Resolved_649_Thumbnails_001.zip,610,2,SOCKET1/2DR16MM,SOCKET1_2DR16MM.jpg,Socket -   1/2inch Drive - Metric - 16mm,Socket - other | Drive 1/2in | Mixed,"standard chrome hand socket, 1/2-inch drive",1/2inch | 16mm,HOUSE_RENDER_FAMILY,production/family_assets/socket_standard_chrome_v3.png,84f23dd1cdef04c9a36ccfcb2b2faf259349485ff5c0dac463d38f8e5560436a,ALL_ROWS,FAMILY_MASTER_REVIEWED_AND_CODE_MAPPED,APPROVED_FAMILY_RENDER,800,800,JPEG,77477,037115d043c02367fc6cc80b870f4068c592b2a98d66724cb2a1139ae8ce625a,"ONE socket only; six-point black impact finish; correct drive square; hex opening visible ; stamped/labelled sizes readable: 1/2inch, 16mm ; house style holds (dark floor, orange rim glow, item fills ~75%, no text/people/price)",Family render; the catalogue code supplies the exact size/variant where the shared image does not visibly prove that marking.
COATES-K2-ROAD2-649-RETRACTION-RESOLVED-20260806-V2,Coates_K2_Road2_Retraction_Resolved_649_Thumbnails_001.zip,611,2,SOCKET1/2DR17MM,SOCKET1_2DR17MM.jpg,Socket -   1/2inch Drive - Metric - 17mm,Socket - other | Drive 1/2in | Mixed,"standard chrome hand socket, 1/2-inch drive",1/2inch | 17mm,HOUSE_RENDER_FAMILY,production/family_assets/socket_standard_chrome_v3.png,84f23dd1cdef04c9a36ccfcb2b2faf259349485ff5c0dac463d38f8e5560436a,ALL_ROWS,FAMILY_MASTER_REVIEWED_AND_CODE_MAPPED,APPROVED_FAMILY_RENDER,800,800,JPEG,77477,037115d043c02367fc6cc80b870f4068c592b2a98d66724cb2a1139ae8ce625a,"ONE socket only; six-point black impact finish; correct drive square; hex opening visible ; stamped/labelled sizes readable: 1/2inch, 17mm ; house style holds (dark floor, orange rim glow, item fills ~75%, no text/people/price)",Family render; the catalogue code supplies the exact size/variant where the shared image does not visibly prove that marking.
COATES-K2-ROAD2-649-RETRACTION-RESOLVED-20260806-V2,Coates_K2_Road2_Retraction_Resolved_649_Thumbnails_001.zip,612,2,SOCKET1/2DR18MM,SOCKET1_2DR18MM.jpg,Socket -   1/2inch Drive - Metric - 18mm,Socket - other | Drive 1/2in | Mixed,"standard chrome hand socket, 1/2-inch drive",1/2inch | 18mm,HOUSE_RENDER_FAMILY,production/family_assets/socket_standard_chrome_v3.png,84f23dd1cdef04c9a36ccfcb2b2faf259349485ff5c0dac463d38f8e5560436a,ALL_ROWS,FAMILY_MASTER_REVIEWED_AND_CODE_MAPPED,APPROVED_FAMILY_RENDER,800,800,JPEG,77477,037115d043c02367fc6cc80b870f4068c592b2a98d66724cb2a1139ae8ce625a,"ONE socket only; six-point black impact finish; correct drive square; hex opening visible ; stamped/labelled sizes readable: 1/2inch, 18mm ; house style holds (dark floor, orange rim glow, item fills ~75%, no text/people/price)",Family render; the catalogue code supplies the exact size/variant where the shared image does not visibly prove that marking.
COATES-K2-ROAD2-649-RETRACTION-RESOLVED-20260806-V2,Coates_K2_Road2_Retraction_Resolved_649_Thumbnails_001.zip,613,2,SOCKET1/2DR19MM,SOCKET1_2DR19MM.jpg,Socket -   1/2inch Drive - Metric - 19mm,Socket - other | Drive 1/2in | Mixed,"standard chrome hand socket, 1/2-inch drive",1/2inch | 19mm,HOUSE_RENDER_FAMILY,production/family_assets/socket_standard_chrome_v3.png,84f23dd1cdef04c9a36ccfcb2b2faf259349485ff5c0dac463d38f8e5560436a,ALL_ROWS,FAMILY_MASTER_REVIEWED_AND_CODE_MAPPED,APPROVED_FAMILY_RENDER,800,800,JPEG,77477,037115d043c02367fc6cc80b870f4068c592b2a98d66724cb2a1139ae8ce625a,"ONE socket only; six-point black impact finish; correct drive square; hex opening visible ; stamped/labelled sizes readable: 1/2inch, 19mm ; house style holds (dark floor, orange rim glow, item fills ~75%, no text/people/price)",Family render; the catalogue code supplies the exact size/variant where the shared image does not visibly prove that marking.
COATES-K2-ROAD2-649-RETRACTION-RESOLVED-20260806-V2,Coates_K2_Road2_Retraction_Resolved_649_Thumbnails_001.zip,614,2,SOCKET1/2DR21MM,SOCKET1_2DR21MM.jpg,Socket -   1/2inch Drive - Metric - 21mm,Socket - other | Drive 1/2in | Mixed,"standard chrome hand socket, 1/2-inch drive",1/2inch | 21mm,HOUSE_RENDER_FAMILY,production/family_assets/socket_standard_chrome_v3.png,84f23dd1cdef04c9a36ccfcb2b2faf259349485ff5c0dac463d38f8e5560436a,ALL_ROWS,FAMILY_MASTER_REVIEWED_AND_CODE_MAPPED,APPROVED_FAMILY_RENDER,800,800,JPEG,77477,037115d043c02367fc6cc80b870f4068c592b2a98d66724cb2a1139ae8ce625a,"ONE socket only; six-point black impact finish; correct drive square; hex opening visible ; stamped/labelled sizes readable: 1/2inch, 21mm ; house style holds (dark floor, orange rim glow, item fills ~75%, no text/people/price)",Family render; the catalogue code supplies the exact size/variant where the shared image does not visibly prove that marking.
COATES-K2-ROAD2-649-RETRACTION-RESOLVED-20260806-V2,Coates_K2_Road2_Retraction_Resolved_649_Thumbnails_001.zip,615,2,SOCKET1/2DR22MM,SOCKET1_2DR22MM.jpg,Socket -   1/2inch Drive - Metric - 22mm,Socket - other | Drive 1/2in | Mixed,"standard chrome hand socket, 1/2-inch drive",1/2inch | 22mm,HOUSE_RENDER_FAMILY,production/family_assets/socket_standard_chrome_v3.png,84f23dd1cdef04c9a36ccfcb2b2faf259349485ff5c0dac463d38f8e5560436a,ALL_ROWS,FAMILY_MASTER_REVIEWED_AND_CODE_MAPPED,APPROVED_FAMILY_RENDER,800,800,JPEG,77477,037115d043c02367fc6cc80b870f4068c592b2a98d66724cb2a1139ae8ce625a,"ONE socket only; six-point black impact finish; correct drive square; hex opening visible ; stamped/labelled sizes readable: 1/2inch, 22mm ; house style holds (dark floor, orange rim glow, item fills ~75%, no text/people/price)",Family render; the catalogue code supplies the exact size/variant where the shared image does not visibly prove that marking.
COATES-K2-ROAD2-649-RETRACTION-RESOLVED-20260806-V2,Coates_K2_Road2_Retraction_Resolved_649_Thumbnails_001.zip,616,2,SOCKET1/2DR23MM,SOCKET1_2DR23MM.jpg,Socket -   1/2inch Drive - Metric - 23mm,Socket - other | Drive 1/2in | Mixed,"standard chrome hand socket, 1/2-inch drive",1/2inch | 23mm,HOUSE_RENDER_FAMILY,production/family_assets/socket_standard_chrome_v3.png,84f23dd1cdef04c9a36ccfcb2b2faf259349485ff5c0dac463d38f8e5560436a,ALL_ROWS,FAMILY_MASTER_REVIEWED_AND_CODE_MAPPED,APPROVED_FAMILY_RENDER,800,800,JPEG,77477,037115d043c02367fc6cc80b870f4068c592b2a98d66724cb2a1139ae8ce625a,"ONE socket only; six-point black impact finish; correct drive square; hex opening visible ; stamped/labelled sizes readable: 1/2inch, 23mm ; house style holds (dark floor, orange rim glow, item fills ~75%, no text/people/price)",Family render; the catalogue code supplies the exact size/variant where the shared image does not visibly prove that marking.
COATES-K2-ROAD2-649-RETRACTION-RESOLVED-20260806-V2,Coates_K2_Road2_Retraction_Resolved_649_Thumbnails_001.zip,617,2,SOCKET1/2DR24MM,SOCKET1_2DR24MM.jpg,Socket -   1/2inch Drive - Metric - 24mm,Socket - other | Drive 1/2in | Mixed,"standard chrome hand socket, 1/2-inch drive",1/2inch | 24mm,HOUSE_RENDER_FAMILY,production/family_assets/socket_standard_chrome_v3.png,84f23dd1cdef04c9a36ccfcb2b2faf259349485ff5c0dac463d38f8e5560436a,ALL_ROWS,FAMILY_MASTER_REVIEWED_AND_CODE_MAPPED,APPROVED_FAMILY_RENDER,800,800,JPEG,77477,037115d043c02367fc6cc80b870f4068c592b2a98d66724cb2a1139ae8ce625a,"ONE socket only; six-point black impact finish; correct drive square; hex opening visible ; stamped/labelled sizes readable: 1/2inch, 24mm ; house style holds (dark floor, orange rim glow, item fills ~75%, no text/people/price)",Family render; the catalogue code supplies the exact size/variant where the shared image does not visibly prove that marking.
COATES-K2-ROAD2-649-RETRACTION-RESOLVED-20260806-V2,Coates_K2_Road2_Retraction_Resolved_649_Thumbnails_001.zip,701,2,SOCKET1/2DR25MM,SOCKET1_2DR25MM.jpg,Socket - Impact - 25mm 1/2in Drive,Socket - impact standard | Drive 1/2in | Mixed,"standard black impact socket, 1/2-inch drive",1/2in | 25mm,HOUSE_RENDER_FAMILY,production/family_assets/socket_impact_standard_generic.png,83c4822425fdd3dd54988180560702b1393f9cd644610fe5f1c5e69fe2841a7a,ALL_ROWS,FAMILY_MASTER_REVIEWED_AND_CODE_MAPPED,APPROVED_FAMILY_RENDER,800,800,JPEG,78818,f4f2c97be6ffe4f48767b2491c65df755a1a59544115fef57561a33c1d6c71b7,"ONE socket only; six-point black impact finish; correct drive square; hex opening visible ; stamped/labelled sizes readable: 1/2in, 25mm ; house style holds (dark floor, orange rim glow, item fills ~75%, no text/people/price)",Family render; the catalogue code supplies the exact size/variant where the shared image does not visibly prove that marking.
COATES-K2-ROAD2-649-RETRACTION-RESOLVED-20260806-V2,Coates_K2_Road2_Retraction_Resolved_649_Thumbnails_001.zip,618,2,SOCKET1/2DR26MM,SOCKET1_2DR26MM.jpg,Socket -   1/2inch Drive - Metric - 26mm,Socket - other | Drive 1/2in | Mixed,"standard chrome hand socket, 1/2-inch drive",1/2inch | 26mm,HOUSE_RENDER_FAMILY,production/family_assets/socket_standard_chrome_v3.png,84f23dd1cdef04c9a36ccfcb2b2faf259349485ff5c0dac463d38f8e5560436a,ALL_ROWS,FAMILY_MASTER_REVIEWED_AND_CODE_MAPPED,APPROVED_FAMILY_RENDER,800,800,JPEG,77477,037115d043c02367fc6cc80b870f4068c592b2a98d66724cb2a1139ae8ce625a,"ONE socket only; six-point black impact finish; correct drive square; hex opening visible ; stamped/labelled sizes readable: 1/2inch, 26mm ; house style holds (dark floor, orange rim glow, item fills ~75%, no text/people/price)",Family render; the catalogue code supplies the exact size/variant where the shared image does not visibly prove that marking.
COATES-K2-ROAD2-649-RETRACTION-RESOLVED-20260806-V2,Coates_K2_Road2_Retraction_Resolved_649_Thumbnails_001.zip,707,2,SOCKET1/2DR27MM,SOCKET1_2DR27MM.jpg,Socket - Impact - 27mm 1/2in Drive,Socket - impact standard | Drive 1/2in | Mixed,"standard black impact socket, 1/2-inch drive",1/2in | 27mm,HOUSE_RENDER_FAMILY,production/family_assets/socket_impact_standard_generic.png,83c4822425fdd3dd54988180560702b1393f9cd644610fe5f1c5e69fe2841a7a,ALL_ROWS,FAMILY_MASTER_REVIEWED_AND_CODE_MAPPED,APPROVED_FAMILY_RENDER,800,800,JPEG,78818,f4f2c97be6ffe4f48767b2491c65df755a1a59544115fef57561a33c1d6c71b7,"ONE socket only; six-point black impact finish; correct drive square; hex opening visible ; stamped/labelled sizes readable: 1/2in, 27mm ; house style holds (dark floor, orange rim glow, item fills ~75%, no text/people/price)",Family render; the catalogue code supplies the exact size/variant where the shared image does not visibly prove that marking.
COATES-K2-ROAD2-649-RETRACTION-RESOLVED-20260806-V2,Coates_K2_Road2_Retraction_Resolved_649_Thumbnails_001.zip,619,2,SOCKET1/2DR29MM,SOCKET1_2DR29MM.jpg,Socket -   1/2inch Drive - Metric - 29mm,Socket - other | Drive 1/2in | Mixed,"standard chrome hand socket, 1/2-inch drive",1/2inch | 29mm,HOUSE_RENDER_FAMILY,production/family_assets/socket_standard_chrome_v3.png,84f23dd1cdef04c9a36ccfcb2b2faf259349485ff5c0dac463d38f8e5560436a,ALL_ROWS,FAMILY_MASTER_REVIEWED_AND_CODE_MAPPED,APPROVED_FAMILY_RENDER,800,800,JPEG,77477,037115d043c02367fc6cc80b870f4068c592b2a98d66724cb2a1139ae8ce625a,"ONE socket only; six-point black impact finish; correct drive square; hex opening visible ; stamped/labelled sizes readable: 1/2inch, 29mm ; house style holds (dark floor, orange rim glow, item fills ~75%, no text/people/price)",Family render; the catalogue code supplies the exact size/variant where the shared image does not visibly prove that marking.
COATES-K2-ROAD2-649-RETRACTION-RESOLVED-20260806-V2,Coates_K2_Road2_Retraction_Resolved_649_Thumbnails_001.zip,620,2,SOCKET1/2DR31MM,SOCKET1_2DR31MM.jpg,Socket -   1/2inch Drive - Metric - 31mm,Socket - other | Drive 1/2in | Mixed,"standard chrome hand socket, 1/2-inch drive",1/2inch | 31mm,HOUSE_RENDER_FAMILY,production/family_assets/socket_standard_chrome_v3.png,84f23dd1cdef04c9a36ccfcb2b2faf259349485ff5c0dac463d38f8e5560436a,ALL_ROWS,FAMILY_MASTER_REVIEWED_AND_CODE_MAPPED,APPROVED_FAMILY_RENDER,800,800,JPEG,77477,037115d043c02367fc6cc80b870f4068c592b2a98d66724cb2a1139ae8ce625a,"ONE socket only; six-point black impact finish; correct drive square; hex opening visible ; stamped/labelled sizes readable: 1/2inch, 31mm ; house style holds (dark floor, orange rim glow, item fills ~75%, no text/people/price)",Family render; the catalogue code supplies the exact size/variant where the shared image does not visibly prove that marking.
COATES-K2-ROAD2-649-RETRACTION-RESOLVED-20260806-V2,Coates_K2_Road2_Retraction_Resolved_649_Thumbnails_001.zip,722,2,SOCKET1/2DR32MM,SOCKET1_2DR32MM.jpg,Socket - Impact - 32mm 1/2in Drive,Socket - impact standard | Drive 1/2in | Mixed,"standard black impact socket, 1/2-inch drive",1/2in | 32mm,HOUSE_RENDER_FAMILY,production/family_assets/socket_impact_standard_generic.png,83c4822425fdd3dd54988180560702b1393f9cd644610fe5f1c5e69fe2841a7a,ALL_ROWS,FAMILY_MASTER_REVIEWED_AND_CODE_MAPPED,APPROVED_FAMILY_RENDER,800,800,JPEG,78818,f4f2c97be6ffe4f48767b2491c65df755a1a59544115fef57561a33c1d6c71b7,"ONE socket only; six-point black impact finish; correct drive square; hex opening visible ; stamped/labelled sizes readable: 1/2in, 32mm ; house style holds (dark floor, orange rim glow, item fills ~75%, no text/people/price)",Family render; the catalogue code supplies the exact size/variant where the shared image does not visibly prove that marking.
COATES-K2-ROAD2-649-RETRACTION-RESOLVED-20260806-V2,Coates_K2_Road2_Retraction_Resolved_649_Thumbnails_001.zip,621,2,SOCKET1/2DR33MM,SOCKET1_2DR33MM.jpg,Socket -   1/2inch Drive - Metric - 33mm,Socket - other | Drive 1/2in | Mixed,"standard chrome hand socket, 1/2-inch drive",1/2inch | 33mm,HOUSE_RENDER_FAMILY,production/family_assets/socket_standard_chrome_v3.png,84f23dd1cdef04c9a36ccfcb2b2faf259349485ff5c0dac463d38f8e5560436a,ALL_ROWS,FAMILY_MASTER_REVIEWED_AND_CODE_MAPPED,APPROVED_FAMILY_RENDER,800,800,JPEG,77477,037115d043c02367fc6cc80b870f4068c592b2a98d66724cb2a1139ae8ce625a,"ONE socket only; six-point black impact finish; correct drive square; hex opening visible ; stamped/labelled sizes readable: 1/2inch, 33mm ; house style holds (dark floor, orange rim glow, item fills ~75%, no text/people/price)",Family render; the catalogue code supplies the exact size/variant where the shared image does not visibly prove that marking.
COATES-K2-ROAD2-649-RETRACTION-RESOLVED-20260806-V2,Coates_K2_Road2_Retraction_Resolved_649_Thumbnails_001.zip,622,2,SOCKET1/2DR34MM,SOCKET1_2DR34MM.jpg,Socket -   1/2inch Drive - Metric - 34mm,Socket - other | Drive 1/2in | Mixed,"standard chrome hand socket, 1/2-inch drive",1/2inch | 34mm,HOUSE_RENDER_FAMILY,production/family_assets/socket_standard_chrome_v3.png,84f23dd1cdef04c9a36ccfcb2b2faf259349485ff5c0dac463d38f8e5560436a,ALL_ROWS,FAMILY_MASTER_REVIEWED_AND_CODE_MAPPED,APPROVED_FAMILY_RENDER,800,800,JPEG,77477,037115d043c02367fc6cc80b870f4068c592b2a98d66724cb2a1139ae8ce625a,"ONE socket only; six-point black impact finish; correct drive square; hex opening visible ; stamped/labelled sizes readable: 1/2inch, 34mm ; house style holds (dark floor, orange rim glow, item fills ~75%, no text/people/price)",Family render; the catalogue code supplies the exact size/variant where the shared image does not visibly prove that marking.
COATES-K2-ROAD2-649-RETRACTION-RESOLVED-20260806-V2,Coates_K2_Road2_Retraction_Resolved_649_Thumbnails_001.zip,623,2,SOCKET1/2DR35MM,SOCKET1_2DR35MM.jpg,Socket -   1/2inch Drive - Metric - 35mm,Socket - other | Drive 1/2in | Mixed,"standard chrome hand socket, 1/2-inch drive",1/2inch | 35mm,HOUSE_RENDER_FAMILY,production/family_assets/socket_standard_chrome_v3.png,84f23dd1cdef04c9a36ccfcb2b2faf259349485ff5c0dac463d38f8e5560436a,ALL_ROWS,FAMILY_MASTER_REVIEWED_AND_CODE_MAPPED,APPROVED_FAMILY_RENDER,800,800,JPEG,77477,037115d043c02367fc6cc80b870f4068c592b2a98d66724cb2a1139ae8ce625a,"ONE socket only; six-point black impact finish; correct drive square; hex opening visible ; stamped/labelled sizes readable: 1/2inch, 35mm ; house style holds (dark floor, orange rim glow, item fills ~75%, no text/people/price)",Family render; the catalogue code supplies the exact size/variant where the shared image does not visibly prove that marking.
COATES-K2-ROAD2-649-RETRACTION-RESOLVED-20260806-V2,Coates_K2_Road2_Retraction_Resolved_649_Thumbnails_002.zip,724,2,SOCKET1/2DR36MM,SOCKET1_2DR36MM.jpg,Socket - Impact - 36mm 1/2in Drive,Socket - impact standard | Drive 1/2in | Mixed,"standard black impact socket, 1/2-inch drive",1/2in | 36mm,HOUSE_RENDER_FAMILY,production/family_assets/socket_impact_standard_generic.png,83c4822425fdd3dd54988180560702b1393f9cd644610fe5f1c5e69fe2841a7a,ALL_ROWS,FAMILY_MASTER_REVIEWED_AND_CODE_MAPPED,APPROVED_FAMILY_RENDER,800,800,JPEG,78818,f4f2c97be6ffe4f48767b2491c65df755a1a59544115fef57561a33c1d6c71b7,"ONE socket only; six-point black impact finish; correct drive square; hex opening visible ; stamped/labelled sizes readable: 1/2in, 36mm ; house style holds (dark floor, orange rim glow, item fills ~75%, no text/people/price)",Family render; the catalogue code supplies the exact size/variant where the shared image does not visibly prove that marking.
COATES-K2-ROAD2-649-RETRACTION-RESOLVED-20260806-V2,Coates_K2_Road2_Retraction_Resolved_649_Thumbnails_002.zip,671,2,SOCKET1/2INDR10MM,SOCKET1_2INDR10MM.jpg,Socket - Impact - 1/2in Drive 10mm,Socket - impact standard | Drive 1/2in | Mixed,"standard black impact socket, 1/2-inch drive",1/2in | 10mm,HOUSE_RENDER_FAMILY,production/family_assets/socket_impact_standard_generic.png,83c4822425fdd3dd54988180560702b1393f9cd644610fe5f1c5e69fe2841a7a,ALL_ROWS,FAMILY_MASTER_REVIEWED_AND_CODE_MAPPED,APPROVED_FAMILY_RENDER,800,800,JPEG,78818,f4f2c97be6ffe4f48767b2491c65df755a1a59544115fef57561a33c1d6c71b7,"ONE socket only; six-point black impact finish; correct drive square; hex opening visible ; stamped/labelled sizes readable: 1/2in, 10mm ; house style holds (dark floor, orange rim glow, item fills ~75%, no text/people/price)",Family render; the catalogue code supplies the exact size/variant where the shared image does not visibly prove that marking.
COATES-K2-ROAD2-649-RETRACTION-RESOLVED-20260806-V2,Coates_K2_Road2_Retraction_Resolved_649_Thumbnails_002.zip,672,2,SOCKET1/2INDR20MM,SOCKET1_2INDR20MM.jpg,Socket - Impact - 1/2in Drive 20mm,Socket - impact standard | Drive 1/2in | Mixed,"standard black impact socket, 1/2-inch drive",1/2in | 20mm,HOUSE_RENDER_FAMILY,production/family_assets/socket_impact_standard_generic.png,83c4822425fdd3dd54988180560702b1393f9cd644610fe5f1c5e69fe2841a7a,ALL_ROWS,FAMILY_MASTER_REVIEWED_AND_CODE_MAPPED,APPROVED_FAMILY_RENDER,800,800,JPEG,78818,f4f2c97be6ffe4f48767b2491c65df755a1a59544115fef57561a33c1d6c71b7,"ONE socket only; six-point black impact finish; correct drive square; hex opening visible ; stamped/labelled sizes readable: 1/2in, 20mm ; house style holds (dark floor, orange rim glow, item fills ~75%, no text/people/price)",Family render; the catalogue code supplies the exact size/variant where the shared image does not visibly prove that marking.
COATES-K2-ROAD2-649-RETRACTION-RESOLVED-20260806-V2,Coates_K2_Road2_Retraction_Resolved_649_Thumbnails_002.zip,673,2,SOCKET1/2INDR30MM,SOCKET1_2INDR30MM.jpg,Socket - Impact - 1/2in Drive 30mm,Socket - impact standard | Drive 1/2in | Mixed,"standard black impact socket, 1/2-inch drive",1/2in | 30mm,HOUSE_RENDER_FAMILY,production/family_assets/socket_impact_standard_generic.png,83c4822425fdd3dd54988180560702b1393f9cd644610fe5f1c5e69fe2841a7a,ALL_ROWS,FAMILY_MASTER_REVIEWED_AND_CODE_MAPPED,APPROVED_FAMILY_RENDER,800,800,JPEG,78818,f4f2c97be6ffe4f48767b2491c65df755a1a59544115fef57561a33c1d6c71b7,"ONE socket only; six-point black impact finish; correct drive square; hex opening visible ; stamped/labelled sizes readable: 1/2in, 30mm ; house style holds (dark floor, orange rim glow, item fills ~75%, no text/people/price)",Family render; the catalogue code supplies the exact size/variant where the shared image does not visibly prove that marking.
COATES-K2-ROAD2-649-RETRACTION-RESOLVED-20260806-V2,Coates_K2_Road2_Retraction_Resolved_649_Thumbnails_002.zip,631,2,SOCKET1DR19MM,SOCKET1DR19MM.jpg,Socket -  1inch Drive - Metric - 19mm,Socket - other | Drive 1in | Mixed,"standard chrome hand socket, 1-inch drive",1inch | 19mm,HOUSE_RENDER_FAMILY,production/family_assets/socket_standard_chrome_v3.png,84f23dd1cdef04c9a36ccfcb2b2faf259349485ff5c0dac463d38f8e5560436a,ALL_ROWS,FAMILY_MASTER_REVIEWED_AND_CODE_MAPPED,APPROVED_FAMILY_RENDER,800,800,JPEG,77477,037115d043c02367fc6cc80b870f4068c592b2a98d66724cb2a1139ae8ce625a,"ONE socket only; six-point black impact finish; correct drive square; hex opening visible ; stamped/labelled sizes readable: 1inch, 19mm ; house style holds (dark floor, orange rim glow, item fills ~75%, no text/people/price)",Family render; the catalogue code supplies the exact size/variant where the shared image does not visibly prove that marking.
COATES-K2-ROAD2-649-RETRACTION-RESOLVED-20260806-V2,Coates_K2_Road2_Retraction_Resolved_649_Thumbnails_002.zip,702,2,SOCKET1DR25MM,SOCKET1DR25MM.jpg,Socket - Impact - 25mm 1in Drive,Socket - impact standard | Drive 1in | Mixed,"standard black impact socket, 1-inch drive",1in | 25mm,HOUSE_RENDER_FAMILY,production/family_assets/socket_impact_standard_generic.png,83c4822425fdd3dd54988180560702b1393f9cd644610fe5f1c5e69fe2841a7a,ALL_ROWS,FAMILY_MASTER_REVIEWED_AND_CODE_MAPPED,APPROVED_FAMILY_RENDER,800,800,JPEG,78818,f4f2c97be6ffe4f48767b2491c65df755a1a59544115fef57561a33c1d6c71b7,"ONE socket only; six-point black impact finish; correct drive square; hex opening visible ; stamped/labelled sizes readable: 1in, 25mm ; house style holds (dark floor, orange rim glow, item fills ~75%, no text/people/price)",Family render; the catalogue code supplies the exact size/variant where the shared image does not visibly prove that marking.
COATES-K2-ROAD2-649-RETRACTION-RESOLVED-20260806-V2,Coates_K2_Road2_Retraction_Resolved_649_Thumbnails_002.zip,708,2,SOCKET1DR27MM,SOCKET1DR27MM.jpg,Socket - Impact - 27mm 1in Drive,Socket - impact standard | Drive 1in | Mixed,"standard black impact socket, 1-inch drive",1in | 27mm,HOUSE_RENDER_FAMILY,production/family_assets/socket_impact_standard_generic.png,83c4822425fdd3dd54988180560702b1393f9cd644610fe5f1c5e69fe2841a7a,ALL_ROWS,FAMILY_MASTER_REVIEWED_AND_CODE_MAPPED,APPROVED_FAMILY_RENDER,800,800,JPEG,78818,f4f2c97be6ffe4f48767b2491c65df755a1a59544115fef57561a33c1d6c71b7,"ONE socket only; six-point black impact finish; correct drive square; hex opening visible ; stamped/labelled sizes readable: 1in, 27mm ; house style holds (dark floor, orange rim glow, item fills ~75%, no text/people/price)",Family render; the catalogue code supplies the exact size/variant where the shared image does not visibly prove that marking.
COATES-K2-ROAD2-649-RETRACTION-RESOLVED-20260806-V2,Coates_K2_Road2_Retraction_Resolved_649_Thumbnails_002.zip,632,2,SOCKET1DR31MM,SOCKET1DR31MM.jpg,Socket -  1inch Drive - Metric - 31mm,Socket - other | Drive 1in | Mixed,"standard chrome hand socket, 1-inch drive",1inch | 31mm,HOUSE_RENDER_FAMILY,production/family_assets/socket_standard_chrome_v3.png,84f23dd1cdef04c9a36ccfcb2b2faf259349485ff5c0dac463d38f8e5560436a,ALL_ROWS,FAMILY_MASTER_REVIEWED_AND_CODE_MAPPED,APPROVED_FAMILY_RENDER,800,800,JPEG,77477,037115d043c02367fc6cc80b870f4068c592b2a98d66724cb2a1139ae8ce625a,"ONE socket only; six-point black impact finish; correct drive square; hex opening visible ; stamped/labelled sizes readable: 1inch, 31mm ; house style holds (dark floor, orange rim glow, item fills ~75%, no text/people/price)",Family render; the catalogue code supplies the exact size/variant where the shared image does not visibly prove that marking.
COATES-K2-ROAD2-649-RETRACTION-RESOLVED-20260806-V2,Coates_K2_Road2_Retraction_Resolved_649_Thumbnails_002.zip,633,2,SOCKET1DR34MM,SOCKET1DR34MM.jpg,Socket -  1inch Drive - Metric - 34mm,Socket - other | Drive 1in | Mixed,"standard chrome hand socket, 1-inch drive",1inch | 34mm,HOUSE_RENDER_FAMILY,production/family_assets/socket_standard_chrome_v3.png,84f23dd1cdef04c9a36ccfcb2b2faf259349485ff5c0dac463d38f8e5560436a,ALL_ROWS,FAMILY_MASTER_REVIEWED_AND_CODE_MAPPED,APPROVED_FAMILY_RENDER,800,800,JPEG,77477,037115d043c02367fc6cc80b870f4068c592b2a98d66724cb2a1139ae8ce625a,"ONE socket only; six-point black impact finish; correct drive square; hex opening visible ; stamped/labelled sizes readable: 1inch, 34mm ; house style holds (dark floor, orange rim glow, item fills ~75%, no text/people/price)",Family render; the catalogue code supplies the exact size/variant where the shared image does not visibly prove that marking.
COATES-K2-ROAD2-649-RETRACTION-RESOLVED-20260806-V2,Coates_K2_Road2_Retraction_Resolved_649_Thumbnails_002.zip,634,2,SOCKET1DR38MM,SOCKET1DR38MM.jpg,Socket -  1inch Drive - Metric - 38mm,Socket - other | Drive 1in | Mixed,"standard chrome hand socket, 1-inch drive",1inch | 38mm,HOUSE_RENDER_FAMILY,production/family_assets/socket_standard_chrome_v3.png,84f23dd1cdef04c9a36ccfcb2b2faf259349485ff5c0dac463d38f8e5560436a,ALL_ROWS,FAMILY_MASTER_REVIEWED_AND_CODE_MAPPED,APPROVED_FAMILY_RENDER,800,800,JPEG,77477,037115d043c02367fc6cc80b870f4068c592b2a98d66724cb2a1139ae8ce625a,"ONE socket only; six-point black impact finish; correct drive square; hex opening visible ; stamped/labelled sizes readable: 1inch, 38mm ; house style holds (dark floor, orange rim glow, item fills ~75%, no text/people/price)",Family render; the catalogue code supplies the exact size/variant where the shared image does not visibly prove that marking.
COATES-K2-ROAD2-649-RETRACTION-RESOLVED-20260806-V2,Coates_K2_Road2_Retraction_Resolved_649_Thumbnails_002.zip,635,2,SOCKET1DR41MM,SOCKET1DR41MM.jpg,Socket -  1inch Drive - Metric - 41mm,Socket - other | Drive 1in | Mixed,"standard chrome hand socket, 1-inch drive",1inch | 41mm,HOUSE_RENDER_FAMILY,production/family_assets/socket_standard_chrome_v3.png,84f23dd1cdef04c9a36ccfcb2b2faf259349485ff5c0dac463d38f8e5560436a,ALL_ROWS,FAMILY_MASTER_REVIEWED_AND_CODE_MAPPED,APPROVED_FAMILY_RENDER,800,800,JPEG,77477,037115d043c02367fc6cc80b870f4068c592b2a98d66724cb2a1139ae8ce625a,"ONE socket only; six-point black impact finish; correct drive square; hex opening visible ; stamped/labelled sizes readable: 1inch, 41mm ; house style holds (dark floor, orange rim glow, item fills ~75%, no text/people/price)",Family render; the catalogue code supplies the exact size/variant where the shared image does not visibly prove that marking.
COATES-K2-ROAD2-649-RETRACTION-RESOLVED-20260806-V2,Coates_K2_Road2_Retraction_Resolved_649_Thumbnails_002.zip,730,2,SOCKET1DR46MM,SOCKET1DR46MM.jpg,Socket - Impact - 46mm 1in Drive,Socket - impact standard | Drive 1in | Mixed,"standard black impact socket, 1-inch drive",1in | 46mm,HOUSE_RENDER_FAMILY,production/family_assets/socket_impact_standard_generic.png,83c4822425fdd3dd54988180560702b1393f9cd644610fe5f1c5e69fe2841a7a,ALL_ROWS,FAMILY_MASTER_REVIEWED_AND_CODE_MAPPED,APPROVED_FAMILY_RENDER,800,800,JPEG,78818,f4f2c97be6ffe4f48767b2491c65df755a1a59544115fef57561a33c1d6c71b7,"ONE socket only; six-point black impact finish; correct drive square; hex opening visible ; stamped/labelled sizes readable: 1in, 46mm ; house style holds (dark floor, orange rim glow, item fills ~75%, no text/people/price)",Family render; the catalogue code supplies the exact size/variant where the shared image does not visibly prove that marking.
COATES-K2-ROAD2-649-RETRACTION-RESOLVED-20260806-V2,Coates_K2_Road2_Retraction_Resolved_649_Thumbnails_002.zip,636,2,SOCKET1DR54MM,SOCKET1DR54MM.jpg,Socket -  1inch Drive - Metric - 54mm,Socket - other | Drive 1in | Mixed,"standard chrome hand socket, 1-inch drive",1inch | 54mm,HOUSE_RENDER_FAMILY,production/family_assets/socket_standard_chrome_v3.png,84f23dd1cdef04c9a36ccfcb2b2faf259349485ff5c0dac463d38f8e5560436a,ALL_ROWS,FAMILY_MASTER_REVIEWED_AND_CODE_MAPPED,APPROVED_FAMILY_RENDER,800,800,JPEG,77477,037115d043c02367fc6cc80b870f4068c592b2a98d66724cb2a1139ae8ce625a,"ONE socket only; six-point black impact finish; correct drive square; hex opening visible ; stamped/labelled sizes readable: 1inch, 54mm ; house style holds (dark floor, orange rim glow, item fills ~75%, no text/people/price)",Family render; the catalogue code supplies the exact size/variant where the shared image does not visibly prove that marking.
COATES-K2-ROAD2-649-RETRACTION-RESOLVED-20260806-V2,Coates_K2_Road2_Retraction_Resolved_649_Thumbnails_002.zip,637,2,SOCKET1DR55MM,SOCKET1DR55MM.jpg,Socket -  1inch Drive - Metric - 55mm,Socket - other | Drive 1in | Mixed,"standard chrome hand socket, 1-inch drive",1inch | 55mm,HOUSE_RENDER_FAMILY,production/family_assets/socket_standard_chrome_v3.png,84f23dd1cdef04c9a36ccfcb2b2faf259349485ff5c0dac463d38f8e5560436a,ALL_ROWS,FAMILY_MASTER_REVIEWED_AND_CODE_MAPPED,APPROVED_FAMILY_RENDER,800,800,JPEG,77477,037115d043c02367fc6cc80b870f4068c592b2a98d66724cb2a1139ae8ce625a,"ONE socket only; six-point black impact finish; correct drive square; hex opening visible ; stamped/labelled sizes readable: 1inch, 55mm ; house style holds (dark floor, orange rim glow, item fills ~75%, no text/people/price)",Family render; the catalogue code supplies the exact size/variant where the shared image does not visibly prove that marking.
COATES-K2-ROAD2-649-RETRACTION-RESOLVED-20260806-V2,Coates_K2_Road2_Retraction_Resolved_649_Thumbnails_002.zip,638,2,SOCKET1DR63MM,SOCKET1DR63MM.jpg,Socket -  1inch Drive - Metric - 63mm,Socket - other | Drive 1in | Mixed,"standard chrome hand socket, 1-inch drive",1inch | 63mm,HOUSE_RENDER_FAMILY,production/family_assets/socket_standard_chrome_v3.png,84f23dd1cdef04c9a36ccfcb2b2faf259349485ff5c0dac463d38f8e5560436a,ALL_ROWS,FAMILY_MASTER_REVIEWED_AND_CODE_MAPPED,APPROVED_FAMILY_RENDER,800,800,JPEG,77477,037115d043c02367fc6cc80b870f4068c592b2a98d66724cb2a1139ae8ce625a,"ONE socket only; six-point black impact finish; correct drive square; hex opening visible ; stamped/labelled sizes readable: 1inch, 63mm ; house style holds (dark floor, orange rim glow, item fills ~75%, no text/people/price)",Family render; the catalogue code supplies the exact size/variant where the shared image does not visibly prove that marking.
COATES-K2-ROAD2-649-RETRACTION-RESOLVED-20260806-V2,Coates_K2_Road2_Retraction_Resolved_649_Thumbnails_002.zip,639,2,SOCKET1DR65MM,SOCKET1DR65MM.jpg,Socket -  1inch Drive - Metric - 65mm,Socket - other | Drive 1in | Mixed,"standard chrome hand socket, 1-inch drive",1inch | 65mm,HOUSE_RENDER_FAMILY,production/family_assets/socket_standard_chrome_v3.png,84f23dd1cdef04c9a36ccfcb2b2faf259349485ff5c0dac463d38f8e5560436a,ALL_ROWS,FAMILY_MASTER_REVIEWED_AND_CODE_MAPPED,APPROVED_FAMILY_RENDER,800,800,JPEG,77477,037115d043c02367fc6cc80b870f4068c592b2a98d66724cb2a1139ae8ce625a,"ONE socket only; six-point black impact finish; correct drive square; hex opening visible ; stamped/labelled sizes readable: 1inch, 65mm ; house style holds (dark floor, orange rim glow, item fills ~75%, no text/people/price)",Family render; the catalogue code supplies the exact size/variant where the shared image does not visibly prove that marking.
COATES-K2-ROAD2-649-RETRACTION-RESOLVED-20260806-V2,Coates_K2_Road2_Retraction_Resolved_649_Thumbnails_002.zip,736,2,SOCKET1DR75MM,SOCKET1DR75MM.jpg,Socket - Impact - 75mm 1in Drive,Socket - impact standard | Drive 1in | Mixed,"standard black impact socket, 1-inch drive",1in | 75mm,HOUSE_RENDER_FAMILY,production/family_assets/socket_impact_standard_generic.png,83c4822425fdd3dd54988180560702b1393f9cd644610fe5f1c5e69fe2841a7a,ALL_ROWS,FAMILY_MASTER_REVIEWED_AND_CODE_MAPPED,APPROVED_FAMILY_RENDER,800,800,JPEG,78818,f4f2c97be6ffe4f48767b2491c65df755a1a59544115fef57561a33c1d6c71b7,"ONE socket only; six-point black impact finish; correct drive square; hex opening visible ; stamped/labelled sizes readable: 1in, 75mm ; house style holds (dark floor, orange rim glow, item fills ~75%, no text/people/price)",Family render; the catalogue code supplies the exact size/variant where the shared image does not visibly prove that marking.
COATES-K2-ROAD2-649-RETRACTION-RESOLVED-20260806-V2,Coates_K2_Road2_Retraction_Resolved_649_Thumbnails_002.zip,720,2,SOCKET1INDR30MM,SOCKET1INDR30MM.jpg,Socket - Impact - 30mm 1in Drive,Socket - impact standard | Drive 1in | Mixed,"standard black impact socket, 1-inch drive",1in | 30mm,HOUSE_RENDER_FAMILY,production/family_assets/socket_impact_standard_generic.png,83c4822425fdd3dd54988180560702b1393f9cd644610fe5f1c5e69fe2841a7a,ALL_ROWS,FAMILY_MASTER_REVIEWED_AND_CODE_MAPPED,APPROVED_FAMILY_RENDER,800,800,JPEG,78818,f4f2c97be6ffe4f48767b2491c65df755a1a59544115fef57561a33c1d6c71b7,"ONE socket only; six-point black impact finish; correct drive square; hex opening visible ; stamped/labelled sizes readable: 1in, 30mm ; house style holds (dark floor, orange rim glow, item fills ~75%, no text/people/price)",Family render; the catalogue code supplies the exact size/variant where the shared image does not visibly prove that marking.
COATES-K2-ROAD2-649-RETRACTION-RESOLVED-20260806-V2,Coates_K2_Road2_Retraction_Resolved_649_Thumbnails_002.zip,726,2,SOCKET1INDR40MM,SOCKET1INDR40MM.jpg,Socket - Impact - 40mm 1in Drive,Socket - impact standard | Drive 1in | Mixed,"standard black impact socket, 1-inch drive",1in | 40mm,HOUSE_RENDER_FAMILY,production/family_assets/socket_impact_standard_generic.png,83c4822425fdd3dd54988180560702b1393f9cd644610fe5f1c5e69fe2841a7a,ALL_ROWS,FAMILY_MASTER_REVIEWED_AND_CODE_MAPPED,APPROVED_FAMILY_RENDER,800,800,JPEG,78818,f4f2c97be6ffe4f48767b2491c65df755a1a59544115fef57561a33c1d6c71b7,"ONE socket only; six-point black impact finish; correct drive square; hex opening visible ; stamped/labelled sizes readable: 1in, 40mm ; house style holds (dark floor, orange rim glow, item fills ~75%, no text/people/price)",Family render; the catalogue code supplies the exact size/variant where the shared image does not visibly prove that marking.
COATES-K2-ROAD2-649-RETRACTION-RESOLVED-20260806-V2,Coates_K2_Road2_Retraction_Resolved_649_Thumbnails_002.zip,772,2,SOCKET1INDR50MM,SOCKET1INDR50MM.jpg,Socket - Impact -50mm 1in Drive,Socket - impact standard | Drive 1in | Mixed,"standard black impact socket, 1-inch drive",1in | 50mm,HOUSE_RENDER_FAMILY,production/family_assets/socket_impact_standard_generic.png,83c4822425fdd3dd54988180560702b1393f9cd644610fe5f1c5e69fe2841a7a,ALL_ROWS,FAMILY_MASTER_REVIEWED_AND_CODE_MAPPED,APPROVED_FAMILY_RENDER,800,800,JPEG,78818,f4f2c97be6ffe4f48767b2491c65df755a1a59544115fef57561a33c1d6c71b7,"ONE socket only; six-point black impact finish; correct drive square; hex opening visible ; stamped/labelled sizes readable: 1in, 50mm ; house style holds (dark floor, orange rim glow, item fills ~75%, no text/people/price)",Family render; the catalogue code supplies the exact size/variant where the shared image does not visibly prove that marking.
COATES-K2-ROAD2-649-RETRACTION-RESOLVED-20260806-V2,Coates_K2_Road2_Retraction_Resolved_649_Thumbnails_002.zip,732,2,SOCKET1INDR60MM,SOCKET1INDR60MM.jpg,Socket - Impact - 60mm 1in Drive,Socket - impact standard | Drive 1in | Mixed,"standard black impact socket, 1-inch drive",1in | 60mm,HOUSE_RENDER_FAMILY,production/family_assets/socket_impact_standard_generic.png,83c4822425fdd3dd54988180560702b1393f9cd644610fe5f1c5e69fe2841a7a,ALL_ROWS,FAMILY_MASTER_REVIEWED_AND_CODE_MAPPED,APPROVED_FAMILY_RENDER,800,800,JPEG,78818,f4f2c97be6ffe4f48767b2491c65df755a1a59544115fef57561a33c1d6c71b7,"ONE socket only; six-point black impact finish; correct drive square; hex opening visible ; stamped/labelled sizes readable: 1in, 60mm ; house style holds (dark floor, orange rim glow, item fills ~75%, no text/people/price)",Family render; the catalogue code supplies the exact size/variant where the shared image does not visibly prove that marking.
COATES-K2-ROAD2-649-RETRACTION-RESOLVED-20260806-V2,Coates_K2_Road2_Retraction_Resolved_649_Thumbnails_002.zip,684,2,SOCKET1INDR70MM,SOCKET1INDR70MM.jpg,Socket - Impact - 1in Drive 70mm,Socket - impact standard | Drive 1in | Mixed,"standard black impact socket, 1-inch drive",1in | 70mm,HOUSE_RENDER_FAMILY,production/family_assets/socket_impact_standard_generic.png,83c4822425fdd3dd54988180560702b1393f9cd644610fe5f1c5e69fe2841a7a,ALL_ROWS,FAMILY_MASTER_REVIEWED_AND_CODE_MAPPED,APPROVED_FAMILY_RENDER,800,800,JPEG,78818,f4f2c97be6ffe4f48767b2491c65df755a1a59544115fef57561a33c1d6c71b7,"ONE socket only; six-point black impact finish; correct drive square; hex opening visible ; stamped/labelled sizes readable: 1in, 70mm ; house style holds (dark floor, orange rim glow, item fills ~75%, no text/people/price)",Family render; the catalogue code supplies the exact size/variant where the shared image does not visibly prove that marking.
COATES-K2-ROAD2-649-RETRACTION-RESOLVED-20260806-V2,Coates_K2_Road2_Retraction_Resolved_649_Thumbnails_002.zip,624,2,SOCKET3/4DR26MM,SOCKET3_4DR26MM.jpg,Socket -   3/4inch Drive - Metric - 26mm,Socket - other | Drive 3/4in | Mixed,"standard chrome hand socket, 3/4-inch drive",3/4inch | 26mm,HOUSE_RENDER_FAMILY,production/family_assets/socket_standard_chrome_v3.png,84f23dd1cdef04c9a36ccfcb2b2faf259349485ff5c0dac463d38f8e5560436a,ALL_ROWS,FAMILY_MASTER_REVIEWED_AND_CODE_MAPPED,APPROVED_FAMILY_RENDER,800,800,JPEG,77477,037115d043c02367fc6cc80b870f4068c592b2a98d66724cb2a1139ae8ce625a,"ONE socket only; six-point black impact finish; correct drive square; hex opening visible ; stamped/labelled sizes readable: 3/4inch, 26mm ; house style holds (dark floor, orange rim glow, item fills ~75%, no text/people/price)",Family render; the catalogue code supplies the exact size/variant where the shared image does not visibly prove that marking.
COATES-K2-ROAD2-649-RETRACTION-RESOLVED-20260806-V2,Coates_K2_Road2_Retraction_Resolved_649_Thumbnails_002.zip,625,2,SOCKET3/4DR28MM,SOCKET3_4DR28MM.jpg,Socket -   3/4inch Drive - Metric - 28mm,Socket - other | Drive 3/4in | Mixed,"standard chrome hand socket, 3/4-inch drive",3/4inch | 28mm,HOUSE_RENDER_FAMILY,production/family_assets/socket_standard_chrome_v3.png,84f23dd1cdef04c9a36ccfcb2b2faf259349485ff5c0dac463d38f8e5560436a,ALL_ROWS,FAMILY_MASTER_REVIEWED_AND_CODE_MAPPED,APPROVED_FAMILY_RENDER,800,800,JPEG,77477,037115d043c02367fc6cc80b870f4068c592b2a98d66724cb2a1139ae8ce625a,"ONE socket only; six-point black impact finish; correct drive square; hex opening visible ; stamped/labelled sizes readable: 3/4inch, 28mm ; house style holds (dark floor, orange rim glow, item fills ~75%, no text/people/price)",Family render; the catalogue code supplies the exact size/variant where the shared image does not visibly prove that marking.
COATES-K2-ROAD2-649-RETRACTION-RESOLVED-20260806-V2,Coates_K2_Road2_Retraction_Resolved_649_Thumbnails_002.zip,626,2,SOCKET3/4DR31MM,SOCKET3_4DR31MM.jpg,Socket -   3/4inch Drive - Metric - 31mm,Socket - other | Drive 3/4in | Mixed,"standard chrome hand socket, 3/4-inch drive",3/4inch | 31mm,HOUSE_RENDER_FAMILY,production/family_assets/socket_standard_chrome_v3.png,84f23dd1cdef04c9a36ccfcb2b2faf259349485ff5c0dac463d38f8e5560436a,ALL_ROWS,FAMILY_MASTER_REVIEWED_AND_CODE_MAPPED,APPROVED_FAMILY_RENDER,800,800,JPEG,77477,037115d043c02367fc6cc80b870f4068c592b2a98d66724cb2a1139ae8ce625a,"ONE socket only; six-point black impact finish; correct drive square; hex opening visible ; stamped/labelled sizes readable: 3/4inch, 31mm ; house style holds (dark floor, orange rim glow, item fills ~75%, no text/people/price)",Family render; the catalogue code supplies the exact size/variant where the shared image does not visibly prove that marking.
COATES-K2-ROAD2-649-RETRACTION-RESOLVED-20260806-V2,Coates_K2_Road2_Retraction_Resolved_649_Thumbnails_002.zip,627,2,SOCKET3/4DR34MM,SOCKET3_4DR34MM.jpg,Socket -   3/4inch Drive - Metric - 34mm,Socket - other | Drive 3/4in | Mixed,"standard chrome hand socket, 3/4-inch drive",3/4inch | 34mm,HOUSE_RENDER_FAMILY,production/family_assets/socket_standard_chrome_v3.png,84f23dd1cdef04c9a36ccfcb2b2faf259349485ff5c0dac463d38f8e5560436a,ALL_ROWS,FAMILY_MASTER_REVIEWED_AND_CODE_MAPPED,APPROVED_FAMILY_RENDER,800,800,JPEG,77477,037115d043c02367fc6cc80b870f4068c592b2a98d66724cb2a1139ae8ce625a,"ONE socket only; six-point black impact finish; correct drive square; hex opening visible ; stamped/labelled sizes readable: 3/4inch, 34mm ; house style holds (dark floor, orange rim glow, item fills ~75%, no text/people/price)",Family render; the catalogue code supplies the exact size/variant where the shared image does not visibly prove that marking.
COATES-K2-ROAD2-649-RETRACTION-RESOLVED-20260806-V2,Coates_K2_Road2_Retraction_Resolved_649_Thumbnails_002.zip,628,2,SOCKET3/4DR38MM,SOCKET3_4DR38MM.jpg,Socket -   3/4inch Drive - Metric - 38mm,Socket - other | Drive 3/4in | Mixed,"standard chrome hand socket, 3/4-inch drive",3/4inch | 38mm,HOUSE_RENDER_FAMILY,production/family_assets/socket_standard_chrome_v3.png,84f23dd1cdef04c9a36ccfcb2b2faf259349485ff5c0dac463d38f8e5560436a,ALL_ROWS,FAMILY_MASTER_REVIEWED_AND_CODE_MAPPED,APPROVED_FAMILY_RENDER,800,800,JPEG,77477,037115d043c02367fc6cc80b870f4068c592b2a98d66724cb2a1139ae8ce625a,"ONE socket only; six-point black impact finish; correct drive square; hex opening visible ; stamped/labelled sizes readable: 3/4inch, 38mm ; house style holds (dark floor, orange rim glow, item fills ~75%, no text/people/price)",Family render; the catalogue code supplies the exact size/variant where the shared image does not visibly prove that marking.
COATES-K2-ROAD2-649-RETRACTION-RESOLVED-20260806-V2,Coates_K2_Road2_Retraction_Resolved_649_Thumbnails_002.zip,629,2,SOCKET3/4DR44MM,SOCKET3_4DR44MM.jpg,Socket -   3/4inch Drive - Metric - 44mm,Socket - other | Drive 3/4in | Mixed,"standard chrome hand socket, 3/4-inch drive",3/4inch | 44mm,HOUSE_RENDER_FAMILY,production/family_assets/socket_standard_chrome_v3.png,84f23dd1cdef04c9a36ccfcb2b2faf259349485ff5c0dac463d38f8e5560436a,ALL_ROWS,FAMILY_MASTER_REVIEWED_AND_CODE_MAPPED,APPROVED_FAMILY_RENDER,800,800,JPEG,77477,037115d043c02367fc6cc80b870f4068c592b2a98d66724cb2a1139ae8ce625a,"ONE socket only; six-point black impact finish; correct drive square; hex opening visible ; stamped/labelled sizes readable: 3/4inch, 44mm ; house style holds (dark floor, orange rim glow, item fills ~75%, no text/people/price)",Family render; the catalogue code supplies the exact size/variant where the shared image does not visibly prove that marking.
COATES-K2-ROAD2-649-RETRACTION-RESOLVED-20260806-V2,Coates_K2_Road2_Retraction_Resolved_649_Thumbnails_002.zip,640,2,SOCKET3/4DR46MM,SOCKET3_4DR46MM.jpg,Socket - 3/4in Drive - Imperial - 1 13/16in,Socket - other | Drive 3/4in | Imperial,"standard chrome hand socket, 3/4-inch drive",1 13/16in | 3/4in,HOUSE_RENDER_FAMILY,production/family_assets/socket_standard_chrome_v3.png,84f23dd1cdef04c9a36ccfcb2b2faf259349485ff5c0dac463d38f8e5560436a,ALL_ROWS,FAMILY_MASTER_REVIEWED_AND_CODE_MAPPED,APPROVED_FAMILY_RENDER,800,800,JPEG,77477,037115d043c02367fc6cc80b870f4068c592b2a98d66724cb2a1139ae8ce625a,"ONE socket only; six-point black impact finish; correct drive square; hex opening visible ; stamped/labelled sizes readable: 1 13/16in, 3/4in ; house style holds (dark floor, orange rim glow, item fills ~75%, no text/people/price)",Family render; the catalogue code supplies the exact size/variant where the shared image does not visibly prove that marking.
COATES-K2-ROAD2-649-RETRACTION-RESOLVED-20260806-V2,Coates_K2_Road2_Retraction_Resolved_649_Thumbnails_002.zip,630,2,SOCKET3/4DR55MM,SOCKET3_4DR55MM.jpg,Socket -   3/4inch Drive - Metric - 55mm,Socket - other | Drive 3/4in | Mixed,"standard chrome hand socket, 3/4-inch drive",3/4inch | 55mm,HOUSE_RENDER_FAMILY,production/family_assets/socket_standard_chrome_v3.png,84f23dd1cdef04c9a36ccfcb2b2faf259349485ff5c0dac463d38f8e5560436a,ALL_ROWS,FAMILY_MASTER_REVIEWED_AND_CODE_MAPPED,APPROVED_FAMILY_RENDER,800,800,JPEG,77477,037115d043c02367fc6cc80b870f4068c592b2a98d66724cb2a1139ae8ce625a,"ONE socket only; six-point black impact finish; correct drive square; hex opening visible ; stamped/labelled sizes readable: 3/4inch, 55mm ; house style holds (dark floor, orange rim glow, item fills ~75%, no text/people/price)",Family render; the catalogue code supplies the exact size/variant where the shared image does not visibly prove that marking.
COATES-K2-ROAD2-649-RETRACTION-RESOLVED-20260806-V2,Coates_K2_Road2_Retraction_Resolved_649_Thumbnails_002.zip,685,2,SOCKET3/4INDR20MM,SOCKET3_4INDR20MM.jpg,Socket - Impact - 20mm 3/4in Drive,Socket - impact standard | Drive 3/4in | Mixed,"standard black impact socket, 3/4-inch drive",3/4in | 20mm,HOUSE_RENDER_FAMILY,production/family_assets/socket_impact_standard_generic.png,83c4822425fdd3dd54988180560702b1393f9cd644610fe5f1c5e69fe2841a7a,ALL_ROWS,FAMILY_MASTER_REVIEWED_AND_CODE_MAPPED,APPROVED_FAMILY_RENDER,800,800,JPEG,78818,f4f2c97be6ffe4f48767b2491c65df755a1a59544115fef57561a33c1d6c71b7,"ONE socket only; six-point black impact finish; correct drive square; hex opening visible ; stamped/labelled sizes readable: 3/4in, 20mm ; house style holds (dark floor, orange rim glow, item fills ~75%, no text/people/price)",Family render; the catalogue code supplies the exact size/variant where the shared image does not visibly prove that marking.
COATES-K2-ROAD2-649-RETRACTION-RESOLVED-20260806-V2,Coates_K2_Road2_Retraction_Resolved_649_Thumbnails_002.zip,721,2,SOCKET3/4INDR30MM,SOCKET3_4INDR30MM.jpg,Socket - Impact - 30mm 3/4in Drive,Socket - impact standard | Drive 3/4in | Mixed,"standard black impact socket, 3/4-inch drive",3/4in | 30mm,HOUSE_RENDER_FAMILY,production/family_assets/socket_impact_standard_generic.png,83c4822425fdd3dd54988180560702b1393f9cd644610fe5f1c5e69fe2841a7a,ALL_ROWS,FAMILY_MASTER_REVIEWED_AND_CODE_MAPPED,APPROVED_FAMILY_RENDER,800,800,JPEG,78818,f4f2c97be6ffe4f48767b2491c65df755a1a59544115fef57561a33c1d6c71b7,"ONE socket only; six-point black impact finish; correct drive square; hex opening visible ; stamped/labelled sizes readable: 3/4in, 30mm ; house style holds (dark floor, orange rim glow, item fills ~75%, no text/people/price)",Family render; the catalogue code supplies the exact size/variant where the shared image does not visibly prove that marking.
COATES-K2-ROAD2-649-RETRACTION-RESOLVED-20260806-V2,Coates_K2_Road2_Retraction_Resolved_649_Thumbnails_002.zip,727,2,SOCKET3/4INDR40MM,SOCKET3_4INDR40MM.jpg,Socket - Impact - 40mm 3/4in Drive,Socket - impact standard | Drive 3/4in | Mixed,"standard black impact socket, 3/4-inch drive",3/4in | 40mm,HOUSE_RENDER_FAMILY,production/family_assets/socket_impact_standard_generic.png,83c4822425fdd3dd54988180560702b1393f9cd644610fe5f1c5e69fe2841a7a,ALL_ROWS,FAMILY_MASTER_REVIEWED_AND_CODE_MAPPED,APPROVED_FAMILY_RENDER,800,800,JPEG,78818,f4f2c97be6ffe4f48767b2491c65df755a1a59544115fef57561a33c1d6c71b7,"ONE socket only; six-point black impact finish; correct drive square; hex opening visible ; stamped/labelled sizes readable: 3/4in, 40mm ; house style holds (dark floor, orange rim glow, item fills ~75%, no text/people/price)",Family render; the catalogue code supplies the exact size/variant where the shared image does not visibly prove that marking.
COATES-K2-ROAD2-649-RETRACTION-RESOLVED-20260806-V2,Coates_K2_Road2_Retraction_Resolved_649_Thumbnails_002.zip,733,2,SOCKET3/4INDR60MM,SOCKET3_4INDR60MM.jpg,Socket - Impact - 60mm3/4in Drive,Socket - impact standard | Drive 3/4in | Imperial,"standard black impact socket, 3/4-inch drive",3/4in | 60mm,HOUSE_RENDER_FAMILY,production/family_assets/socket_impact_standard_generic.png,83c4822425fdd3dd54988180560702b1393f9cd644610fe5f1c5e69fe2841a7a,ALL_ROWS,FAMILY_MASTER_REVIEWED_AND_CODE_MAPPED,APPROVED_FAMILY_RENDER,800,800,JPEG,78818,f4f2c97be6ffe4f48767b2491c65df755a1a59544115fef57561a33c1d6c71b7,"ONE socket only; six-point black impact finish; correct drive square; hex opening visible ; stamped/labelled sizes readable: 3/4in, 60mm ; house style holds (dark floor, orange rim glow, item fills ~75%, no text/people/price)",Family render; the catalogue code supplies the exact size/variant where the shared image does not visibly prove that marking.
COATES-K2-ROAD2-649-RETRACTION-RESOLVED-20260806-V2,Coates_K2_Road2_Retraction_Resolved_649_Thumbnails_002.zip,815,2,SOCKETEXT1/2DR75MM,SOCKETEXT1_2DR75MM.jpg,Socket Extension 1/2in Drive 75mm,Socket - extension | Drive 1/2in,"straight socket extension bar, 1/2-inch drive",1/2in | 75mm,HOUSE_RENDER_FAMILY,production/family_assets/socket_extension_chrome.png,2ed4c8a6aab19c77ad90597872c737f73da89749e3aea012662e29bc5b54a435,ALL_ROWS,FAMILY_MASTER_REVIEWED_AND_CODE_MAPPED,APPROVED_FAMILY_RENDER,800,800,JPEG,80255,f3fc8ca6b5ee3e61390129510c88f91f15ae9154220843a46546bd9dfaaadf9f,"ONE socket only; six-point black impact finish; correct drive square; hex opening visible ; stamped/labelled sizes readable: 1/2in, 75mm ; house style holds (dark floor, orange rim glow, item fills ~75%, no text/people/price)",Family render; the catalogue code supplies the exact size/variant where the shared image does not visibly prove that marking.
COATES-K2-ROAD2-649-RETRACTION-RESOLVED-20260806-V2,Coates_K2_Road2_Retraction_Resolved_649_Thumbnails_002.zip,641,2,SOCKETEXT3/4DR175MM,SOCKETEXT3_4DR175MM.jpg,Socket - Extension - 3/4 - 175mm,Socket - extension,straight socket extension bar,175mm,HOUSE_RENDER_FAMILY,production/family_assets/socket_extension_chrome.png,2ed4c8a6aab19c77ad90597872c737f73da89749e3aea012662e29bc5b54a435,ALL_ROWS,FAMILY_MASTER_REVIEWED_AND_CODE_MAPPED,APPROVED_FAMILY_RENDER,800,800,JPEG,80255,f3fc8ca6b5ee3e61390129510c88f91f15ae9154220843a46546bd9dfaaadf9f,"ONE socket only; six-point black impact finish; correct drive square; hex opening visible ; stamped/labelled sizes readable: 175mm ; house style holds (dark floor, orange rim glow, item fills ~75%, no text/people/price)",Family render; the catalogue code supplies the exact size/variant where the shared image does not visibly prove that marking.
COATES-K2-ROAD2-649-RETRACTION-RESOLVED-20260806-V2,Coates_K2_Road2_Retraction_Resolved_649_Thumbnails_002.zip,668,2,SOCKETIMP1-1/2DR1-13/16,SOCKETIMP1-1_2DR1-13_16.jpg,Socket - Impact - 1-13/16in 1-1/2in Drive,Socket - impact standard | Drive 1 1/2in | Imperial,"standard black impact socket, 1-1/2-inch drive",13/16in | 1/2in,HOUSE_RENDER_FAMILY,production/family_assets/socket_impact_standard_generic.png,83c4822425fdd3dd54988180560702b1393f9cd644610fe5f1c5e69fe2841a7a,ALL_ROWS,FAMILY_MASTER_REVIEWED_AND_CODE_MAPPED,APPROVED_FAMILY_RENDER,800,800,JPEG,78818,f4f2c97be6ffe4f48767b2491c65df755a1a59544115fef57561a33c1d6c71b7,"ONE socket only; six-point black impact finish; correct drive square; hex opening visible ; stamped/labelled sizes readable: 13/16in, 1/2in ; house style holds (dark floor, orange rim glow, item fills ~75%, no text/people/price)",Family render; the catalogue code supplies the exact size/variant where the shared image does not visibly prove that marking.
COATES-K2-ROAD2-649-RETRACTION-RESOLVED-20260806-V2,Coates_K2_Road2_Retraction_Resolved_649_Thumbnails_002.zip,647,2,SOCKETIMP1-DR1--1/2,SOCKETIMP1-DR1--1_2.jpg,Socket - Impact - 1 1/2in 1in Drive,Socket - impact standard | Drive 1in | Imperial,"standard black impact socket, 1-inch drive",1 1/2in | 1in,HOUSE_RENDER_FAMILY,production/family_assets/socket_impact_standard_generic.png,83c4822425fdd3dd54988180560702b1393f9cd644610fe5f1c5e69fe2841a7a,ALL_ROWS,FAMILY_MASTER_REVIEWED_AND_CODE_MAPPED,APPROVED_FAMILY_RENDER,800,800,JPEG,78818,f4f2c97be6ffe4f48767b2491c65df755a1a59544115fef57561a33c1d6c71b7,"ONE socket only; six-point black impact finish; correct drive square; hex opening visible ; stamped/labelled sizes readable: 1 1/2in, 1in ; house style holds (dark floor, orange rim glow, item fills ~75%, no text/people/price)",Family render; the catalogue code supplies the exact size/variant where the shared image does not visibly prove that marking.
COATES-K2-ROAD2-649-RETRACTION-RESOLVED-20260806-V2,Coates_K2_Road2_Retraction_Resolved_649_Thumbnails_002.zip,681,2,SOCKETIMP1-DR1,SOCKETIMP1-DR1.jpg,Socket - Impact - 1in 1in Drive,Socket - impact standard | Drive 1in | Imperial,"standard black impact socket, 1-inch drive",1in,HOUSE_RENDER_FAMILY,production/family_assets/socket_impact_standard_generic.png,83c4822425fdd3dd54988180560702b1393f9cd644610fe5f1c5e69fe2841a7a,ALL_ROWS,FAMILY_MASTER_REVIEWED_AND_CODE_MAPPED,APPROVED_FAMILY_RENDER,800,800,JPEG,78818,f4f2c97be6ffe4f48767b2491c65df755a1a59544115fef57561a33c1d6c71b7,"ONE socket only; six-point black impact finish; correct drive square; hex opening visible ; stamped/labelled sizes readable: 1in ; house style holds (dark floor, orange rim glow, item fills ~75%, no text/people/price)",Family render; the catalogue code supplies the exact size/variant where the shared image does not visibly prove that marking.
COATES-K2-ROAD2-649-RETRACTION-RESOLVED-20260806-V2,Coates_K2_Road2_Retraction_Resolved_649_Thumbnails_002.zip,714,2,SOCKETIMP1-DR3/4,SOCKETIMP1-DR3_4.jpg,Socket - Impact - 3/4in 1in Drive,Socket - impact standard | Drive 1in | Imperial,"standard black impact socket, 1-inch drive",3/4in | 1in,HOUSE_RENDER_FAMILY,production/family_assets/socket_impact_standard_generic.png,83c4822425fdd3dd54988180560702b1393f9cd644610fe5f1c5e69fe2841a7a,ALL_ROWS,FAMILY_MASTER_REVIEWED_AND_CODE_MAPPED,APPROVED_FAMILY_RENDER,800,800,JPEG,78818,f4f2c97be6ffe4f48767b2491c65df755a1a59544115fef57561a33c1d6c71b7,"ONE socket only; six-point black impact finish; correct drive square; hex opening visible ; stamped/labelled sizes readable: 3/4in, 1in ; house style holds (dark floor, orange rim glow, item fills ~75%, no text/people/price)",Family render; the catalogue code supplies the exact size/variant where the shared image does not visibly prove that marking.
COATES-K2-ROAD2-649-RETRACTION-RESOLVED-20260806-V2,Coates_K2_Road2_Retraction_Resolved_649_Thumbnails_002.zip,645,2,SOCKETIMP1/2-DR1--1/16,SOCKETIMP1_2-DR1--1_16.jpg,Socket - Impact - 1 1/16in 1/2in Drive,Socket - impact standard | Drive 1/2in | Imperial,"standard black impact socket, 1/2-inch drive",1 1/16in | 1/2in,HOUSE_RENDER_FAMILY,production/family_assets/socket_impact_standard_generic.png,83c4822425fdd3dd54988180560702b1393f9cd644610fe5f1c5e69fe2841a7a,ALL_ROWS,FAMILY_MASTER_REVIEWED_AND_CODE_MAPPED,APPROVED_FAMILY_RENDER,800,800,JPEG,78818,f4f2c97be6ffe4f48767b2491c65df755a1a59544115fef57561a33c1d6c71b7,"ONE socket only; six-point black impact finish; correct drive square; hex opening visible ; stamped/labelled sizes readable: 1 1/16in, 1/2in ; house style holds (dark floor, orange rim glow, item fills ~75%, no text/people/price)",Family render; the catalogue code supplies the exact size/variant where the shared image does not visibly prove that marking.
COATES-K2-ROAD2-649-RETRACTION-RESOLVED-20260806-V2,Coates_K2_Road2_Retraction_Resolved_649_Thumbnails_002.zip,650,2,SOCKETIMP1/2-DR1--1/8,SOCKETIMP1_2-DR1--1_8.jpg,Socket - Impact - 1 1/8in 1/2in Drive,Socket - impact standard | Drive 1/2in | Imperial,"standard black impact socket, 1/2-inch drive",1 1/8in | 1/2in,HOUSE_RENDER_FAMILY,production/family_assets/socket_impact_standard_generic.png,83c4822425fdd3dd54988180560702b1393f9cd644610fe5f1c5e69fe2841a7a,ALL_ROWS,FAMILY_MASTER_REVIEWED_AND_CODE_MAPPED,APPROVED_FAMILY_RENDER,800,800,JPEG,78818,f4f2c97be6ffe4f48767b2491c65df755a1a59544115fef57561a33c1d6c71b7,"ONE socket only; six-point black impact finish; correct drive square; hex opening visible ; stamped/labelled sizes readable: 1 1/8in, 1/2in ; house style holds (dark floor, orange rim glow, item fills ~75%, no text/people/price)",Family render; the catalogue code supplies the exact size/variant where the shared image does not visibly prove that marking.
COATES-K2-ROAD2-649-RETRACTION-RESOLVED-20260806-V2,Coates_K2_Road2_Retraction_Resolved_649_Thumbnails_002.zip,655,2,SOCKETIMP1/2-DR1--3/16,SOCKETIMP1_2-DR1--3_16.jpg,Socket - Impact - 1 3/16in 1/2in Drive,Socket - impact standard | Drive 1/2in | Imperial,"standard black impact socket, 1/2-inch drive",1 3/16in | 1/2in,HOUSE_RENDER_FAMILY,production/family_assets/socket_impact_standard_generic.png,83c4822425fdd3dd54988180560702b1393f9cd644610fe5f1c5e69fe2841a7a,ALL_ROWS,FAMILY_MASTER_REVIEWED_AND_CODE_MAPPED,APPROVED_FAMILY_RENDER,800,800,JPEG,78818,f4f2c97be6ffe4f48767b2491c65df755a1a59544115fef57561a33c1d6c71b7,"ONE socket only; six-point black impact finish; correct drive square; hex opening visible ; stamped/labelled sizes readable: 1 3/16in, 1/2in ; house style holds (dark floor, orange rim glow, item fills ~75%, no text/people/price)",Family render; the catalogue code supplies the exact size/variant where the shared image does not visibly prove that marking.
COATES-K2-ROAD2-649-RETRACTION-RESOLVED-20260806-V2,Coates_K2_Road2_Retraction_Resolved_649_Thumbnails_002.zip,658,2,SOCKETIMP1/2-DR1--3/8,SOCKETIMP1_2-DR1--3_8.jpg,Socket - Impact - 1 3/8in 1/2in Drive,Socket - impact standard | Drive 1/2in | Imperial,"standard black impact socket, 1/2-inch drive",1 3/8in | 1/2in,HOUSE_RENDER_FAMILY,production/family_assets/socket_impact_standard_generic.png,83c4822425fdd3dd54988180560702b1393f9cd644610fe5f1c5e69fe2841a7a,ALL_ROWS,FAMILY_MASTER_REVIEWED_AND_CODE_MAPPED,APPROVED_FAMILY_RENDER,800,800,JPEG,78818,f4f2c97be6ffe4f48767b2491c65df755a1a59544115fef57561a33c1d6c71b7,"ONE socket only; six-point black impact finish; correct drive square; hex opening visible ; stamped/labelled sizes readable: 1 3/8in, 1/2in ; house style holds (dark floor, orange rim glow, item fills ~75%, no text/people/price)",Family render; the catalogue code supplies the exact size/variant where the shared image does not visibly prove that marking.
COATES-K2-ROAD2-649-RETRACTION-RESOLVED-20260806-V2,Coates_K2_Road2_Retraction_Resolved_649_Thumbnails_002.zip,661,2,SOCKETIMP1/2-DR1--5/16,SOCKETIMP1_2-DR1--5_16.jpg,Socket - Impact - 1 5/16in 1/2in Drive,Socket - impact standard | Drive 1/2in | Imperial,"standard black impact socket, 1/2-inch drive",1 5/16in | 1/2in,HOUSE_RENDER_FAMILY,production/family_assets/socket_impact_standard_generic.png,83c4822425fdd3dd54988180560702b1393f9cd644610fe5f1c5e69fe2841a7a,ALL_ROWS,FAMILY_MASTER_REVIEWED_AND_CODE_MAPPED,APPROVED_FAMILY_RENDER,800,800,JPEG,78818,f4f2c97be6ffe4f48767b2491c65df755a1a59544115fef57561a33c1d6c71b7,"ONE socket only; six-point black impact finish; correct drive square; hex opening visible ; stamped/labelled sizes readable: 1 5/16in, 1/2in ; house style holds (dark floor, orange rim glow, item fills ~75%, no text/people/price)",Family render; the catalogue code supplies the exact size/variant where the shared image does not visibly prove that marking.
COATES-K2-ROAD2-649-RETRACTION-RESOLVED-20260806-V2,Coates_K2_Road2_Retraction_Resolved_649_Thumbnails_002.zip,669,2,SOCKETIMP1/2-DR1-7/16,SOCKETIMP1_2-DR1-7_16.jpg,Socket - Impact - 1-7/16in 1/2in Drive,Socket - impact standard | Drive 1/2in | Imperial,"standard black impact socket, 1/2-inch drive",7/16in | 1/2in,HOUSE_RENDER_FAMILY,production/family_assets/socket_impact_standard_generic.png,83c4822425fdd3dd54988180560702b1393f9cd644610fe5f1c5e69fe2841a7a,ALL_ROWS,FAMILY_MASTER_REVIEWED_AND_CODE_MAPPED,APPROVED_FAMILY_RENDER,800,800,JPEG,78818,f4f2c97be6ffe4f48767b2491c65df755a1a59544115fef57561a33c1d6c71b7,"ONE socket only; six-point black impact finish; correct drive square; hex opening visible ; stamped/labelled sizes readable: 7/16in, 1/2in ; house style holds (dark floor, orange rim glow, item fills ~75%, no text/people/price)",Family render; the catalogue code supplies the exact size/variant where the shared image does not visibly prove that marking.
COATES-K2-ROAD2-649-RETRACTION-RESOLVED-20260806-V2,Coates_K2_Road2_Retraction_Resolved_649_Thumbnails_002.zip,674,2,SOCKETIMP1/2-DR11/16,SOCKETIMP1_2-DR11_16.jpg,Socket - Impact - 11/16in 1/2in Drive,Socket - impact standard | Drive 1/2in | Imperial,"standard black impact socket, 1/2-inch drive",11/16in | 1/2in,HOUSE_RENDER_FAMILY,production/family_assets/socket_impact_standard_generic.png,83c4822425fdd3dd54988180560702b1393f9cd644610fe5f1c5e69fe2841a7a,ALL_ROWS,FAMILY_MASTER_REVIEWED_AND_CODE_MAPPED,APPROVED_FAMILY_RENDER,800,800,JPEG,78818,f4f2c97be6ffe4f48767b2491c65df755a1a59544115fef57561a33c1d6c71b7,"ONE socket only; six-point black impact finish; correct drive square; hex opening visible ; stamped/labelled sizes readable: 11/16in, 1/2in ; house style holds (dark floor, orange rim glow, item fills ~75%, no text/people/price)",Family render; the catalogue code supplies the exact size/variant where the shared image does not visibly prove that marking.
COATES-K2-ROAD2-649-RETRACTION-RESOLVED-20260806-V2,Coates_K2_Road2_Retraction_Resolved_649_Thumbnails_002.zip,675,2,SOCKETIMP1/2-DR13/16,SOCKETIMP1_2-DR13_16.jpg,Socket - Impact - 13/16in 1/2in Drive,Socket - impact standard | Drive 1/2in | Imperial,"standard black impact socket, 1/2-inch drive",13/16in | 1/2in,HOUSE_RENDER_FAMILY,production/family_assets/socket_impact_standard_generic.png,83c4822425fdd3dd54988180560702b1393f9cd644610fe5f1c5e69fe2841a7a,ALL_ROWS,FAMILY_MASTER_REVIEWED_AND_CODE_MAPPED,APPROVED_FAMILY_RENDER,800,800,JPEG,78818,f4f2c97be6ffe4f48767b2491c65df755a1a59544115fef57561a33c1d6c71b7,"ONE socket only; six-point black impact finish; correct drive square; hex opening visible ; stamped/labelled sizes readable: 13/16in, 1/2in ; house style holds (dark floor, orange rim glow, item fills ~75%, no text/people/price)",Family render; the catalogue code supplies the exact size/variant where the shared image does not visibly prove that marking.
COATES-K2-ROAD2-649-RETRACTION-RESOLVED-20260806-V2,Coates_K2_Road2_Retraction_Resolved_649_Thumbnails_002.zip,678,2,SOCKETIMP1/2-DR15/16,SOCKETIMP1_2-DR15_16.jpg,Socket - Impact - 15/16in 1/2in Drive,Socket - impact standard | Drive 1/2in | Imperial,"standard black impact socket, 1/2-inch drive",15/16in | 1/2in,HOUSE_RENDER_FAMILY,production/family_assets/socket_impact_standard_generic.png,83c4822425fdd3dd54988180560702b1393f9cd644610fe5f1c5e69fe2841a7a,ALL_ROWS,FAMILY_MASTER_REVIEWED_AND_CODE_MAPPED,APPROVED_FAMILY_RENDER,800,800,JPEG,78818,f4f2c97be6ffe4f48767b2491c65df755a1a59544115fef57561a33c1d6c71b7,"ONE socket only; six-point black impact finish; correct drive square; hex opening visible ; stamped/labelled sizes readable: 15/16in, 1/2in ; house style holds (dark floor, orange rim glow, item fills ~75%, no text/people/price)",Family render; the catalogue code supplies the exact size/variant where the shared image does not visibly prove that marking.
COATES-K2-ROAD2-649-RETRACTION-RESOLVED-20260806-V2,Coates_K2_Road2_Retraction_Resolved_649_Thumbnails_002.zip,670,2,SOCKETIMP1/2-DR1/2,SOCKETIMP1_2-DR1_2.jpg,Socket - Impact - 1/2in 1/2in Drive,Socket - impact standard | Drive 1/2in | Imperial,"standard black impact socket, 1/2-inch drive",1/2in,HOUSE_RENDER_FAMILY,production/family_assets/socket_impact_standard_generic.png,83c4822425fdd3dd54988180560702b1393f9cd644610fe5f1c5e69fe2841a7a,ALL_ROWS,FAMILY_MASTER_REVIEWED_AND_CODE_MAPPED,APPROVED_FAMILY_RENDER,800,800,JPEG,78818,f4f2c97be6ffe4f48767b2491c65df755a1a59544115fef57561a33c1d6c71b7,"ONE socket only; six-point black impact finish; correct drive square; hex opening visible ; stamped/labelled sizes readable: 1/2in ; house style holds (dark floor, orange rim glow, item fills ~75%, no text/people/price)",Family render; the catalogue code supplies the exact size/variant where the shared image does not visibly prove that marking.
COATES-K2-ROAD2-649-RETRACTION-RESOLVED-20260806-V2,Coates_K2_Road2_Retraction_Resolved_649_Thumbnails_002.zip,713,2,SOCKETIMP1/2-DR3/4,SOCKETIMP1_2-DR3_4.jpg,Socket - Impact - 3/4in 1/2in Drive,Socket - impact standard | Drive 1/2in | Imperial,"standard black impact socket, 1/2-inch drive",3/4in | 1/2in,HOUSE_RENDER_FAMILY,production/family_assets/socket_impact_standard_generic.png,83c4822425fdd3dd54988180560702b1393f9cd644610fe5f1c5e69fe2841a7a,ALL_ROWS,FAMILY_MASTER_REVIEWED_AND_CODE_MAPPED,APPROVED_FAMILY_RENDER,800,800,JPEG,78818,f4f2c97be6ffe4f48767b2491c65df755a1a59544115fef57561a33c1d6c71b7,"ONE socket only; six-point black impact finish; correct drive square; hex opening visible ; stamped/labelled sizes readable: 3/4in, 1/2in ; house style holds (dark floor, orange rim glow, item fills ~75%, no text/people/price)",Family render; the catalogue code supplies the exact size/variant where the shared image does not visibly prove that marking.
COATES-K2-ROAD2-649-RETRACTION-RESOLVED-20260806-V2,Coates_K2_Road2_Retraction_Resolved_649_Thumbnails_002.zip,731,2,SOCKETIMP1/2-DR5/8,SOCKETIMP1_2-DR5_8.jpg,Socket - Impact - 5/8in 1/2in Drive,Socket - impact standard | Drive 1/2in | Imperial,"standard black impact socket, 1/2-inch drive",5/8in | 1/2in,HOUSE_RENDER_FAMILY,production/family_assets/socket_impact_standard_generic.png,83c4822425fdd3dd54988180560702b1393f9cd644610fe5f1c5e69fe2841a7a,ALL_ROWS,FAMILY_MASTER_REVIEWED_AND_CODE_MAPPED,APPROVED_FAMILY_RENDER,800,800,JPEG,78818,f4f2c97be6ffe4f48767b2491c65df755a1a59544115fef57561a33c1d6c71b7,"ONE socket only; six-point black impact finish; correct drive square; hex opening visible ; stamped/labelled sizes readable: 5/8in, 1/2in ; house style holds (dark floor, orange rim glow, item fills ~75%, no text/people/price)",Family render; the catalogue code supplies the exact size/variant where the shared image does not visibly prove that marking.
COATES-K2-ROAD2-649-RETRACTION-RESOLVED-20260806-V2,Coates_K2_Road2_Retraction_Resolved_649_Thumbnails_002.zip,734,2,SOCKETIMP1/2-DR7/8,SOCKETIMP1_2-DR7_8.jpg,Socket - Impact - 7/8in 1/2in Drive,Socket - impact standard | Drive 1/2in | Imperial,"standard black impact socket, 1/2-inch drive",7/8in | 1/2in,HOUSE_RENDER_FAMILY,production/family_assets/socket_impact_standard_generic.png,83c4822425fdd3dd54988180560702b1393f9cd644610fe5f1c5e69fe2841a7a,ALL_ROWS,FAMILY_MASTER_REVIEWED_AND_CODE_MAPPED,APPROVED_FAMILY_RENDER,800,800,JPEG,78818,f4f2c97be6ffe4f48767b2491c65df755a1a59544115fef57561a33c1d6c71b7,"ONE socket only; six-point black impact finish; correct drive square; hex opening visible ; stamped/labelled sizes readable: 7/8in, 1/2in ; house style holds (dark floor, orange rim glow, item fills ~75%, no text/people/price)",Family render; the catalogue code supplies the exact size/variant where the shared image does not visibly prove that marking.
COATES-K2-ROAD2-649-RETRACTION-RESOLVED-20260806-V2,Coates_K2_Road2_Retraction_Resolved_649_Thumbnails_002.zip,680,2,SOCKETIMP1/2DR1,SOCKETIMP1_2DR1.jpg,Socket - Impact - 1in 1/2in Drive,Socket - impact standard | Drive 1/2in | Imperial,"standard black impact socket, 1/2-inch drive",1/2in | 1in,HOUSE_RENDER_FAMILY,production/family_assets/socket_impact_standard_generic.png,83c4822425fdd3dd54988180560702b1393f9cd644610fe5f1c5e69fe2841a7a,ALL_ROWS,FAMILY_MASTER_REVIEWED_AND_CODE_MAPPED,APPROVED_FAMILY_RENDER,800,800,JPEG,78818,f4f2c97be6ffe4f48767b2491c65df755a1a59544115fef57561a33c1d6c71b7,"ONE socket only; six-point black impact finish; correct drive square; hex opening visible ; stamped/labelled sizes readable: 1/2in, 1in ; house style holds (dark floor, orange rim glow, item fills ~75%, no text/people/price)",Family render; the catalogue code supplies the exact size/variant where the shared image does not visibly prove that marking.
COATES-K2-ROAD2-649-RETRACTION-RESOLVED-20260806-V2,Coates_K2_Road2_Retraction_Resolved_649_Thumbnails_002.zip,653,2,SOCKETIMP1DR1-11/16,SOCKETIMP1DR1-11_16.jpg,Socket - Impact - 1 11/16in 1in Drive,Socket - impact standard | Drive 1in | Imperial,"standard black impact socket, 1-inch drive",1 11/16in | 1in,HOUSE_RENDER_FAMILY,production/family_assets/socket_impact_standard_generic.png,83c4822425fdd3dd54988180560702b1393f9cd644610fe5f1c5e69fe2841a7a,ALL_ROWS,FAMILY_MASTER_REVIEWED_AND_CODE_MAPPED,APPROVED_FAMILY_RENDER,800,800,JPEG,78818,f4f2c97be6ffe4f48767b2491c65df755a1a59544115fef57561a33c1d6c71b7,"ONE socket only; six-point black impact finish; correct drive square; hex opening visible ; stamped/labelled sizes readable: 1 11/16in, 1in ; house style holds (dark floor, orange rim glow, item fills ~75%, no text/people/price)",Family render; the catalogue code supplies the exact size/variant where the shared image does not visibly prove that marking.
COATES-K2-ROAD2-649-RETRACTION-RESOLVED-20260806-V2,Coates_K2_Road2_Retraction_Resolved_649_Thumbnails_002.zip,512,2,SOCKETIMP1DR1-15/16,SOCKETIMP1DR1-15_16.jpg,**OBSOLETE**Socket - Impact - 1 15/16in 1in Drive,Socket - impact standard | Drive 1in | Imperial,"standard black impact socket, 1-inch drive",1 15/16in | 1in,HOUSE_RENDER_FAMILY,production/family_assets/socket_impact_standard_generic.png,83c4822425fdd3dd54988180560702b1393f9cd644610fe5f1c5e69fe2841a7a,ALL_ROWS,FAMILY_MASTER_REVIEWED_AND_CODE_MAPPED,APPROVED_FAMILY_RENDER,800,800,JPEG,78818,f4f2c97be6ffe4f48767b2491c65df755a1a59544115fef57561a33c1d6c71b7,"ONE socket only; six-point black impact finish; correct drive square; hex opening visible ; stamped/labelled sizes readable: 1 15/16in, 1in ; house style holds (dark floor, orange rim glow, item fills ~75%, no text/people/price)",Family render; the catalogue code supplies the exact size/variant where the shared image does not visibly prove that marking.
COATES-K2-ROAD2-649-RETRACTION-RESOLVED-20260806-V2,Coates_K2_Road2_Retraction_Resolved_649_Thumbnails_002.zip,646,2,SOCKETIMP1DR1-1/16,SOCKETIMP1DR1-1_16.jpg,Socket - Impact - 1 1/16in 1in Drive,Socket - impact standard | Drive 1in | Imperial,"standard black impact socket, 1-inch drive",1 1/16in | 1in,HOUSE_RENDER_FAMILY,production/family_assets/socket_impact_standard_generic.png,83c4822425fdd3dd54988180560702b1393f9cd644610fe5f1c5e69fe2841a7a,ALL_ROWS,FAMILY_MASTER_REVIEWED_AND_CODE_MAPPED,APPROVED_FAMILY_RENDER,800,800,JPEG,78818,f4f2c97be6ffe4f48767b2491c65df755a1a59544115fef57561a33c1d6c71b7,"ONE socket only; six-point black impact finish; correct drive square; hex opening visible ; stamped/labelled sizes readable: 1 1/16in, 1in ; house style holds (dark floor, orange rim glow, item fills ~75%, no text/people/price)",Family render; the catalogue code supplies the exact size/variant where the shared image does not visibly prove that marking.
COATES-K2-ROAD2-649-RETRACTION-RESOLVED-20260806-V2,Coates_K2_Road2_Retraction_Resolved_649_Thumbnails_002.zip,511,2,SOCKETIMP1DR1-1/4,SOCKETIMP1DR1-1_4.jpg,**OBSOLETE**Socket - Impact - 1 1/4in 1in Drive,Socket - impact standard | Drive 1in | Imperial,"standard black impact socket, 1-inch drive",1 1/4in | 1in,HOUSE_RENDER_FAMILY,production/family_assets/socket_impact_standard_generic.png,83c4822425fdd3dd54988180560702b1393f9cd644610fe5f1c5e69fe2841a7a,ALL_ROWS,FAMILY_MASTER_REVIEWED_AND_CODE_MAPPED,APPROVED_FAMILY_RENDER,800,800,JPEG,78818,f4f2c97be6ffe4f48767b2491c65df755a1a59544115fef57561a33c1d6c71b7,"ONE socket only; six-point black impact finish; correct drive square; hex opening visible ; stamped/labelled sizes readable: 1 1/4in, 1in ; house style holds (dark floor, orange rim glow, item fills ~75%, no text/people/price)",Family render; the catalogue code supplies the exact size/variant where the shared image does not visibly prove that marking.
COATES-K2-ROAD2-649-RETRACTION-RESOLVED-20260806-V2,Coates_K2_Road2_Retraction_Resolved_649_Thumbnails_002.zip,651,2,SOCKETIMP1DR1-1/8D,SOCKETIMP1DR1-1_8D.jpg,Socket - Impact - 1 1/8in 1in Drive,Socket - impact standard | Drive 1in | Imperial,"standard black impact socket, 1-inch drive",1 1/8in | 1in,HOUSE_RENDER_FAMILY,production/family_assets/socket_impact_standard_generic.png,83c4822425fdd3dd54988180560702b1393f9cd644610fe5f1c5e69fe2841a7a,ALL_ROWS,FAMILY_MASTER_REVIEWED_AND_CODE_MAPPED,APPROVED_FAMILY_RENDER,800,800,JPEG,78818,f4f2c97be6ffe4f48767b2491c65df755a1a59544115fef57561a33c1d6c71b7,"ONE socket only; six-point black impact finish; correct drive square; hex opening visible ; stamped/labelled sizes readable: 1 1/8in, 1in ; house style holds (dark floor, orange rim glow, item fills ~75%, no text/people/price)",Family render; the catalogue code supplies the exact size/variant where the shared image does not visibly prove that marking.
COATES-K2-ROAD2-649-RETRACTION-RESOLVED-20260806-V2,Coates_K2_Road2_Retraction_Resolved_649_Thumbnails_002.zip,656,2,SOCKETIMP1DR1-3/16,SOCKETIMP1DR1-3_16.jpg,Socket - Impact - 1 3/16in 1in Drive,Socket - impact standard | Drive 1in | Imperial,"standard black impact socket, 1-inch drive",1 3/16in | 1in,HOUSE_RENDER_FAMILY,production/family_assets/socket_impact_standard_generic.png,83c4822425fdd3dd54988180560702b1393f9cd644610fe5f1c5e69fe2841a7a,ALL_ROWS,FAMILY_MASTER_REVIEWED_AND_CODE_MAPPED,APPROVED_FAMILY_RENDER,800,800,JPEG,78818,f4f2c97be6ffe4f48767b2491c65df755a1a59544115fef57561a33c1d6c71b7,"ONE socket only; six-point black impact finish; correct drive square; hex opening visible ; stamped/labelled sizes readable: 1 3/16in, 1in ; house style holds (dark floor, orange rim glow, item fills ~75%, no text/people/price)",Family render; the catalogue code supplies the exact size/variant where the shared image does not visibly prove that marking.
COATES-K2-ROAD2-649-RETRACTION-RESOLVED-20260806-V2,Coates_K2_Road2_Retraction_Resolved_649_Thumbnails_002.zip,659,2,SOCKETIMP1DR1-3/8,SOCKETIMP1DR1-3_8.jpg,Socket - Impact - 1 3/8in 1in Drive,Socket - impact standard | Drive 1in | Imperial,"standard black impact socket, 1-inch drive",1 3/8in | 1in,HOUSE_RENDER_FAMILY,production/family_assets/socket_impact_standard_generic.png,83c4822425fdd3dd54988180560702b1393f9cd644610fe5f1c5e69fe2841a7a,ALL_ROWS,FAMILY_MASTER_REVIEWED_AND_CODE_MAPPED,APPROVED_FAMILY_RENDER,800,800,JPEG,78818,f4f2c97be6ffe4f48767b2491c65df755a1a59544115fef57561a33c1d6c71b7,"ONE socket only; six-point black impact finish; correct drive square; hex opening visible ; stamped/labelled sizes readable: 1 3/8in, 1in ; house style holds (dark floor, orange rim glow, item fills ~75%, no text/people/price)",Family render; the catalogue code supplies the exact size/variant where the shared image does not visibly prove that marking.
COATES-K2-ROAD2-649-RETRACTION-RESOLVED-20260806-V2,Coates_K2_Road2_Retraction_Resolved_649_Thumbnails_002.zip,663,2,SOCKETIMP1DR1-5/8,SOCKETIMP1DR1-5_8.jpg,Socket - Impact - 1 5/8in 1in Drive,Socket - impact standard | Drive 1in | Imperial,"standard black impact socket, 1-inch drive",1 5/8in | 1in,HOUSE_RENDER_FAMILY,production/family_assets/socket_impact_standard_generic.png,83c4822425fdd3dd54988180560702b1393f9cd644610fe5f1c5e69fe2841a7a,ALL_ROWS,FAMILY_MASTER_REVIEWED_AND_CODE_MAPPED,APPROVED_FAMILY_RENDER,800,800,JPEG,78818,f4f2c97be6ffe4f48767b2491c65df755a1a59544115fef57561a33c1d6c71b7,"ONE socket only; six-point black impact finish; correct drive square; hex opening visible ; stamped/labelled sizes readable: 1 5/8in, 1in ; house style holds (dark floor, orange rim glow, item fills ~75%, no text/people/price)",Family render; the catalogue code supplies the exact size/variant where the shared image does not visibly prove that marking.
COATES-K2-ROAD2-649-RETRACTION-RESOLVED-20260806-V2,Coates_K2_Road2_Retraction_Resolved_649_Thumbnails_002.zip,665,2,SOCKETIMP1DR1-7/16,SOCKETIMP1DR1-7_16.jpg,Socket - Impact - 1 7/16in 1in Drive,Socket - impact standard | Drive 1in | Imperial,"standard black impact socket, 1-inch drive",1 7/16in | 1in,HOUSE_RENDER_FAMILY,production/family_assets/socket_impact_standard_generic.png,83c4822425fdd3dd54988180560702b1393f9cd644610fe5f1c5e69fe2841a7a,ALL_ROWS,FAMILY_MASTER_REVIEWED_AND_CODE_MAPPED,APPROVED_FAMILY_RENDER,800,800,JPEG,78818,f4f2c97be6ffe4f48767b2491c65df755a1a59544115fef57561a33c1d6c71b7,"ONE socket only; six-point black impact finish; correct drive square; hex opening visible ; stamped/labelled sizes readable: 1 7/16in, 1in ; house style holds (dark floor, orange rim glow, item fills ~75%, no text/people/price)",Family render; the catalogue code supplies the exact size/variant where the shared image does not visibly prove that marking.
COATES-K2-ROAD2-649-RETRACTION-RESOLVED-20260806-V2,Coates_K2_Road2_Retraction_Resolved_649_Thumbnails_002.zip,699,2,SOCKETIMP1DR2-15/16,SOCKETIMP1DR2-15_16.jpg,Socket - Impact - 25/16in 1in Drive,Socket - impact standard | Drive 1in | Imperial,"standard black impact socket, 1-inch drive",25/16in | 1in,HOUSE_RENDER_FAMILY,production/family_assets/socket_impact_standard_generic.png,83c4822425fdd3dd54988180560702b1393f9cd644610fe5f1c5e69fe2841a7a,ALL_ROWS,FAMILY_MASTER_REVIEWED_AND_CODE_MAPPED,APPROVED_FAMILY_RENDER,800,800,JPEG,78818,f4f2c97be6ffe4f48767b2491c65df755a1a59544115fef57561a33c1d6c71b7,"ONE socket only; six-point black impact finish; correct drive square; hex opening visible ; stamped/labelled sizes readable: 25/16in, 1in ; house style holds (dark floor, orange rim glow, item fills ~75%, no text/people/price)",Family render; the catalogue code supplies the exact size/variant where the shared image does not visibly prove that marking.
COATES-K2-ROAD2-649-RETRACTION-RESOLVED-20260806-V2,Coates_K2_Road2_Retraction_Resolved_649_Thumbnails_002.zip,686,2,SOCKETIMP1DR2-1/16,SOCKETIMP1DR2-1_16.jpg,Socket - Impact - 21/16in 1in Drive,Socket - impact standard | Drive 1in | Imperial,"standard black impact socket, 1-inch drive",21/16in | 1in,HOUSE_RENDER_FAMILY,production/family_assets/socket_impact_standard_generic.png,83c4822425fdd3dd54988180560702b1393f9cd644610fe5f1c5e69fe2841a7a,ALL_ROWS,FAMILY_MASTER_REVIEWED_AND_CODE_MAPPED,APPROVED_FAMILY_RENDER,800,800,JPEG,78818,f4f2c97be6ffe4f48767b2491c65df755a1a59544115fef57561a33c1d6c71b7,"ONE socket only; six-point black impact finish; correct drive square; hex opening visible ; stamped/labelled sizes readable: 21/16in, 1in ; house style holds (dark floor, orange rim glow, item fills ~75%, no text/people/price)",Family render; the catalogue code supplies the exact size/variant where the shared image does not visibly prove that marking.
COATES-K2-ROAD2-649-RETRACTION-RESOLVED-20260806-V2,Coates_K2_Road2_Retraction_Resolved_649_Thumbnails_002.zip,688,2,SOCKETIMP1DR2-1/2,SOCKETIMP1DR2-1_2.jpg,Socket - Impact - 21/2in 1in Drive,Socket - impact standard | Drive 1in | Imperial,"standard black impact socket, 1-inch drive",21/2in | 1in,HOUSE_RENDER_FAMILY,production/family_assets/socket_impact_standard_generic.png,83c4822425fdd3dd54988180560702b1393f9cd644610fe5f1c5e69fe2841a7a,ALL_ROWS,FAMILY_MASTER_REVIEWED_AND_CODE_MAPPED,APPROVED_FAMILY_RENDER,800,800,JPEG,78818,f4f2c97be6ffe4f48767b2491c65df755a1a59544115fef57561a33c1d6c71b7,"ONE socket only; six-point black impact finish; correct drive square; hex opening visible ; stamped/labelled sizes readable: 21/2in, 1in ; house style holds (dark floor, orange rim glow, item fills ~75%, no text/people/price)",Family render; the catalogue code supplies the exact size/variant where the shared image does not visibly prove that marking.
COATES-K2-ROAD2-649-RETRACTION-RESOLVED-20260806-V2,Coates_K2_Road2_Retraction_Resolved_649_Thumbnails_002.zip,644,2,SOCKETIMP1DR2-1/4,SOCKETIMP1DR2-1_4.jpg,Socket - Impact -  1inch Drive - Imperial - 2 1/4inch,Socket - impact standard | Drive 1in | Imperial,"standard black impact socket, 1-inch drive",2 1/4inch | 1inch,HOUSE_RENDER_FAMILY,production/family_assets/socket_impact_standard_generic.png,83c4822425fdd3dd54988180560702b1393f9cd644610fe5f1c5e69fe2841a7a,ALL_ROWS,FAMILY_MASTER_REVIEWED_AND_CODE_MAPPED,APPROVED_FAMILY_RENDER,800,800,JPEG,78818,f4f2c97be6ffe4f48767b2491c65df755a1a59544115fef57561a33c1d6c71b7,"ONE socket only; six-point black impact finish; correct drive square; hex opening visible ; stamped/labelled sizes readable: 2 1/4inch, 1inch ; house style holds (dark floor, orange rim glow, item fills ~75%, no text/people/price)",Family render; the catalogue code supplies the exact size/variant where the shared image does not visibly prove that marking.
COATES-K2-ROAD2-649-RETRACTION-RESOLVED-20260806-V2,Coates_K2_Road2_Retraction_Resolved_649_Thumbnails_002.zip,695,2,SOCKETIMP1DR2-3/4,SOCKETIMP1DR2-3_4.jpg,Socket - Impact - 23/4in 1in Drive,Socket - impact standard | Drive 1in | Imperial,"standard black impact socket, 1-inch drive",23/4in | 1in,HOUSE_RENDER_FAMILY,production/family_assets/socket_impact_standard_generic.png,83c4822425fdd3dd54988180560702b1393f9cd644610fe5f1c5e69fe2841a7a,ALL_ROWS,FAMILY_MASTER_REVIEWED_AND_CODE_MAPPED,APPROVED_FAMILY_RENDER,800,800,JPEG,78818,f4f2c97be6ffe4f48767b2491c65df755a1a59544115fef57561a33c1d6c71b7,"ONE socket only; six-point black impact finish; correct drive square; hex opening visible ; stamped/labelled sizes readable: 23/4in, 1in ; house style holds (dark floor, orange rim glow, item fills ~75%, no text/people/price)",Family render; the catalogue code supplies the exact size/variant where the shared image does not visibly prove that marking.
COATES-K2-ROAD2-649-RETRACTION-RESOLVED-20260806-V2,Coates_K2_Road2_Retraction_Resolved_649_Thumbnails_002.zip,697,2,SOCKETIMP1DR2-3/8,SOCKETIMP1DR2-3_8.jpg,Socket - Impact - 23/8in 1in Drive,Socket - impact standard | Drive 1in | Imperial,"standard black impact socket, 1-inch drive",23/8in | 1in,HOUSE_RENDER_FAMILY,production/family_assets/socket_impact_standard_generic.png,83c4822425fdd3dd54988180560702b1393f9cd644610fe5f1c5e69fe2841a7a,ALL_ROWS,FAMILY_MASTER_REVIEWED_AND_CODE_MAPPED,APPROVED_FAMILY_RENDER,800,800,JPEG,78818,f4f2c97be6ffe4f48767b2491c65df755a1a59544115fef57561a33c1d6c71b7,"ONE socket only; six-point black impact finish; correct drive square; hex opening visible ; stamped/labelled sizes readable: 23/8in, 1in ; house style holds (dark floor, orange rim glow, item fills ~75%, no text/people/price)",Family render; the catalogue code supplies the exact size/variant where the shared image does not visibly prove that marking.
COATES-K2-ROAD2-649-RETRACTION-RESOLVED-20260806-V2,Coates_K2_Road2_Retraction_Resolved_649_Thumbnails_002.zip,692,2,SOCKETIMP1DR2-5/16,SOCKETIMP1DR2-5_16.jpg,Socket - Impact - 215/16in 1in Drive,Socket - impact standard | Drive 1in | Imperial,"standard black impact socket, 1-inch drive",215/16in | 1in,HOUSE_RENDER_FAMILY,production/family_assets/socket_impact_standard_generic.png,83c4822425fdd3dd54988180560702b1393f9cd644610fe5f1c5e69fe2841a7a,ALL_ROWS,FAMILY_MASTER_REVIEWED_AND_CODE_MAPPED,APPROVED_FAMILY_RENDER,800,800,JPEG,78818,f4f2c97be6ffe4f48767b2491c65df755a1a59544115fef57561a33c1d6c71b7,"ONE socket only; six-point black impact finish; correct drive square; hex opening visible ; stamped/labelled sizes readable: 215/16in, 1in ; house style holds (dark floor, orange rim glow, item fills ~75%, no text/people/price)",Family render; the catalogue code supplies the exact size/variant where the shared image does not visibly prove that marking.
COATES-K2-ROAD2-649-RETRACTION-RESOLVED-20260806-V2,Coates_K2_Road2_Retraction_Resolved_649_Thumbnails_002.zip,704,2,SOCKETIMP1DR2-7/16,SOCKETIMP1DR2-7_16.jpg,Socket - Impact - 27/16in 1in Drive,Socket - impact standard | Drive 1in | Imperial,"standard black impact socket, 1-inch drive",27/16in | 1in,HOUSE_RENDER_FAMILY,production/family_assets/socket_impact_standard_generic.png,83c4822425fdd3dd54988180560702b1393f9cd644610fe5f1c5e69fe2841a7a,ALL_ROWS,FAMILY_MASTER_REVIEWED_AND_CODE_MAPPED,APPROVED_FAMILY_RENDER,800,800,JPEG,78818,f4f2c97be6ffe4f48767b2491c65df755a1a59544115fef57561a33c1d6c71b7,"ONE socket only; six-point black impact finish; correct drive square; hex opening visible ; stamped/labelled sizes readable: 27/16in, 1in ; house style holds (dark floor, orange rim glow, item fills ~75%, no text/people/price)",Family render; the catalogue code supplies the exact size/variant where the shared image does not visibly prove that marking.
COATES-K2-ROAD2-649-RETRACTION-RESOLVED-20260806-V2,Coates_K2_Road2_Retraction_Resolved_649_Thumbnails_002.zip,706,2,SOCKETIMP1DR2-7/8,SOCKETIMP1DR2-7_8.jpg,Socket - Impact - 27/8in 1in Drive,Socket - impact standard | Drive 1in | Imperial,"standard black impact socket, 1-inch drive",27/8in | 1in,HOUSE_RENDER_FAMILY,production/family_assets/socket_impact_standard_generic.png,83c4822425fdd3dd54988180560702b1393f9cd644610fe5f1c5e69fe2841a7a,ALL_ROWS,FAMILY_MASTER_REVIEWED_AND_CODE_MAPPED,APPROVED_FAMILY_RENDER,800,800,JPEG,78818,f4f2c97be6ffe4f48767b2491c65df755a1a59544115fef57561a33c1d6c71b7,"ONE socket only; six-point black impact finish; correct drive square; hex opening visible ; stamped/labelled sizes readable: 27/8in, 1in ; house style holds (dark floor, orange rim glow, item fills ~75%, no text/people/price)",Family render; the catalogue code supplies the exact size/variant where the shared image does not visibly prove that marking.
COATES-K2-ROAD2-649-RETRACTION-RESOLVED-20260806-V2,Coates_K2_Road2_Retraction_Resolved_649_Thumbnails_002.zip,711,2,SOCKETIMP1DR2,SOCKETIMP1DR2.jpg,Socket - Impact - 2in 1in Drive,Socket - impact standard | Drive 1in | Imperial,"standard black impact socket, 1-inch drive",2in | 1in,HOUSE_RENDER_FAMILY,production/family_assets/socket_impact_standard_generic.png,83c4822425fdd3dd54988180560702b1393f9cd644610fe5f1c5e69fe2841a7a,ALL_ROWS,FAMILY_MASTER_REVIEWED_AND_CODE_MAPPED,APPROVED_FAMILY_RENDER,800,800,JPEG,78818,f4f2c97be6ffe4f48767b2491c65df755a1a59544115fef57561a33c1d6c71b7,"ONE socket only; six-point black impact finish; correct drive square; hex opening visible ; stamped/labelled sizes readable: 2in, 1in ; house style holds (dark floor, orange rim glow, item fills ~75%, no text/people/price)",Family render; the catalogue code supplies the exact size/variant where the shared image does not visibly prove that marking.
COATES-K2-ROAD2-649-RETRACTION-RESOLVED-20260806-V2,Coates_K2_Road2_Retraction_Resolved_649_Thumbnails_002.zip,683,2,SOCKETIMP1INDR36MM,SOCKETIMP1INDR36MM.jpg,Socket - Impact - 1in Drive 36mm,Socket - impact standard | Drive 1in | Mixed,"standard black impact socket, 1-inch drive",1in | 36mm,HOUSE_RENDER_FAMILY,production/family_assets/socket_impact_standard_generic.png,83c4822425fdd3dd54988180560702b1393f9cd644610fe5f1c5e69fe2841a7a,ALL_ROWS,FAMILY_MASTER_REVIEWED_AND_CODE_MAPPED,APPROVED_FAMILY_RENDER,800,800,JPEG,78818,f4f2c97be6ffe4f48767b2491c65df755a1a59544115fef57561a33c1d6c71b7,"ONE socket only; six-point black impact finish; correct drive square; hex opening visible ; stamped/labelled sizes readable: 1in, 36mm ; house style holds (dark floor, orange rim glow, item fills ~75%, no text/people/price)",Family render; the catalogue code supplies the exact size/variant where the shared image does not visibly prove that marking.
COATES-K2-ROAD2-649-RETRACTION-RESOLVED-20260806-V2,Coates_K2_Road2_Retraction_Resolved_649_Thumbnails_002.zip,654,2,SOCKETIMP3/4-DR1--11/16,SOCKETIMP3_4-DR1--11_16.jpg,Socket - Impact - 1 11/16in 3/4in Drive,Socket - impact standard | Drive 3/4in | Imperial,"standard black impact socket, 3/4-inch drive",1 11/16in | 3/4in,HOUSE_RENDER_FAMILY,production/family_assets/socket_impact_standard_generic.png,83c4822425fdd3dd54988180560702b1393f9cd644610fe5f1c5e69fe2841a7a,ALL_ROWS,FAMILY_MASTER_REVIEWED_AND_CODE_MAPPED,APPROVED_FAMILY_RENDER,800,800,JPEG,78818,f4f2c97be6ffe4f48767b2491c65df755a1a59544115fef57561a33c1d6c71b7,"ONE socket only; six-point black impact finish; correct drive square; hex opening visible ; stamped/labelled sizes readable: 1 11/16in, 3/4in ; house style holds (dark floor, orange rim glow, item fills ~75%, no text/people/price)",Family render; the catalogue code supplies the exact size/variant where the shared image does not visibly prove that marking.
COATES-K2-ROAD2-649-RETRACTION-RESOLVED-20260806-V2,Coates_K2_Road2_Retraction_Resolved_649_Thumbnails_002.zip,664,2,SOCKETIMP3/4-DR1--5/8,SOCKETIMP3_4-DR1--5_8.jpg,Socket - Impact - 1 5/8in 3/4in Drive,Socket - impact standard | Drive 3/4in | Imperial,"standard black impact socket, 3/4-inch drive",1 5/8in | 3/4in,HOUSE_RENDER_FAMILY,production/family_assets/socket_impact_standard_generic.png,83c4822425fdd3dd54988180560702b1393f9cd644610fe5f1c5e69fe2841a7a,ALL_ROWS,FAMILY_MASTER_REVIEWED_AND_CODE_MAPPED,APPROVED_FAMILY_RENDER,800,800,JPEG,78818,f4f2c97be6ffe4f48767b2491c65df755a1a59544115fef57561a33c1d6c71b7,"ONE socket only; six-point black impact finish; correct drive square; hex opening visible ; stamped/labelled sizes readable: 1 5/8in, 3/4in ; house style holds (dark floor, orange rim glow, item fills ~75%, no text/people/price)",Family render; the catalogue code supplies the exact size/variant where the shared image does not visibly prove that marking.
COATES-K2-ROAD2-649-RETRACTION-RESOLVED-20260806-V2,Coates_K2_Road2_Retraction_Resolved_649_Thumbnails_002.zip,667,2,SOCKETIMP3/4-DR1--7/8,SOCKETIMP3_4-DR1--7_8.jpg,Socket - Impact - 1 7/8in 3/4in Drive,Socket - impact standard | Drive 3/4in | Imperial,"standard black impact socket, 3/4-inch drive",1 7/8in | 3/4in,HOUSE_RENDER_FAMILY,production/family_assets/socket_impact_standard_generic.png,83c4822425fdd3dd54988180560702b1393f9cd644610fe5f1c5e69fe2841a7a,ALL_ROWS,FAMILY_MASTER_REVIEWED_AND_CODE_MAPPED,APPROVED_FAMILY_RENDER,800,800,JPEG,78818,f4f2c97be6ffe4f48767b2491c65df755a1a59544115fef57561a33c1d6c71b7,"ONE socket only; six-point black impact finish; correct drive square; hex opening visible ; stamped/labelled sizes readable: 1 7/8in, 3/4in ; house style holds (dark floor, orange rim glow, item fills ~75%, no text/people/price)",Family render; the catalogue code supplies the exact size/variant where the shared image does not visibly prove that marking.
COATES-K2-ROAD2-649-RETRACTION-RESOLVED-20260806-V2,Coates_K2_Road2_Retraction_Resolved_649_Thumbnails_002.zip,676,2,SOCKETIMP3/4-DR13/16,SOCKETIMP3_4-DR13_16.jpg,Socket - Impact - 13/16in 3/4in Drive,Socket - impact standard | Drive 3/4in | Imperial,"standard black impact socket, 3/4-inch drive",13/16in | 3/4in,HOUSE_RENDER_FAMILY,production/family_assets/socket_impact_standard_generic.png,83c4822425fdd3dd54988180560702b1393f9cd644610fe5f1c5e69fe2841a7a,ALL_ROWS,FAMILY_MASTER_REVIEWED_AND_CODE_MAPPED,APPROVED_FAMILY_RENDER,800,800,JPEG,78818,f4f2c97be6ffe4f48767b2491c65df755a1a59544115fef57561a33c1d6c71b7,"ONE socket only; six-point black impact finish; correct drive square; hex opening visible ; stamped/labelled sizes readable: 13/16in, 3/4in ; house style holds (dark floor, orange rim glow, item fills ~75%, no text/people/price)",Family render; the catalogue code supplies the exact size/variant where the shared image does not visibly prove that marking.
COATES-K2-ROAD2-649-RETRACTION-RESOLVED-20260806-V2,Coates_K2_Road2_Retraction_Resolved_649_Thumbnails_002.zip,679,2,SOCKETIMP3/4-DR15/16,SOCKETIMP3_4-DR15_16.jpg,Socket - Impact - 15/16in 3/4in Drive,Socket - impact standard | Drive 3/4in | Imperial,"standard black impact socket, 3/4-inch drive",15/16in | 3/4in,HOUSE_RENDER_FAMILY,production/family_assets/socket_impact_standard_generic.png,83c4822425fdd3dd54988180560702b1393f9cd644610fe5f1c5e69fe2841a7a,ALL_ROWS,FAMILY_MASTER_REVIEWED_AND_CODE_MAPPED,APPROVED_FAMILY_RENDER,800,800,JPEG,78818,f4f2c97be6ffe4f48767b2491c65df755a1a59544115fef57561a33c1d6c71b7,"ONE socket only; six-point black impact finish; correct drive square; hex opening visible ; stamped/labelled sizes readable: 15/16in, 3/4in ; house style holds (dark floor, orange rim glow, item fills ~75%, no text/people/price)",Family render; the catalogue code supplies the exact size/variant where the shared image does not visibly prove that marking.
COATES-K2-ROAD2-649-RETRACTION-RESOLVED-20260806-V2,Coates_K2_Road2_Retraction_Resolved_649_Thumbnails_002.zip,691,2,SOCKETIMP3/4-DR211/16,SOCKETIMP3_4-DR211_16.jpg,Socket - Impact - 211/16in 3/4in Drive,Socket - impact standard | Drive 3/4in | Imperial,"standard black impact socket, 3/4-inch drive",211/16in | 3/4in,HOUSE_RENDER_FAMILY,production/family_assets/socket_impact_standard_generic.png,83c4822425fdd3dd54988180560702b1393f9cd644610fe5f1c5e69fe2841a7a,ALL_ROWS,FAMILY_MASTER_REVIEWED_AND_CODE_MAPPED,APPROVED_FAMILY_RENDER,800,800,JPEG,78818,f4f2c97be6ffe4f48767b2491c65df755a1a59544115fef57561a33c1d6c71b7,"ONE socket only; six-point black impact finish; correct drive square; hex opening visible ; stamped/labelled sizes readable: 211/16in, 3/4in ; house style holds (dark floor, orange rim glow, item fills ~75%, no text/people/price)",Family render; the catalogue code supplies the exact size/variant where the shared image does not visibly prove that marking.
COATES-K2-ROAD2-649-RETRACTION-RESOLVED-20260806-V2,Coates_K2_Road2_Retraction_Resolved_649_Thumbnails_002.zip,687,2,SOCKETIMP3/4-DR21/16,SOCKETIMP3_4-DR21_16.jpg,Socket - Impact - 21/16in 3/4in Drive,Socket - impact standard | Drive 3/4in | Imperial,"standard black impact socket, 3/4-inch drive",21/16in | 3/4in,HOUSE_RENDER_FAMILY,production/family_assets/socket_impact_standard_generic.png,83c4822425fdd3dd54988180560702b1393f9cd644610fe5f1c5e69fe2841a7a,ALL_ROWS,FAMILY_MASTER_REVIEWED_AND_CODE_MAPPED,APPROVED_FAMILY_RENDER,800,800,JPEG,78818,f4f2c97be6ffe4f48767b2491c65df755a1a59544115fef57561a33c1d6c71b7,"ONE socket only; six-point black impact finish; correct drive square; hex opening visible ; stamped/labelled sizes readable: 21/16in, 3/4in ; house style holds (dark floor, orange rim glow, item fills ~75%, no text/people/price)",Family render; the catalogue code supplies the exact size/variant where the shared image does not visibly prove that marking.
COATES-K2-ROAD2-649-RETRACTION-RESOLVED-20260806-V2,Coates_K2_Road2_Retraction_Resolved_649_Thumbnails_002.zip,689,2,SOCKETIMP3/4-DR21/2,SOCKETIMP3_4-DR21_2.jpg,Socket - Impact - 21/2in 3/4in Drive,Socket - impact standard | Drive 3/4in | Imperial,"standard black impact socket, 3/4-inch drive",21/2in | 3/4in,HOUSE_RENDER_FAMILY,production/family_assets/socket_impact_standard_generic.png,83c4822425fdd3dd54988180560702b1393f9cd644610fe5f1c5e69fe2841a7a,ALL_ROWS,FAMILY_MASTER_REVIEWED_AND_CODE_MAPPED,APPROVED_FAMILY_RENDER,800,800,JPEG,78818,f4f2c97be6ffe4f48767b2491c65df755a1a59544115fef57561a33c1d6c71b7,"ONE socket only; six-point black impact finish; correct drive square; hex opening visible ; stamped/labelled sizes readable: 21/2in, 3/4in ; house style holds (dark floor, orange rim glow, item fills ~75%, no text/people/price)",Family render; the catalogue code supplies the exact size/variant where the shared image does not visibly prove that marking.
COATES-K2-ROAD2-649-RETRACTION-RESOLVED-20260806-V2,Coates_K2_Road2_Retraction_Resolved_649_Thumbnails_002.zip,690,2,SOCKETIMP3/4-DR21/8,SOCKETIMP3_4-DR21_8.jpg,Socket - Impact - 21/8in 3/4in Drive,Socket - impact standard | Drive 3/4in | Imperial,"standard black impact socket, 3/4-inch drive",21/8in | 3/4in,HOUSE_RENDER_FAMILY,production/family_assets/socket_impact_standard_generic.png,83c4822425fdd3dd54988180560702b1393f9cd644610fe5f1c5e69fe2841a7a,ALL_ROWS,FAMILY_MASTER_REVIEWED_AND_CODE_MAPPED,APPROVED_FAMILY_RENDER,800,800,JPEG,78818,f4f2c97be6ffe4f48767b2491c65df755a1a59544115fef57561a33c1d6c71b7,"ONE socket only; six-point black impact finish; correct drive square; hex opening visible ; stamped/labelled sizes readable: 21/8in, 3/4in ; house style holds (dark floor, orange rim glow, item fills ~75%, no text/people/price)",Family render; the catalogue code supplies the exact size/variant where the shared image does not visibly prove that marking.
COATES-K2-ROAD2-649-RETRACTION-RESOLVED-20260806-V2,Coates_K2_Road2_Retraction_Resolved_649_Thumbnails_002.zip,694,2,SOCKETIMP3/4-DR23/16,SOCKETIMP3_4-DR23_16.jpg,Socket - Impact - 23/16in 3/4in Drive,Socket - impact standard | Drive 3/4in | Imperial,"standard black impact socket, 3/4-inch drive",23/16in | 3/4in,HOUSE_RENDER_FAMILY,production/family_assets/socket_impact_standard_generic.png,83c4822425fdd3dd54988180560702b1393f9cd644610fe5f1c5e69fe2841a7a,ALL_ROWS,FAMILY_MASTER_REVIEWED_AND_CODE_MAPPED,APPROVED_FAMILY_RENDER,800,800,JPEG,78818,f4f2c97be6ffe4f48767b2491c65df755a1a59544115fef57561a33c1d6c71b7,"ONE socket only; six-point black impact finish; correct drive square; hex opening visible ; stamped/labelled sizes readable: 23/16in, 3/4in ; house style holds (dark floor, orange rim glow, item fills ~75%, no text/people/price)",Family render; the catalogue code supplies the exact size/variant where the shared image does not visibly prove that marking.
COATES-K2-ROAD2-649-RETRACTION-RESOLVED-20260806-V2,Coates_K2_Road2_Retraction_Resolved_649_Thumbnails_002.zip,696,2,SOCKETIMP3/4-DR23/4,SOCKETIMP3_4-DR23_4.jpg,Socket - Impact - 23/4in 3/4in Drive,Socket - impact standard | Drive 3/4in | Imperial,"standard black impact socket, 3/4-inch drive",23/4in | 3/4in,HOUSE_RENDER_FAMILY,production/family_assets/socket_impact_standard_generic.png,83c4822425fdd3dd54988180560702b1393f9cd644610fe5f1c5e69fe2841a7a,ALL_ROWS,FAMILY_MASTER_REVIEWED_AND_CODE_MAPPED,APPROVED_FAMILY_RENDER,800,800,JPEG,78818,f4f2c97be6ffe4f48767b2491c65df755a1a59544115fef57561a33c1d6c71b7,"ONE socket only; six-point black impact finish; correct drive square; hex opening visible ; stamped/labelled sizes readable: 23/4in, 3/4in ; house style holds (dark floor, orange rim glow, item fills ~75%, no text/people/price)",Family render; the catalogue code supplies the exact size/variant where the shared image does not visibly prove that marking.
COATES-K2-ROAD2-649-RETRACTION-RESOLVED-20260806-V2,Coates_K2_Road2_Retraction_Resolved_649_Thumbnails_002.zip,705,2,SOCKETIMP3/4-DR27/16,SOCKETIMP3_4-DR27_16.jpg,Socket - Impact - 27/16in 3/4in Drive,Socket - impact standard | Drive 3/4in | Imperial,"standard black impact socket, 3/4-inch drive",27/16in | 3/4in,HOUSE_RENDER_FAMILY,production/family_assets/socket_impact_standard_generic.png,83c4822425fdd3dd54988180560702b1393f9cd644610fe5f1c5e69fe2841a7a,ALL_ROWS,FAMILY_MASTER_REVIEWED_AND_CODE_MAPPED,APPROVED_FAMILY_RENDER,800,800,JPEG,78818,f4f2c97be6ffe4f48767b2491c65df755a1a59544115fef57561a33c1d6c71b7,"ONE socket only; six-point black impact finish; correct drive square; hex opening visible ; stamped/labelled sizes readable: 27/16in, 3/4in ; house style holds (dark floor, orange rim glow, item fills ~75%, no text/people/price)",Family render; the catalogue code supplies the exact size/variant where the shared image does not visibly prove that marking.
COATES-K2-ROAD2-649-RETRACTION-RESOLVED-20260806-V2,Coates_K2_Road2_Retraction_Resolved_649_Thumbnails_002.zip,710,2,SOCKETIMP3/4-DR29/16,SOCKETIMP3_4-DR29_16.jpg,Socket - Impact - 29/16in 3/4in Drive,Socket - impact standard | Drive 3/4in | Imperial,"standard black impact socket, 3/4-inch drive",29/16in | 3/4in,HOUSE_RENDER_FAMILY,production/family_assets/socket_impact_standard_generic.png,83c4822425fdd3dd54988180560702b1393f9cd644610fe5f1c5e69fe2841a7a,ALL_ROWS,FAMILY_MASTER_REVIEWED_AND_CODE_MAPPED,APPROVED_FAMILY_RENDER,800,800,JPEG,78818,f4f2c97be6ffe4f48767b2491c65df755a1a59544115fef57561a33c1d6c71b7,"ONE socket only; six-point black impact finish; correct drive square; hex opening visible ; stamped/labelled sizes readable: 29/16in, 3/4in ; house style holds (dark floor, orange rim glow, item fills ~75%, no text/people/price)",Family render; the catalogue code supplies the exact size/variant where the shared image does not visibly prove that marking.
COATES-K2-ROAD2-649-RETRACTION-RESOLVED-20260806-V2,Coates_K2_Road2_Retraction_Resolved_649_Thumbnails_002.zip,715,2,SOCKETIMP3/4-DR3/4,SOCKETIMP3_4-DR3_4.jpg,Socket - Impact - 3/4in 3/4in Drive,Socket - impact standard | Drive 3/4in | Imperial,"standard black impact socket, 3/4-inch drive",3/4in,HOUSE_RENDER_FAMILY,production/family_assets/socket_impact_standard_generic.png,83c4822425fdd3dd54988180560702b1393f9cd644610fe5f1c5e69fe2841a7a,ALL_ROWS,FAMILY_MASTER_REVIEWED_AND_CODE_MAPPED,APPROVED_FAMILY_RENDER,800,800,JPEG,78818,f4f2c97be6ffe4f48767b2491c65df755a1a59544115fef57561a33c1d6c71b7,"ONE socket only; six-point black impact finish; correct drive square; hex opening visible ; stamped/labelled sizes readable: 3/4in ; house style holds (dark floor, orange rim glow, item fills ~75%, no text/people/price)",Family render; the catalogue code supplies the exact size/variant where the shared image does not visibly prove that marking.
COATES-K2-ROAD2-649-RETRACTION-RESOLVED-20260806-V2,Coates_K2_Road2_Retraction_Resolved_649_Thumbnails_002.zip,735,2,SOCKETIMP3/4-DR7/8,SOCKETIMP3_4-DR7_8.jpg,Socket - Impact - 7/8in 3/4in Drive,Socket - impact standard | Drive 3/4in | Imperial,"standard black impact socket, 3/4-inch drive",7/8in | 3/4in,HOUSE_RENDER_FAMILY,production/family_assets/socket_impact_standard_generic.png,83c4822425fdd3dd54988180560702b1393f9cd644610fe5f1c5e69fe2841a7a,ALL_ROWS,FAMILY_MASTER_REVIEWED_AND_CODE_MAPPED,APPROVED_FAMILY_RENDER,800,800,JPEG,78818,f4f2c97be6ffe4f48767b2491c65df755a1a59544115fef57561a33c1d6c71b7,"ONE socket only; six-point black impact finish; correct drive square; hex opening visible ; stamped/labelled sizes readable: 7/8in, 3/4in ; house style holds (dark floor, orange rim glow, item fills ~75%, no text/people/price)",Family render; the catalogue code supplies the exact size/variant where the shared image does not visibly prove that marking.
COATES-K2-ROAD2-649-RETRACTION-RESOLVED-20260806-V2,Coates_K2_Road2_Retraction_Resolved_649_Thumbnails_002.zip,642,2,SOCKETIMP3/4DR1-1/16,SOCKETIMP3_4DR1-1_16.jpg,Socket - Impact -   3/4inch Drive - Imperial - 1 1/16inch,Socket - impact standard | Drive 3/4in | Imperial,"standard black impact socket, 3/4-inch drive",1 1/16inch | 3/4inch,HOUSE_RENDER_FAMILY,production/family_assets/socket_impact_standard_generic.png,83c4822425fdd3dd54988180560702b1393f9cd644610fe5f1c5e69fe2841a7a,ALL_ROWS,FAMILY_MASTER_REVIEWED_AND_CODE_MAPPED,APPROVED_FAMILY_RENDER,800,800,JPEG,78818,f4f2c97be6ffe4f48767b2491c65df755a1a59544115fef57561a33c1d6c71b7,"ONE socket only; six-point black impact finish; correct drive square; hex opening visible ; stamped/labelled sizes readable: 1 1/16inch, 3/4inch ; house style holds (dark floor, orange rim glow, item fills ~75%, no text/people/price)",Family render; the catalogue code supplies the exact size/variant where the shared image does not visibly prove that marking.
COATES-K2-ROAD2-649-RETRACTION-RESOLVED-20260806-V2,Coates_K2_Road2_Retraction_Resolved_649_Thumbnails_002.zip,648,2,SOCKETIMP3/4DR1-1/2D,SOCKETIMP3_4DR1-1_2D.jpg,Socket - Impact - 1 1/2in 3/4in Drive,Socket - impact standard | Drive 3/4in | Imperial,"standard black impact socket, 3/4-inch drive",1 1/2in | 3/4in,HOUSE_RENDER_FAMILY,production/family_assets/socket_impact_standard_generic.png,83c4822425fdd3dd54988180560702b1393f9cd644610fe5f1c5e69fe2841a7a,ALL_ROWS,FAMILY_MASTER_REVIEWED_AND_CODE_MAPPED,APPROVED_FAMILY_RENDER,800,800,JPEG,78818,f4f2c97be6ffe4f48767b2491c65df755a1a59544115fef57561a33c1d6c71b7,"ONE socket only; six-point black impact finish; correct drive square; hex opening visible ; stamped/labelled sizes readable: 1 1/2in, 3/4in ; house style holds (dark floor, orange rim glow, item fills ~75%, no text/people/price)",Family render; the catalogue code supplies the exact size/variant where the shared image does not visibly prove that marking.
COATES-K2-ROAD2-649-RETRACTION-RESOLVED-20260806-V2,Coates_K2_Road2_Retraction_Resolved_649_Thumbnails_002.zip,649,2,SOCKETIMP3/4DR1-1/4,SOCKETIMP3_4DR1-1_4.jpg,Socket - Impact - 1 1/4in 3/4in Drive,Socket - impact standard | Drive 3/4in | Imperial,"standard black impact socket, 3/4-inch drive",1 1/4in | 3/4in,HOUSE_RENDER_FAMILY,production/family_assets/socket_impact_standard_generic.png,83c4822425fdd3dd54988180560702b1393f9cd644610fe5f1c5e69fe2841a7a,ALL_ROWS,FAMILY_MASTER_REVIEWED_AND_CODE_MAPPED,APPROVED_FAMILY_RENDER,800,800,JPEG,78818,f4f2c97be6ffe4f48767b2491c65df755a1a59544115fef57561a33c1d6c71b7,"ONE socket only; six-point black impact finish; correct drive square; hex opening visible ; stamped/labelled sizes readable: 1 1/4in, 3/4in ; house style holds (dark floor, orange rim glow, item fills ~75%, no text/people/price)",Family render; the catalogue code supplies the exact size/variant where the shared image does not visibly prove that marking.
COATES-K2-ROAD2-649-RETRACTION-RESOLVED-20260806-V2,Coates_K2_Road2_Retraction_Resolved_649_Thumbnails_002.zip,652,2,SOCKETIMP3/4DR1-1/8D,SOCKETIMP3_4DR1-1_8D.jpg,Socket - Impact - 1 1/8in 3/4in Drive,Socket - impact standard | Drive 3/4in | Imperial,"standard black impact socket, 3/4-inch drive",1 1/8in | 3/4in,HOUSE_RENDER_FAMILY,production/family_assets/socket_impact_standard_generic.png,83c4822425fdd3dd54988180560702b1393f9cd644610fe5f1c5e69fe2841a7a,ALL_ROWS,FAMILY_MASTER_REVIEWED_AND_CODE_MAPPED,APPROVED_FAMILY_RENDER,800,800,JPEG,78818,f4f2c97be6ffe4f48767b2491c65df755a1a59544115fef57561a33c1d6c71b7,"ONE socket only; six-point black impact finish; correct drive square; hex opening visible ; stamped/labelled sizes readable: 1 1/8in, 3/4in ; house style holds (dark floor, orange rim glow, item fills ~75%, no text/people/price)",Family render; the catalogue code supplies the exact size/variant where the shared image does not visibly prove that marking.
COATES-K2-ROAD2-649-RETRACTION-RESOLVED-20260806-V2,Coates_K2_Road2_Retraction_Resolved_649_Thumbnails_002.zip,657,2,SOCKETIMP3/4DR1-3/16D,SOCKETIMP3_4DR1-3_16D.jpg,Socket - Impact - 1 3/16in 3/4in Drive,Socket - impact standard | Drive 3/4in | Imperial,"standard black impact socket, 3/4-inch drive",1 3/16in | 3/4in,HOUSE_RENDER_FAMILY,production/family_assets/socket_impact_standard_generic.png,83c4822425fdd3dd54988180560702b1393f9cd644610fe5f1c5e69fe2841a7a,ALL_ROWS,FAMILY_MASTER_REVIEWED_AND_CODE_MAPPED,APPROVED_FAMILY_RENDER,800,800,JPEG,78818,f4f2c97be6ffe4f48767b2491c65df755a1a59544115fef57561a33c1d6c71b7,"ONE socket only; six-point black impact finish; correct drive square; hex opening visible ; stamped/labelled sizes readable: 1 3/16in, 3/4in ; house style holds (dark floor, orange rim glow, item fills ~75%, no text/people/price)",Family render; the catalogue code supplies the exact size/variant where the shared image does not visibly prove that marking.
COATES-K2-ROAD2-649-RETRACTION-RESOLVED-20260806-V2,Coates_K2_Road2_Retraction_Resolved_649_Thumbnails_002.zip,660,2,SOCKETIMP3/4DR1-3/8D,SOCKETIMP3_4DR1-3_8D.jpg,Socket - Impact - 1 3/8in 3/4in Drive,Socket - impact standard | Drive 3/4in | Imperial,"standard black impact socket, 3/4-inch drive",1 3/8in | 3/4in,HOUSE_RENDER_FAMILY,production/family_assets/socket_impact_standard_generic.png,83c4822425fdd3dd54988180560702b1393f9cd644610fe5f1c5e69fe2841a7a,ALL_ROWS,FAMILY_MASTER_REVIEWED_AND_CODE_MAPPED,APPROVED_FAMILY_RENDER,800,800,JPEG,78818,f4f2c97be6ffe4f48767b2491c65df755a1a59544115fef57561a33c1d6c71b7,"ONE socket only; six-point black impact finish; correct drive square; hex opening visible ; stamped/labelled sizes readable: 1 3/8in, 3/4in ; house style holds (dark floor, orange rim glow, item fills ~75%, no text/people/price)",Family render; the catalogue code supplies the exact size/variant where the shared image does not visibly prove that marking.
COATES-K2-ROAD2-649-RETRACTION-RESOLVED-20260806-V2,Coates_K2_Road2_Retraction_Resolved_649_Thumbnails_002.zip,662,2,SOCKETIMP3/4DR1-5/16D,SOCKETIMP3_4DR1-5_16D.jpg,Socket - Impact - 1 5/16in 3/4in Drive,Socket - impact standard | Drive 3/4in | Imperial,"standard black impact socket, 3/4-inch drive",1 5/16in | 3/4in,HOUSE_RENDER_FAMILY,production/family_assets/socket_impact_standard_generic.png,83c4822425fdd3dd54988180560702b1393f9cd644610fe5f1c5e69fe2841a7a,ALL_ROWS,FAMILY_MASTER_REVIEWED_AND_CODE_MAPPED,APPROVED_FAMILY_RENDER,800,800,JPEG,78818,f4f2c97be6ffe4f48767b2491c65df755a1a59544115fef57561a33c1d6c71b7,"ONE socket only; six-point black impact finish; correct drive square; hex opening visible ; stamped/labelled sizes readable: 1 5/16in, 3/4in ; house style holds (dark floor, orange rim glow, item fills ~75%, no text/people/price)",Family render; the catalogue code supplies the exact size/variant where the shared image does not visibly prove that marking.
COATES-K2-ROAD2-649-RETRACTION-RESOLVED-20260806-V2,Coates_K2_Road2_Retraction_Resolved_649_Thumbnails_002.zip,666,2,SOCKETIMP3/4DR1-7/16D,SOCKETIMP3_4DR1-7_16D.jpg,Socket - Impact - 1 7/16in 3/4in Drive,Socket - impact standard | Drive 3/4in | Imperial,"standard black impact socket, 3/4-inch drive",1 7/16in | 3/4in,HOUSE_RENDER_FAMILY,production/family_assets/socket_impact_standard_generic.png,83c4822425fdd3dd54988180560702b1393f9cd644610fe5f1c5e69fe2841a7a,ALL_ROWS,FAMILY_MASTER_REVIEWED_AND_CODE_MAPPED,APPROVED_FAMILY_RENDER,800,800,JPEG,78818,f4f2c97be6ffe4f48767b2491c65df755a1a59544115fef57561a33c1d6c71b7,"ONE socket only; six-point black impact finish; correct drive square; hex opening visible ; stamped/labelled sizes readable: 1 7/16in, 3/4in ; house style holds (dark floor, orange rim glow, item fills ~75%, no text/people/price)",Family render; the catalogue code supplies the exact size/variant where the shared image does not visibly prove that marking.
COATES-K2-ROAD2-649-RETRACTION-RESOLVED-20260806-V2,Coates_K2_Road2_Retraction_Resolved_649_Thumbnails_002.zip,682,2,SOCKETIMP3/4DR1D,SOCKETIMP3_4DR1D.jpg,Socket - Impact - 1in 3/4in Drive,Socket - impact standard | Drive 3/4in | Imperial,"standard black impact socket, 3/4-inch drive",3/4in | 1in,HOUSE_RENDER_FAMILY,production/family_assets/socket_impact_standard_generic.png,83c4822425fdd3dd54988180560702b1393f9cd644610fe5f1c5e69fe2841a7a,ALL_ROWS,FAMILY_MASTER_REVIEWED_AND_CODE_MAPPED,APPROVED_FAMILY_RENDER,800,800,JPEG,78818,f4f2c97be6ffe4f48767b2491c65df755a1a59544115fef57561a33c1d6c71b7,"ONE socket only; six-point black impact finish; correct drive square; hex opening visible ; stamped/labelled sizes readable: 3/4in, 1in ; house style holds (dark floor, orange rim glow, item fills ~75%, no text/people/price)",Family render; the catalogue code supplies the exact size/variant where the shared image does not visibly prove that marking.
COATES-K2-ROAD2-649-RETRACTION-RESOLVED-20260806-V2,Coates_K2_Road2_Retraction_Resolved_649_Thumbnails_002.zip,698,2,SOCKETIMP3/4DR2-3/8,SOCKETIMP3_4DR2-3_8.jpg,Socket - Impact - 23/8in 3/4in Drive,Socket - impact standard | Drive 3/4in | Imperial,"standard black impact socket, 3/4-inch drive",23/8in | 3/4in,HOUSE_RENDER_FAMILY,production/family_assets/socket_impact_standard_generic.png,83c4822425fdd3dd54988180560702b1393f9cd644610fe5f1c5e69fe2841a7a,ALL_ROWS,FAMILY_MASTER_REVIEWED_AND_CODE_MAPPED,APPROVED_FAMILY_RENDER,800,800,JPEG,78818,f4f2c97be6ffe4f48767b2491c65df755a1a59544115fef57561a33c1d6c71b7,"ONE socket only; six-point black impact finish; correct drive square; hex opening visible ; stamped/labelled sizes readable: 23/8in, 3/4in ; house style holds (dark floor, orange rim glow, item fills ~75%, no text/people/price)",Family render; the catalogue code supplies the exact size/variant where the shared image does not visibly prove that marking.
COATES-K2-ROAD2-649-RETRACTION-RESOLVED-20260806-V2,Coates_K2_Road2_Retraction_Resolved_649_Thumbnails_002.zip,700,2,SOCKETIMP3/4DR2-5/16,SOCKETIMP3_4DR2-5_16.jpg,Socket - Impact - 25/16in 3/4in Drive,Socket - impact standard | Drive 3/4in | Imperial,"standard black impact socket, 3/4-inch drive",25/16in | 3/4in,HOUSE_RENDER_FAMILY,production/family_assets/socket_impact_standard_generic.png,83c4822425fdd3dd54988180560702b1393f9cd644610fe5f1c5e69fe2841a7a,ALL_ROWS,FAMILY_MASTER_REVIEWED_AND_CODE_MAPPED,APPROVED_FAMILY_RENDER,800,800,JPEG,78818,f4f2c97be6ffe4f48767b2491c65df755a1a59544115fef57561a33c1d6c71b7,"ONE socket only; six-point black impact finish; correct drive square; hex opening visible ; stamped/labelled sizes readable: 25/16in, 3/4in ; house style holds (dark floor, orange rim glow, item fills ~75%, no text/people/price)",Family render; the catalogue code supplies the exact size/variant where the shared image does not visibly prove that marking.
COATES-K2-ROAD2-649-RETRACTION-RESOLVED-20260806-V2,Coates_K2_Road2_Retraction_Resolved_649_Thumbnails_002.zip,712,2,SOCKETIMP3/4DR2,SOCKETIMP3_4DR2.jpg,Socket - Impact - 2in 3/4in Drive,Socket - impact standard | Drive 3/4in | Imperial,"standard black impact socket, 3/4-inch drive",3/4in | 2in,HOUSE_RENDER_FAMILY,production/family_assets/socket_impact_standard_generic.png,83c4822425fdd3dd54988180560702b1393f9cd644610fe5f1c5e69fe2841a7a,ALL_ROWS,FAMILY_MASTER_REVIEWED_AND_CODE_MAPPED,APPROVED_FAMILY_RENDER,800,800,JPEG,78818,f4f2c97be6ffe4f48767b2491c65df755a1a59544115fef57561a33c1d6c71b7,"ONE socket only; six-point black impact finish; correct drive square; hex opening visible ; stamped/labelled sizes readable: 3/4in, 2in ; house style holds (dark floor, orange rim glow, item fills ~75%, no text/people/price)",Family render; the catalogue code supplies the exact size/variant where the shared image does not visibly prove that marking.
COATES-K2-ROAD2-649-RETRACTION-RESOLVED-20260806-V2,Coates_K2_Road2_Retraction_Resolved_649_Thumbnails_002.zip,693,2,SOCKETIMP3/4DR21MMD,SOCKETIMP3_4DR21MMD.jpg,Socket - Impact - 21mm 3/4in Drive,Socket - impact standard | Drive 3/4in | Mixed,"standard black impact socket, 3/4-inch drive",3/4in | 21mm,HOUSE_RENDER_FAMILY,production/family_assets/socket_impact_standard_generic.png,83c4822425fdd3dd54988180560702b1393f9cd644610fe5f1c5e69fe2841a7a,ALL_ROWS,FAMILY_MASTER_REVIEWED_AND_CODE_MAPPED,APPROVED_FAMILY_RENDER,800,800,JPEG,78818,f4f2c97be6ffe4f48767b2491c65df755a1a59544115fef57561a33c1d6c71b7,"ONE socket only; six-point black impact finish; correct drive square; hex opening visible ; stamped/labelled sizes readable: 3/4in, 21mm ; house style holds (dark floor, orange rim glow, item fills ~75%, no text/people/price)",Family render; the catalogue code supplies the exact size/variant where the shared image does not visibly prove that marking.
COATES-K2-ROAD2-649-RETRACTION-RESOLVED-20260806-V2,Coates_K2_Road2_Retraction_Resolved_649_Thumbnails_002.zip,703,2,SOCKETIMP3/4DR25MMD,SOCKETIMP3_4DR25MMD.jpg,Socket - Impact - 25mm 3/4in Drive,Socket - impact standard | Drive 3/4in | Mixed,"standard black impact socket, 3/4-inch drive",3/4in | 25mm,HOUSE_RENDER_FAMILY,production/family_assets/socket_impact_standard_generic.png,83c4822425fdd3dd54988180560702b1393f9cd644610fe5f1c5e69fe2841a7a,ALL_ROWS,FAMILY_MASTER_REVIEWED_AND_CODE_MAPPED,APPROVED_FAMILY_RENDER,800,800,JPEG,78818,f4f2c97be6ffe4f48767b2491c65df755a1a59544115fef57561a33c1d6c71b7,"ONE socket only; six-point black impact finish; correct drive square; hex opening visible ; stamped/labelled sizes readable: 3/4in, 25mm ; house style holds (dark floor, orange rim glow, item fills ~75%, no text/people/price)",Family render; the catalogue code supplies the exact size/variant where the shared image does not visibly prove that marking.
COATES-K2-ROAD2-649-RETRACTION-RESOLVED-20260806-V2,Coates_K2_Road2_Retraction_Resolved_649_Thumbnails_002.zip,709,2,SOCKETIMP3/4DR27MMD,SOCKETIMP3_4DR27MMD.jpg,Socket - Impact - 27mm 3/4in Drive,Socket - impact standard | Drive 3/4in | Mixed,"standard black impact socket, 3/4-inch drive",3/4in | 27mm,HOUSE_RENDER_FAMILY,production/family_assets/socket_impact_standard_generic.png,83c4822425fdd3dd54988180560702b1393f9cd644610fe5f1c5e69fe2841a7a,ALL_ROWS,FAMILY_MASTER_REVIEWED_AND_CODE_MAPPED,APPROVED_FAMILY_RENDER,800,800,JPEG,78818,f4f2c97be6ffe4f48767b2491c65df755a1a59544115fef57561a33c1d6c71b7,"ONE socket only; six-point black impact finish; correct drive square; hex opening visible ; stamped/labelled sizes readable: 3/4in, 27mm ; house style holds (dark floor, orange rim glow, item fills ~75%, no text/people/price)",Family render; the catalogue code supplies the exact size/variant where the shared image does not visibly prove that marking.
COATES-K2-ROAD2-649-RETRACTION-RESOLVED-20260806-V2,Coates_K2_Road2_Retraction_Resolved_649_Thumbnails_002.zip,723,2,SOCKETIMP3/4DR32MMD,SOCKETIMP3_4DR32MMD.jpg,Socket - Impact - 32mm 3/4in Drive,Socket - impact standard | Drive 3/4in | Mixed,"standard black impact socket, 3/4-inch drive",3/4in | 32mm,HOUSE_RENDER_FAMILY,production/family_assets/socket_impact_standard_generic.png,83c4822425fdd3dd54988180560702b1393f9cd644610fe5f1c5e69fe2841a7a,ALL_ROWS,FAMILY_MASTER_REVIEWED_AND_CODE_MAPPED,APPROVED_FAMILY_RENDER,800,800,JPEG,78818,f4f2c97be6ffe4f48767b2491c65df755a1a59544115fef57561a33c1d6c71b7,"ONE socket only; six-point black impact finish; correct drive square; hex opening visible ; stamped/labelled sizes readable: 3/4in, 32mm ; house style holds (dark floor, orange rim glow, item fills ~75%, no text/people/price)",Family render; the catalogue code supplies the exact size/variant where the shared image does not visibly prove that marking.
COATES-K2-ROAD2-649-RETRACTION-RESOLVED-20260806-V2,Coates_K2_Road2_Retraction_Resolved_649_Thumbnails_002.zip,725,2,SOCKETIMP3/4DR36MMD,SOCKETIMP3_4DR36MMD.jpg,Socket - Impact - 36mm 3/4in Drive,Socket - impact standard | Drive 3/4in | Mixed,"standard black impact socket, 3/4-inch drive",3/4in | 36mm,HOUSE_RENDER_FAMILY,production/family_assets/socket_impact_standard_generic.png,83c4822425fdd3dd54988180560702b1393f9cd644610fe5f1c5e69fe2841a7a,ALL_ROWS,FAMILY_MASTER_REVIEWED_AND_CODE_MAPPED,APPROVED_FAMILY_RENDER,800,800,JPEG,78818,f4f2c97be6ffe4f48767b2491c65df755a1a59544115fef57561a33c1d6c71b7,"ONE socket only; six-point black impact finish; correct drive square; hex opening visible ; stamped/labelled sizes readable: 3/4in, 36mm ; house style holds (dark floor, orange rim glow, item fills ~75%, no text/people/price)",Family render; the catalogue code supplies the exact size/variant where the shared image does not visibly prove that marking.
COATES-K2-ROAD2-649-RETRACTION-RESOLVED-20260806-V2,Coates_K2_Road2_Retraction_Resolved_649_Thumbnails_002.zip,728,2,SOCKETIMP3/4DR41MMD,SOCKETIMP3_4DR41MMD.jpg,Socket - Impact - 41mm 3/4in Drive,Socket - impact standard | Drive 3/4in | Mixed,"standard black impact socket, 3/4-inch drive",3/4in | 41mm,HOUSE_RENDER_FAMILY,production/family_assets/socket_impact_standard_generic.png,83c4822425fdd3dd54988180560702b1393f9cd644610fe5f1c5e69fe2841a7a,ALL_ROWS,FAMILY_MASTER_REVIEWED_AND_CODE_MAPPED,APPROVED_FAMILY_RENDER,800,800,JPEG,78818,f4f2c97be6ffe4f48767b2491c65df755a1a59544115fef57561a33c1d6c71b7,"ONE socket only; six-point black impact finish; correct drive square; hex opening visible ; stamped/labelled sizes readable: 3/4in, 41mm ; house style holds (dark floor, orange rim glow, item fills ~75%, no text/people/price)",Family render; the catalogue code supplies the exact size/variant where the shared image does not visibly prove that marking.
COATES-K2-ROAD2-649-RETRACTION-RESOLVED-20260806-V2,Coates_K2_Road2_Retraction_Resolved_649_Thumbnails_002.zip,643,2,SOCKETIMP3/4DR46MMD,SOCKETIMP3_4DR46MMD.jpg,Socket - Impact -   3/4inch Drive - Metric - 46mm,Socket - impact standard | Drive 3/4in | Mixed,"standard black impact socket, 3/4-inch drive",3/4inch | 46mm,HOUSE_RENDER_FAMILY,production/family_assets/socket_impact_standard_generic.png,83c4822425fdd3dd54988180560702b1393f9cd644610fe5f1c5e69fe2841a7a,ALL_ROWS,FAMILY_MASTER_REVIEWED_AND_CODE_MAPPED,APPROVED_FAMILY_RENDER,800,800,JPEG,78818,f4f2c97be6ffe4f48767b2491c65df755a1a59544115fef57561a33c1d6c71b7,"ONE socket only; six-point black impact finish; correct drive square; hex opening visible ; stamped/labelled sizes readable: 3/4inch, 46mm ; house style holds (dark floor, orange rim glow, item fills ~75%, no text/people/price)",Family render; the catalogue code supplies the exact size/variant where the shared image does not visibly prove that marking.
COATES-K2-ROAD2-649-RETRACTION-RESOLVED-20260806-V2,Coates_K2_Road2_Retraction_Resolved_649_Thumbnails_002.zip,716,2,SOCKETIMP3/4INDR22MM,SOCKETIMP3_4INDR22MM.jpg,Socket - Impact - 3/4in Drive 22mm,Socket - impact standard | Drive 3/4in | Mixed,"standard black impact socket, 3/4-inch drive",3/4in | 22mm,HOUSE_RENDER_FAMILY,production/family_assets/socket_impact_standard_generic.png,83c4822425fdd3dd54988180560702b1393f9cd644610fe5f1c5e69fe2841a7a,ALL_ROWS,FAMILY_MASTER_REVIEWED_AND_CODE_MAPPED,APPROVED_FAMILY_RENDER,800,800,JPEG,78818,f4f2c97be6ffe4f48767b2491c65df755a1a59544115fef57561a33c1d6c71b7,"ONE socket only; six-point black impact finish; correct drive square; hex opening visible ; stamped/labelled sizes readable: 3/4in, 22mm ; house style holds (dark floor, orange rim glow, item fills ~75%, no text/people/price)",Family render; the catalogue code supplies the exact size/variant where the shared image does not visibly prove that marking.
COATES-K2-ROAD2-649-RETRACTION-RESOLVED-20260806-V2,Coates_K2_Road2_Retraction_Resolved_649_Thumbnails_002.zip,717,2,SOCKETIMP3/4INDR24MM,SOCKETIMP3_4INDR24MM.jpg,Socket - Impact - 3/4in Drive 24mm,Socket - impact standard | Drive 3/4in | Mixed,"standard black impact socket, 3/4-inch drive",3/4in | 24mm,HOUSE_RENDER_FAMILY,production/family_assets/socket_impact_standard_generic.png,83c4822425fdd3dd54988180560702b1393f9cd644610fe5f1c5e69fe2841a7a,ALL_ROWS,FAMILY_MASTER_REVIEWED_AND_CODE_MAPPED,APPROVED_FAMILY_RENDER,800,800,JPEG,78818,f4f2c97be6ffe4f48767b2491c65df755a1a59544115fef57561a33c1d6c71b7,"ONE socket only; six-point black impact finish; correct drive square; hex opening visible ; stamped/labelled sizes readable: 3/4in, 24mm ; house style holds (dark floor, orange rim glow, item fills ~75%, no text/people/price)",Family render; the catalogue code supplies the exact size/variant where the shared image does not visibly prove that marking.
COATES-K2-ROAD2-649-RETRACTION-RESOLVED-20260806-V2,Coates_K2_Road2_Retraction_Resolved_649_Thumbnails_002.zip,718,2,SOCKETIMP3/4INDR47MM,SOCKETIMP3_4INDR47MM.jpg,Socket - Impact - 3/4in Drive 47mm,Socket - impact standard | Drive 3/4in | Mixed,"standard black impact socket, 3/4-inch drive",3/4in | 47mm,HOUSE_RENDER_FAMILY,production/family_assets/socket_impact_standard_generic.png,83c4822425fdd3dd54988180560702b1393f9cd644610fe5f1c5e69fe2841a7a,ALL_ROWS,FAMILY_MASTER_REVIEWED_AND_CODE_MAPPED,APPROVED_FAMILY_RENDER,800,800,JPEG,78818,f4f2c97be6ffe4f48767b2491c65df755a1a59544115fef57561a33c1d6c71b7,"ONE socket only; six-point black impact finish; correct drive square; hex opening visible ; stamped/labelled sizes readable: 3/4in, 47mm ; house style holds (dark floor, orange rim glow, item fills ~75%, no text/people/price)",Family render; the catalogue code supplies the exact size/variant where the shared image does not visibly prove that marking.
COATES-K2-ROAD2-649-RETRACTION-RESOLVED-20260806-V2,Coates_K2_Road2_Retraction_Resolved_649_Thumbnails_002.zip,719,2,SOCKETIMP3/4INDR50MM,SOCKETIMP3_4INDR50MM.jpg,Socket - Impact - 3/4in Drive 50mm,Socket - impact standard | Drive 3/4in | Mixed,"standard black impact socket, 3/4-inch drive",3/4in | 50mm,HOUSE_RENDER_FAMILY,production/family_assets/socket_impact_standard_generic.png,83c4822425fdd3dd54988180560702b1393f9cd644610fe5f1c5e69fe2841a7a,ALL_ROWS,FAMILY_MASTER_REVIEWED_AND_CODE_MAPPED,APPROVED_FAMILY_RENDER,800,800,JPEG,78818,f4f2c97be6ffe4f48767b2491c65df755a1a59544115fef57561a33c1d6c71b7,"ONE socket only; six-point black impact finish; correct drive square; hex opening visible ; stamped/labelled sizes readable: 3/4in, 50mm ; house style holds (dark floor, orange rim glow, item fills ~75%, no text/people/price)",Family render; the catalogue code supplies the exact size/variant where the shared image does not visibly prove that marking.
COATES-K2-ROAD2-649-RETRACTION-RESOLVED-20260806-V2,Coates_K2_Road2_Retraction_Resolved_649_Thumbnails_002.zip,452,2,SOCKETIMPACTHEX12DRMET17MMX78MMKINCHROME,SOCKETIMPACTHEX12DRMET17MMX78MMKINCHROME.jpg,"SOCKET IMPACT HEX 1/2""DR MET 17MM X 78MM Kinchrome",Socket - impact standard | Drive 1/2in | Mixed,"standard black impact socket, 1/2-inch drive","1/2"" | 17mm | 78mm",HOUSE_RENDER_FAMILY,production/family_assets/socket_impact_standard_generic.png,83c4822425fdd3dd54988180560702b1393f9cd644610fe5f1c5e69fe2841a7a,ALL_ROWS,FAMILY_MASTER_REVIEWED_AND_CODE_MAPPED,APPROVED_FAMILY_RENDER,800,800,JPEG,78818,f4f2c97be6ffe4f48767b2491c65df755a1a59544115fef57561a33c1d6c71b7,"ONE socket only; six-point black impact finish; correct drive square; hex opening visible ; stamped/labelled sizes readable: 1/2"", 17mm, 78mm ; house style holds (dark floor, orange rim glow, item fills ~75%, no text/people/price)",Family render; the catalogue code supplies the exact size/variant where the shared image does not visibly prove that marking.
COATES-K2-ROAD2-649-RETRACTION-RESOLVED-20260806-V2,Coates_K2_Road2_Retraction_Resolved_649_Thumbnails_002.zip,778,2,SOCKETIMPADAPT1-1/2-1DR,SOCKETIMPADAPT1-1_2-1DR.jpg,Socket - Imperial Adaptor - 1 1/2inch - 1inch Drive,Socket - adaptor | Drive 1in,"square-drive socket adaptor, 1-inch drive side",1 1/2inch | 1inch,HOUSE_RENDER_FAMILY,production/family_assets/socket_adaptor.png,b864c8bb08115af2cbacf92ea9d1ad7a4bf4741b7cbc422aef2a0bef94453144,ALL_ROWS,FAMILY_MASTER_REVIEWED_AND_CODE_MAPPED,APPROVED_FAMILY_RENDER,800,800,JPEG,77600,761acfe09ab7b5103514a418c19d91f6427491750265037dc4981e29fc1cad59,"ONE socket only; six-point black impact finish; correct drive square; hex opening visible ; stamped/labelled sizes readable: 1 1/2inch, 1inch ; house style holds (dark floor, orange rim glow, item fills ~75%, no text/people/price)",Family render; the catalogue code supplies the exact size/variant where the shared image does not visibly prove that marking.
COATES-K2-ROAD2-649-RETRACTION-RESOLVED-20260806-V2,Coates_K2_Road2_Retraction_Resolved_649_Thumbnails_002.zip,779,2,SOCKETIMPADAPT1-3/4DR,SOCKETIMPADAPT1-3_4DR.jpg,Socket - Imperial Adaptor - 1in - 3/4in Drive,Socket - adaptor | Drive 3/4in,"square-drive socket adaptor, 3/4-inch drive side",3/4in | 1in,HOUSE_RENDER_FAMILY,production/family_assets/socket_adaptor.png,b864c8bb08115af2cbacf92ea9d1ad7a4bf4741b7cbc422aef2a0bef94453144,ALL_ROWS,FAMILY_MASTER_REVIEWED_AND_CODE_MAPPED,APPROVED_FAMILY_RENDER,800,800,JPEG,77600,761acfe09ab7b5103514a418c19d91f6427491750265037dc4981e29fc1cad59,"ONE socket only; six-point black impact finish; correct drive square; hex opening visible ; stamped/labelled sizes readable: 3/4in, 1in ; house style holds (dark floor, orange rim glow, item fills ~75%, no text/people/price)",Family render; the catalogue code supplies the exact size/variant where the shared image does not visibly prove that marking.
COATES-K2-ROAD2-649-RETRACTION-RESOLVED-20260806-V2,Coates_K2_Road2_Retraction_Resolved_649_Thumbnails_002.zip,812,2,SOCKETIMPADAPT1/2-3/4DR,SOCKETIMPADAPT1_2-3_4DR.jpg,Socket Adaptor 1/2in To 3/4in Drive,Socket - adaptor | Drive 3/4in,"square-drive socket adaptor, 3/4-inch drive side",1/2in | 3/4in,HOUSE_RENDER_FAMILY,production/family_assets/socket_adaptor.png,b864c8bb08115af2cbacf92ea9d1ad7a4bf4741b7cbc422aef2a0bef94453144,ALL_ROWS,FAMILY_MASTER_REVIEWED_AND_CODE_MAPPED,APPROVED_FAMILY_RENDER,800,800,JPEG,77600,761acfe09ab7b5103514a418c19d91f6427491750265037dc4981e29fc1cad59,"ONE socket only; six-point black impact finish; correct drive square; hex opening visible ; stamped/labelled sizes readable: 1/2in, 3/4in ; house style holds (dark floor, orange rim glow, item fills ~75%, no text/people/price)",Family render; the catalogue code supplies the exact size/variant where the shared image does not visibly prove that marking.
COATES-K2-ROAD2-649-RETRACTION-RESOLVED-20260806-V2,Coates_K2_Road2_Retraction_Resolved_649_Thumbnails_002.zip,813,2,SOCKETIMPADAPT3/4-1/2DR,SOCKETIMPADAPT3_4-1_2DR.jpg,Socket Adaptor 3/4in To 1/2in Drive,Socket - adaptor | Drive 1/2in,"square-drive socket adaptor, 1/2-inch drive side",3/4in | 1/2in,HOUSE_RENDER_FAMILY,production/family_assets/socket_adaptor.png,b864c8bb08115af2cbacf92ea9d1ad7a4bf4741b7cbc422aef2a0bef94453144,ALL_ROWS,FAMILY_MASTER_REVIEWED_AND_CODE_MAPPED,APPROVED_FAMILY_RENDER,800,800,JPEG,77600,761acfe09ab7b5103514a418c19d91f6427491750265037dc4981e29fc1cad59,"ONE socket only; six-point black impact finish; correct drive square; hex opening visible ; stamped/labelled sizes readable: 3/4in, 1/2in ; house style holds (dark floor, orange rim glow, item fills ~75%, no text/people/price)",Family render; the catalogue code supplies the exact size/variant where the shared image does not visibly prove that marking.
COATES-K2-ROAD2-649-RETRACTION-RESOLVED-20260806-V2,Coates_K2_Road2_Retraction_Resolved_649_Thumbnails_002.zip,780,2,SOCKETIMPADAPT3/4-1DR,SOCKETIMPADAPT3_4-1DR.jpg,Socket - Imperial Adaptor - 3/4inch - 1inch Drive,Socket - adaptor | Drive 1in,"square-drive socket adaptor, 1-inch drive side",3/4inch | 1inch,HOUSE_RENDER_FAMILY,production/family_assets/socket_adaptor.png,b864c8bb08115af2cbacf92ea9d1ad7a4bf4741b7cbc422aef2a0bef94453144,ALL_ROWS,FAMILY_MASTER_REVIEWED_AND_CODE_MAPPED,APPROVED_FAMILY_RENDER,800,800,JPEG,77600,761acfe09ab7b5103514a418c19d91f6427491750265037dc4981e29fc1cad59,"ONE socket only; six-point black impact finish; correct drive square; hex opening visible ; stamped/labelled sizes readable: 3/4inch, 1inch ; house style holds (dark floor, orange rim glow, item fills ~75%, no text/people/price)",Family render; the catalogue code supplies the exact size/variant where the shared image does not visibly prove that marking.
COATES-K2-ROAD2-649-RETRACTION-RESOLVED-20260806-V2,Coates_K2_Road2_Retraction_Resolved_649_Thumbnails_002.zip,737,2,SOCKETIMPEXT1/2DR150,SOCKETIMPEXT1_2DR150.jpg,Socket - Impact - Extension - 1/2inch Drive - 150mm,Socket - extension | Drive 1/2in,"straight socket extension bar, 1/2-inch drive",1/2inch | 150mm,HOUSE_RENDER_FAMILY,production/family_assets/socket_extension.png,dba06ba2d013026d21d7ffe9ecda509b32e14b22beb4a75652d7675e8d1403eb,IMPACT_EXTENSION_BLACK_MASTER_OVERRIDE,FAMILY_MASTER_REVIEWED_AND_CODE_MAPPED,APPROVED_FAMILY_RENDER,800,800,JPEG,76855,6c18fa733dc96001d7a05935c40af16be8964b22f74a72be194f157459a2abab,One straight black impact extension bar; female square-drive recess at one end; male square drive with detent at the other; no hex socket opening; catalogue code supplies exact drive and length.,Black impact-extension master selected after visual review; a proposed chrome substitution was rejected because the register specifies Impact - Extension. Catalogue code supplies exact drive and length.
COATES-K2-ROAD2-649-RETRACTION-RESOLVED-20260806-V2,Coates_K2_Road2_Retraction_Resolved_649_Thumbnails_002.zip,773,2,SOCKETIMPEXT1/2DR250MM,SOCKETIMPEXT1_2DR250MM.jpg,Socket - Impact -Extension - 1/2in - Drive - 250mm,Socket - extension,straight socket extension bar,1/2in | 250mm,HOUSE_RENDER_FAMILY,production/family_assets/socket_extension.png,dba06ba2d013026d21d7ffe9ecda509b32e14b22beb4a75652d7675e8d1403eb,IMPACT_EXTENSION_BLACK_MASTER_OVERRIDE,FAMILY_MASTER_REVIEWED_AND_CODE_MAPPED,APPROVED_FAMILY_RENDER,800,800,JPEG,76855,6c18fa733dc96001d7a05935c40af16be8964b22f74a72be194f157459a2abab,One straight black impact extension bar; female square-drive recess at one end; male square drive with detent at the other; no hex socket opening; catalogue code supplies exact drive and length.,Black impact-extension master selected after visual review; a proposed chrome substitution was rejected because the register specifies Impact - Extension. Catalogue code supplies exact drive and length.
COATES-K2-ROAD2-649-RETRACTION-RESOLVED-20260806-V2,Coates_K2_Road2_Retraction_Resolved_649_Thumbnails_002.zip,774,2,SOCKETIMPEXT1DR150MM,SOCKETIMPEXT1DR150MM.jpg,Socket - Impact -Extension - 1in - Drive - 150mm,Socket - extension,straight socket extension bar,1in | 150mm,HOUSE_RENDER_FAMILY,production/family_assets/socket_extension.png,dba06ba2d013026d21d7ffe9ecda509b32e14b22beb4a75652d7675e8d1403eb,IMPACT_EXTENSION_BLACK_MASTER_OVERRIDE,FAMILY_MASTER_REVIEWED_AND_CODE_MAPPED,APPROVED_FAMILY_RENDER,800,800,JPEG,76855,6c18fa733dc96001d7a05935c40af16be8964b22f74a72be194f157459a2abab,One straight black impact extension bar; female square-drive recess at one end; male square drive with detent at the other; no hex socket opening; catalogue code supplies exact drive and length.,Black impact-extension master selected after visual review; a proposed chrome substitution was rejected because the register specifies Impact - Extension. Catalogue code supplies exact drive and length.
COATES-K2-ROAD2-649-RETRACTION-RESOLVED-20260806-V2,Coates_K2_Road2_Retraction_Resolved_649_Thumbnails_002.zip,738,2,SOCKETIMPEXT1DR200,SOCKETIMPEXT1DR200.jpg,Socket - Impact - Extension - 1in Drive - 200mm,Socket - extension | Drive 1in,"straight socket extension bar, 1-inch drive",1in | 200mm,HOUSE_RENDER_FAMILY,production/family_assets/socket_extension.png,dba06ba2d013026d21d7ffe9ecda509b32e14b22beb4a75652d7675e8d1403eb,IMPACT_EXTENSION_BLACK_MASTER_OVERRIDE,FAMILY_MASTER_REVIEWED_AND_CODE_MAPPED,APPROVED_FAMILY_RENDER,800,800,JPEG,76855,6c18fa733dc96001d7a05935c40af16be8964b22f74a72be194f157459a2abab,One straight black impact extension bar; female square-drive recess at one end; male square drive with detent at the other; no hex socket opening; catalogue code supplies exact drive and length.,Black impact-extension master selected after visual review; a proposed chrome substitution was rejected because the register specifies Impact - Extension. Catalogue code supplies exact drive and length.
COATES-K2-ROAD2-649-RETRACTION-RESOLVED-20260806-V2,Coates_K2_Road2_Retraction_Resolved_649_Thumbnails_002.zip,739,2,SOCKETIMPEXT1DR300,SOCKETIMPEXT1DR300.jpg,Socket - Impact - Extension - 1in Drive - 300mm,Socket - extension | Drive 1in,"straight socket extension bar, 1-inch drive",1in | 300mm,HOUSE_RENDER_FAMILY,production/family_assets/socket_extension.png,dba06ba2d013026d21d7ffe9ecda509b32e14b22beb4a75652d7675e8d1403eb,IMPACT_EXTENSION_BLACK_MASTER_OVERRIDE,FAMILY_MASTER_REVIEWED_AND_CODE_MAPPED,APPROVED_FAMILY_RENDER,800,800,JPEG,76855,6c18fa733dc96001d7a05935c40af16be8964b22f74a72be194f157459a2abab,One straight black impact extension bar; female square-drive recess at one end; male square drive with detent at the other; no hex socket opening; catalogue code supplies exact drive and length.,Black impact-extension master selected after visual review; a proposed chrome substitution was rejected because the register specifies Impact - Extension. Catalogue code supplies exact drive and length.
COATES-K2-ROAD2-649-RETRACTION-RESOLVED-20260806-V2,Coates_K2_Road2_Retraction_Resolved_649_Thumbnails_002.zip,775,2,SOCKETIMPEXT1DR330MM,SOCKETIMPEXT1DR330MM.jpg,Socket - Impact -Extension - 1in - Drive - 330mm,Socket - extension,straight socket extension bar,1in | 330mm,HOUSE_RENDER_FAMILY,production/family_assets/socket_extension.png,dba06ba2d013026d21d7ffe9ecda509b32e14b22beb4a75652d7675e8d1403eb,IMPACT_EXTENSION_BLACK_MASTER_OVERRIDE,FAMILY_MASTER_REVIEWED_AND_CODE_MAPPED,APPROVED_FAMILY_RENDER,800,800,JPEG,76855,6c18fa733dc96001d7a05935c40af16be8964b22f74a72be194f157459a2abab,One straight black impact extension bar; female square-drive recess at one end; male square drive with detent at the other; no hex socket opening; catalogue code supplies exact drive and length.,Black impact-extension master selected after visual review; a proposed chrome substitution was rejected because the register specifies Impact - Extension. Catalogue code supplies exact drive and length.
COATES-K2-ROAD2-649-RETRACTION-RESOLVED-20260806-V2,Coates_K2_Road2_Retraction_Resolved_649_Thumbnails_002.zip,776,2,SOCKETIMPEXT3/4DR250MM,SOCKETIMPEXT3_4DR250MM.jpg,Socket - Impact -Extension - 3/4in - Drive - 250mm,Socket - extension,straight socket extension bar,3/4in | 250mm,HOUSE_RENDER_FAMILY,production/family_assets/socket_extension.png,dba06ba2d013026d21d7ffe9ecda509b32e14b22beb4a75652d7675e8d1403eb,IMPACT_EXTENSION_BLACK_MASTER_OVERRIDE,FAMILY_MASTER_REVIEWED_AND_CODE_MAPPED,APPROVED_FAMILY_RENDER,800,800,JPEG,76855,6c18fa733dc96001d7a05935c40af16be8964b22f74a72be194f157459a2abab,One straight black impact extension bar; female square-drive recess at one end; male square drive with detent at the other; no hex socket opening; catalogue code supplies exact drive and length.,Black impact-extension master selected after visual review; a proposed chrome substitution was rejected because the register specifies Impact - Extension. Catalogue code supplies exact drive and length.
COATES-K2-ROAD2-649-RETRACTION-RESOLVED-20260806-V2,Coates_K2_Road2_Retraction_Resolved_649_Thumbnails_002.zip,777,2,SOCKETIMPEXT3/4DR330MM,SOCKETIMPEXT3_4DR330MM.jpg,Socket - Impact -Extension - 3/4in - Drive - 330mm,Socket - extension,straight socket extension bar,3/4in | 330mm,HOUSE_RENDER_FAMILY,production/family_assets/socket_extension.png,dba06ba2d013026d21d7ffe9ecda509b32e14b22beb4a75652d7675e8d1403eb,IMPACT_EXTENSION_BLACK_MASTER_OVERRIDE,FAMILY_MASTER_REVIEWED_AND_CODE_MAPPED,APPROVED_FAMILY_RENDER,800,800,JPEG,76855,6c18fa733dc96001d7a05935c40af16be8964b22f74a72be194f157459a2abab,One straight black impact extension bar; female square-drive recess at one end; male square drive with detent at the other; no hex socket opening; catalogue code supplies exact drive and length.,Black impact-extension master selected after visual review; a proposed chrome substitution was rejected because the register specifies Impact - Extension. Catalogue code supplies exact drive and length.
COATES-K2-ROAD2-649-RETRACTION-RESOLVED-20260806-V2,Coates_K2_Road2_Retraction_Resolved_649_Thumbnails_002.zip,762,2,SOCKETIMPL-1-DR34MM,SOCKETIMPL-1-DR34MM.jpg,Socket - Impact - Long 34mm 1in Drive,Socket - impact long | Drive 1in | Mixed,"long deep black impact socket, 1-inch drive",1in | 34mm,HOUSE_RENDER_FAMILY,production/family_assets/socket_impact_deep.png,46b9d41d031815d3c48e9a68144a74554098355c91f041f3464681c395d524c6,ALL_ROWS,FAMILY_MASTER_REVIEWED_AND_CODE_MAPPED,APPROVED_FAMILY_RENDER,800,800,JPEG,80049,42003074fa18e5b5501c7e338aee96e2ddb03d2babec2bad63abe723e3bdd58e,"ONE socket only; six-point black impact finish; correct drive square; hex opening visible ; stamped/labelled sizes readable: 1in, 34mm ; house style holds (dark floor, orange rim glow, item fills ~75%, no text/people/price)",Family render; the catalogue code supplies the exact size/variant where the shared image does not visibly prove that marking.
COATES-K2-ROAD2-649-RETRACTION-RESOLVED-20260806-V2,Coates_K2_Road2_Retraction_Resolved_649_Thumbnails_002.zip,769,2,SOCKETIMPL-1-DR55MM,SOCKETIMPL-1-DR55MM.jpg,Socket - Impact - Long 55mm 1in Drive,Socket - impact long | Drive 1in | Mixed,"long deep black impact socket, 1-inch drive",1in | 55mm,HOUSE_RENDER_FAMILY,production/family_assets/socket_impact_deep.png,46b9d41d031815d3c48e9a68144a74554098355c91f041f3464681c395d524c6,ALL_ROWS,FAMILY_MASTER_REVIEWED_AND_CODE_MAPPED,APPROVED_FAMILY_RENDER,800,800,JPEG,80049,42003074fa18e5b5501c7e338aee96e2ddb03d2babec2bad63abe723e3bdd58e,"ONE socket only; six-point black impact finish; correct drive square; hex opening visible ; stamped/labelled sizes readable: 1in, 55mm ; house style holds (dark floor, orange rim glow, item fills ~75%, no text/people/price)",Family render; the catalogue code supplies the exact size/variant where the shared image does not visibly prove that marking.
COATES-K2-ROAD2-649-RETRACTION-RESOLVED-20260806-V2,Coates_K2_Road2_Retraction_Resolved_649_Thumbnails_002.zip,746,2,SOCKETIMPL-1/2-DR13MM,SOCKETIMPL-1_2-DR13MM.jpg,Socket - Impact - Long 13mm 1/2in Drive,Socket - impact long | Drive 1/2in | Mixed,"long deep black impact socket, 1/2-inch drive",1/2in | 13mm,HOUSE_RENDER_FAMILY,production/family_assets/socket_impact_deep.png,46b9d41d031815d3c48e9a68144a74554098355c91f041f3464681c395d524c6,ALL_ROWS,FAMILY_MASTER_REVIEWED_AND_CODE_MAPPED,APPROVED_FAMILY_RENDER,800,800,JPEG,80049,42003074fa18e5b5501c7e338aee96e2ddb03d2babec2bad63abe723e3bdd58e,"ONE socket only; six-point black impact finish; correct drive square; hex opening visible ; stamped/labelled sizes readable: 1/2in, 13mm ; house style holds (dark floor, orange rim glow, item fills ~75%, no text/people/price)",Family render; the catalogue code supplies the exact size/variant where the shared image does not visibly prove that marking.
COATES-K2-ROAD2-649-RETRACTION-RESOLVED-20260806-V2,Coates_K2_Road2_Retraction_Resolved_649_Thumbnails_002.zip,747,2,SOCKETIMPL-1/2-DR15MM,SOCKETIMPL-1_2-DR15MM.jpg,Socket - Impact - Long 15mm 1/2in Drive,Socket - impact long | Drive 1/2in | Mixed,"long deep black impact socket, 1/2-inch drive",1/2in | 15mm,HOUSE_RENDER_FAMILY,production/family_assets/socket_impact_deep.png,46b9d41d031815d3c48e9a68144a74554098355c91f041f3464681c395d524c6,ALL_ROWS,FAMILY_MASTER_REVIEWED_AND_CODE_MAPPED,APPROVED_FAMILY_RENDER,800,800,JPEG,80049,42003074fa18e5b5501c7e338aee96e2ddb03d2babec2bad63abe723e3bdd58e,"ONE socket only; six-point black impact finish; correct drive square; hex opening visible ; stamped/labelled sizes readable: 1/2in, 15mm ; house style holds (dark floor, orange rim glow, item fills ~75%, no text/people/price)",Family render; the catalogue code supplies the exact size/variant where the shared image does not visibly prove that marking.
COATES-K2-ROAD2-649-RETRACTION-RESOLVED-20260806-V2,Coates_K2_Road2_Retraction_Resolved_649_Thumbnails_002.zip,748,2,SOCKETIMPL-1/2-DR16MM,SOCKETIMPL-1_2-DR16MM.jpg,Socket - Impact - Long 16mm 1/2in Drive,Socket - impact long | Drive 1/2in | Mixed,"long deep black impact socket, 1/2-inch drive",1/2in | 16mm,HOUSE_RENDER_FAMILY,production/family_assets/socket_impact_deep.png,46b9d41d031815d3c48e9a68144a74554098355c91f041f3464681c395d524c6,ALL_ROWS,FAMILY_MASTER_REVIEWED_AND_CODE_MAPPED,APPROVED_FAMILY_RENDER,800,800,JPEG,80049,42003074fa18e5b5501c7e338aee96e2ddb03d2babec2bad63abe723e3bdd58e,"ONE socket only; six-point black impact finish; correct drive square; hex opening visible ; stamped/labelled sizes readable: 1/2in, 16mm ; house style holds (dark floor, orange rim glow, item fills ~75%, no text/people/price)",Family render; the catalogue code supplies the exact size/variant where the shared image does not visibly prove that marking.
COATES-K2-ROAD2-649-RETRACTION-RESOLVED-20260806-V2,Coates_K2_Road2_Retraction_Resolved_649_Thumbnails_002.zip,751,2,SOCKETIMPL-1/2-DR22MM,SOCKETIMPL-1_2-DR22MM.jpg,Socket - Impact - Long 22mm 1/2in Drive,Socket - impact long | Drive 1/2in | Mixed,"long deep black impact socket, 1/2-inch drive",1/2in | 22mm,HOUSE_RENDER_FAMILY,production/family_assets/socket_impact_deep.png,46b9d41d031815d3c48e9a68144a74554098355c91f041f3464681c395d524c6,ALL_ROWS,FAMILY_MASTER_REVIEWED_AND_CODE_MAPPED,APPROVED_FAMILY_RENDER,800,800,JPEG,80049,42003074fa18e5b5501c7e338aee96e2ddb03d2babec2bad63abe723e3bdd58e,"ONE socket only; six-point black impact finish; correct drive square; hex opening visible ; stamped/labelled sizes readable: 1/2in, 22mm ; house style holds (dark floor, orange rim glow, item fills ~75%, no text/people/price)",Family render; the catalogue code supplies the exact size/variant where the shared image does not visibly prove that marking.
COATES-K2-ROAD2-649-RETRACTION-RESOLVED-20260806-V2,Coates_K2_Road2_Retraction_Resolved_649_Thumbnails_002.zip,752,2,SOCKETIMPL-1/2-DR24MM,SOCKETIMPL-1_2-DR24MM.jpg,Socket - Impact - Long 24mm 1/2in Drive,Socket - impact long | Drive 1/2in | Mixed,"long deep black impact socket, 1/2-inch drive",1/2in | 24mm,HOUSE_RENDER_FAMILY,production/family_assets/socket_impact_deep.png,46b9d41d031815d3c48e9a68144a74554098355c91f041f3464681c395d524c6,ALL_ROWS,FAMILY_MASTER_REVIEWED_AND_CODE_MAPPED,APPROVED_FAMILY_RENDER,800,800,JPEG,80049,42003074fa18e5b5501c7e338aee96e2ddb03d2babec2bad63abe723e3bdd58e,"ONE socket only; six-point black impact finish; correct drive square; hex opening visible ; stamped/labelled sizes readable: 1/2in, 24mm ; house style holds (dark floor, orange rim glow, item fills ~75%, no text/people/price)",Family render; the catalogue code supplies the exact size/variant where the shared image does not visibly prove that marking.
COATES-K2-ROAD2-649-RETRACTION-RESOLVED-20260806-V2,Coates_K2_Road2_Retraction_Resolved_649_Thumbnails_002.zip,755,2,SOCKETIMPL-1/2-DR27MM,SOCKETIMPL-1_2-DR27MM.jpg,Socket - Impact - Long 27mm 1/2in Drive,Socket - impact long | Drive 1/2in | Mixed,"long deep black impact socket, 1/2-inch drive",1/2in | 27mm,HOUSE_RENDER_FAMILY,production/family_assets/socket_impact_deep.png,46b9d41d031815d3c48e9a68144a74554098355c91f041f3464681c395d524c6,ALL_ROWS,FAMILY_MASTER_REVIEWED_AND_CODE_MAPPED,APPROVED_FAMILY_RENDER,800,800,JPEG,80049,42003074fa18e5b5501c7e338aee96e2ddb03d2babec2bad63abe723e3bdd58e,"ONE socket only; six-point black impact finish; correct drive square; hex opening visible ; stamped/labelled sizes readable: 1/2in, 27mm ; house style holds (dark floor, orange rim glow, item fills ~75%, no text/people/price)",Family render; the catalogue code supplies the exact size/variant where the shared image does not visibly prove that marking.
COATES-K2-ROAD2-649-RETRACTION-RESOLVED-20260806-V2,Coates_K2_Road2_Retraction_Resolved_649_Thumbnails_002.zip,760,2,SOCKETIMPL-1/2-DR32MM,SOCKETIMPL-1_2-DR32MM.jpg,Socket - Impact - Long 32mm 1/2in Drive,Socket - impact long | Drive 1/2in | Mixed,"long deep black impact socket, 1/2-inch drive",1/2in | 32mm,HOUSE_RENDER_FAMILY,production/family_assets/socket_impact_deep.png,46b9d41d031815d3c48e9a68144a74554098355c91f041f3464681c395d524c6,ALL_ROWS,FAMILY_MASTER_REVIEWED_AND_CODE_MAPPED,APPROVED_FAMILY_RENDER,800,800,JPEG,80049,42003074fa18e5b5501c7e338aee96e2ddb03d2babec2bad63abe723e3bdd58e,"ONE socket only; six-point black impact finish; correct drive square; hex opening visible ; stamped/labelled sizes readable: 1/2in, 32mm ; house style holds (dark floor, orange rim glow, item fills ~75%, no text/people/price)",Family render; the catalogue code supplies the exact size/variant where the shared image does not visibly prove that marking.
COATES-K2-ROAD2-649-RETRACTION-RESOLVED-20260806-V2,Coates_K2_Road2_Retraction_Resolved_649_Thumbnails_002.zip,749,2,SOCKETIMPL-3/4-DR19MM,SOCKETIMPL-3_4-DR19MM.jpg,Socket - Impact - Long 19mm 3/4in Drive,Socket - impact long | Drive 3/4in | Mixed,"long deep black impact socket, 3/4-inch drive",3/4in | 19mm,HOUSE_RENDER_FAMILY,production/family_assets/socket_impact_deep.png,46b9d41d031815d3c48e9a68144a74554098355c91f041f3464681c395d524c6,ALL_ROWS,FAMILY_MASTER_REVIEWED_AND_CODE_MAPPED,APPROVED_FAMILY_RENDER,800,800,JPEG,80049,42003074fa18e5b5501c7e338aee96e2ddb03d2babec2bad63abe723e3bdd58e,"ONE socket only; six-point black impact finish; correct drive square; hex opening visible ; stamped/labelled sizes readable: 3/4in, 19mm ; house style holds (dark floor, orange rim glow, item fills ~75%, no text/people/price)",Family render; the catalogue code supplies the exact size/variant where the shared image does not visibly prove that marking.
COATES-K2-ROAD2-649-RETRACTION-RESOLVED-20260806-V2,Coates_K2_Road2_Retraction_Resolved_649_Thumbnails_002.zip,750,2,SOCKETIMPL-3/4-DR21MM,SOCKETIMPL-3_4-DR21MM.jpg,Socket - Impact - Long 21mm 3/4in Drive,Socket - impact long | Drive 3/4in | Mixed,"long deep black impact socket, 3/4-inch drive",3/4in | 21mm,HOUSE_RENDER_FAMILY,production/family_assets/socket_impact_deep.png,46b9d41d031815d3c48e9a68144a74554098355c91f041f3464681c395d524c6,ALL_ROWS,FAMILY_MASTER_REVIEWED_AND_CODE_MAPPED,APPROVED_FAMILY_RENDER,800,800,JPEG,80049,42003074fa18e5b5501c7e338aee96e2ddb03d2babec2bad63abe723e3bdd58e,"ONE socket only; six-point black impact finish; correct drive square; hex opening visible ; stamped/labelled sizes readable: 3/4in, 21mm ; house style holds (dark floor, orange rim glow, item fills ~75%, no text/people/price)",Family render; the catalogue code supplies the exact size/variant where the shared image does not visibly prove that marking.
COATES-K2-ROAD2-649-RETRACTION-RESOLVED-20260806-V2,Coates_K2_Road2_Retraction_Resolved_649_Thumbnails_002.zip,754,2,SOCKETIMPL-3/4-DR26MM,SOCKETIMPL-3_4-DR26MM.jpg,Socket - Impact - Long 26mm 3/4in Drive,Socket - impact long | Drive 3/4in | Mixed,"long deep black impact socket, 3/4-inch drive",3/4in | 26mm,HOUSE_RENDER_FAMILY,production/family_assets/socket_impact_deep.png,46b9d41d031815d3c48e9a68144a74554098355c91f041f3464681c395d524c6,ALL_ROWS,FAMILY_MASTER_REVIEWED_AND_CODE_MAPPED,APPROVED_FAMILY_RENDER,800,800,JPEG,80049,42003074fa18e5b5501c7e338aee96e2ddb03d2babec2bad63abe723e3bdd58e,"ONE socket only; six-point black impact finish; correct drive square; hex opening visible ; stamped/labelled sizes readable: 3/4in, 26mm ; house style holds (dark floor, orange rim glow, item fills ~75%, no text/people/price)",Family render; the catalogue code supplies the exact size/variant where the shared image does not visibly prove that marking.
COATES-K2-ROAD2-649-RETRACTION-RESOLVED-20260806-V2,Coates_K2_Road2_Retraction_Resolved_649_Thumbnails_002.zip,756,2,SOCKETIMPL-3/4-DR27MM,SOCKETIMPL-3_4-DR27MM.jpg,Socket - Impact - Long 27mm 3/4in Drive,Socket - impact long | Drive 3/4in | Mixed,"long deep black impact socket, 3/4-inch drive",3/4in | 27mm,HOUSE_RENDER_FAMILY,production/family_assets/socket_impact_deep.png,46b9d41d031815d3c48e9a68144a74554098355c91f041f3464681c395d524c6,ALL_ROWS,FAMILY_MASTER_REVIEWED_AND_CODE_MAPPED,APPROVED_FAMILY_RENDER,800,800,JPEG,80049,42003074fa18e5b5501c7e338aee96e2ddb03d2babec2bad63abe723e3bdd58e,"ONE socket only; six-point black impact finish; correct drive square; hex opening visible ; stamped/labelled sizes readable: 3/4in, 27mm ; house style holds (dark floor, orange rim glow, item fills ~75%, no text/people/price)",Family render; the catalogue code supplies the exact size/variant where the shared image does not visibly prove that marking.
COATES-K2-ROAD2-649-RETRACTION-RESOLVED-20260806-V2,Coates_K2_Road2_Retraction_Resolved_649_Thumbnails_002.zip,757,2,SOCKETIMPL-3/4-DR29MM,SOCKETIMPL-3_4-DR29MM.jpg,Socket - Impact - Long 29mm 3/4in Drive,Socket - impact long | Drive 3/4in | Mixed,"long deep black impact socket, 3/4-inch drive",3/4in | 29mm,HOUSE_RENDER_FAMILY,production/family_assets/socket_impact_deep.png,46b9d41d031815d3c48e9a68144a74554098355c91f041f3464681c395d524c6,ALL_ROWS,FAMILY_MASTER_REVIEWED_AND_CODE_MAPPED,APPROVED_FAMILY_RENDER,800,800,JPEG,80049,42003074fa18e5b5501c7e338aee96e2ddb03d2babec2bad63abe723e3bdd58e,"ONE socket only; six-point black impact finish; correct drive square; hex opening visible ; stamped/labelled sizes readable: 3/4in, 29mm ; house style holds (dark floor, orange rim glow, item fills ~75%, no text/people/price)",Family render; the catalogue code supplies the exact size/variant where the shared image does not visibly prove that marking.
COATES-K2-ROAD2-649-RETRACTION-RESOLVED-20260806-V2,Coates_K2_Road2_Retraction_Resolved_649_Thumbnails_002.zip,761,2,SOCKETIMPL-3/4-DR32MM,SOCKETIMPL-3_4-DR32MM.jpg,Socket - Impact - Long 32mm 3/4in Drive,Socket - impact long | Drive 3/4in | Mixed,"long deep black impact socket, 3/4-inch drive",3/4in | 32mm,HOUSE_RENDER_FAMILY,production/family_assets/socket_impact_deep.png,46b9d41d031815d3c48e9a68144a74554098355c91f041f3464681c395d524c6,ALL_ROWS,FAMILY_MASTER_REVIEWED_AND_CODE_MAPPED,APPROVED_FAMILY_RENDER,800,800,JPEG,80049,42003074fa18e5b5501c7e338aee96e2ddb03d2babec2bad63abe723e3bdd58e,"ONE socket only; six-point black impact finish; correct drive square; hex opening visible ; stamped/labelled sizes readable: 3/4in, 32mm ; house style holds (dark floor, orange rim glow, item fills ~75%, no text/people/price)",Family render; the catalogue code supplies the exact size/variant where the shared image does not visibly prove that marking.
COATES-K2-ROAD2-649-RETRACTION-RESOLVED-20260806-V2,Coates_K2_Road2_Retraction_Resolved_649_Thumbnails_002.zip,763,2,SOCKETIMPL-3/4-DR35MM,SOCKETIMPL-3_4-DR35MM.jpg,Socket - Impact - Long 35mm 3/4in Drive,Socket - impact long | Drive 3/4in | Mixed,"long deep black impact socket, 3/4-inch drive",3/4in | 35mm,HOUSE_RENDER_FAMILY,production/family_assets/socket_impact_deep.png,46b9d41d031815d3c48e9a68144a74554098355c91f041f3464681c395d524c6,ALL_ROWS,FAMILY_MASTER_REVIEWED_AND_CODE_MAPPED,APPROVED_FAMILY_RENDER,800,800,JPEG,80049,42003074fa18e5b5501c7e338aee96e2ddb03d2babec2bad63abe723e3bdd58e,"ONE socket only; six-point black impact finish; correct drive square; hex opening visible ; stamped/labelled sizes readable: 3/4in, 35mm ; house style holds (dark floor, orange rim glow, item fills ~75%, no text/people/price)",Family render; the catalogue code supplies the exact size/variant where the shared image does not visibly prove that marking.
COATES-K2-ROAD2-649-RETRACTION-RESOLVED-20260806-V2,Coates_K2_Road2_Retraction_Resolved_649_Thumbnails_002.zip,765,2,SOCKETIMPL-3/4-DR38MM,SOCKETIMPL-3_4-DR38MM.jpg,Socket - Impact - Long 38mm 3/4in Drive,Socket - impact long | Drive 3/4in | Mixed,"long deep black impact socket, 3/4-inch drive",3/4in | 38mm,HOUSE_RENDER_FAMILY,production/family_assets/socket_impact_deep.png,46b9d41d031815d3c48e9a68144a74554098355c91f041f3464681c395d524c6,ALL_ROWS,FAMILY_MASTER_REVIEWED_AND_CODE_MAPPED,APPROVED_FAMILY_RENDER,800,800,JPEG,80049,42003074fa18e5b5501c7e338aee96e2ddb03d2babec2bad63abe723e3bdd58e,"ONE socket only; six-point black impact finish; correct drive square; hex opening visible ; stamped/labelled sizes readable: 3/4in, 38mm ; house style holds (dark floor, orange rim glow, item fills ~75%, no text/people/price)",Family render; the catalogue code supplies the exact size/variant where the shared image does not visibly prove that marking.
COATES-K2-ROAD2-649-RETRACTION-RESOLVED-20260806-V2,Coates_K2_Road2_Retraction_Resolved_649_Thumbnails_002.zip,766,2,SOCKETIMPL-3/4-DR41MM,SOCKETIMPL-3_4-DR41MM.jpg,Socket - Impact - Long 41mm 3/4in Drive,Socket - impact long | Drive 3/4in | Mixed,"long deep black impact socket, 3/4-inch drive",3/4in | 41mm,HOUSE_RENDER_FAMILY,production/family_assets/socket_impact_deep.png,46b9d41d031815d3c48e9a68144a74554098355c91f041f3464681c395d524c6,ALL_ROWS,FAMILY_MASTER_REVIEWED_AND_CODE_MAPPED,APPROVED_FAMILY_RENDER,800,800,JPEG,80049,42003074fa18e5b5501c7e338aee96e2ddb03d2babec2bad63abe723e3bdd58e,"ONE socket only; six-point black impact finish; correct drive square; hex opening visible ; stamped/labelled sizes readable: 3/4in, 41mm ; house style holds (dark floor, orange rim glow, item fills ~75%, no text/people/price)",Family render; the catalogue code supplies the exact size/variant where the shared image does not visibly prove that marking.
COATES-K2-ROAD2-649-RETRACTION-RESOLVED-20260806-V2,Coates_K2_Road2_Retraction_Resolved_649_Thumbnails_002.zip,767,2,SOCKETIMPL-3/4-DR46MM,SOCKETIMPL-3_4-DR46MM.jpg,Socket - Impact - Long 46mm 3/4in Drive,Socket - impact long | Drive 3/4in | Mixed,"long deep black impact socket, 3/4-inch drive",3/4in | 46mm,HOUSE_RENDER_FAMILY,production/family_assets/socket_impact_deep.png,46b9d41d031815d3c48e9a68144a74554098355c91f041f3464681c395d524c6,ALL_ROWS,FAMILY_MASTER_REVIEWED_AND_CODE_MAPPED,APPROVED_FAMILY_RENDER,800,800,JPEG,80049,42003074fa18e5b5501c7e338aee96e2ddb03d2babec2bad63abe723e3bdd58e,"ONE socket only; six-point black impact finish; correct drive square; hex opening visible ; stamped/labelled sizes readable: 3/4in, 46mm ; house style holds (dark floor, orange rim glow, item fills ~75%, no text/people/price)",Family render; the catalogue code supplies the exact size/variant where the shared image does not visibly prove that marking.
COATES-K2-ROAD2-649-RETRACTION-RESOLVED-20260806-V2,Coates_K2_Road2_Retraction_Resolved_649_Thumbnails_002.zip,758,2,SOCKETIMPL1/2INDR30MM,SOCKETIMPL1_2INDR30MM.jpg,Socket - Impact - Long 30mm 1/2in Drive,Socket - impact long | Drive 1/2in | Mixed,"long deep black impact socket, 1/2-inch drive",1/2in | 30mm,HOUSE_RENDER_FAMILY,production/family_assets/socket_impact_deep.png,46b9d41d031815d3c48e9a68144a74554098355c91f041f3464681c395d524c6,ALL_ROWS,FAMILY_MASTER_REVIEWED_AND_CODE_MAPPED,APPROVED_FAMILY_RENDER,800,800,JPEG,80049,42003074fa18e5b5501c7e338aee96e2ddb03d2babec2bad63abe723e3bdd58e,"ONE socket only; six-point black impact finish; correct drive square; hex opening visible ; stamped/labelled sizes readable: 1/2in, 30mm ; house style holds (dark floor, orange rim glow, item fills ~75%, no text/people/price)",Family render; the catalogue code supplies the exact size/variant where the shared image does not visibly prove that marking.
COATES-K2-ROAD2-649-RETRACTION-RESOLVED-20260806-V2,Coates_K2_Road2_Retraction_Resolved_649_Thumbnails_002.zip,768,2,SOCKETIMPL1INDR50MM,SOCKETIMPL1INDR50MM.jpg,Socket - Impact - Long 50mm 1in Drive,Socket - impact long | Drive 1in | Mixed,"long deep black impact socket, 1-inch drive",1in | 50mm,HOUSE_RENDER_FAMILY,production/family_assets/socket_impact_deep.png,46b9d41d031815d3c48e9a68144a74554098355c91f041f3464681c395d524c6,ALL_ROWS,FAMILY_MASTER_REVIEWED_AND_CODE_MAPPED,APPROVED_FAMILY_RENDER,800,800,JPEG,80049,42003074fa18e5b5501c7e338aee96e2ddb03d2babec2bad63abe723e3bdd58e,"ONE socket only; six-point black impact finish; correct drive square; hex opening visible ; stamped/labelled sizes readable: 1in, 50mm ; house style holds (dark floor, orange rim glow, item fills ~75%, no text/people/price)",Family render; the catalogue code supplies the exact size/variant where the shared image does not visibly prove that marking.
COATES-K2-ROAD2-649-RETRACTION-RESOLVED-20260806-V2,Coates_K2_Road2_Retraction_Resolved_649_Thumbnails_002.zip,770,2,SOCKETIMPL1INDR60MM,SOCKETIMPL1INDR60MM.jpg,Socket - Impact - Long 60mm 1in Drive,Socket - impact long | Drive 1in | Mixed,"long deep black impact socket, 1-inch drive",1in | 60mm,HOUSE_RENDER_FAMILY,production/family_assets/socket_impact_deep.png,46b9d41d031815d3c48e9a68144a74554098355c91f041f3464681c395d524c6,ALL_ROWS,FAMILY_MASTER_REVIEWED_AND_CODE_MAPPED,APPROVED_FAMILY_RENDER,800,800,JPEG,80049,42003074fa18e5b5501c7e338aee96e2ddb03d2babec2bad63abe723e3bdd58e,"ONE socket only; six-point black impact finish; correct drive square; hex opening visible ; stamped/labelled sizes readable: 1in, 60mm ; house style holds (dark floor, orange rim glow, item fills ~75%, no text/people/price)",Family render; the catalogue code supplies the exact size/variant where the shared image does not visibly prove that marking.
COATES-K2-ROAD2-649-RETRACTION-RESOLVED-20260806-V2,Coates_K2_Road2_Retraction_Resolved_649_Thumbnails_002.zip,742,2,SOCKETIMPLG-1-DR1-1/4,SOCKETIMPLG-1-DR1-1_4.jpg,Socket - Impact - Long 1-1/4-1in Drive,Socket - impact long | Drive 1in | Imperial,"long deep black impact socket, 1-inch drive",1in,HOUSE_RENDER_FAMILY,production/family_assets/socket_impact_deep.png,46b9d41d031815d3c48e9a68144a74554098355c91f041f3464681c395d524c6,ALL_ROWS,FAMILY_MASTER_REVIEWED_AND_CODE_MAPPED,APPROVED_FAMILY_RENDER,800,800,JPEG,80049,42003074fa18e5b5501c7e338aee96e2ddb03d2babec2bad63abe723e3bdd58e,"ONE socket only; six-point black impact finish; correct drive square; hex opening visible ; stamped/labelled sizes readable: 1in ; house style holds (dark floor, orange rim glow, item fills ~75%, no text/people/price)",Family render; the catalogue code supplies the exact size/variant where the shared image does not visibly prove that marking.
COATES-K2-ROAD2-649-RETRACTION-RESOLVED-20260806-V2,Coates_K2_Road2_Retraction_Resolved_649_Thumbnails_002.zip,741,2,SOCKETIMPLG-1/2-DR1-1/4,SOCKETIMPLG-1_2-DR1-1_4.jpg,Socket - Impact - Long 1-1/4-1/2in Drive,Socket - impact long | Drive 4 1/2in | Imperial,"long deep black impact socket, 1/2-inch drive",1/2in,HOUSE_RENDER_FAMILY,production/family_assets/socket_impact_deep.png,46b9d41d031815d3c48e9a68144a74554098355c91f041f3464681c395d524c6,ALL_ROWS,FAMILY_MASTER_REVIEWED_AND_CODE_MAPPED,APPROVED_FAMILY_RENDER,800,800,JPEG,80049,42003074fa18e5b5501c7e338aee96e2ddb03d2babec2bad63abe723e3bdd58e,"ONE socket only; six-point black impact finish; correct drive square; hex opening visible ; stamped/labelled sizes readable: 1/2in ; house style holds (dark floor, orange rim glow, item fills ~75%, no text/people/price)",Family render; the catalogue code supplies the exact size/variant where the shared image does not visibly prove that marking.
COATES-K2-ROAD2-649-RETRACTION-RESOLVED-20260806-V2,Coates_K2_Road2_Retraction_Resolved_649_Thumbnails_002.zip,771,2,SOCKETIMPLG-1/2-DR9/16,SOCKETIMPLG-1_2-DR9_16.jpg,Socket - Impact - Long 9/16-1/2in Drive,Socket - impact long | Drive 16 1/2in | Imperial,"long deep black impact socket, 1/2-inch drive",1/2in,HOUSE_RENDER_FAMILY,production/family_assets/socket_impact_deep.png,46b9d41d031815d3c48e9a68144a74554098355c91f041f3464681c395d524c6,ALL_ROWS,FAMILY_MASTER_REVIEWED_AND_CODE_MAPPED,APPROVED_FAMILY_RENDER,800,800,JPEG,80049,42003074fa18e5b5501c7e338aee96e2ddb03d2babec2bad63abe723e3bdd58e,"ONE socket only; six-point black impact finish; correct drive square; hex opening visible ; stamped/labelled sizes readable: 1/2in ; house style holds (dark floor, orange rim glow, item fills ~75%, no text/people/price)",Family render; the catalogue code supplies the exact size/variant where the shared image does not visibly prove that marking.
COATES-K2-ROAD2-649-RETRACTION-RESOLVED-20260806-V2,Coates_K2_Road2_Retraction_Resolved_649_Thumbnails_002.zip,740,2,SOCKETIMPLG-3/4-DR1-1/16,SOCKETIMPLG-3_4-DR1-1_16.jpg,Socket - Impact - Long 1-1/16-3/4in Drive,Socket - impact long | Drive 16 3/4in | Imperial,"long deep black impact socket, 3/4-inch drive",3/4in,HOUSE_RENDER_FAMILY,production/family_assets/socket_impact_deep.png,46b9d41d031815d3c48e9a68144a74554098355c91f041f3464681c395d524c6,ALL_ROWS,FAMILY_MASTER_REVIEWED_AND_CODE_MAPPED,APPROVED_FAMILY_RENDER,800,800,JPEG,80049,42003074fa18e5b5501c7e338aee96e2ddb03d2babec2bad63abe723e3bdd58e,"ONE socket only; six-point black impact finish; correct drive square; hex opening visible ; stamped/labelled sizes readable: 3/4in ; house style holds (dark floor, orange rim glow, item fills ~75%, no text/people/price)",Family render; the catalogue code supplies the exact size/variant where the shared image does not visibly prove that marking.
COATES-K2-ROAD2-649-RETRACTION-RESOLVED-20260806-V2,Coates_K2_Road2_Retraction_Resolved_649_Thumbnails_002.zip,744,2,SOCKETIMPLG-3/4-DR1-3/4,SOCKETIMPLG-3_4-DR1-3_4.jpg,Socket - Impact - Long 1-3/4-3/4in Drive,Socket - impact long | Drive 4 3/4in | Imperial,"long deep black impact socket, 3/4-inch drive",3/4in,HOUSE_RENDER_FAMILY,production/family_assets/socket_impact_deep.png,46b9d41d031815d3c48e9a68144a74554098355c91f041f3464681c395d524c6,ALL_ROWS,FAMILY_MASTER_REVIEWED_AND_CODE_MAPPED,APPROVED_FAMILY_RENDER,800,800,JPEG,80049,42003074fa18e5b5501c7e338aee96e2ddb03d2babec2bad63abe723e3bdd58e,"ONE socket only; six-point black impact finish; correct drive square; hex opening visible ; stamped/labelled sizes readable: 3/4in ; house style holds (dark floor, orange rim glow, item fills ~75%, no text/people/price)",Family render; the catalogue code supplies the exact size/variant where the shared image does not visibly prove that marking.
COATES-K2-ROAD2-649-RETRACTION-RESOLVED-20260806-V2,Coates_K2_Road2_Retraction_Resolved_649_Thumbnails_002.zip,743,2,SOCKETIMPLG1-1/4IN3/4IND,SOCKETIMPLG1-1_4IN3_4IND.jpg,Socket - Impact - Long 1-1/4in 3/4in Drive,Socket - impact long | Drive 3/4in | Imperial,"long deep black impact socket, 3/4-inch drive",1/4in | 3/4in,HOUSE_RENDER_FAMILY,production/family_assets/socket_impact_deep.png,46b9d41d031815d3c48e9a68144a74554098355c91f041f3464681c395d524c6,ALL_ROWS,FAMILY_MASTER_REVIEWED_AND_CODE_MAPPED,APPROVED_FAMILY_RENDER,800,800,JPEG,80049,42003074fa18e5b5501c7e338aee96e2ddb03d2babec2bad63abe723e3bdd58e,"ONE socket only; six-point black impact finish; correct drive square; hex opening visible ; stamped/labelled sizes readable: 1/4in, 3/4in ; house style holds (dark floor, orange rim glow, item fills ~75%, no text/people/price)",Family render; the catalogue code supplies the exact size/variant where the shared image does not visibly prove that marking.
COATES-K2-ROAD2-649-RETRACTION-RESOLVED-20260806-V2,Coates_K2_Road2_Retraction_Resolved_649_Thumbnails_002.zip,745,2,SOCKETIMPLG1-7/16IN3/4IND,SOCKETIMPLG1-7_16IN3_4IND.jpg,Socket - Impact - Long 1-7/16in 3/4in Drive,Socket - impact long | Drive 3/4in | Imperial,"long deep black impact socket, 3/4-inch drive",7/16in | 3/4in,HOUSE_RENDER_FAMILY,production/family_assets/socket_impact_deep.png,46b9d41d031815d3c48e9a68144a74554098355c91f041f3464681c395d524c6,ALL_ROWS,FAMILY_MASTER_REVIEWED_AND_CODE_MAPPED,APPROVED_FAMILY_RENDER,800,800,JPEG,80049,42003074fa18e5b5501c7e338aee96e2ddb03d2babec2bad63abe723e3bdd58e,"ONE socket only; six-point black impact finish; correct drive square; hex opening visible ; stamped/labelled sizes readable: 7/16in, 3/4in ; house style holds (dark floor, orange rim glow, item fills ~75%, no text/people/price)",Family render; the catalogue code supplies the exact size/variant where the shared image does not visibly prove that marking.
COATES-K2-ROAD2-649-RETRACTION-RESOLVED-20260806-V2,Coates_K2_Road2_Retraction_Resolved_649_Thumbnails_002.zip,753,2,SOCKETIMPLONG24MM3/4INDR,SOCKETIMPLONG24MM3_4INDR.jpg,Socket - Impact - Long 24mm 3/4in Dr,Socket - impact long | Drive 3/4in | Mixed,"long deep black impact socket, 3/4-inch drive",3/4in | 24mm,HOUSE_RENDER_FAMILY,production/family_assets/socket_impact_deep.png,46b9d41d031815d3c48e9a68144a74554098355c91f041f3464681c395d524c6,ALL_ROWS,FAMILY_MASTER_REVIEWED_AND_CODE_MAPPED,APPROVED_FAMILY_RENDER,800,800,JPEG,80049,42003074fa18e5b5501c7e338aee96e2ddb03d2babec2bad63abe723e3bdd58e,"ONE socket only; six-point black impact finish; correct drive square; hex opening visible ; stamped/labelled sizes readable: 3/4in, 24mm ; house style holds (dark floor, orange rim glow, item fills ~75%, no text/people/price)",Family render; the catalogue code supplies the exact size/variant where the shared image does not visibly prove that marking.
COATES-K2-ROAD2-649-RETRACTION-RESOLVED-20260806-V2,Coates_K2_Road2_Retraction_Resolved_649_Thumbnails_002.zip,759,2,SOCKETIMPLONG30MM3/4INDR,SOCKETIMPLONG30MM3_4INDR.jpg,Socket - Impact - Long 30mm 3/4in Dr,Socket - impact long | Drive 3/4in | Mixed,"long deep black impact socket, 3/4-inch drive",3/4in | 30mm,HOUSE_RENDER_FAMILY,production/family_assets/socket_impact_deep.png,46b9d41d031815d3c48e9a68144a74554098355c91f041f3464681c395d524c6,ALL_ROWS,FAMILY_MASTER_REVIEWED_AND_CODE_MAPPED,APPROVED_FAMILY_RENDER,800,800,JPEG,80049,42003074fa18e5b5501c7e338aee96e2ddb03d2babec2bad63abe723e3bdd58e,"ONE socket only; six-point black impact finish; correct drive square; hex opening visible ; stamped/labelled sizes readable: 3/4in, 30mm ; house style holds (dark floor, orange rim glow, item fills ~75%, no text/people/price)",Family render; the catalogue code supplies the exact size/variant where the shared image does not visibly prove that marking.
COATES-K2-ROAD2-649-RETRACTION-RESOLVED-20260806-V2,Coates_K2_Road2_Retraction_Resolved_649_Thumbnails_002.zip,764,2,SOCKETIMPLONG36MM3/4INDR,SOCKETIMPLONG36MM3_4INDR.jpg,Socket - Impact - Long 36mm 3/4in Dr,Socket - impact long | Drive 3/4in | Mixed,"long deep black impact socket, 3/4-inch drive",3/4in | 36mm,HOUSE_RENDER_FAMILY,production/family_assets/socket_impact_deep.png,46b9d41d031815d3c48e9a68144a74554098355c91f041f3464681c395d524c6,ALL_ROWS,FAMILY_MASTER_REVIEWED_AND_CODE_MAPPED,APPROVED_FAMILY_RENDER,800,800,JPEG,80049,42003074fa18e5b5501c7e338aee96e2ddb03d2babec2bad63abe723e3bdd58e,"ONE socket only; six-point black impact finish; correct drive square; hex opening visible ; stamped/labelled sizes readable: 3/4in, 36mm ; house style holds (dark floor, orange rim glow, item fills ~75%, no text/people/price)",Family render; the catalogue code supplies the exact size/variant where the shared image does not visibly prove that marking.
COATES-K2-ROAD2-649-RETRACTION-RESOLVED-20260806-V2,Coates_K2_Road2_Retraction_Resolved_649_Thumbnails_002.zip,426,2,SOCKETINHEX10MM12INDRIVE,SOCKETINHEX10MM12INDRIVE.jpg,Socket - Inhex -10MM-1/2in Drive,Socket - inhex | Drive 1/2in | Mixed,"black inhex bit socket, 1/2-inch drive",1/2in | 10mm,HOUSE_RENDER_FAMILY,production/family_assets/socket_inhex.png,a26e49bba1790cacfd99649f43163e2d5820af23d151230c605976a6c5be5d49,ALL_ROWS,FAMILY_MASTER_REVIEWED_AND_CODE_MAPPED,APPROVED_FAMILY_RENDER,800,800,JPEG,72895,8958b518d16500ade2699cc299ceb594885f92273218956a848235bf3c47ba75,"ONE socket only; six-point black impact finish; correct drive square; hex opening visible ; stamped/labelled sizes readable: 1/2in, 10mm ; house style holds (dark floor, orange rim glow, item fills ~75%, no text/people/price)",Family render; the catalogue code supplies the exact size/variant where the shared image does not visibly prove that marking.
COATES-K2-ROAD2-649-RETRACTION-RESOLVED-20260806-V2,Coates_K2_Road2_Retraction_Resolved_649_Thumbnails_002.zip,422,2,SOCKETINHEX1212INDRIVE,SOCKETINHEX1212INDRIVE.jpg,"Socket - Inhex -1/2""-1/2in Drive",Socket - inhex | Drive 1/2in | Imperial,"black inhex bit socket, 1/2-inch drive","1/2"" | 1/2in",HOUSE_RENDER_FAMILY,production/family_assets/socket_inhex.png,a26e49bba1790cacfd99649f43163e2d5820af23d151230c605976a6c5be5d49,ALL_ROWS,FAMILY_MASTER_REVIEWED_AND_CODE_MAPPED,APPROVED_FAMILY_RENDER,800,800,JPEG,72895,8958b518d16500ade2699cc299ceb594885f92273218956a848235bf3c47ba75,"ONE socket only; six-point black impact finish; correct drive square; hex opening visible ; stamped/labelled sizes readable: 1/2"", 1/2in ; house style holds (dark floor, orange rim glow, item fills ~75%, no text/people/price)",Family render; the catalogue code supplies the exact size/variant where the shared image does not visibly prove that marking.
COATES-K2-ROAD2-649-RETRACTION-RESOLVED-20260806-V2,Coates_K2_Road2_Retraction_Resolved_649_Thumbnails_002.zip,394,2,SOCKETINHEX12IN34INDRIVE,SOCKETINHEX12IN34INDRIVE.jpg,Socket - Inhex - 1/2in -3/4in Drive,Socket - inhex | Drive 3/4in | Imperial,"black inhex bit socket, 3/4-inch drive",1/2in | 3/4in,HOUSE_RENDER_FAMILY,production/family_assets/socket_inhex.png,a26e49bba1790cacfd99649f43163e2d5820af23d151230c605976a6c5be5d49,ALL_ROWS,FAMILY_MASTER_REVIEWED_AND_CODE_MAPPED,APPROVED_FAMILY_RENDER,800,800,JPEG,72895,8958b518d16500ade2699cc299ceb594885f92273218956a848235bf3c47ba75,"ONE socket only; six-point black impact finish; correct drive square; hex opening visible ; stamped/labelled sizes readable: 1/2in, 3/4in ; house style holds (dark floor, orange rim glow, item fills ~75%, no text/people/price)",Family render; the catalogue code supplies the exact size/variant where the shared image does not visibly prove that marking.
COATES-K2-ROAD2-649-RETRACTION-RESOLVED-20260806-V2,Coates_K2_Road2_Retraction_Resolved_649_Thumbnails_002.zip,428,2,SOCKETINHEX12MM12INDRIVE,SOCKETINHEX12MM12INDRIVE.jpg,Socket - Inhex -12MM-1/2in Drive,Socket - inhex | Drive 1/2in | Mixed,"black inhex bit socket, 1/2-inch drive",1/2in | 12mm,HOUSE_RENDER_FAMILY,production/family_assets/socket_inhex.png,a26e49bba1790cacfd99649f43163e2d5820af23d151230c605976a6c5be5d49,ALL_ROWS,FAMILY_MASTER_REVIEWED_AND_CODE_MAPPED,APPROVED_FAMILY_RENDER,800,800,JPEG,72895,8958b518d16500ade2699cc299ceb594885f92273218956a848235bf3c47ba75,"ONE socket only; six-point black impact finish; correct drive square; hex opening visible ; stamped/labelled sizes readable: 1/2in, 12mm ; house style holds (dark floor, orange rim glow, item fills ~75%, no text/people/price)",Family render; the catalogue code supplies the exact size/variant where the shared image does not visibly prove that marking.
COATES-K2-ROAD2-649-RETRACTION-RESOLVED-20260806-V2,Coates_K2_Road2_Retraction_Resolved_649_Thumbnails_002.zip,396,2,SOCKETINHEX12MM34INDRIVE,SOCKETINHEX12MM34INDRIVE.jpg,Socket - Inhex - 12MM -3/4in Drive,Socket - inhex | Drive 3/4in | Mixed,"black inhex bit socket, 3/4-inch drive",3/4in | 12mm,HOUSE_RENDER_FAMILY,production/family_assets/socket_inhex.png,a26e49bba1790cacfd99649f43163e2d5820af23d151230c605976a6c5be5d49,ALL_ROWS,FAMILY_MASTER_REVIEWED_AND_CODE_MAPPED,APPROVED_FAMILY_RENDER,800,800,JPEG,72895,8958b518d16500ade2699cc299ceb594885f92273218956a848235bf3c47ba75,"ONE socket only; six-point black impact finish; correct drive square; hex opening visible ; stamped/labelled sizes readable: 3/4in, 12mm ; house style holds (dark floor, orange rim glow, item fills ~75%, no text/people/price)",Family render; the catalogue code supplies the exact size/variant where the shared image does not visibly prove that marking.
COATES-K2-ROAD2-649-RETRACTION-RESOLVED-20260806-V2,Coates_K2_Road2_Retraction_Resolved_649_Thumbnails_002.zip,424,2,SOCKETINHEX1412INDRIVE,SOCKETINHEX1412INDRIVE.jpg,"Socket - Inhex -1/4""-1/2in Drive",Socket - inhex | Drive 1/2in | Imperial,"black inhex bit socket, 1/2-inch drive","1/4"" | 1/2in",HOUSE_RENDER_FAMILY,production/family_assets/socket_inhex.png,a26e49bba1790cacfd99649f43163e2d5820af23d151230c605976a6c5be5d49,ALL_ROWS,FAMILY_MASTER_REVIEWED_AND_CODE_MAPPED,APPROVED_FAMILY_RENDER,800,800,JPEG,72895,8958b518d16500ade2699cc299ceb594885f92273218956a848235bf3c47ba75,"ONE socket only; six-point black impact finish; correct drive square; hex opening visible ; stamped/labelled sizes readable: 1/4"", 1/2in ; house style holds (dark floor, orange rim glow, item fills ~75%, no text/people/price)",Family render; the catalogue code supplies the exact size/variant where the shared image does not visibly prove that marking.
COATES-K2-ROAD2-649-RETRACTION-RESOLVED-20260806-V2,Coates_K2_Road2_Retraction_Resolved_649_Thumbnails_002.zip,430,2,SOCKETINHEX14MM12INDRIVE,SOCKETINHEX14MM12INDRIVE.jpg,Socket - Inhex -14MM-1/2in Drive,Socket - inhex | Drive 1/2in | Mixed,"black inhex bit socket, 1/2-inch drive",1/2in | 14mm,HOUSE_RENDER_FAMILY,production/family_assets/socket_inhex.png,a26e49bba1790cacfd99649f43163e2d5820af23d151230c605976a6c5be5d49,ALL_ROWS,FAMILY_MASTER_REVIEWED_AND_CODE_MAPPED,APPROVED_FAMILY_RENDER,800,800,JPEG,72895,8958b518d16500ade2699cc299ceb594885f92273218956a848235bf3c47ba75,"ONE socket only; six-point black impact finish; correct drive square; hex opening visible ; stamped/labelled sizes readable: 1/2in, 14mm ; house style holds (dark floor, orange rim glow, item fills ~75%, no text/people/price)",Family render; the catalogue code supplies the exact size/variant where the shared image does not visibly prove that marking.
COATES-K2-ROAD2-649-RETRACTION-RESOLVED-20260806-V2,Coates_K2_Road2_Retraction_Resolved_649_Thumbnails_002.zip,398,2,SOCKETINHEX14MM34INDRIVE,SOCKETINHEX14MM34INDRIVE.jpg,Socket - Inhex - 14MM -3/4in Drive,Socket - inhex | Drive 3/4in | Mixed,"black inhex bit socket, 3/4-inch drive",3/4in | 14mm,HOUSE_RENDER_FAMILY,production/family_assets/socket_inhex.png,a26e49bba1790cacfd99649f43163e2d5820af23d151230c605976a6c5be5d49,ALL_ROWS,FAMILY_MASTER_REVIEWED_AND_CODE_MAPPED,APPROVED_FAMILY_RENDER,800,800,JPEG,72895,8958b518d16500ade2699cc299ceb594885f92273218956a848235bf3c47ba75,"ONE socket only; six-point black impact finish; correct drive square; hex opening visible ; stamped/labelled sizes readable: 3/4in, 14mm ; house style holds (dark floor, orange rim glow, item fills ~75%, no text/people/price)",Family render; the catalogue code supplies the exact size/variant where the shared image does not visibly prove that marking.
COATES-K2-ROAD2-649-RETRACTION-RESOLVED-20260806-V2,Coates_K2_Road2_Retraction_Resolved_649_Thumbnails_002.zip,400,2,SOCKETINHEX15MM12INDRIVE,SOCKETINHEX15MM12INDRIVE.jpg,Socket - Inhex - 15MM -1/2in Drive,Socket - inhex | Drive 1/2in | Mixed,"black inhex bit socket, 1/2-inch drive",1/2in | 15mm,HOUSE_RENDER_FAMILY,production/family_assets/socket_inhex.png,a26e49bba1790cacfd99649f43163e2d5820af23d151230c605976a6c5be5d49,ALL_ROWS,FAMILY_MASTER_REVIEWED_AND_CODE_MAPPED,APPROVED_FAMILY_RENDER,800,800,JPEG,72895,8958b518d16500ade2699cc299ceb594885f92273218956a848235bf3c47ba75,"ONE socket only; six-point black impact finish; correct drive square; hex opening visible ; stamped/labelled sizes readable: 1/2in, 15mm ; house style holds (dark floor, orange rim glow, item fills ~75%, no text/people/price)",Family render; the catalogue code supplies the exact size/variant where the shared image does not visibly prove that marking.
COATES-K2-ROAD2-649-RETRACTION-RESOLVED-20260806-V2,Coates_K2_Road2_Retraction_Resolved_649_Thumbnails_002.zip,432,2,SOCKETINHEX17MM12INDRIVE,SOCKETINHEX17MM12INDRIVE.jpg,Socket - Inhex -17MM-1/2in Drive,Socket - inhex | Drive 1/2in | Mixed,"black inhex bit socket, 1/2-inch drive",1/2in | 17mm,HOUSE_RENDER_FAMILY,production/family_assets/socket_inhex.png,a26e49bba1790cacfd99649f43163e2d5820af23d151230c605976a6c5be5d49,ALL_ROWS,FAMILY_MASTER_REVIEWED_AND_CODE_MAPPED,APPROVED_FAMILY_RENDER,800,800,JPEG,72895,8958b518d16500ade2699cc299ceb594885f92273218956a848235bf3c47ba75,"ONE socket only; six-point black impact finish; correct drive square; hex opening visible ; stamped/labelled sizes readable: 1/2in, 17mm ; house style holds (dark floor, orange rim glow, item fills ~75%, no text/people/price)",Family render; the catalogue code supplies the exact size/variant where the shared image does not visibly prove that marking.
COATES-K2-ROAD2-649-RETRACTION-RESOLVED-20260806-V2,Coates_K2_Road2_Retraction_Resolved_649_Thumbnails_002.zip,402,2,SOCKETINHEX17MM34INDRIVE,SOCKETINHEX17MM34INDRIVE.jpg,Socket - Inhex - 17MM -3/4in Drive,Socket - inhex | Drive 3/4in | Mixed,"black inhex bit socket, 3/4-inch drive",3/4in | 17mm,HOUSE_RENDER_FAMILY,production/family_assets/socket_inhex.png,a26e49bba1790cacfd99649f43163e2d5820af23d151230c605976a6c5be5d49,ALL_ROWS,FAMILY_MASTER_REVIEWED_AND_CODE_MAPPED,APPROVED_FAMILY_RENDER,800,800,JPEG,72895,8958b518d16500ade2699cc299ceb594885f92273218956a848235bf3c47ba75,"ONE socket only; six-point black impact finish; correct drive square; hex opening visible ; stamped/labelled sizes readable: 3/4in, 17mm ; house style holds (dark floor, orange rim glow, item fills ~75%, no text/people/price)",Family render; the catalogue code supplies the exact size/variant where the shared image does not visibly prove that marking.
COATES-K2-ROAD2-649-RETRACTION-RESOLVED-20260806-V2,Coates_K2_Road2_Retraction_Resolved_649_Thumbnails_002.zip,404,2,SOCKETINHEX18MM12INDRIVE,SOCKETINHEX18MM12INDRIVE.jpg,Socket - Inhex - 18MM -1/2in Drive,Socket - inhex | Drive 1/2in | Mixed,"black inhex bit socket, 1/2-inch drive",1/2in | 18mm,HOUSE_RENDER_FAMILY,production/family_assets/socket_inhex.png,a26e49bba1790cacfd99649f43163e2d5820af23d151230c605976a6c5be5d49,ALL_ROWS,FAMILY_MASTER_REVIEWED_AND_CODE_MAPPED,APPROVED_FAMILY_RENDER,800,800,JPEG,72895,8958b518d16500ade2699cc299ceb594885f92273218956a848235bf3c47ba75,"ONE socket only; six-point black impact finish; correct drive square; hex opening visible ; stamped/labelled sizes readable: 1/2in, 18mm ; house style holds (dark floor, orange rim glow, item fills ~75%, no text/people/price)",Family render; the catalogue code supplies the exact size/variant where the shared image does not visibly prove that marking.
COATES-K2-ROAD2-649-RETRACTION-RESOLVED-20260806-V2,Coates_K2_Road2_Retraction_Resolved_649_Thumbnails_002.zip,434,2,SOCKETINHEX19MM12INDRIVE,SOCKETINHEX19MM12INDRIVE.jpg,Socket - Inhex -19MM-1/2in Drive,Socket - inhex | Drive 1/2in | Mixed,"black inhex bit socket, 1/2-inch drive",1/2in | 19mm,HOUSE_RENDER_FAMILY,production/family_assets/socket_inhex.png,a26e49bba1790cacfd99649f43163e2d5820af23d151230c605976a6c5be5d49,ALL_ROWS,FAMILY_MASTER_REVIEWED_AND_CODE_MAPPED,APPROVED_FAMILY_RENDER,800,800,JPEG,72895,8958b518d16500ade2699cc299ceb594885f92273218956a848235bf3c47ba75,"ONE socket only; six-point black impact finish; correct drive square; hex opening visible ; stamped/labelled sizes readable: 1/2in, 19mm ; house style holds (dark floor, orange rim glow, item fills ~75%, no text/people/price)",Family render; the catalogue code supplies the exact size/variant where the shared image does not visibly prove that marking.
COATES-K2-ROAD2-649-RETRACTION-RESOLVED-20260806-V2,Coates_K2_Road2_Retraction_Resolved_649_Thumbnails_002.zip,406,2,SOCKETINHEX19MM34INDRIVE,SOCKETINHEX19MM34INDRIVE.jpg,Socket - Inhex - 19MM -3/4in Drive,Socket - inhex | Drive 3/4in | Mixed,"black inhex bit socket, 3/4-inch drive",3/4in | 19mm,HOUSE_RENDER_FAMILY,production/family_assets/socket_inhex.png,a26e49bba1790cacfd99649f43163e2d5820af23d151230c605976a6c5be5d49,ALL_ROWS,FAMILY_MASTER_REVIEWED_AND_CODE_MAPPED,APPROVED_FAMILY_RENDER,800,800,JPEG,72895,8958b518d16500ade2699cc299ceb594885f92273218956a848235bf3c47ba75,"ONE socket only; six-point black impact finish; correct drive square; hex opening visible ; stamped/labelled sizes readable: 3/4in, 19mm ; house style holds (dark floor, orange rim glow, item fills ~75%, no text/people/price)",Family render; the catalogue code supplies the exact size/variant where the shared image does not visibly prove that marking.
COATES-K2-ROAD2-649-RETRACTION-RESOLVED-20260806-V2,Coates_K2_Road2_Retraction_Resolved_649_Thumbnails_002.zip,781,2,SOCKETINHEX1/2-1/2,SOCKETINHEX1_2-1_2.jpg,Socket - Inhex - 1/2in -1/2in Drive,Socket - inhex | Drive 1/2in | Imperial,"black inhex bit socket, 1/2-inch drive",1/2in,HOUSE_RENDER_FAMILY,production/family_assets/socket_inhex.png,a26e49bba1790cacfd99649f43163e2d5820af23d151230c605976a6c5be5d49,ALL_ROWS,FAMILY_MASTER_REVIEWED_AND_CODE_MAPPED,APPROVED_FAMILY_RENDER,800,800,JPEG,72895,8958b518d16500ade2699cc299ceb594885f92273218956a848235bf3c47ba75,"ONE socket only; six-point black impact finish; correct drive square; hex opening visible ; stamped/labelled sizes readable: 1/2in ; house style holds (dark floor, orange rim glow, item fills ~75%, no text/people/price)",Family render; the catalogue code supplies the exact size/variant where the shared image does not visibly prove that marking.
COATES-K2-ROAD2-649-RETRACTION-RESOLVED-20260806-V2,Coates_K2_Road2_Retraction_Resolved_649_Thumbnails_002.zip,408,2,SOCKETINHEX1IN34INDRIVE,SOCKETINHEX1IN34INDRIVE.jpg,Socket - Inhex - 1in -3/4in Drive,Socket - inhex | Drive 3/4in | Imperial,"black inhex bit socket, 3/4-inch drive",3/4in | 1in,HOUSE_RENDER_FAMILY,production/family_assets/socket_inhex.png,a26e49bba1790cacfd99649f43163e2d5820af23d151230c605976a6c5be5d49,ALL_ROWS,FAMILY_MASTER_REVIEWED_AND_CODE_MAPPED,APPROVED_FAMILY_RENDER,800,800,JPEG,72895,8958b518d16500ade2699cc299ceb594885f92273218956a848235bf3c47ba75,"ONE socket only; six-point black impact finish; correct drive square; hex opening visible ; stamped/labelled sizes readable: 3/4in, 1in ; house style holds (dark floor, orange rim glow, item fills ~75%, no text/people/price)",Family render; the catalogue code supplies the exact size/variant where the shared image does not visibly prove that marking.
COATES-K2-ROAD2-649-RETRACTION-RESOLVED-20260806-V2,Coates_K2_Road2_Retraction_Resolved_649_Thumbnails_002.zip,410,2,SOCKETINHEX22MM34INDRIVE,SOCKETINHEX22MM34INDRIVE.jpg,Socket - Inhex - 22MM -3/4in Drive,Socket - inhex | Drive 3/4in | Mixed,"black inhex bit socket, 3/4-inch drive",3/4in | 22mm,HOUSE_RENDER_FAMILY,production/family_assets/socket_inhex.png,a26e49bba1790cacfd99649f43163e2d5820af23d151230c605976a6c5be5d49,ALL_ROWS,FAMILY_MASTER_REVIEWED_AND_CODE_MAPPED,APPROVED_FAMILY_RENDER,800,800,JPEG,72895,8958b518d16500ade2699cc299ceb594885f92273218956a848235bf3c47ba75,"ONE socket only; six-point black impact finish; correct drive square; hex opening visible ; stamped/labelled sizes readable: 3/4in, 22mm ; house style holds (dark floor, orange rim glow, item fills ~75%, no text/people/price)",Family render; the catalogue code supplies the exact size/variant where the shared image does not visibly prove that marking.
COATES-K2-ROAD2-649-RETRACTION-RESOLVED-20260806-V2,Coates_K2_Road2_Retraction_Resolved_649_Thumbnails_002.zip,412,2,SOCKETINHEX24MM34INDRIVE,SOCKETINHEX24MM34INDRIVE.jpg,Socket - Inhex - 24MM -3/4in Drive,Socket - inhex | Drive 3/4in | Mixed,"black inhex bit socket, 3/4-inch drive",3/4in | 24mm,HOUSE_RENDER_FAMILY,production/family_assets/socket_inhex.png,a26e49bba1790cacfd99649f43163e2d5820af23d151230c605976a6c5be5d49,ALL_ROWS,FAMILY_MASTER_REVIEWED_AND_CODE_MAPPED,APPROVED_FAMILY_RENDER,800,800,JPEG,72895,8958b518d16500ade2699cc299ceb594885f92273218956a848235bf3c47ba75,"ONE socket only; six-point black impact finish; correct drive square; hex opening visible ; stamped/labelled sizes readable: 3/4in, 24mm ; house style holds (dark floor, orange rim glow, item fills ~75%, no text/people/price)",Family render; the catalogue code supplies the exact size/variant where the shared image does not visibly prove that marking.
COATES-K2-ROAD2-649-RETRACTION-RESOLVED-20260806-V2,Coates_K2_Road2_Retraction_Resolved_649_Thumbnails_002.zip,436,2,SOCKETINHEX3412INDRIVE,SOCKETINHEX3412INDRIVE.jpg,"Socket - Inhex -3/4""-1/2in Drive",Socket - inhex | Drive 1/2in | Imperial,"black inhex bit socket, 1/2-inch drive","3/4"" | 1/2in",HOUSE_RENDER_FAMILY,production/family_assets/socket_inhex.png,a26e49bba1790cacfd99649f43163e2d5820af23d151230c605976a6c5be5d49,ALL_ROWS,FAMILY_MASTER_REVIEWED_AND_CODE_MAPPED,APPROVED_FAMILY_RENDER,800,800,JPEG,72895,8958b518d16500ade2699cc299ceb594885f92273218956a848235bf3c47ba75,"ONE socket only; six-point black impact finish; correct drive square; hex opening visible ; stamped/labelled sizes readable: 3/4"", 1/2in ; house style holds (dark floor, orange rim glow, item fills ~75%, no text/people/price)",Family render; the catalogue code supplies the exact size/variant where the shared image does not visibly prove that marking.
COATES-K2-ROAD2-649-RETRACTION-RESOLVED-20260806-V2,Coates_K2_Road2_Retraction_Resolved_649_Thumbnails_002.zip,414,2,SOCKETINHEX34IN34INDRIVE,SOCKETINHEX34IN34INDRIVE.jpg,Socket - Inhex - 3/4in -3/4in Drive,Socket - inhex | Drive 3/4in | Imperial,"black inhex bit socket, 3/4-inch drive",3/4in,HOUSE_RENDER_FAMILY,production/family_assets/socket_inhex.png,a26e49bba1790cacfd99649f43163e2d5820af23d151230c605976a6c5be5d49,ALL_ROWS,FAMILY_MASTER_REVIEWED_AND_CODE_MAPPED,APPROVED_FAMILY_RENDER,800,800,JPEG,72895,8958b518d16500ade2699cc299ceb594885f92273218956a848235bf3c47ba75,"ONE socket only; six-point black impact finish; correct drive square; hex opening visible ; stamped/labelled sizes readable: 3/4in ; house style holds (dark floor, orange rim glow, item fills ~75%, no text/people/price)",Family render; the catalogue code supplies the exact size/variant where the shared image does not visibly prove that marking.
COATES-K2-ROAD2-649-RETRACTION-RESOLVED-20260806-V2,Coates_K2_Road2_Retraction_Resolved_649_Thumbnails_002.zip,438,2,SOCKETINHEX3812INDRIVE,SOCKETINHEX3812INDRIVE.jpg,"Socket - Inhex -3/8""-1/2in Drive",Socket - inhex | Drive 1/2in | Imperial,"black inhex bit socket, 1/2-inch drive","3/8"" | 1/2in",HOUSE_RENDER_FAMILY,production/family_assets/socket_inhex.png,a26e49bba1790cacfd99649f43163e2d5820af23d151230c605976a6c5be5d49,ALL_ROWS,FAMILY_MASTER_REVIEWED_AND_CODE_MAPPED,APPROVED_FAMILY_RENDER,800,800,JPEG,72895,8958b518d16500ade2699cc299ceb594885f92273218956a848235bf3c47ba75,"ONE socket only; six-point black impact finish; correct drive square; hex opening visible ; stamped/labelled sizes readable: 3/8"", 1/2in ; house style holds (dark floor, orange rim glow, item fills ~75%, no text/people/price)",Family render; the catalogue code supplies the exact size/variant where the shared image does not visibly prove that marking.
COATES-K2-ROAD2-649-RETRACTION-RESOLVED-20260806-V2,Coates_K2_Road2_Retraction_Resolved_649_Thumbnails_002.zip,783,2,SOCKETINHEX3/8-1/2,SOCKETINHEX3_8-1_2.jpg,Socket - Inhex - 3/8in -1/2in Drive,Socket - inhex | Drive 1/2in | Imperial,"black inhex bit socket, 1/2-inch drive",3/8in | 1/2in,HOUSE_RENDER_FAMILY,production/family_assets/socket_inhex.png,a26e49bba1790cacfd99649f43163e2d5820af23d151230c605976a6c5be5d49,ALL_ROWS,FAMILY_MASTER_REVIEWED_AND_CODE_MAPPED,APPROVED_FAMILY_RENDER,800,800,JPEG,72895,8958b518d16500ade2699cc299ceb594885f92273218956a848235bf3c47ba75,"ONE socket only; six-point black impact finish; correct drive square; hex opening visible ; stamped/labelled sizes readable: 3/8in, 1/2in ; house style holds (dark floor, orange rim glow, item fills ~75%, no text/people/price)",Family render; the catalogue code supplies the exact size/variant where the shared image does not visibly prove that marking.
COATES-K2-ROAD2-649-RETRACTION-RESOLVED-20260806-V2,Coates_K2_Road2_Retraction_Resolved_649_Thumbnails_002.zip,440,2,SOCKETINHEX5812INDRIVE,SOCKETINHEX5812INDRIVE.jpg,"Socket - Inhex -5/8""-1/2in Drive",Socket - inhex | Drive 1/2in | Imperial,"black inhex bit socket, 1/2-inch drive","5/8"" | 1/2in",HOUSE_RENDER_FAMILY,production/family_assets/socket_inhex.png,a26e49bba1790cacfd99649f43163e2d5820af23d151230c605976a6c5be5d49,ALL_ROWS,FAMILY_MASTER_REVIEWED_AND_CODE_MAPPED,APPROVED_FAMILY_RENDER,800,800,JPEG,72895,8958b518d16500ade2699cc299ceb594885f92273218956a848235bf3c47ba75,"ONE socket only; six-point black impact finish; correct drive square; hex opening visible ; stamped/labelled sizes readable: 5/8"", 1/2in ; house style holds (dark floor, orange rim glow, item fills ~75%, no text/people/price)",Family render; the catalogue code supplies the exact size/variant where the shared image does not visibly prove that marking.
COATES-K2-ROAD2-649-RETRACTION-RESOLVED-20260806-V2,Coates_K2_Road2_Retraction_Resolved_649_Thumbnails_002.zip,416,2,SOCKETINHEX58IN34INDRIVE,SOCKETINHEX58IN34INDRIVE.jpg,Socket - Inhex - 5/8in -3/4in Drive,Socket - inhex | Drive 3/4in | Imperial,"black inhex bit socket, 3/4-inch drive",5/8in | 3/4in,HOUSE_RENDER_FAMILY,production/family_assets/socket_inhex.png,a26e49bba1790cacfd99649f43163e2d5820af23d151230c605976a6c5be5d49,ALL_ROWS,FAMILY_MASTER_REVIEWED_AND_CODE_MAPPED,APPROVED_FAMILY_RENDER,800,800,JPEG,72895,8958b518d16500ade2699cc299ceb594885f92273218956a848235bf3c47ba75,"ONE socket only; six-point black impact finish; correct drive square; hex opening visible ; stamped/labelled sizes readable: 5/8in, 3/4in ; house style holds (dark floor, orange rim glow, item fills ~75%, no text/people/price)",Family render; the catalogue code supplies the exact size/variant where the shared image does not visibly prove that marking.
COATES-K2-ROAD2-649-RETRACTION-RESOLVED-20260806-V2,Coates_K2_Road2_Retraction_Resolved_649_Thumbnails_002.zip,784,2,SOCKETINHEX5/16-1/2,SOCKETINHEX5_16-1_2.jpg,Socket - Inhex - 5/16in -1/2in Drive,Socket - inhex | Drive 1/2in | Imperial,"black inhex bit socket, 1/2-inch drive",5/16in | 1/2in,HOUSE_RENDER_FAMILY,production/family_assets/socket_inhex.png,a26e49bba1790cacfd99649f43163e2d5820af23d151230c605976a6c5be5d49,ALL_ROWS,FAMILY_MASTER_REVIEWED_AND_CODE_MAPPED,APPROVED_FAMILY_RENDER,800,800,JPEG,72895,8958b518d16500ade2699cc299ceb594885f92273218956a848235bf3c47ba75,"ONE socket only; six-point black impact finish; correct drive square; hex opening visible ; stamped/labelled sizes readable: 5/16in, 1/2in ; house style holds (dark floor, orange rim glow, item fills ~75%, no text/people/price)",Family render; the catalogue code supplies the exact size/variant where the shared image does not visibly prove that marking.
COATES-K2-ROAD2-649-RETRACTION-RESOLVED-20260806-V2,Coates_K2_Road2_Retraction_Resolved_649_Thumbnails_002.zip,785,2,SOCKETINHEX5/8-1/2,SOCKETINHEX5_8-1_2.jpg,Socket - Inhex - 5/8in -1/2in Drive,Socket - inhex | Drive 1/2in | Imperial,"black inhex bit socket, 1/2-inch drive",5/8in | 1/2in,HOUSE_RENDER_FAMILY,production/family_assets/socket_inhex.png,a26e49bba1790cacfd99649f43163e2d5820af23d151230c605976a6c5be5d49,ALL_ROWS,FAMILY_MASTER_REVIEWED_AND_CODE_MAPPED,APPROVED_FAMILY_RENDER,800,800,JPEG,72895,8958b518d16500ade2699cc299ceb594885f92273218956a848235bf3c47ba75,"ONE socket only; six-point black impact finish; correct drive square; hex opening visible ; stamped/labelled sizes readable: 5/8in, 1/2in ; house style holds (dark floor, orange rim glow, item fills ~75%, no text/people/price)",Family render; the catalogue code supplies the exact size/variant where the shared image does not visibly prove that marking.
COATES-K2-ROAD2-649-RETRACTION-RESOLVED-20260806-V2,Coates_K2_Road2_Retraction_Resolved_649_Thumbnails_002.zip,442,2,SOCKETINHEX6MM12INDRIVE,SOCKETINHEX6MM12INDRIVE.jpg,Socket - Inhex -6MM-1/2in Drive,Socket - inhex | Drive 1/2in | Mixed,"black inhex bit socket, 1/2-inch drive",1/2in | 6mm,HOUSE_RENDER_FAMILY,production/family_assets/socket_inhex.png,a26e49bba1790cacfd99649f43163e2d5820af23d151230c605976a6c5be5d49,ALL_ROWS,FAMILY_MASTER_REVIEWED_AND_CODE_MAPPED,APPROVED_FAMILY_RENDER,800,800,JPEG,72895,8958b518d16500ade2699cc299ceb594885f92273218956a848235bf3c47ba75,"ONE socket only; six-point black impact finish; correct drive square; hex opening visible ; stamped/labelled sizes readable: 1/2in, 6mm ; house style holds (dark floor, orange rim glow, item fills ~75%, no text/people/price)",Family render; the catalogue code supplies the exact size/variant where the shared image does not visibly prove that marking.
COATES-K2-ROAD2-649-RETRACTION-RESOLVED-20260806-V2,Coates_K2_Road2_Retraction_Resolved_649_Thumbnails_002.zip,444,2,SOCKETINHEX71612INDRIVE,SOCKETINHEX71612INDRIVE.jpg,"Socket - Inhex -7/16""-1/2in Drive",Socket - inhex | Drive 1/2in | Imperial,"black inhex bit socket, 1/2-inch drive","7/16"" | 1/2in",HOUSE_RENDER_FAMILY,production/family_assets/socket_inhex.png,a26e49bba1790cacfd99649f43163e2d5820af23d151230c605976a6c5be5d49,ALL_ROWS,FAMILY_MASTER_REVIEWED_AND_CODE_MAPPED,APPROVED_FAMILY_RENDER,800,800,JPEG,72895,8958b518d16500ade2699cc299ceb594885f92273218956a848235bf3c47ba75,"ONE socket only; six-point black impact finish; correct drive square; hex opening visible ; stamped/labelled sizes readable: 7/16"", 1/2in ; house style holds (dark floor, orange rim glow, item fills ~75%, no text/people/price)",Family render; the catalogue code supplies the exact size/variant where the shared image does not visibly prove that marking.
COATES-K2-ROAD2-649-RETRACTION-RESOLVED-20260806-V2,Coates_K2_Road2_Retraction_Resolved_649_Thumbnails_002.zip,418,2,SOCKETINHEX78IN34INDRIVE,SOCKETINHEX78IN34INDRIVE.jpg,Socket - Inhex - 7/8in -3/4in Drive,Socket - inhex | Drive 3/4in | Imperial,"black inhex bit socket, 3/4-inch drive",7/8in | 3/4in,HOUSE_RENDER_FAMILY,production/family_assets/socket_inhex.png,a26e49bba1790cacfd99649f43163e2d5820af23d151230c605976a6c5be5d49,ALL_ROWS,FAMILY_MASTER_REVIEWED_AND_CODE_MAPPED,APPROVED_FAMILY_RENDER,800,800,JPEG,72895,8958b518d16500ade2699cc299ceb594885f92273218956a848235bf3c47ba75,"ONE socket only; six-point black impact finish; correct drive square; hex opening visible ; stamped/labelled sizes readable: 7/8in, 3/4in ; house style holds (dark floor, orange rim glow, item fills ~75%, no text/people/price)",Family render; the catalogue code supplies the exact size/variant where the shared image does not visibly prove that marking.
COATES-K2-ROAD2-649-RETRACTION-RESOLVED-20260806-V2,Coates_K2_Road2_Retraction_Resolved_649_Thumbnails_002.zip,446,2,SOCKETINHEX7MM12INDRIVE,SOCKETINHEX7MM12INDRIVE.jpg,Socket - Inhex -7MM-1/2in Drive,Socket - inhex | Drive 1/2in | Mixed,"black inhex bit socket, 1/2-inch drive",1/2in | 7mm,HOUSE_RENDER_FAMILY,production/family_assets/socket_inhex.png,a26e49bba1790cacfd99649f43163e2d5820af23d151230c605976a6c5be5d49,ALL_ROWS,FAMILY_MASTER_REVIEWED_AND_CODE_MAPPED,APPROVED_FAMILY_RENDER,800,800,JPEG,72895,8958b518d16500ade2699cc299ceb594885f92273218956a848235bf3c47ba75,"ONE socket only; six-point black impact finish; correct drive square; hex opening visible ; stamped/labelled sizes readable: 1/2in, 7mm ; house style holds (dark floor, orange rim glow, item fills ~75%, no text/people/price)",Family render; the catalogue code supplies the exact size/variant where the shared image does not visibly prove that marking.
COATES-K2-ROAD2-649-RETRACTION-RESOLVED-20260806-V2,Coates_K2_Road2_Retraction_Resolved_649_Thumbnails_002.zip,448,2,SOCKETINHEX8MM12INDRIVE,SOCKETINHEX8MM12INDRIVE.jpg,Socket - Inhex -8MM-1/2in Drive,Socket - inhex | Drive 1/2in | Mixed,"black inhex bit socket, 1/2-inch drive",1/2in | 8mm,HOUSE_RENDER_FAMILY,production/family_assets/socket_inhex.png,a26e49bba1790cacfd99649f43163e2d5820af23d151230c605976a6c5be5d49,ALL_ROWS,FAMILY_MASTER_REVIEWED_AND_CODE_MAPPED,APPROVED_FAMILY_RENDER,800,800,JPEG,72895,8958b518d16500ade2699cc299ceb594885f92273218956a848235bf3c47ba75,"ONE socket only; six-point black impact finish; correct drive square; hex opening visible ; stamped/labelled sizes readable: 1/2in, 8mm ; house style holds (dark floor, orange rim glow, item fills ~75%, no text/people/price)",Family render; the catalogue code supplies the exact size/variant where the shared image does not visibly prove that marking.
COATES-K2-ROAD2-649-RETRACTION-RESOLVED-20260806-V2,Coates_K2_Road2_Retraction_Resolved_649_Thumbnails_002.zip,450,2,SOCKETINHEX91612INDRIVE,SOCKETINHEX91612INDRIVE.jpg,"Socket - Inhex -9/16""-1/2in Drive",Socket - inhex | Drive 1/2in | Imperial,"black inhex bit socket, 1/2-inch drive","9/16"" | 1/2in",HOUSE_RENDER_FAMILY,production/family_assets/socket_inhex.png,a26e49bba1790cacfd99649f43163e2d5820af23d151230c605976a6c5be5d49,ALL_ROWS,FAMILY_MASTER_REVIEWED_AND_CODE_MAPPED,APPROVED_FAMILY_RENDER,800,800,JPEG,72895,8958b518d16500ade2699cc299ceb594885f92273218956a848235bf3c47ba75,"ONE socket only; six-point black impact finish; correct drive square; hex opening visible ; stamped/labelled sizes readable: 9/16"", 1/2in ; house style holds (dark floor, orange rim glow, item fills ~75%, no text/people/price)",Family render; the catalogue code supplies the exact size/variant where the shared image does not visibly prove that marking.
COATES-K2-ROAD2-649-RETRACTION-RESOLVED-20260806-V2,Coates_K2_Road2_Retraction_Resolved_649_Thumbnails_002.zip,420,2,SOCKETINHEX916IN34INDRIVE,SOCKETINHEX916IN34INDRIVE.jpg,Socket - Inhex - 9/16in -3/4in Drive,Socket - inhex | Drive 3/4in | Imperial,"black inhex bit socket, 3/4-inch drive",9/16in | 3/4in,HOUSE_RENDER_FAMILY,production/family_assets/socket_inhex.png,a26e49bba1790cacfd99649f43163e2d5820af23d151230c605976a6c5be5d49,ALL_ROWS,FAMILY_MASTER_REVIEWED_AND_CODE_MAPPED,APPROVED_FAMILY_RENDER,800,800,JPEG,72895,8958b518d16500ade2699cc299ceb594885f92273218956a848235bf3c47ba75,"ONE socket only; six-point black impact finish; correct drive square; hex opening visible ; stamped/labelled sizes readable: 9/16in, 3/4in ; house style holds (dark floor, orange rim glow, item fills ~75%, no text/people/price)",Family render; the catalogue code supplies the exact size/variant where the shared image does not visibly prove that marking.
COATES-K2-ROAD2-649-RETRACTION-RESOLVED-20260806-V2,Coates_K2_Road2_Retraction_Resolved_649_Thumbnails_002.zip,786,2,SOCKETINHEX9/16-1/2,SOCKETINHEX9_16-1_2.jpg,Socket - Inhex - 9/16in -1/2in Drive,Socket - inhex | Drive 1/2in | Imperial,"black inhex bit socket, 1/2-inch drive",9/16in | 1/2in,HOUSE_RENDER_FAMILY,production/family_assets/socket_inhex.png,a26e49bba1790cacfd99649f43163e2d5820af23d151230c605976a6c5be5d49,ALL_ROWS,FAMILY_MASTER_REVIEWED_AND_CODE_MAPPED,APPROVED_FAMILY_RENDER,800,800,JPEG,72895,8958b518d16500ade2699cc299ceb594885f92273218956a848235bf3c47ba75,"ONE socket only; six-point black impact finish; correct drive square; hex opening visible ; stamped/labelled sizes readable: 9/16in, 1/2in ; house style holds (dark floor, orange rim glow, item fills ~75%, no text/people/price)",Family render; the catalogue code supplies the exact size/variant where the shared image does not visibly prove that marking.
COATES-K2-ROAD2-649-RETRACTION-RESOLVED-20260806-V2,Coates_K2_Road2_Retraction_Resolved_649_Thumbnails_002.zip,782,2,SOCKETINHEXT22MM1/2,SOCKETINHEXT22MM1_2.jpg,Socket - Inhex - 17mm - 1/2inch Drive,Socket - inhex | Drive 1/2in | Mixed,"black inhex bit socket, 1/2-inch drive",1/2inch | 17mm,HOUSE_RENDER_FAMILY,production/family_assets/socket_inhex.png,a26e49bba1790cacfd99649f43163e2d5820af23d151230c605976a6c5be5d49,ALL_ROWS,FAMILY_MASTER_REVIEWED_AND_CODE_MAPPED,APPROVED_FAMILY_RENDER,800,800,JPEG,72895,8958b518d16500ade2699cc299ceb594885f92273218956a848235bf3c47ba75,"ONE socket only; six-point black impact finish; correct drive square; hex opening visible ; stamped/labelled sizes readable: 1/2inch, 17mm ; house style holds (dark floor, orange rim glow, item fills ~75%, no text/people/price)",Family render; the catalogue code supplies the exact size/variant where the shared image does not visibly prove that marking.
COATES-K2-ROAD2-649-RETRACTION-RESOLVED-20260806-V2,Coates_K2_Road2_Retraction_Resolved_649_Thumbnails_002.zip,787,2,SOCKETRATCHETBAR1/2DR,SOCKETRATCHETBAR1_2DR.jpg,Socket - Ratchet Bar - 1/2inch Drive,Socket - ratchet | Drive 1/2in,"socket ratchet bar, 1/2-inch drive",1/2inch,HOUSE_RENDER_FAMILY,production/family_assets/ratchet_handle.png,e0aaf742aa458d7045988ed1f3a253eb852343d0ee5749f1e59e165aaf4bf1c0,ALL_ROWS,FAMILY_MASTER_REVIEWED_AND_CODE_MAPPED,APPROVED_FAMILY_RENDER,800,800,JPEG,74009,7ae124629e87778fb4bf5ef9c955e63529257e80f2cb8d4990230d68b3ad49be,"ONE socket only; six-point black impact finish; correct drive square; hex opening visible ; stamped/labelled sizes readable: 1/2inch ; house style holds (dark floor, orange rim glow, item fills ~75%, no text/people/price)",Family render; the catalogue code supplies the exact size/variant where the shared image does not visibly prove that marking.
COATES-K2-ROAD2-649-RETRACTION-RESOLVED-20260806-V2,Coates_K2_Road2_Retraction_Resolved_649_Thumbnails_002.zip,788,2,SOCKETRATCHETBAR3/4DR,SOCKETRATCHETBAR3_4DR.jpg,Socket - Ratchet Bar - 3/4inch Drive,Socket - ratchet | Drive 3/4in,"socket ratchet bar, 3/4-inch drive",3/4inch,HOUSE_RENDER_FAMILY,production/family_assets/ratchet_handle.png,e0aaf742aa458d7045988ed1f3a253eb852343d0ee5749f1e59e165aaf4bf1c0,ALL_ROWS,FAMILY_MASTER_REVIEWED_AND_CODE_MAPPED,APPROVED_FAMILY_RENDER,800,800,JPEG,74009,7ae124629e87778fb4bf5ef9c955e63529257e80f2cb8d4990230d68b3ad49be,"ONE socket only; six-point black impact finish; correct drive square; hex opening visible ; stamped/labelled sizes readable: 3/4inch ; house style holds (dark floor, orange rim glow, item fills ~75%, no text/people/price)",Family render; the catalogue code supplies the exact size/variant where the shared image does not visibly prove that marking.
COATES-K2-ROAD2-649-RETRACTION-RESOLVED-20260806-V2,Coates_K2_Road2_Retraction_Resolved_649_Thumbnails_002.zip,823,2,SOCKETTBARHANDLE3/4DR,SOCKETTBARHANDLE3_4DR.jpg,Socket T Bar Handle - 3/4in Drive,Socket - T bar | Drive 3/4in,"sliding T-handle socket bar, 3/4-inch drive",3/4in,HOUSE_RENDER_FAMILY,production/family_assets/socket_t_bar.png,c385d573cb0a98ca7a37ee29ba7caebace7bb18352c4b03b9a3872e93c0bdb90,ALL_ROWS,FAMILY_MASTER_REVIEWED_AND_CODE_MAPPED,APPROVED_FAMILY_RENDER,800,800,JPEG,72589,8edacd30a4951cdee151336d2e315d3abbf6ec89c3bc724ee41de733385fae15,"ONE socket only; six-point black impact finish; correct drive square; hex opening visible ; stamped/labelled sizes readable: 3/4in ; house style holds (dark floor, orange rim glow, item fills ~75%, no text/people/price)",Family render; the catalogue code supplies the exact size/variant where the shared image does not visibly prove that marking.
COATES-K2-ROAD2-649-RETRACTION-RESOLVED-20260806-V2,Coates_K2_Road2_Retraction_Resolved_649_Thumbnails_002.zip,792,2,SOCKETTORQUE1D113/16,SOCKETTORQUE1D113_16.jpg,Socket - Torque 113/16in 1in Drive,Socket - torque | Drive 1in | Imperial,"heavy-wall black torque socket, 1-inch drive",113/16in | 1in,HOUSE_RENDER_FAMILY,production/family_assets/socket_torque_generic.png,3fd69853ab216ebbd9321db3223671727045719f9179e7008712fb2ac63c2556,ALL_ROWS,FAMILY_MASTER_REVIEWED_AND_CODE_MAPPED,APPROVED_FAMILY_RENDER,800,800,JPEG,81354,2a58c3e36dce17623cb6f8024dbc835a90c5126a74c6def2150e0ca6bd3f618f,"ONE socket only; six-point black impact finish; correct drive square; hex opening visible ; stamped/labelled sizes readable: 113/16in, 1in ; house style holds (dark floor, orange rim glow, item fills ~75%, no text/people/price)",Family render; the catalogue code supplies the exact size/variant where the shared image does not visibly prove that marking.
COATES-K2-ROAD2-649-RETRACTION-RESOLVED-20260806-V2,Coates_K2_Road2_Retraction_Resolved_649_Thumbnails_002.zip,790,2,SOCKETTORQUE1D11/4,SOCKETTORQUE1D11_4.jpg,Socket - Torque 11/4in 1in Drive,Socket - torque | Drive 1in | Imperial,"heavy-wall black torque socket, 1-inch drive",11/4in | 1in,HOUSE_RENDER_FAMILY,production/family_assets/socket_torque_generic.png,3fd69853ab216ebbd9321db3223671727045719f9179e7008712fb2ac63c2556,ALL_ROWS,FAMILY_MASTER_REVIEWED_AND_CODE_MAPPED,APPROVED_FAMILY_RENDER,800,800,JPEG,81354,2a58c3e36dce17623cb6f8024dbc835a90c5126a74c6def2150e0ca6bd3f618f,"ONE socket only; six-point black impact finish; correct drive square; hex opening visible ; stamped/labelled sizes readable: 11/4in, 1in ; house style holds (dark floor, orange rim glow, item fills ~75%, no text/people/price)",Family render; the catalogue code supplies the exact size/variant where the shared image does not visibly prove that marking.
COATES-K2-ROAD2-649-RETRACTION-RESOLVED-20260806-V2,Coates_K2_Road2_Retraction_Resolved_649_Thumbnails_002.zip,797,2,SOCKETTORQUE1D2-13/16,SOCKETTORQUE1D2-13_16.jpg,Socket - Torque 2-13/16in 1in Drive,Socket - torque | Drive 1in | Imperial,"heavy-wall black torque socket, 1-inch drive",13/16in | 1in,HOUSE_RENDER_FAMILY,production/family_assets/socket_torque_generic.png,3fd69853ab216ebbd9321db3223671727045719f9179e7008712fb2ac63c2556,ALL_ROWS,FAMILY_MASTER_REVIEWED_AND_CODE_MAPPED,APPROVED_FAMILY_RENDER,800,800,JPEG,81354,2a58c3e36dce17623cb6f8024dbc835a90c5126a74c6def2150e0ca6bd3f618f,"ONE socket only; six-point black impact finish; correct drive square; hex opening visible ; stamped/labelled sizes readable: 13/16in, 1in ; house style holds (dark floor, orange rim glow, item fills ~75%, no text/people/price)",Family render; the catalogue code supplies the exact size/variant where the shared image does not visibly prove that marking.
COATES-K2-ROAD2-649-RETRACTION-RESOLVED-20260806-V2,Coates_K2_Road2_Retraction_Resolved_649_Thumbnails_002.zip,798,2,SOCKETTORQUE1D2-3/16,SOCKETTORQUE1D2-3_16.jpg,Socket - Torque 2-3/16in 1in Drive,Socket - torque | Drive 1in | Imperial,"heavy-wall black torque socket, 1-inch drive",3/16in | 1in,HOUSE_RENDER_FAMILY,production/family_assets/socket_torque_generic.png,3fd69853ab216ebbd9321db3223671727045719f9179e7008712fb2ac63c2556,ALL_ROWS,FAMILY_MASTER_REVIEWED_AND_CODE_MAPPED,APPROVED_FAMILY_RENDER,800,800,JPEG,81354,2a58c3e36dce17623cb6f8024dbc835a90c5126a74c6def2150e0ca6bd3f618f,"ONE socket only; six-point black impact finish; correct drive square; hex opening visible ; stamped/labelled sizes readable: 3/16in, 1in ; house style holds (dark floor, orange rim glow, item fills ~75%, no text/people/price)",Family render; the catalogue code supplies the exact size/variant where the shared image does not visibly prove that marking.
COATES-K2-ROAD2-649-RETRACTION-RESOLVED-20260806-V2,Coates_K2_Road2_Retraction_Resolved_649_Thumbnails_002.zip,799,2,SOCKETTORQUE1D2-7/16,SOCKETTORQUE1D2-7_16.jpg,Socket - Torque 2-7/16in 1in Drive,Socket - torque | Drive 1in | Imperial,"heavy-wall black torque socket, 1-inch drive",7/16in | 1in,HOUSE_RENDER_FAMILY,production/family_assets/socket_torque_generic.png,3fd69853ab216ebbd9321db3223671727045719f9179e7008712fb2ac63c2556,ALL_ROWS,FAMILY_MASTER_REVIEWED_AND_CODE_MAPPED,APPROVED_FAMILY_RENDER,800,800,JPEG,81354,2a58c3e36dce17623cb6f8024dbc835a90c5126a74c6def2150e0ca6bd3f618f,"ONE socket only; six-point black impact finish; correct drive square; hex opening visible ; stamped/labelled sizes readable: 7/16in, 1in ; house style holds (dark floor, orange rim glow, item fills ~75%, no text/people/price)",Family render; the catalogue code supplies the exact size/variant where the shared image does not visibly prove that marking.
COATES-K2-ROAD2-649-RETRACTION-RESOLVED-20260806-V2,Coates_K2_Road2_Retraction_Resolved_649_Thumbnails_002.zip,800,2,SOCKETTORQUE1D2-7/8,SOCKETTORQUE1D2-7_8.jpg,Socket - Torque 2-7/8in 1in Drive,Socket - torque | Drive 1in | Imperial,"heavy-wall black torque socket, 1-inch drive",7/8in | 1in,HOUSE_RENDER_FAMILY,production/family_assets/socket_torque_generic.png,3fd69853ab216ebbd9321db3223671727045719f9179e7008712fb2ac63c2556,ALL_ROWS,FAMILY_MASTER_REVIEWED_AND_CODE_MAPPED,APPROVED_FAMILY_RENDER,800,800,JPEG,81354,2a58c3e36dce17623cb6f8024dbc835a90c5126a74c6def2150e0ca6bd3f618f,"ONE socket only; six-point black impact finish; correct drive square; hex opening visible ; stamped/labelled sizes readable: 7/8in, 1in ; house style holds (dark floor, orange rim glow, item fills ~75%, no text/people/price)",Family render; the catalogue code supplies the exact size/variant where the shared image does not visibly prove that marking.
COATES-K2-ROAD2-649-RETRACTION-RESOLVED-20260806-V2,Coates_K2_Road2_Retraction_Resolved_649_Thumbnails_002.zip,801,2,SOCKETTORQUE1D3,SOCKETTORQUE1D3.jpg,Socket - Torque 3in 1in Drive,Socket - torque | Drive 1in | Imperial,"heavy-wall black torque socket, 1-inch drive",3in | 1in,HOUSE_RENDER_FAMILY,production/family_assets/socket_torque_generic.png,3fd69853ab216ebbd9321db3223671727045719f9179e7008712fb2ac63c2556,ALL_ROWS,FAMILY_MASTER_REVIEWED_AND_CODE_MAPPED,APPROVED_FAMILY_RENDER,800,800,JPEG,81354,2a58c3e36dce17623cb6f8024dbc835a90c5126a74c6def2150e0ca6bd3f618f,"ONE socket only; six-point black impact finish; correct drive square; hex opening visible ; stamped/labelled sizes readable: 3in, 1in ; house style holds (dark floor, orange rim glow, item fills ~75%, no text/people/price)",Family render; the catalogue code supplies the exact size/variant where the shared image does not visibly prove that marking.
COATES-K2-ROAD2-649-RETRACTION-RESOLVED-20260806-V2,Coates_K2_Road2_Retraction_Resolved_649_Thumbnails_002.zip,802,2,SOCKETTORQUE1INDR50MM,SOCKETTORQUE1INDR50MM.jpg,Socket - Torque 50mm 1in Drive,Socket - torque | Drive 1in | Mixed,"heavy-wall black torque socket, 1-inch drive",1in | 50mm,HOUSE_RENDER_FAMILY,production/family_assets/socket_torque_generic.png,3fd69853ab216ebbd9321db3223671727045719f9179e7008712fb2ac63c2556,ALL_ROWS,FAMILY_MASTER_REVIEWED_AND_CODE_MAPPED,APPROVED_FAMILY_RENDER,800,800,JPEG,81354,2a58c3e36dce17623cb6f8024dbc835a90c5126a74c6def2150e0ca6bd3f618f,"ONE socket only; six-point black impact finish; correct drive square; hex opening visible ; stamped/labelled sizes readable: 1in, 50mm ; house style holds (dark floor, orange rim glow, item fills ~75%, no text/people/price)",Family render; the catalogue code supplies the exact size/variant where the shared image does not visibly prove that marking.
COATES-K2-ROAD2-649-RETRACTION-RESOLVED-20260806-V2,Coates_K2_Road2_Retraction_Resolved_649_Thumbnails_002.zip,805,2,SOCKETTORQUE25MM3/4DR,SOCKETTORQUE25MM3_4DR.jpg,Socket -Torque 25mm 3/4in Drive,Socket - torque | Drive 3/4in | Mixed,"heavy-wall black torque socket, 3/4-inch drive",3/4in | 25mm,HOUSE_RENDER_FAMILY,production/family_assets/socket_torque_generic.png,3fd69853ab216ebbd9321db3223671727045719f9179e7008712fb2ac63c2556,ALL_ROWS,FAMILY_MASTER_REVIEWED_AND_CODE_MAPPED,APPROVED_FAMILY_RENDER,800,800,JPEG,81354,2a58c3e36dce17623cb6f8024dbc835a90c5126a74c6def2150e0ca6bd3f618f,"ONE socket only; six-point black impact finish; correct drive square; hex opening visible ; stamped/labelled sizes readable: 3/4in, 25mm ; house style holds (dark floor, orange rim glow, item fills ~75%, no text/people/price)",Family render; the catalogue code supplies the exact size/variant where the shared image does not visibly prove that marking.
COATES-K2-ROAD2-649-RETRACTION-RESOLVED-20260806-V2,Coates_K2_Road2_Retraction_Resolved_649_Thumbnails_002.zip,806,2,SOCKETTORQUE26MM3/4DR,SOCKETTORQUE26MM3_4DR.jpg,Socket -Torque 26mm 3/4in Drive,Socket - torque | Drive 3/4in | Mixed,"heavy-wall black torque socket, 3/4-inch drive",3/4in | 26mm,HOUSE_RENDER_FAMILY,production/family_assets/socket_torque_generic.png,3fd69853ab216ebbd9321db3223671727045719f9179e7008712fb2ac63c2556,ALL_ROWS,FAMILY_MASTER_REVIEWED_AND_CODE_MAPPED,APPROVED_FAMILY_RENDER,800,800,JPEG,81354,2a58c3e36dce17623cb6f8024dbc835a90c5126a74c6def2150e0ca6bd3f618f,"ONE socket only; six-point black impact finish; correct drive square; hex opening visible ; stamped/labelled sizes readable: 3/4in, 26mm ; house style holds (dark floor, orange rim glow, item fills ~75%, no text/people/price)",Family render; the catalogue code supplies the exact size/variant where the shared image does not visibly prove that marking.
COATES-K2-ROAD2-649-RETRACTION-RESOLVED-20260806-V2,Coates_K2_Road2_Retraction_Resolved_649_Thumbnails_002.zip,807,2,SOCKETTORQUE27MM3/4DR,SOCKETTORQUE27MM3_4DR.jpg,Socket -Torque 27mm 3/4in Drive,Socket - torque | Drive 3/4in | Mixed,"heavy-wall black torque socket, 3/4-inch drive",3/4in | 27mm,HOUSE_RENDER_FAMILY,production/family_assets/socket_torque_generic.png,3fd69853ab216ebbd9321db3223671727045719f9179e7008712fb2ac63c2556,ALL_ROWS,FAMILY_MASTER_REVIEWED_AND_CODE_MAPPED,APPROVED_FAMILY_RENDER,800,800,JPEG,81354,2a58c3e36dce17623cb6f8024dbc835a90c5126a74c6def2150e0ca6bd3f618f,"ONE socket only; six-point black impact finish; correct drive square; hex opening visible ; stamped/labelled sizes readable: 3/4in, 27mm ; house style holds (dark floor, orange rim glow, item fills ~75%, no text/people/price)",Family render; the catalogue code supplies the exact size/variant where the shared image does not visibly prove that marking.
COATES-K2-ROAD2-649-RETRACTION-RESOLVED-20260806-V2,Coates_K2_Road2_Retraction_Resolved_649_Thumbnails_002.zip,808,2,SOCKETTORQUE28MM3/4DR,SOCKETTORQUE28MM3_4DR.jpg,Socket -Torque 28mm 3/4in Drive,Socket - torque | Drive 3/4in | Mixed,"heavy-wall black torque socket, 3/4-inch drive",3/4in | 28mm,HOUSE_RENDER_FAMILY,production/family_assets/socket_torque_generic.png,3fd69853ab216ebbd9321db3223671727045719f9179e7008712fb2ac63c2556,ALL_ROWS,FAMILY_MASTER_REVIEWED_AND_CODE_MAPPED,APPROVED_FAMILY_RENDER,800,800,JPEG,81354,2a58c3e36dce17623cb6f8024dbc835a90c5126a74c6def2150e0ca6bd3f618f,"ONE socket only; six-point black impact finish; correct drive square; hex opening visible ; stamped/labelled sizes readable: 3/4in, 28mm ; house style holds (dark floor, orange rim glow, item fills ~75%, no text/people/price)",Family render; the catalogue code supplies the exact size/variant where the shared image does not visibly prove that marking.
COATES-K2-ROAD2-649-RETRACTION-RESOLVED-20260806-V2,Coates_K2_Road2_Retraction_Resolved_649_Thumbnails_002.zip,809,2,SOCKETTORQUE32MM1DR,SOCKETTORQUE32MM1DR.jpg,Socket -Torque 32mm 1in Drive,Socket - torque | Drive 1in | Mixed,"heavy-wall black torque socket, 1-inch drive",1in | 32mm,HOUSE_RENDER_FAMILY,production/family_assets/socket_torque_generic.png,3fd69853ab216ebbd9321db3223671727045719f9179e7008712fb2ac63c2556,ALL_ROWS,FAMILY_MASTER_REVIEWED_AND_CODE_MAPPED,APPROVED_FAMILY_RENDER,800,800,JPEG,81354,2a58c3e36dce17623cb6f8024dbc835a90c5126a74c6def2150e0ca6bd3f618f,"ONE socket only; six-point black impact finish; correct drive square; hex opening visible ; stamped/labelled sizes readable: 1in, 32mm ; house style holds (dark floor, orange rim glow, item fills ~75%, no text/people/price)",Family render; the catalogue code supplies the exact size/variant where the shared image does not visibly prove that marking.
COATES-K2-ROAD2-649-RETRACTION-RESOLVED-20260806-V2,Coates_K2_Road2_Retraction_Resolved_649_Thumbnails_002.zip,810,2,SOCKETTORQUE38MM3/4DR,SOCKETTORQUE38MM3_4DR.jpg,Socket -Torque 38mm 3/4in Drive,Socket - torque | Drive 3/4in | Mixed,"heavy-wall black torque socket, 3/4-inch drive",3/4in | 38mm,HOUSE_RENDER_FAMILY,production/family_assets/socket_torque_generic.png,3fd69853ab216ebbd9321db3223671727045719f9179e7008712fb2ac63c2556,ALL_ROWS,FAMILY_MASTER_REVIEWED_AND_CODE_MAPPED,APPROVED_FAMILY_RENDER,800,800,JPEG,81354,2a58c3e36dce17623cb6f8024dbc835a90c5126a74c6def2150e0ca6bd3f618f,"ONE socket only; six-point black impact finish; correct drive square; hex opening visible ; stamped/labelled sizes readable: 3/4in, 38mm ; house style holds (dark floor, orange rim glow, item fills ~75%, no text/people/price)",Family render; the catalogue code supplies the exact size/variant where the shared image does not visibly prove that marking.
COATES-K2-ROAD2-649-RETRACTION-RESOLVED-20260806-V2,Coates_K2_Road2_Retraction_Resolved_649_Thumbnails_002.zip,793,2,SOCKETTORQUE3/4D113/16,SOCKETTORQUE3_4D113_16.jpg,Socket - Torque 113/16in 3/4in Drive,Socket - torque | Drive 3/4in | Imperial,"heavy-wall black torque socket, 3/4-inch drive",113/16in | 3/4in,HOUSE_RENDER_FAMILY,production/family_assets/socket_torque_generic.png,3fd69853ab216ebbd9321db3223671727045719f9179e7008712fb2ac63c2556,ALL_ROWS,FAMILY_MASTER_REVIEWED_AND_CODE_MAPPED,APPROVED_FAMILY_RENDER,800,800,JPEG,81354,2a58c3e36dce17623cb6f8024dbc835a90c5126a74c6def2150e0ca6bd3f618f,"ONE socket only; six-point black impact finish; correct drive square; hex opening visible ; stamped/labelled sizes readable: 113/16in, 3/4in ; house style holds (dark floor, orange rim glow, item fills ~75%, no text/people/price)",Family render; the catalogue code supplies the exact size/variant where the shared image does not visibly prove that marking.
COATES-K2-ROAD2-649-RETRACTION-RESOLVED-20260806-V2,Coates_K2_Road2_Retraction_Resolved_649_Thumbnails_002.zip,789,2,SOCKETTORQUE3/4D11/2,SOCKETTORQUE3_4D11_2.jpg,Socket - Torque 11/2in 3/4in Drive,Socket - torque | Drive 3/4in | Imperial,"heavy-wall black torque socket, 3/4-inch drive",11/2in | 3/4in,HOUSE_RENDER_FAMILY,production/family_assets/socket_torque_generic.png,3fd69853ab216ebbd9321db3223671727045719f9179e7008712fb2ac63c2556,ALL_ROWS,FAMILY_MASTER_REVIEWED_AND_CODE_MAPPED,APPROVED_FAMILY_RENDER,800,800,JPEG,81354,2a58c3e36dce17623cb6f8024dbc835a90c5126a74c6def2150e0ca6bd3f618f,"ONE socket only; six-point black impact finish; correct drive square; hex opening visible ; stamped/labelled sizes readable: 11/2in, 3/4in ; house style holds (dark floor, orange rim glow, item fills ~75%, no text/people/price)",Family render; the catalogue code supplies the exact size/variant where the shared image does not visibly prove that marking.
COATES-K2-ROAD2-649-RETRACTION-RESOLVED-20260806-V2,Coates_K2_Road2_Retraction_Resolved_649_Thumbnails_002.zip,791,2,SOCKETTORQUE3/4D11/4,SOCKETTORQUE3_4D11_4.jpg,Socket - Torque 11/4in 3/4in Drive,Socket - torque | Drive 3/4in | Imperial,"heavy-wall black torque socket, 3/4-inch drive",11/4in | 3/4in,HOUSE_RENDER_FAMILY,production/family_assets/socket_torque_generic.png,3fd69853ab216ebbd9321db3223671727045719f9179e7008712fb2ac63c2556,ALL_ROWS,FAMILY_MASTER_REVIEWED_AND_CODE_MAPPED,APPROVED_FAMILY_RENDER,800,800,JPEG,81354,2a58c3e36dce17623cb6f8024dbc835a90c5126a74c6def2150e0ca6bd3f618f,"ONE socket only; six-point black impact finish; correct drive square; hex opening visible ; stamped/labelled sizes readable: 11/4in, 3/4in ; house style holds (dark floor, orange rim glow, item fills ~75%, no text/people/price)",Family render; the catalogue code supplies the exact size/variant where the shared image does not visibly prove that marking.
COATES-K2-ROAD2-649-RETRACTION-RESOLVED-20260806-V2,Coates_K2_Road2_Retraction_Resolved_649_Thumbnails_002.zip,794,2,SOCKETTORQUE3/4D13/4,SOCKETTORQUE3_4D13_4.jpg,Socket - Torque 13/4in 3/4in Drive,Socket - torque | Drive 3/4in | Imperial,"heavy-wall black torque socket, 3/4-inch drive",13/4in | 3/4in,HOUSE_RENDER_FAMILY,production/family_assets/socket_torque_generic.png,3fd69853ab216ebbd9321db3223671727045719f9179e7008712fb2ac63c2556,ALL_ROWS,FAMILY_MASTER_REVIEWED_AND_CODE_MAPPED,APPROVED_FAMILY_RENDER,800,800,JPEG,81354,2a58c3e36dce17623cb6f8024dbc835a90c5126a74c6def2150e0ca6bd3f618f,"ONE socket only; six-point black impact finish; correct drive square; hex opening visible ; stamped/labelled sizes readable: 13/4in, 3/4in ; house style holds (dark floor, orange rim glow, item fills ~75%, no text/people/price)",Family render; the catalogue code supplies the exact size/variant where the shared image does not visibly prove that marking.
COATES-K2-ROAD2-649-RETRACTION-RESOLVED-20260806-V2,Coates_K2_Road2_Retraction_Resolved_649_Thumbnails_002.zip,795,2,SOCKETTORQUE3/4D15/8,SOCKETTORQUE3_4D15_8.jpg,Socket - Torque 15/8in 3/4in Drive,Socket - torque | Drive 3/4in | Imperial,"heavy-wall black torque socket, 3/4-inch drive",15/8in | 3/4in,HOUSE_RENDER_FAMILY,production/family_assets/socket_torque_generic.png,3fd69853ab216ebbd9321db3223671727045719f9179e7008712fb2ac63c2556,ALL_ROWS,FAMILY_MASTER_REVIEWED_AND_CODE_MAPPED,APPROVED_FAMILY_RENDER,800,800,JPEG,81354,2a58c3e36dce17623cb6f8024dbc835a90c5126a74c6def2150e0ca6bd3f618f,"ONE socket only; six-point black impact finish; correct drive square; hex opening visible ; stamped/labelled sizes readable: 15/8in, 3/4in ; house style holds (dark floor, orange rim glow, item fills ~75%, no text/people/price)",Family render; the catalogue code supplies the exact size/variant where the shared image does not visibly prove that marking.
COATES-K2-ROAD2-649-RETRACTION-RESOLVED-20260806-V2,Coates_K2_Road2_Retraction_Resolved_649_Thumbnails_002.zip,796,2,SOCKETTORQUE3/4D17/8,SOCKETTORQUE3_4D17_8.jpg,Socket - Torque 17/8in 3/4in Drive,Socket - torque | Drive 3/4in | Imperial,"heavy-wall black torque socket, 3/4-inch drive",17/8in | 3/4in,HOUSE_RENDER_FAMILY,production/family_assets/socket_torque_generic.png,3fd69853ab216ebbd9321db3223671727045719f9179e7008712fb2ac63c2556,ALL_ROWS,FAMILY_MASTER_REVIEWED_AND_CODE_MAPPED,APPROVED_FAMILY_RENDER,800,800,JPEG,81354,2a58c3e36dce17623cb6f8024dbc835a90c5126a74c6def2150e0ca6bd3f618f,"ONE socket only; six-point black impact finish; correct drive square; hex opening visible ; stamped/labelled sizes readable: 17/8in, 3/4in ; house style holds (dark floor, orange rim glow, item fills ~75%, no text/people/price)",Family render; the catalogue code supplies the exact size/variant where the shared image does not visibly prove that marking.
COATES-K2-ROAD2-649-RETRACTION-RESOLVED-20260806-V2,Coates_K2_Road2_Retraction_Resolved_649_Thumbnails_002.zip,811,2,SOCKETTORQUE41MM1DR,SOCKETTORQUE41MM1DR.jpg,Socket -Torque 41mm 1in Drive,Socket - torque | Drive 1in | Mixed,"heavy-wall black torque socket, 1-inch drive",1in | 41mm,HOUSE_RENDER_FAMILY,production/family_assets/socket_torque_generic.png,3fd69853ab216ebbd9321db3223671727045719f9179e7008712fb2ac63c2556,ALL_ROWS,FAMILY_MASTER_REVIEWED_AND_CODE_MAPPED,APPROVED_FAMILY_RENDER,800,800,JPEG,81354,2a58c3e36dce17623cb6f8024dbc835a90c5126a74c6def2150e0ca6bd3f618f,"ONE socket only; six-point black impact finish; correct drive square; hex opening visible ; stamped/labelled sizes readable: 1in, 41mm ; house style holds (dark floor, orange rim glow, item fills ~75%, no text/people/price)",Family render; the catalogue code supplies the exact size/variant where the shared image does not visibly prove that marking.
COATES-K2-ROAD2-649-RETRACTION-RESOLVED-20260806-V2,Coates_K2_Road2_Retraction_Resolved_649_Thumbnails_002.zip,824,2,SOCKETUNIJOINTS1/2INDR,SOCKETUNIJOINTS1_2INDR.jpg,Socket Universal Joint 1/2in Drive,Socket - universal joint | Drive 1/2in,"socket universal joint, 1/2-inch drive",1/2in,HOUSE_RENDER_FAMILY,production/family_assets/socket_universal_joint.png,b0ce82cc42e5405618c2de2311d2040febe1587359886312da6830bc4382e21c,ALL_ROWS,FAMILY_MASTER_REVIEWED_AND_CODE_MAPPED,APPROVED_FAMILY_RENDER,800,800,JPEG,80899,c818ce20bef80a12c35609bcecad54261e946f93a3dcc224c0a8a57d79bb455d,"ONE socket only; six-point black impact finish; correct drive square; hex opening visible ; stamped/labelled sizes readable: 1/2in ; house style holds (dark floor, orange rim glow, item fills ~75%, no text/people/price)",Family render; the catalogue code supplies the exact size/variant where the shared image does not visibly prove that marking.
COATES-K2-ROAD2-649-RETRACTION-RESOLVED-20260806-V2,Coates_K2_Road2_Retraction_Resolved_649_Thumbnails_002.zip,803,2,SOCKETUNIJOINTS1INDR,SOCKETUNIJOINTS1INDR.jpg,Socket - Universal Joint 1in Drive,Socket - universal joint | Drive 1in,"socket universal joint, 1-inch drive",1in,HOUSE_RENDER_FAMILY,production/family_assets/socket_universal_joint.png,b0ce82cc42e5405618c2de2311d2040febe1587359886312da6830bc4382e21c,ALL_ROWS,FAMILY_MASTER_REVIEWED_AND_CODE_MAPPED,APPROVED_FAMILY_RENDER,800,800,JPEG,80899,c818ce20bef80a12c35609bcecad54261e946f93a3dcc224c0a8a57d79bb455d,"ONE socket only; six-point black impact finish; correct drive square; hex opening visible ; stamped/labelled sizes readable: 1in ; house style holds (dark floor, orange rim glow, item fills ~75%, no text/people/price)",Family render; the catalogue code supplies the exact size/variant where the shared image does not visibly prove that marking.
COATES-K2-ROAD2-649-RETRACTION-RESOLVED-20260806-V2,Coates_K2_Road2_Retraction_Resolved_649_Thumbnails_002.zip,804,2,SOCKETUNIJOINTS3/4INDR,SOCKETUNIJOINTS3_4INDR.jpg,Socket - Universal Joint 3/4in Drive,Socket - universal joint | Drive 3/4in,"socket universal joint, 3/4-inch drive",3/4in,HOUSE_RENDER_FAMILY,production/family_assets/socket_universal_joint.png,b0ce82cc42e5405618c2de2311d2040febe1587359886312da6830bc4382e21c,ALL_ROWS,FAMILY_MASTER_REVIEWED_AND_CODE_MAPPED,APPROVED_FAMILY_RENDER,800,800,JPEG,80899,c818ce20bef80a12c35609bcecad54261e946f93a3dcc224c0a8a57d79bb455d,"ONE socket only; six-point black impact finish; correct drive square; hex opening visible ; stamped/labelled sizes readable: 3/4in ; house style holds (dark floor, orange rim glow, item fills ~75%, no text/people/price)",Family render; the catalogue code supplies the exact size/variant where the shared image does not visibly prove that marking.
COATES-K2-ROAD2-649-RETRACTION-RESOLVED-20260806-V2,Coates_K2_Road2_Retraction_Resolved_649_Thumbnails_002.zip,814,2,SOCKEXTN3/4D150MM,SOCKEXTN3_4D150MM.jpg,Socket Extension - 3/4in Drive - 150mm,Socket - extension | Drive 3/4in,"straight socket extension bar, 3/4-inch drive",3/4in | 150mm,HOUSE_RENDER_FAMILY,production/family_assets/socket_extension_chrome.png,2ed4c8a6aab19c77ad90597872c737f73da89749e3aea012662e29bc5b54a435,ALL_ROWS,FAMILY_MASTER_REVIEWED_AND_CODE_MAPPED,APPROVED_FAMILY_RENDER,800,800,JPEG,80255,f3fc8ca6b5ee3e61390129510c88f91f15ae9154220843a46546bd9dfaaadf9f,"ONE socket only; six-point black impact finish; correct drive square; hex opening visible ; stamped/labelled sizes readable: 3/4in, 150mm ; house style holds (dark floor, orange rim glow, item fills ~75%, no text/people/price)",Family render; the catalogue code supplies the exact size/variant where the shared image does not visibly prove that marking.
COATES-K2-ROAD2-649-RETRACTION-RESOLVED-20260806-V2,Coates_K2_Road2_Retraction_Resolved_649_Thumbnails_002.zip,822,2,SOCKTBAR1/2D,SOCKTBAR1_2D.jpg,Socket T Bar 1/2in Drive,Socket - T bar | Drive 1/2in,"sliding T-handle socket bar, 1/2-inch drive",1/2in,HOUSE_RENDER_FAMILY,production/family_assets/socket_t_bar.png,c385d573cb0a98ca7a37ee29ba7caebace7bb18352c4b03b9a3872e93c0bdb90,ALL_ROWS,FAMILY_MASTER_REVIEWED_AND_CODE_MAPPED,APPROVED_FAMILY_RENDER,800,800,JPEG,72589,8edacd30a4951cdee151336d2e315d3abbf6ec89c3bc724ee41de733385fae15,"ONE socket only; six-point black impact finish; correct drive square; hex opening visible ; stamped/labelled sizes readable: 1/2in ; house style holds (dark floor, orange rim glow, item fills ~75%, no text/people/price)",Family render; the catalogue code supplies the exact size/variant where the shared image does not visibly prove that marking.
COATES-K2-ROAD2-649-RETRACTION-RESOLVED-20260806-V2,Coates_K2_Road2_Retraction_Resolved_649_Thumbnails_002.zip,491,2,SPANNER34MM,SPANNER34MM.jpg,SPANNER 34MM,Spanner - other | Metric,single hand spanner matching the named end profile,34mm,HOUSE_RENDER_FAMILY,production/family_assets/large_open_end_spanner.png,d160c3c04ff54d6d11d063105118d63700cc0412027ba9df0e2c9d3216ce38f6,ALL_ROWS,FAMILY_MASTER_REVIEWED_AND_CODE_MAPPED,APPROVED_FAMILY_RENDER,800,800,JPEG,78438,c4ff0a7051801c69bba9ce27aaf72a5c0474790a55e849329421b02808544732,"Spanner type matches the name exactly; one spanner only ; stamped/labelled sizes readable: 34mm ; house style holds (dark floor, orange rim glow, item fills ~75%, no text/people/price)",Family render; the catalogue code supplies the exact size/variant where the shared image does not visibly prove that marking.
COATES-K2-ROAD2-649-RETRACTION-RESOLVED-20260806-V2,Coates_K2_Road2_Retraction_Resolved_649_Thumbnails_002.zip,856,2,SPANNERCOM1-11/16,SPANNERCOM1-11_16.jpg,Spanner - Combo 1 - 11/16,Spanner - combination | Imperial,imperial combination open-and-ring spanner,,HOUSE_RENDER_FAMILY,production/family_assets/spanner_combination_generic.png,fabef4c98b5956face30e772fa85dcf843c5664f2d056eaf8d63dbffcc638983,ALL_ROWS,FAMILY_MASTER_REVIEWED_AND_CODE_MAPPED,APPROVED_FAMILY_RENDER,800,800,JPEG,77657,5d86cbd25c64102057f3c31a334883cdc4057a6b10a89638129debe142d88342,"Ring end one side AND open jaw the other; one spanner only ; house style holds (dark floor, orange rim glow, item fills ~75%, no text/people/price)",Family render; the catalogue code supplies the exact size/variant where the shared image does not visibly prove that marking.
COATES-K2-ROAD2-649-RETRACTION-RESOLVED-20260806-V2,Coates_K2_Road2_Retraction_Resolved_649_Thumbnails_002.zip,857,2,SPANNERCOM1-13/16,SPANNERCOM1-13_16.jpg,Spanner - Combo 1 - 13/16,Spanner - combination | Imperial,imperial combination open-and-ring spanner,,HOUSE_RENDER_FAMILY,production/family_assets/spanner_combination_generic.png,fabef4c98b5956face30e772fa85dcf843c5664f2d056eaf8d63dbffcc638983,ALL_ROWS,FAMILY_MASTER_REVIEWED_AND_CODE_MAPPED,APPROVED_FAMILY_RENDER,800,800,JPEG,77657,5d86cbd25c64102057f3c31a334883cdc4057a6b10a89638129debe142d88342,"Ring end one side AND open jaw the other; one spanner only ; house style holds (dark floor, orange rim glow, item fills ~75%, no text/people/price)",Family render; the catalogue code supplies the exact size/variant where the shared image does not visibly prove that marking.
COATES-K2-ROAD2-649-RETRACTION-RESOLVED-20260806-V2,Coates_K2_Road2_Retraction_Resolved_649_Thumbnails_002.zip,858,2,SPANNERCOM1-15/16,SPANNERCOM1-15_16.jpg,Spanner - Combo 1 - 15/16,Spanner - combination | Imperial,imperial combination open-and-ring spanner,,HOUSE_RENDER_FAMILY,production/family_assets/spanner_combination_generic.png,fabef4c98b5956face30e772fa85dcf843c5664f2d056eaf8d63dbffcc638983,ALL_ROWS,FAMILY_MASTER_REVIEWED_AND_CODE_MAPPED,APPROVED_FAMILY_RENDER,800,800,JPEG,77657,5d86cbd25c64102057f3c31a334883cdc4057a6b10a89638129debe142d88342,"Ring end one side AND open jaw the other; one spanner only ; house style holds (dark floor, orange rim glow, item fills ~75%, no text/people/price)",Family render; the catalogue code supplies the exact size/variant where the shared image does not visibly prove that marking.
COATES-K2-ROAD2-649-RETRACTION-RESOLVED-20260806-V2,Coates_K2_Road2_Retraction_Resolved_649_Thumbnails_002.zip,852,2,SPANNERCOM1-1/16,SPANNERCOM1-1_16.jpg,Spanner - Combo 1 - 1/16,Spanner - combination | Imperial,imperial combination open-and-ring spanner,,HOUSE_RENDER_FAMILY,production/family_assets/spanner_combination_generic.png,fabef4c98b5956face30e772fa85dcf843c5664f2d056eaf8d63dbffcc638983,ALL_ROWS,FAMILY_MASTER_REVIEWED_AND_CODE_MAPPED,APPROVED_FAMILY_RENDER,800,800,JPEG,77657,5d86cbd25c64102057f3c31a334883cdc4057a6b10a89638129debe142d88342,"Ring end one side AND open jaw the other; one spanner only ; house style holds (dark floor, orange rim glow, item fills ~75%, no text/people/price)",Family render; the catalogue code supplies the exact size/variant where the shared image does not visibly prove that marking.
COATES-K2-ROAD2-649-RETRACTION-RESOLVED-20260806-V2,Coates_K2_Road2_Retraction_Resolved_649_Thumbnails_002.zip,853,2,SPANNERCOM1-1/2,SPANNERCOM1-1_2.jpg,Spanner - Combo 1 - 1/2,Spanner - combination | Imperial,imperial combination open-and-ring spanner,,HOUSE_RENDER_FAMILY,production/family_assets/spanner_combination_generic.png,fabef4c98b5956face30e772fa85dcf843c5664f2d056eaf8d63dbffcc638983,ALL_ROWS,FAMILY_MASTER_REVIEWED_AND_CODE_MAPPED,APPROVED_FAMILY_RENDER,800,800,JPEG,77657,5d86cbd25c64102057f3c31a334883cdc4057a6b10a89638129debe142d88342,"Ring end one side AND open jaw the other; one spanner only ; house style holds (dark floor, orange rim glow, item fills ~75%, no text/people/price)",Family render; the catalogue code supplies the exact size/variant where the shared image does not visibly prove that marking.
COATES-K2-ROAD2-649-RETRACTION-RESOLVED-20260806-V2,Coates_K2_Road2_Retraction_Resolved_649_Thumbnails_002.zip,854,2,SPANNERCOM1-1/4,SPANNERCOM1-1_4.jpg,Spanner - Combo 1 - 1/4,Spanner - combination | Imperial,imperial combination open-and-ring spanner,,HOUSE_RENDER_FAMILY,production/family_assets/spanner_combination_generic.png,fabef4c98b5956face30e772fa85dcf843c5664f2d056eaf8d63dbffcc638983,ALL_ROWS,FAMILY_MASTER_REVIEWED_AND_CODE_MAPPED,APPROVED_FAMILY_RENDER,800,800,JPEG,77657,5d86cbd25c64102057f3c31a334883cdc4057a6b10a89638129debe142d88342,"Ring end one side AND open jaw the other; one spanner only ; house style holds (dark floor, orange rim glow, item fills ~75%, no text/people/price)",Family render; the catalogue code supplies the exact size/variant where the shared image does not visibly prove that marking.
COATES-K2-ROAD2-649-RETRACTION-RESOLVED-20260806-V2,Coates_K2_Road2_Retraction_Resolved_649_Thumbnails_002.zip,855,2,SPANNERCOM1-1/8,SPANNERCOM1-1_8.jpg,Spanner - Combo 1 - 1/8,Spanner - combination | Imperial,imperial combination open-and-ring spanner,,HOUSE_RENDER_FAMILY,production/family_assets/spanner_combination_generic.png,fabef4c98b5956face30e772fa85dcf843c5664f2d056eaf8d63dbffcc638983,ALL_ROWS,FAMILY_MASTER_REVIEWED_AND_CODE_MAPPED,APPROVED_FAMILY_RENDER,800,800,JPEG,77657,5d86cbd25c64102057f3c31a334883cdc4057a6b10a89638129debe142d88342,"Ring end one side AND open jaw the other; one spanner only ; house style holds (dark floor, orange rim glow, item fills ~75%, no text/people/price)",Family render; the catalogue code supplies the exact size/variant where the shared image does not visibly prove that marking.
COATES-K2-ROAD2-649-RETRACTION-RESOLVED-20260806-V2,Coates_K2_Road2_Retraction_Resolved_649_Thumbnails_002.zip,859,2,SPANNERCOM1-3/16,SPANNERCOM1-3_16.jpg,Spanner - Combo 1 - 3/16,Spanner - combination | Imperial,imperial combination open-and-ring spanner,,HOUSE_RENDER_FAMILY,production/family_assets/spanner_combination_generic.png,fabef4c98b5956face30e772fa85dcf843c5664f2d056eaf8d63dbffcc638983,ALL_ROWS,FAMILY_MASTER_REVIEWED_AND_CODE_MAPPED,APPROVED_FAMILY_RENDER,800,800,JPEG,77657,5d86cbd25c64102057f3c31a334883cdc4057a6b10a89638129debe142d88342,"Ring end one side AND open jaw the other; one spanner only ; house style holds (dark floor, orange rim glow, item fills ~75%, no text/people/price)",Family render; the catalogue code supplies the exact size/variant where the shared image does not visibly prove that marking.
COATES-K2-ROAD2-649-RETRACTION-RESOLVED-20260806-V2,Coates_K2_Road2_Retraction_Resolved_649_Thumbnails_002.zip,860,2,SPANNERCOM1-3/4,SPANNERCOM1-3_4.jpg,Spanner - Combo 1 - 3/4,Spanner - combination | Imperial,imperial combination open-and-ring spanner,,HOUSE_RENDER_FAMILY,production/family_assets/spanner_combination_generic.png,fabef4c98b5956face30e772fa85dcf843c5664f2d056eaf8d63dbffcc638983,ALL_ROWS,FAMILY_MASTER_REVIEWED_AND_CODE_MAPPED,APPROVED_FAMILY_RENDER,800,800,JPEG,77657,5d86cbd25c64102057f3c31a334883cdc4057a6b10a89638129debe142d88342,"Ring end one side AND open jaw the other; one spanner only ; house style holds (dark floor, orange rim glow, item fills ~75%, no text/people/price)",Family render; the catalogue code supplies the exact size/variant where the shared image does not visibly prove that marking.
COATES-K2-ROAD2-649-RETRACTION-RESOLVED-20260806-V2,Coates_K2_Road2_Retraction_Resolved_649_Thumbnails_002.zip,861,2,SPANNERCOM1-3/8,SPANNERCOM1-3_8.jpg,Spanner - Combo 1 - 3/8,Spanner - combination | Imperial,imperial combination open-and-ring spanner,,HOUSE_RENDER_FAMILY,production/family_assets/spanner_combination_generic.png,fabef4c98b5956face30e772fa85dcf843c5664f2d056eaf8d63dbffcc638983,ALL_ROWS,FAMILY_MASTER_REVIEWED_AND_CODE_MAPPED,APPROVED_FAMILY_RENDER,800,800,JPEG,77657,5d86cbd25c64102057f3c31a334883cdc4057a6b10a89638129debe142d88342,"Ring end one side AND open jaw the other; one spanner only ; house style holds (dark floor, orange rim glow, item fills ~75%, no text/people/price)",Family render; the catalogue code supplies the exact size/variant where the shared image does not visibly prove that marking.
COATES-K2-ROAD2-649-RETRACTION-RESOLVED-20260806-V2,Coates_K2_Road2_Retraction_Resolved_649_Thumbnails_002.zip,862,2,SPANNERCOM1-5/16,SPANNERCOM1-5_16.jpg,Spanner - Combo 1 - 5/16,Spanner - combination | Imperial,imperial combination open-and-ring spanner,,HOUSE_RENDER_FAMILY,production/family_assets/spanner_combination_generic.png,fabef4c98b5956face30e772fa85dcf843c5664f2d056eaf8d63dbffcc638983,ALL_ROWS,FAMILY_MASTER_REVIEWED_AND_CODE_MAPPED,APPROVED_FAMILY_RENDER,800,800,JPEG,77657,5d86cbd25c64102057f3c31a334883cdc4057a6b10a89638129debe142d88342,"Ring end one side AND open jaw the other; one spanner only ; house style holds (dark floor, orange rim glow, item fills ~75%, no text/people/price)",Family render; the catalogue code supplies the exact size/variant where the shared image does not visibly prove that marking.
COATES-K2-ROAD2-649-RETRACTION-RESOLVED-20260806-V2,Coates_K2_Road2_Retraction_Resolved_649_Thumbnails_002.zip,863,2,SPANNERCOM1-5/8,SPANNERCOM1-5_8.jpg,Spanner - Combo 1 - 5/8,Spanner - combination | Imperial,imperial combination open-and-ring spanner,,HOUSE_RENDER_FAMILY,production/family_assets/spanner_combination_generic.png,fabef4c98b5956face30e772fa85dcf843c5664f2d056eaf8d63dbffcc638983,ALL_ROWS,FAMILY_MASTER_REVIEWED_AND_CODE_MAPPED,APPROVED_FAMILY_RENDER,800,800,JPEG,77657,5d86cbd25c64102057f3c31a334883cdc4057a6b10a89638129debe142d88342,"Ring end one side AND open jaw the other; one spanner only ; house style holds (dark floor, orange rim glow, item fills ~75%, no text/people/price)",Family render; the catalogue code supplies the exact size/variant where the shared image does not visibly prove that marking.
COATES-K2-ROAD2-649-RETRACTION-RESOLVED-20260806-V2,Coates_K2_Road2_Retraction_Resolved_649_Thumbnails_002.zip,864,2,SPANNERCOM1-7/16,SPANNERCOM1-7_16.jpg,Spanner - Combo 1 - 7/16,Spanner - combination | Imperial,imperial combination open-and-ring spanner,,HOUSE_RENDER_FAMILY,production/family_assets/spanner_combination_generic.png,fabef4c98b5956face30e772fa85dcf843c5664f2d056eaf8d63dbffcc638983,ALL_ROWS,FAMILY_MASTER_REVIEWED_AND_CODE_MAPPED,APPROVED_FAMILY_RENDER,800,800,JPEG,77657,5d86cbd25c64102057f3c31a334883cdc4057a6b10a89638129debe142d88342,"Ring end one side AND open jaw the other; one spanner only ; house style holds (dark floor, orange rim glow, item fills ~75%, no text/people/price)",Family render; the catalogue code supplies the exact size/variant where the shared image does not visibly prove that marking.
COATES-K2-ROAD2-649-RETRACTION-RESOLVED-20260806-V2,Coates_K2_Road2_Retraction_Resolved_649_Thumbnails_002.zip,865,2,SPANNERCOM1-7/8,SPANNERCOM1-7_8.jpg,Spanner - Combo 1 - 7/8,Spanner - combination | Imperial,imperial combination open-and-ring spanner,,HOUSE_RENDER_FAMILY,production/family_assets/spanner_combination_generic.png,fabef4c98b5956face30e772fa85dcf843c5664f2d056eaf8d63dbffcc638983,ALL_ROWS,FAMILY_MASTER_REVIEWED_AND_CODE_MAPPED,APPROVED_FAMILY_RENDER,800,800,JPEG,77657,5d86cbd25c64102057f3c31a334883cdc4057a6b10a89638129debe142d88342,"Ring end one side AND open jaw the other; one spanner only ; house style holds (dark floor, orange rim glow, item fills ~75%, no text/people/price)",Family render; the catalogue code supplies the exact size/variant where the shared image does not visibly prove that marking.
COATES-K2-ROAD2-649-RETRACTION-RESOLVED-20260806-V2,Coates_K2_Road2_Retraction_Resolved_649_Thumbnails_002.zip,851,2,SPANNERCOM1,SPANNERCOM1.jpg,Spanner - Combo 1,Spanner - combination,combination open-and-ring spanner,,HOUSE_RENDER_FAMILY,production/family_assets/spanner_combination_generic.png,fabef4c98b5956face30e772fa85dcf843c5664f2d056eaf8d63dbffcc638983,ALL_ROWS,FAMILY_MASTER_REVIEWED_AND_CODE_MAPPED,APPROVED_FAMILY_RENDER,800,800,JPEG,77657,5d86cbd25c64102057f3c31a334883cdc4057a6b10a89638129debe142d88342,"Ring end one side AND open jaw the other; one spanner only ; house style holds (dark floor, orange rim glow, item fills ~75%, no text/people/price)",Family render; the catalogue code supplies the exact size/variant where the shared image does not visibly prove that marking.
COATES-K2-ROAD2-649-RETRACTION-RESOLVED-20260806-V2,Coates_K2_Road2_Retraction_Resolved_649_Thumbnails_002.zip,868,2,SPANNERCOM11/16,SPANNERCOM11_16.jpg,Spanner - Combo 11/16,Spanner - combination | Imperial,imperial combination open-and-ring spanner,,HOUSE_RENDER_FAMILY,production/family_assets/spanner_combination_generic.png,fabef4c98b5956face30e772fa85dcf843c5664f2d056eaf8d63dbffcc638983,ALL_ROWS,FAMILY_MASTER_REVIEWED_AND_CODE_MAPPED,APPROVED_FAMILY_RENDER,800,800,JPEG,77657,5d86cbd25c64102057f3c31a334883cdc4057a6b10a89638129debe142d88342,"Ring end one side AND open jaw the other; one spanner only ; house style holds (dark floor, orange rim glow, item fills ~75%, no text/people/price)",Family render; the catalogue code supplies the exact size/variant where the shared image does not visibly prove that marking.
COATES-K2-ROAD2-649-RETRACTION-RESOLVED-20260806-V2,Coates_K2_Road2_Retraction_Resolved_649_Thumbnails_002.zip,871,2,SPANNERCOM13/16,SPANNERCOM13_16.jpg,Spanner - Combo 13/16,Spanner - combination | Imperial,imperial combination open-and-ring spanner,,HOUSE_RENDER_FAMILY,production/family_assets/spanner_combination_generic.png,fabef4c98b5956face30e772fa85dcf843c5664f2d056eaf8d63dbffcc638983,ALL_ROWS,FAMILY_MASTER_REVIEWED_AND_CODE_MAPPED,APPROVED_FAMILY_RENDER,800,800,JPEG,77657,5d86cbd25c64102057f3c31a334883cdc4057a6b10a89638129debe142d88342,"Ring end one side AND open jaw the other; one spanner only ; house style holds (dark floor, orange rim glow, item fills ~75%, no text/people/price)",Family render; the catalogue code supplies the exact size/variant where the shared image does not visibly prove that marking.
COATES-K2-ROAD2-649-RETRACTION-RESOLVED-20260806-V2,Coates_K2_Road2_Retraction_Resolved_649_Thumbnails_002.zip,873,2,SPANNERCOM15/16,SPANNERCOM15_16.jpg,Spanner - Combo 15/16,Spanner - combination | Imperial,imperial combination open-and-ring spanner,,HOUSE_RENDER_FAMILY,production/family_assets/spanner_combination_generic.png,fabef4c98b5956face30e772fa85dcf843c5664f2d056eaf8d63dbffcc638983,ALL_ROWS,FAMILY_MASTER_REVIEWED_AND_CODE_MAPPED,APPROVED_FAMILY_RENDER,800,800,JPEG,77657,5d86cbd25c64102057f3c31a334883cdc4057a6b10a89638129debe142d88342,"Ring end one side AND open jaw the other; one spanner only ; house style holds (dark floor, orange rim glow, item fills ~75%, no text/people/price)",Family render; the catalogue code supplies the exact size/variant where the shared image does not visibly prove that marking.
COATES-K2-ROAD2-649-RETRACTION-RESOLVED-20260806-V2,Coates_K2_Road2_Retraction_Resolved_649_Thumbnails_002.zip,866,2,SPANNERCOM1/2,SPANNERCOM1_2.jpg,Spanner - Combo 1/2,Spanner - combination | Imperial,imperial combination open-and-ring spanner,,HOUSE_RENDER_FAMILY,production/family_assets/spanner_combination_generic.png,fabef4c98b5956face30e772fa85dcf843c5664f2d056eaf8d63dbffcc638983,ALL_ROWS,FAMILY_MASTER_REVIEWED_AND_CODE_MAPPED,APPROVED_FAMILY_RENDER,800,800,JPEG,77657,5d86cbd25c64102057f3c31a334883cdc4057a6b10a89638129debe142d88342,"Ring end one side AND open jaw the other; one spanner only ; house style holds (dark floor, orange rim glow, item fills ~75%, no text/people/price)",Family render; the catalogue code supplies the exact size/variant where the shared image does not visibly prove that marking.
COATES-K2-ROAD2-649-RETRACTION-RESOLVED-20260806-V2,Coates_K2_Road2_Retraction_Resolved_649_Thumbnails_002.zip,867,2,SPANNERCOM1/4,SPANNERCOM1_4.jpg,Spanner - Combo 1/4,Spanner - combination | Imperial,imperial combination open-and-ring spanner,,HOUSE_RENDER_FAMILY,production/family_assets/spanner_combination_generic.png,fabef4c98b5956face30e772fa85dcf843c5664f2d056eaf8d63dbffcc638983,ALL_ROWS,FAMILY_MASTER_REVIEWED_AND_CODE_MAPPED,APPROVED_FAMILY_RENDER,800,800,JPEG,77657,5d86cbd25c64102057f3c31a334883cdc4057a6b10a89638129debe142d88342,"Ring end one side AND open jaw the other; one spanner only ; house style holds (dark floor, orange rim glow, item fills ~75%, no text/people/price)",Family render; the catalogue code supplies the exact size/variant where the shared image does not visibly prove that marking.
COATES-K2-ROAD2-649-RETRACTION-RESOLVED-20260806-V2,Coates_K2_Road2_Retraction_Resolved_649_Thumbnails_003.zip,884,2,SPANNERCOM2-13/16,SPANNERCOM2-13_16.jpg,Spanner - Combo 2 - 3/16,Spanner - combination | Imperial,imperial combination open-and-ring spanner,,HOUSE_RENDER_FAMILY,production/family_assets/spanner_combination_generic.png,fabef4c98b5956face30e772fa85dcf843c5664f2d056eaf8d63dbffcc638983,ALL_ROWS,FAMILY_MASTER_REVIEWED_AND_CODE_MAPPED,APPROVED_FAMILY_RENDER,800,800,JPEG,77657,5d86cbd25c64102057f3c31a334883cdc4057a6b10a89638129debe142d88342,"Ring end one side AND open jaw the other; one spanner only ; house style holds (dark floor, orange rim glow, item fills ~75%, no text/people/price)",Family render; the catalogue code supplies the exact size/variant where the shared image does not visibly prove that marking.
COATES-K2-ROAD2-649-RETRACTION-RESOLVED-20260806-V2,Coates_K2_Road2_Retraction_Resolved_649_Thumbnails_003.zip,880,2,SPANNERCOM2-1/16,SPANNERCOM2-1_16.jpg,Spanner - Combo 2 - 1/16,Spanner - combination | Imperial,imperial combination open-and-ring spanner,,HOUSE_RENDER_FAMILY,production/family_assets/spanner_combination_generic.png,fabef4c98b5956face30e772fa85dcf843c5664f2d056eaf8d63dbffcc638983,ALL_ROWS,FAMILY_MASTER_REVIEWED_AND_CODE_MAPPED,APPROVED_FAMILY_RENDER,800,800,JPEG,77657,5d86cbd25c64102057f3c31a334883cdc4057a6b10a89638129debe142d88342,"Ring end one side AND open jaw the other; one spanner only ; house style holds (dark floor, orange rim glow, item fills ~75%, no text/people/price)",Family render; the catalogue code supplies the exact size/variant where the shared image does not visibly prove that marking.
COATES-K2-ROAD2-649-RETRACTION-RESOLVED-20260806-V2,Coates_K2_Road2_Retraction_Resolved_649_Thumbnails_003.zip,881,2,SPANNERCOM2-1/2,SPANNERCOM2-1_2.jpg,Spanner - Combo 2 - 1/2,Spanner - combination | Imperial,imperial combination open-and-ring spanner,,HOUSE_RENDER_FAMILY,production/family_assets/spanner_combination_generic.png,fabef4c98b5956face30e772fa85dcf843c5664f2d056eaf8d63dbffcc638983,ALL_ROWS,FAMILY_MASTER_REVIEWED_AND_CODE_MAPPED,APPROVED_FAMILY_RENDER,800,800,JPEG,77657,5d86cbd25c64102057f3c31a334883cdc4057a6b10a89638129debe142d88342,"Ring end one side AND open jaw the other; one spanner only ; house style holds (dark floor, orange rim glow, item fills ~75%, no text/people/price)",Family render; the catalogue code supplies the exact size/variant where the shared image does not visibly prove that marking.
COATES-K2-ROAD2-649-RETRACTION-RESOLVED-20260806-V2,Coates_K2_Road2_Retraction_Resolved_649_Thumbnails_003.zip,882,2,SPANNERCOM2-1/4,SPANNERCOM2-1_4.jpg,Spanner - Combo 2 - 1/4,Spanner - combination | Imperial,imperial combination open-and-ring spanner,,HOUSE_RENDER_FAMILY,production/family_assets/spanner_combination_generic.png,fabef4c98b5956face30e772fa85dcf843c5664f2d056eaf8d63dbffcc638983,ALL_ROWS,FAMILY_MASTER_REVIEWED_AND_CODE_MAPPED,APPROVED_FAMILY_RENDER,800,800,JPEG,77657,5d86cbd25c64102057f3c31a334883cdc4057a6b10a89638129debe142d88342,"Ring end one side AND open jaw the other; one spanner only ; house style holds (dark floor, orange rim glow, item fills ~75%, no text/people/price)",Family render; the catalogue code supplies the exact size/variant where the shared image does not visibly prove that marking.
COATES-K2-ROAD2-649-RETRACTION-RESOLVED-20260806-V2,Coates_K2_Road2_Retraction_Resolved_649_Thumbnails_003.zip,883,2,SPANNERCOM2-1/8,SPANNERCOM2-1_8.jpg,Spanner - Combo 2 - 1/8,Spanner - combination | Imperial,imperial combination open-and-ring spanner,,HOUSE_RENDER_FAMILY,production/family_assets/spanner_combination_generic.png,fabef4c98b5956face30e772fa85dcf843c5664f2d056eaf8d63dbffcc638983,ALL_ROWS,FAMILY_MASTER_REVIEWED_AND_CODE_MAPPED,APPROVED_FAMILY_RENDER,800,800,JPEG,77657,5d86cbd25c64102057f3c31a334883cdc4057a6b10a89638129debe142d88342,"Ring end one side AND open jaw the other; one spanner only ; house style holds (dark floor, orange rim glow, item fills ~75%, no text/people/price)",Family render; the catalogue code supplies the exact size/variant where the shared image does not visibly prove that marking.
COATES-K2-ROAD2-649-RETRACTION-RESOLVED-20260806-V2,Coates_K2_Road2_Retraction_Resolved_649_Thumbnails_003.zip,849,2,SPANNERCOM2-3/4,SPANNERCOM2-3_4.jpg,Spanner - Combo - Flat - 2-3/4,Spanner - combination | Flat | Imperial,imperial flat combination open-and-ring spanner,,HOUSE_RENDER_FAMILY,production/family_assets/spanner_combination_generic.png,fabef4c98b5956face30e772fa85dcf843c5664f2d056eaf8d63dbffcc638983,ALL_ROWS,FAMILY_MASTER_REVIEWED_AND_CODE_MAPPED,APPROVED_FAMILY_RENDER,800,800,JPEG,77657,5d86cbd25c64102057f3c31a334883cdc4057a6b10a89638129debe142d88342,"Ring end one side AND open jaw the other; one spanner only ; house style holds (dark floor, orange rim glow, item fills ~75%, no text/people/price)",Family render; the catalogue code supplies the exact size/variant where the shared image does not visibly prove that marking.
COATES-K2-ROAD2-649-RETRACTION-RESOLVED-20260806-V2,Coates_K2_Road2_Retraction_Resolved_649_Thumbnails_003.zip,885,2,SPANNERCOM2-3/8,SPANNERCOM2-3_8.jpg,Spanner - Combo 2 - 3/8,Spanner - combination | Imperial,imperial combination open-and-ring spanner,,HOUSE_RENDER_FAMILY,production/family_assets/spanner_combination_generic.png,fabef4c98b5956face30e772fa85dcf843c5664f2d056eaf8d63dbffcc638983,ALL_ROWS,FAMILY_MASTER_REVIEWED_AND_CODE_MAPPED,APPROVED_FAMILY_RENDER,800,800,JPEG,77657,5d86cbd25c64102057f3c31a334883cdc4057a6b10a89638129debe142d88342,"Ring end one side AND open jaw the other; one spanner only ; house style holds (dark floor, orange rim glow, item fills ~75%, no text/people/price)",Family render; the catalogue code supplies the exact size/variant where the shared image does not visibly prove that marking.
COATES-K2-ROAD2-649-RETRACTION-RESOLVED-20260806-V2,Coates_K2_Road2_Retraction_Resolved_649_Thumbnails_003.zip,886,2,SPANNERCOM2-5/16,SPANNERCOM2-5_16.jpg,Spanner - Combo 2 - 5/16,Spanner - combination | Imperial,imperial combination open-and-ring spanner,,HOUSE_RENDER_FAMILY,production/family_assets/spanner_combination_generic.png,fabef4c98b5956face30e772fa85dcf843c5664f2d056eaf8d63dbffcc638983,ALL_ROWS,FAMILY_MASTER_REVIEWED_AND_CODE_MAPPED,APPROVED_FAMILY_RENDER,800,800,JPEG,77657,5d86cbd25c64102057f3c31a334883cdc4057a6b10a89638129debe142d88342,"Ring end one side AND open jaw the other; one spanner only ; house style holds (dark floor, orange rim glow, item fills ~75%, no text/people/price)",Family render; the catalogue code supplies the exact size/variant where the shared image does not visibly prove that marking.
COATES-K2-ROAD2-649-RETRACTION-RESOLVED-20260806-V2,Coates_K2_Road2_Retraction_Resolved_649_Thumbnails_003.zip,887,2,SPANNERCOM2-7/16,SPANNERCOM2-7_16.jpg,Spanner - Combo 2 - 7/16,Spanner - combination | Imperial,imperial combination open-and-ring spanner,,HOUSE_RENDER_FAMILY,production/family_assets/spanner_combination_generic.png,fabef4c98b5956face30e772fa85dcf843c5664f2d056eaf8d63dbffcc638983,ALL_ROWS,FAMILY_MASTER_REVIEWED_AND_CODE_MAPPED,APPROVED_FAMILY_RENDER,800,800,JPEG,77657,5d86cbd25c64102057f3c31a334883cdc4057a6b10a89638129debe142d88342,"Ring end one side AND open jaw the other; one spanner only ; house style holds (dark floor, orange rim glow, item fills ~75%, no text/people/price)",Family render; the catalogue code supplies the exact size/variant where the shared image does not visibly prove that marking.
COATES-K2-ROAD2-649-RETRACTION-RESOLVED-20260806-V2,Coates_K2_Road2_Retraction_Resolved_649_Thumbnails_003.zip,888,2,SPANNERCOM2-9/16,SPANNERCOM2-9_16.jpg,Spanner - Combo 2-9/16,Spanner - combination | Imperial,imperial combination open-and-ring spanner,,HOUSE_RENDER_FAMILY,production/family_assets/spanner_combination_generic.png,fabef4c98b5956face30e772fa85dcf843c5664f2d056eaf8d63dbffcc638983,ALL_ROWS,FAMILY_MASTER_REVIEWED_AND_CODE_MAPPED,APPROVED_FAMILY_RENDER,800,800,JPEG,77657,5d86cbd25c64102057f3c31a334883cdc4057a6b10a89638129debe142d88342,"Ring end one side AND open jaw the other; one spanner only ; house style holds (dark floor, orange rim glow, item fills ~75%, no text/people/price)",Family render; the catalogue code supplies the exact size/variant where the shared image does not visibly prove that marking.
COATES-K2-ROAD2-649-RETRACTION-RESOLVED-20260806-V2,Coates_K2_Road2_Retraction_Resolved_649_Thumbnails_003.zip,879,2,SPANNERCOM2,SPANNERCOM2.jpg,Spanner - Combo 2,Spanner - combination,combination open-and-ring spanner,,HOUSE_RENDER_FAMILY,production/family_assets/spanner_combination_generic.png,fabef4c98b5956face30e772fa85dcf843c5664f2d056eaf8d63dbffcc638983,ALL_ROWS,FAMILY_MASTER_REVIEWED_AND_CODE_MAPPED,APPROVED_FAMILY_RENDER,800,800,JPEG,77657,5d86cbd25c64102057f3c31a334883cdc4057a6b10a89638129debe142d88342,"Ring end one side AND open jaw the other; one spanner only ; house style holds (dark floor, orange rim glow, item fills ~75%, no text/people/price)",Family render; the catalogue code supplies the exact size/variant where the shared image does not visibly prove that marking.
COATES-K2-ROAD2-649-RETRACTION-RESOLVED-20260806-V2,Coates_K2_Road2_Retraction_Resolved_649_Thumbnails_003.zip,895,2,SPANNERCOM3/4,SPANNERCOM3_4.jpg,Spanner - Combo 3/4,Spanner - combination | Imperial,imperial combination open-and-ring spanner,,HOUSE_RENDER_FAMILY,production/family_assets/spanner_combination_generic.png,fabef4c98b5956face30e772fa85dcf843c5664f2d056eaf8d63dbffcc638983,ALL_ROWS,FAMILY_MASTER_REVIEWED_AND_CODE_MAPPED,APPROVED_FAMILY_RENDER,800,800,JPEG,77657,5d86cbd25c64102057f3c31a334883cdc4057a6b10a89638129debe142d88342,"Ring end one side AND open jaw the other; one spanner only ; house style holds (dark floor, orange rim glow, item fills ~75%, no text/people/price)",Family render; the catalogue code supplies the exact size/variant where the shared image does not visibly prove that marking.
COATES-K2-ROAD2-649-RETRACTION-RESOLVED-20260806-V2,Coates_K2_Road2_Retraction_Resolved_649_Thumbnails_003.zip,896,2,SPANNERCOM3/8,SPANNERCOM3_8.jpg,Spanner - Combo 3/8,Spanner - combination | Imperial,imperial combination open-and-ring spanner,,HOUSE_RENDER_FAMILY,production/family_assets/spanner_combination_generic.png,fabef4c98b5956face30e772fa85dcf843c5664f2d056eaf8d63dbffcc638983,ALL_ROWS,FAMILY_MASTER_REVIEWED_AND_CODE_MAPPED,APPROVED_FAMILY_RENDER,800,800,JPEG,77657,5d86cbd25c64102057f3c31a334883cdc4057a6b10a89638129debe142d88342,"Ring end one side AND open jaw the other; one spanner only ; house style holds (dark floor, orange rim glow, item fills ~75%, no text/people/price)",Family render; the catalogue code supplies the exact size/variant where the shared image does not visibly prove that marking.
COATES-K2-ROAD2-649-RETRACTION-RESOLVED-20260806-V2,Coates_K2_Road2_Retraction_Resolved_649_Thumbnails_003.zip,898,2,SPANNERCOM5/16,SPANNERCOM5_16.jpg,Spanner - Combo 5/16,Spanner - combination | Imperial,imperial combination open-and-ring spanner,,HOUSE_RENDER_FAMILY,production/family_assets/spanner_combination_generic.png,fabef4c98b5956face30e772fa85dcf843c5664f2d056eaf8d63dbffcc638983,ALL_ROWS,FAMILY_MASTER_REVIEWED_AND_CODE_MAPPED,APPROVED_FAMILY_RENDER,800,800,JPEG,77657,5d86cbd25c64102057f3c31a334883cdc4057a6b10a89638129debe142d88342,"Ring end one side AND open jaw the other; one spanner only ; house style holds (dark floor, orange rim glow, item fills ~75%, no text/people/price)",Family render; the catalogue code supplies the exact size/variant where the shared image does not visibly prove that marking.
COATES-K2-ROAD2-649-RETRACTION-RESOLVED-20260806-V2,Coates_K2_Road2_Retraction_Resolved_649_Thumbnails_003.zip,850,2,SPANNERCOM5/8,SPANNERCOM5_8.jpg,Spanner - Combo - Flat - 5/8,Spanner - combination | Flat | Imperial,imperial flat combination open-and-ring spanner,,HOUSE_RENDER_FAMILY,production/family_assets/spanner_combination_generic.png,fabef4c98b5956face30e772fa85dcf843c5664f2d056eaf8d63dbffcc638983,ALL_ROWS,FAMILY_MASTER_REVIEWED_AND_CODE_MAPPED,APPROVED_FAMILY_RENDER,800,800,JPEG,77657,5d86cbd25c64102057f3c31a334883cdc4057a6b10a89638129debe142d88342,"Ring end one side AND open jaw the other; one spanner only ; house style holds (dark floor, orange rim glow, item fills ~75%, no text/people/price)",Family render; the catalogue code supplies the exact size/variant where the shared image does not visibly prove that marking.
COATES-K2-ROAD2-649-RETRACTION-RESOLVED-20260806-V2,Coates_K2_Road2_Retraction_Resolved_649_Thumbnails_003.zip,899,2,SPANNERCOM7/16,SPANNERCOM7_16.jpg,Spanner - Combo 7/16,Spanner - combination | Imperial,imperial combination open-and-ring spanner,,HOUSE_RENDER_FAMILY,production/family_assets/spanner_combination_generic.png,fabef4c98b5956face30e772fa85dcf843c5664f2d056eaf8d63dbffcc638983,ALL_ROWS,FAMILY_MASTER_REVIEWED_AND_CODE_MAPPED,APPROVED_FAMILY_RENDER,800,800,JPEG,77657,5d86cbd25c64102057f3c31a334883cdc4057a6b10a89638129debe142d88342,"Ring end one side AND open jaw the other; one spanner only ; house style holds (dark floor, orange rim glow, item fills ~75%, no text/people/price)",Family render; the catalogue code supplies the exact size/variant where the shared image does not visibly prove that marking.
COATES-K2-ROAD2-649-RETRACTION-RESOLVED-20260806-V2,Coates_K2_Road2_Retraction_Resolved_649_Thumbnails_003.zip,900,2,SPANNERCOM7/8,SPANNERCOM7_8.jpg,Spanner - Combo 7/8,Spanner - combination | Imperial,imperial combination open-and-ring spanner,,HOUSE_RENDER_FAMILY,production/family_assets/spanner_combination_generic.png,fabef4c98b5956face30e772fa85dcf843c5664f2d056eaf8d63dbffcc638983,ALL_ROWS,FAMILY_MASTER_REVIEWED_AND_CODE_MAPPED,APPROVED_FAMILY_RENDER,800,800,JPEG,77657,5d86cbd25c64102057f3c31a334883cdc4057a6b10a89638129debe142d88342,"Ring end one side AND open jaw the other; one spanner only ; house style holds (dark floor, orange rim glow, item fills ~75%, no text/people/price)",Family render; the catalogue code supplies the exact size/variant where the shared image does not visibly prove that marking.
COATES-K2-ROAD2-649-RETRACTION-RESOLVED-20260806-V2,Coates_K2_Road2_Retraction_Resolved_649_Thumbnails_003.zip,902,2,SPANNERCOM9/16,SPANNERCOM9_16.jpg,Spanner - Combo 9/16,Spanner - combination | Imperial,imperial combination open-and-ring spanner,,HOUSE_RENDER_FAMILY,production/family_assets/spanner_combination_generic.png,fabef4c98b5956face30e772fa85dcf843c5664f2d056eaf8d63dbffcc638983,ALL_ROWS,FAMILY_MASTER_REVIEWED_AND_CODE_MAPPED,APPROVED_FAMILY_RENDER,800,800,JPEG,77657,5d86cbd25c64102057f3c31a334883cdc4057a6b10a89638129debe142d88342,"Ring end one side AND open jaw the other; one spanner only ; house style holds (dark floor, orange rim glow, item fills ~75%, no text/people/price)",Family render; the catalogue code supplies the exact size/variant where the shared image does not visibly prove that marking.
COATES-K2-ROAD2-649-RETRACTION-RESOLVED-20260806-V2,Coates_K2_Road2_Retraction_Resolved_649_Thumbnails_003.zip,870,2,SPANNERCOMBO-12MM,SPANNERCOMBO-12MM.jpg,Spanner - Combo 12mm,Spanner - combination | Metric,metric combination open-and-ring spanner,12mm,HOUSE_RENDER_FAMILY,production/family_assets/spanner_combination_generic.png,fabef4c98b5956face30e772fa85dcf843c5664f2d056eaf8d63dbffcc638983,ALL_ROWS,FAMILY_MASTER_REVIEWED_AND_CODE_MAPPED,APPROVED_FAMILY_RENDER,800,800,JPEG,77657,5d86cbd25c64102057f3c31a334883cdc4057a6b10a89638129debe142d88342,"Ring end one side AND open jaw the other; one spanner only ; stamped/labelled sizes readable: 12mm ; house style holds (dark floor, orange rim glow, item fills ~75%, no text/people/price)",Family render; the catalogue code supplies the exact size/variant where the shared image does not visibly prove that marking.
COATES-K2-ROAD2-649-RETRACTION-RESOLVED-20260806-V2,Coates_K2_Road2_Retraction_Resolved_649_Thumbnails_003.zip,826,2,SPANNERCOMBO-13MM,SPANNERCOMBO-13MM.jpg,Spanner - Combo (13mm),Spanner - combination | Metric,metric combination open-and-ring spanner,13mm,HOUSE_RENDER_FAMILY,production/family_assets/spanner_combination_generic.png,fabef4c98b5956face30e772fa85dcf843c5664f2d056eaf8d63dbffcc638983,ALL_ROWS,FAMILY_MASTER_REVIEWED_AND_CODE_MAPPED,APPROVED_FAMILY_RENDER,800,800,JPEG,77657,5d86cbd25c64102057f3c31a334883cdc4057a6b10a89638129debe142d88342,"Ring end one side AND open jaw the other; one spanner only ; stamped/labelled sizes readable: 13mm ; house style holds (dark floor, orange rim glow, item fills ~75%, no text/people/price)",Family render; the catalogue code supplies the exact size/variant where the shared image does not visibly prove that marking.
COATES-K2-ROAD2-649-RETRACTION-RESOLVED-20260806-V2,Coates_K2_Road2_Retraction_Resolved_649_Thumbnails_003.zip,872,2,SPANNERCOMBO-14MM,SPANNERCOMBO-14MM.jpg,Spanner - Combo 14mm,Spanner - combination | Metric,metric combination open-and-ring spanner,14mm,HOUSE_RENDER_FAMILY,production/family_assets/spanner_combination_generic.png,fabef4c98b5956face30e772fa85dcf843c5664f2d056eaf8d63dbffcc638983,ALL_ROWS,FAMILY_MASTER_REVIEWED_AND_CODE_MAPPED,APPROVED_FAMILY_RENDER,800,800,JPEG,77657,5d86cbd25c64102057f3c31a334883cdc4057a6b10a89638129debe142d88342,"Ring end one side AND open jaw the other; one spanner only ; stamped/labelled sizes readable: 14mm ; house style holds (dark floor, orange rim glow, item fills ~75%, no text/people/price)",Family render; the catalogue code supplies the exact size/variant where the shared image does not visibly prove that marking.
COATES-K2-ROAD2-649-RETRACTION-RESOLVED-20260806-V2,Coates_K2_Road2_Retraction_Resolved_649_Thumbnails_003.zip,874,2,SPANNERCOMBO-15MM,SPANNERCOMBO-15MM.jpg,Spanner - Combo 15mm,Spanner - combination | Metric,metric combination open-and-ring spanner,15mm,HOUSE_RENDER_FAMILY,production/family_assets/spanner_combination_generic.png,fabef4c98b5956face30e772fa85dcf843c5664f2d056eaf8d63dbffcc638983,ALL_ROWS,FAMILY_MASTER_REVIEWED_AND_CODE_MAPPED,APPROVED_FAMILY_RENDER,800,800,JPEG,77657,5d86cbd25c64102057f3c31a334883cdc4057a6b10a89638129debe142d88342,"Ring end one side AND open jaw the other; one spanner only ; stamped/labelled sizes readable: 15mm ; house style holds (dark floor, orange rim glow, item fills ~75%, no text/people/price)",Family render; the catalogue code supplies the exact size/variant where the shared image does not visibly prove that marking.
COATES-K2-ROAD2-649-RETRACTION-RESOLVED-20260806-V2,Coates_K2_Road2_Retraction_Resolved_649_Thumbnails_003.zip,875,2,SPANNERCOMBO-16MM,SPANNERCOMBO-16MM.jpg,Spanner - Combo 16mm,Spanner - combination | Metric,metric combination open-and-ring spanner,16mm,HOUSE_RENDER_FAMILY,production/family_assets/spanner_combination_generic.png,fabef4c98b5956face30e772fa85dcf843c5664f2d056eaf8d63dbffcc638983,ALL_ROWS,FAMILY_MASTER_REVIEWED_AND_CODE_MAPPED,APPROVED_FAMILY_RENDER,800,800,JPEG,77657,5d86cbd25c64102057f3c31a334883cdc4057a6b10a89638129debe142d88342,"Ring end one side AND open jaw the other; one spanner only ; stamped/labelled sizes readable: 16mm ; house style holds (dark floor, orange rim glow, item fills ~75%, no text/people/price)",Family render; the catalogue code supplies the exact size/variant where the shared image does not visibly prove that marking.
COATES-K2-ROAD2-649-RETRACTION-RESOLVED-20260806-V2,Coates_K2_Road2_Retraction_Resolved_649_Thumbnails_003.zip,876,2,SPANNERCOMBO-17MM,SPANNERCOMBO-17MM.jpg,Spanner - Combo 17mm,Spanner - combination | Metric,metric combination open-and-ring spanner,17mm,HOUSE_RENDER_FAMILY,production/family_assets/spanner_combination_generic.png,fabef4c98b5956face30e772fa85dcf843c5664f2d056eaf8d63dbffcc638983,ALL_ROWS,FAMILY_MASTER_REVIEWED_AND_CODE_MAPPED,APPROVED_FAMILY_RENDER,800,800,JPEG,77657,5d86cbd25c64102057f3c31a334883cdc4057a6b10a89638129debe142d88342,"Ring end one side AND open jaw the other; one spanner only ; stamped/labelled sizes readable: 17mm ; house style holds (dark floor, orange rim glow, item fills ~75%, no text/people/price)",Family render; the catalogue code supplies the exact size/variant where the shared image does not visibly prove that marking.
COATES-K2-ROAD2-649-RETRACTION-RESOLVED-20260806-V2,Coates_K2_Road2_Retraction_Resolved_649_Thumbnails_003.zip,877,2,SPANNERCOMBO-18MM,SPANNERCOMBO-18MM.jpg,Spanner - Combo 18mm,Spanner - combination | Metric,metric combination open-and-ring spanner,18mm,HOUSE_RENDER_FAMILY,production/family_assets/spanner_combination_generic.png,fabef4c98b5956face30e772fa85dcf843c5664f2d056eaf8d63dbffcc638983,ALL_ROWS,FAMILY_MASTER_REVIEWED_AND_CODE_MAPPED,APPROVED_FAMILY_RENDER,800,800,JPEG,77657,5d86cbd25c64102057f3c31a334883cdc4057a6b10a89638129debe142d88342,"Ring end one side AND open jaw the other; one spanner only ; stamped/labelled sizes readable: 18mm ; house style holds (dark floor, orange rim glow, item fills ~75%, no text/people/price)",Family render; the catalogue code supplies the exact size/variant where the shared image does not visibly prove that marking.
COATES-K2-ROAD2-649-RETRACTION-RESOLVED-20260806-V2,Coates_K2_Road2_Retraction_Resolved_649_Thumbnails_003.zip,878,2,SPANNERCOMBO-19MM,SPANNERCOMBO-19MM.jpg,Spanner - Combo 19mm,Spanner - combination | Metric,metric combination open-and-ring spanner,19mm,HOUSE_RENDER_FAMILY,production/family_assets/spanner_combination_generic.png,fabef4c98b5956face30e772fa85dcf843c5664f2d056eaf8d63dbffcc638983,ALL_ROWS,FAMILY_MASTER_REVIEWED_AND_CODE_MAPPED,APPROVED_FAMILY_RENDER,800,800,JPEG,77657,5d86cbd25c64102057f3c31a334883cdc4057a6b10a89638129debe142d88342,"Ring end one side AND open jaw the other; one spanner only ; stamped/labelled sizes readable: 19mm ; house style holds (dark floor, orange rim glow, item fills ~75%, no text/people/price)",Family render; the catalogue code supplies the exact size/variant where the shared image does not visibly prove that marking.
COATES-K2-ROAD2-649-RETRACTION-RESOLVED-20260806-V2,Coates_K2_Road2_Retraction_Resolved_649_Thumbnails_003.zip,889,2,SPANNERCOMBO-21MM,SPANNERCOMBO-21MM.jpg,Spanner - Combo 21mm,Spanner - combination | Metric,metric combination open-and-ring spanner,21mm,HOUSE_RENDER_FAMILY,production/family_assets/spanner_combination_generic.png,fabef4c98b5956face30e772fa85dcf843c5664f2d056eaf8d63dbffcc638983,ALL_ROWS,FAMILY_MASTER_REVIEWED_AND_CODE_MAPPED,APPROVED_FAMILY_RENDER,800,800,JPEG,77657,5d86cbd25c64102057f3c31a334883cdc4057a6b10a89638129debe142d88342,"Ring end one side AND open jaw the other; one spanner only ; stamped/labelled sizes readable: 21mm ; house style holds (dark floor, orange rim glow, item fills ~75%, no text/people/price)",Family render; the catalogue code supplies the exact size/variant where the shared image does not visibly prove that marking.
COATES-K2-ROAD2-649-RETRACTION-RESOLVED-20260806-V2,Coates_K2_Road2_Retraction_Resolved_649_Thumbnails_003.zip,890,2,SPANNERCOMBO-22MM,SPANNERCOMBO-22MM.jpg,Spanner - Combo 22mm,Spanner - combination | Metric,metric combination open-and-ring spanner,22mm,HOUSE_RENDER_FAMILY,production/family_assets/spanner_combination_generic.png,fabef4c98b5956face30e772fa85dcf843c5664f2d056eaf8d63dbffcc638983,ALL_ROWS,FAMILY_MASTER_REVIEWED_AND_CODE_MAPPED,APPROVED_FAMILY_RENDER,800,800,JPEG,77657,5d86cbd25c64102057f3c31a334883cdc4057a6b10a89638129debe142d88342,"Ring end one side AND open jaw the other; one spanner only ; stamped/labelled sizes readable: 22mm ; house style holds (dark floor, orange rim glow, item fills ~75%, no text/people/price)",Family render; the catalogue code supplies the exact size/variant where the shared image does not visibly prove that marking.
COATES-K2-ROAD2-649-RETRACTION-RESOLVED-20260806-V2,Coates_K2_Road2_Retraction_Resolved_649_Thumbnails_003.zip,891,2,SPANNERCOMBO-23MM,SPANNERCOMBO-23MM.jpg,Spanner - Combo 23mm,Spanner - combination | Metric,metric combination open-and-ring spanner,23mm,HOUSE_RENDER_FAMILY,production/family_assets/spanner_combination_generic.png,fabef4c98b5956face30e772fa85dcf843c5664f2d056eaf8d63dbffcc638983,ALL_ROWS,FAMILY_MASTER_REVIEWED_AND_CODE_MAPPED,APPROVED_FAMILY_RENDER,800,800,JPEG,77657,5d86cbd25c64102057f3c31a334883cdc4057a6b10a89638129debe142d88342,"Ring end one side AND open jaw the other; one spanner only ; stamped/labelled sizes readable: 23mm ; house style holds (dark floor, orange rim glow, item fills ~75%, no text/people/price)",Family render; the catalogue code supplies the exact size/variant where the shared image does not visibly prove that marking.
COATES-K2-ROAD2-649-RETRACTION-RESOLVED-20260806-V2,Coates_K2_Road2_Retraction_Resolved_649_Thumbnails_003.zip,892,2,SPANNERCOMBO-24MM,SPANNERCOMBO-24MM.jpg,Spanner - Combo 24mm,Spanner - combination | Metric,metric combination open-and-ring spanner,24mm,HOUSE_RENDER_FAMILY,production/family_assets/spanner_combination_generic.png,fabef4c98b5956face30e772fa85dcf843c5664f2d056eaf8d63dbffcc638983,ALL_ROWS,FAMILY_MASTER_REVIEWED_AND_CODE_MAPPED,APPROVED_FAMILY_RENDER,800,800,JPEG,77657,5d86cbd25c64102057f3c31a334883cdc4057a6b10a89638129debe142d88342,"Ring end one side AND open jaw the other; one spanner only ; stamped/labelled sizes readable: 24mm ; house style holds (dark floor, orange rim glow, item fills ~75%, no text/people/price)",Family render; the catalogue code supplies the exact size/variant where the shared image does not visibly prove that marking.
COATES-K2-ROAD2-649-RETRACTION-RESOLVED-20260806-V2,Coates_K2_Road2_Retraction_Resolved_649_Thumbnails_003.zip,828,2,SPANNERCOMBO-25MM,SPANNERCOMBO-25MM.jpg,Spanner - Combo (25mm),Spanner - combination | Metric,metric combination open-and-ring spanner,25mm,HOUSE_RENDER_FAMILY,production/family_assets/spanner_combination_generic.png,fabef4c98b5956face30e772fa85dcf843c5664f2d056eaf8d63dbffcc638983,ALL_ROWS,FAMILY_MASTER_REVIEWED_AND_CODE_MAPPED,APPROVED_FAMILY_RENDER,800,800,JPEG,77657,5d86cbd25c64102057f3c31a334883cdc4057a6b10a89638129debe142d88342,"Ring end one side AND open jaw the other; one spanner only ; stamped/labelled sizes readable: 25mm ; house style holds (dark floor, orange rim glow, item fills ~75%, no text/people/price)",Family render; the catalogue code supplies the exact size/variant where the shared image does not visibly prove that marking.
COATES-K2-ROAD2-649-RETRACTION-RESOLVED-20260806-V2,Coates_K2_Road2_Retraction_Resolved_649_Thumbnails_003.zip,893,2,SPANNERCOMBO-26MM,SPANNERCOMBO-26MM.jpg,Spanner - Combo 26mm,Spanner - combination | Metric,metric combination open-and-ring spanner,26mm,HOUSE_RENDER_FAMILY,production/family_assets/spanner_combination_generic.png,fabef4c98b5956face30e772fa85dcf843c5664f2d056eaf8d63dbffcc638983,ALL_ROWS,FAMILY_MASTER_REVIEWED_AND_CODE_MAPPED,APPROVED_FAMILY_RENDER,800,800,JPEG,77657,5d86cbd25c64102057f3c31a334883cdc4057a6b10a89638129debe142d88342,"Ring end one side AND open jaw the other; one spanner only ; stamped/labelled sizes readable: 26mm ; house style holds (dark floor, orange rim glow, item fills ~75%, no text/people/price)",Family render; the catalogue code supplies the exact size/variant where the shared image does not visibly prove that marking.
COATES-K2-ROAD2-649-RETRACTION-RESOLVED-20260806-V2,Coates_K2_Road2_Retraction_Resolved_649_Thumbnails_003.zip,829,2,SPANNERCOMBO-27MM,SPANNERCOMBO-27MM.jpg,Spanner - Combo (27mm),Spanner - combination | Metric,metric combination open-and-ring spanner,27mm,HOUSE_RENDER_FAMILY,production/family_assets/spanner_combination_generic.png,fabef4c98b5956face30e772fa85dcf843c5664f2d056eaf8d63dbffcc638983,ALL_ROWS,FAMILY_MASTER_REVIEWED_AND_CODE_MAPPED,APPROVED_FAMILY_RENDER,800,800,JPEG,77657,5d86cbd25c64102057f3c31a334883cdc4057a6b10a89638129debe142d88342,"Ring end one side AND open jaw the other; one spanner only ; stamped/labelled sizes readable: 27mm ; house style holds (dark floor, orange rim glow, item fills ~75%, no text/people/price)",Family render; the catalogue code supplies the exact size/variant where the shared image does not visibly prove that marking.
COATES-K2-ROAD2-649-RETRACTION-RESOLVED-20260806-V2,Coates_K2_Road2_Retraction_Resolved_649_Thumbnails_003.zip,894,2,SPANNERCOMBO-28MM,SPANNERCOMBO-28MM.jpg,Spanner - Combo 28mm,Spanner - combination | Metric,metric combination open-and-ring spanner,28mm,HOUSE_RENDER_FAMILY,production/family_assets/spanner_combination_generic.png,fabef4c98b5956face30e772fa85dcf843c5664f2d056eaf8d63dbffcc638983,ALL_ROWS,FAMILY_MASTER_REVIEWED_AND_CODE_MAPPED,APPROVED_FAMILY_RENDER,800,800,JPEG,77657,5d86cbd25c64102057f3c31a334883cdc4057a6b10a89638129debe142d88342,"Ring end one side AND open jaw the other; one spanner only ; stamped/labelled sizes readable: 28mm ; house style holds (dark floor, orange rim glow, item fills ~75%, no text/people/price)",Family render; the catalogue code supplies the exact size/variant where the shared image does not visibly prove that marking.
COATES-K2-ROAD2-649-RETRACTION-RESOLVED-20260806-V2,Coates_K2_Road2_Retraction_Resolved_649_Thumbnails_003.zip,830,2,SPANNERCOMBO-29MM,SPANNERCOMBO-29MM.jpg,Spanner - Combo (29mm),Spanner - combination | Metric,metric combination open-and-ring spanner,29mm,HOUSE_RENDER_FAMILY,production/family_assets/spanner_combination_generic.png,fabef4c98b5956face30e772fa85dcf843c5664f2d056eaf8d63dbffcc638983,ALL_ROWS,FAMILY_MASTER_REVIEWED_AND_CODE_MAPPED,APPROVED_FAMILY_RENDER,800,800,JPEG,77657,5d86cbd25c64102057f3c31a334883cdc4057a6b10a89638129debe142d88342,"Ring end one side AND open jaw the other; one spanner only ; stamped/labelled sizes readable: 29mm ; house style holds (dark floor, orange rim glow, item fills ~75%, no text/people/price)",Family render; the catalogue code supplies the exact size/variant where the shared image does not visibly prove that marking.
COATES-K2-ROAD2-649-RETRACTION-RESOLVED-20260806-V2,Coates_K2_Road2_Retraction_Resolved_649_Thumbnails_003.zip,832,2,SPANNERCOMBO-32MM,SPANNERCOMBO-32MM.jpg,Spanner - Combo (32mm),Spanner - combination | Metric,metric combination open-and-ring spanner,32mm,HOUSE_RENDER_FAMILY,production/family_assets/spanner_combination_generic.png,fabef4c98b5956face30e772fa85dcf843c5664f2d056eaf8d63dbffcc638983,ALL_ROWS,FAMILY_MASTER_REVIEWED_AND_CODE_MAPPED,APPROVED_FAMILY_RENDER,800,800,JPEG,77657,5d86cbd25c64102057f3c31a334883cdc4057a6b10a89638129debe142d88342,"Ring end one side AND open jaw the other; one spanner only ; stamped/labelled sizes readable: 32mm ; house style holds (dark floor, orange rim glow, item fills ~75%, no text/people/price)",Family render; the catalogue code supplies the exact size/variant where the shared image does not visibly prove that marking.
COATES-K2-ROAD2-649-RETRACTION-RESOLVED-20260806-V2,Coates_K2_Road2_Retraction_Resolved_649_Thumbnails_003.zip,897,2,SPANNERCOMBO-33MM,SPANNERCOMBO-33MM.jpg,Spanner - Combo 33mm,Spanner - combination | Metric,metric combination open-and-ring spanner,33mm,HOUSE_RENDER_FAMILY,production/family_assets/spanner_combination_generic.png,fabef4c98b5956face30e772fa85dcf843c5664f2d056eaf8d63dbffcc638983,ALL_ROWS,FAMILY_MASTER_REVIEWED_AND_CODE_MAPPED,APPROVED_FAMILY_RENDER,800,800,JPEG,77657,5d86cbd25c64102057f3c31a334883cdc4057a6b10a89638129debe142d88342,"Ring end one side AND open jaw the other; one spanner only ; stamped/labelled sizes readable: 33mm ; house style holds (dark floor, orange rim glow, item fills ~75%, no text/people/price)",Family render; the catalogue code supplies the exact size/variant where the shared image does not visibly prove that marking.
COATES-K2-ROAD2-649-RETRACTION-RESOLVED-20260806-V2,Coates_K2_Road2_Retraction_Resolved_649_Thumbnails_003.zip,833,2,SPANNERCOMBO-36MM,SPANNERCOMBO-36MM.jpg,Spanner - Combo (36mm),Spanner - combination | Metric,metric combination open-and-ring spanner,36mm,HOUSE_RENDER_FAMILY,production/family_assets/spanner_combination_generic.png,fabef4c98b5956face30e772fa85dcf843c5664f2d056eaf8d63dbffcc638983,ALL_ROWS,FAMILY_MASTER_REVIEWED_AND_CODE_MAPPED,APPROVED_FAMILY_RENDER,800,800,JPEG,77657,5d86cbd25c64102057f3c31a334883cdc4057a6b10a89638129debe142d88342,"Ring end one side AND open jaw the other; one spanner only ; stamped/labelled sizes readable: 36mm ; house style holds (dark floor, orange rim glow, item fills ~75%, no text/people/price)",Family render; the catalogue code supplies the exact size/variant where the shared image does not visibly prove that marking.
COATES-K2-ROAD2-649-RETRACTION-RESOLVED-20260806-V2,Coates_K2_Road2_Retraction_Resolved_649_Thumbnails_003.zip,834,2,SPANNERCOMBO-38MM,SPANNERCOMBO-38MM.jpg,Spanner - Combo (38mm),Spanner - combination | Metric,metric combination open-and-ring spanner,38mm,HOUSE_RENDER_FAMILY,production/family_assets/spanner_combination_generic.png,fabef4c98b5956face30e772fa85dcf843c5664f2d056eaf8d63dbffcc638983,ALL_ROWS,FAMILY_MASTER_REVIEWED_AND_CODE_MAPPED,APPROVED_FAMILY_RENDER,800,800,JPEG,77657,5d86cbd25c64102057f3c31a334883cdc4057a6b10a89638129debe142d88342,"Ring end one side AND open jaw the other; one spanner only ; stamped/labelled sizes readable: 38mm ; house style holds (dark floor, orange rim glow, item fills ~75%, no text/people/price)",Family render; the catalogue code supplies the exact size/variant where the shared image does not visibly prove that marking.
COATES-K2-ROAD2-649-RETRACTION-RESOLVED-20260806-V2,Coates_K2_Road2_Retraction_Resolved_649_Thumbnails_003.zip,835,2,SPANNERCOMBO-41MM,SPANNERCOMBO-41MM.jpg,Spanner - Combo (41mm),Spanner - combination | Metric,metric combination open-and-ring spanner,41mm,HOUSE_RENDER_FAMILY,production/family_assets/spanner_combination_generic.png,fabef4c98b5956face30e772fa85dcf843c5664f2d056eaf8d63dbffcc638983,ALL_ROWS,FAMILY_MASTER_REVIEWED_AND_CODE_MAPPED,APPROVED_FAMILY_RENDER,800,800,JPEG,77657,5d86cbd25c64102057f3c31a334883cdc4057a6b10a89638129debe142d88342,"Ring end one side AND open jaw the other; one spanner only ; stamped/labelled sizes readable: 41mm ; house style holds (dark floor, orange rim glow, item fills ~75%, no text/people/price)",Family render; the catalogue code supplies the exact size/variant where the shared image does not visibly prove that marking.
COATES-K2-ROAD2-649-RETRACTION-RESOLVED-20260806-V2,Coates_K2_Road2_Retraction_Resolved_649_Thumbnails_003.zip,836,2,SPANNERCOMBO-46MM,SPANNERCOMBO-46MM.jpg,Spanner - Combo (46mm),Spanner - combination | Metric,metric combination open-and-ring spanner,46mm,HOUSE_RENDER_FAMILY,production/family_assets/spanner_combination_generic.png,fabef4c98b5956face30e772fa85dcf843c5664f2d056eaf8d63dbffcc638983,ALL_ROWS,FAMILY_MASTER_REVIEWED_AND_CODE_MAPPED,APPROVED_FAMILY_RENDER,800,800,JPEG,77657,5d86cbd25c64102057f3c31a334883cdc4057a6b10a89638129debe142d88342,"Ring end one side AND open jaw the other; one spanner only ; stamped/labelled sizes readable: 46mm ; house style holds (dark floor, orange rim glow, item fills ~75%, no text/people/price)",Family render; the catalogue code supplies the exact size/variant where the shared image does not visibly prove that marking.
COATES-K2-ROAD2-649-RETRACTION-RESOLVED-20260806-V2,Coates_K2_Road2_Retraction_Resolved_649_Thumbnails_003.zip,837,2,SPANNERCOMBO-48MM,SPANNERCOMBO-48MM.jpg,Spanner - Combo (48mm),Spanner - combination | Metric,metric combination open-and-ring spanner,48mm,HOUSE_RENDER_FAMILY,production/family_assets/spanner_combination_generic.png,fabef4c98b5956face30e772fa85dcf843c5664f2d056eaf8d63dbffcc638983,ALL_ROWS,FAMILY_MASTER_REVIEWED_AND_CODE_MAPPED,APPROVED_FAMILY_RENDER,800,800,JPEG,77657,5d86cbd25c64102057f3c31a334883cdc4057a6b10a89638129debe142d88342,"Ring end one side AND open jaw the other; one spanner only ; stamped/labelled sizes readable: 48mm ; house style holds (dark floor, orange rim glow, item fills ~75%, no text/people/price)",Family render; the catalogue code supplies the exact size/variant where the shared image does not visibly prove that marking.
COATES-K2-ROAD2-649-RETRACTION-RESOLVED-20260806-V2,Coates_K2_Road2_Retraction_Resolved_649_Thumbnails_003.zip,838,2,SPANNERCOMBO-55MM,SPANNERCOMBO-55MM.jpg,Spanner - Combo (55mm),Spanner - combination | Metric,metric combination open-and-ring spanner,55mm,HOUSE_RENDER_FAMILY,production/family_assets/spanner_combination_generic.png,fabef4c98b5956face30e772fa85dcf843c5664f2d056eaf8d63dbffcc638983,ALL_ROWS,FAMILY_MASTER_REVIEWED_AND_CODE_MAPPED,APPROVED_FAMILY_RENDER,800,800,JPEG,77657,5d86cbd25c64102057f3c31a334883cdc4057a6b10a89638129debe142d88342,"Ring end one side AND open jaw the other; one spanner only ; stamped/labelled sizes readable: 55mm ; house style holds (dark floor, orange rim glow, item fills ~75%, no text/people/price)",Family render; the catalogue code supplies the exact size/variant where the shared image does not visibly prove that marking.
COATES-K2-ROAD2-649-RETRACTION-RESOLVED-20260806-V2,Coates_K2_Road2_Retraction_Resolved_649_Thumbnails_003.zip,840,2,SPANNERCOMBO-65MM,SPANNERCOMBO-65MM.jpg,Spanner - Combo (65mm),Spanner - combination | Metric,metric combination open-and-ring spanner,65mm,HOUSE_RENDER_FAMILY,production/family_assets/spanner_combination_generic.png,fabef4c98b5956face30e772fa85dcf843c5664f2d056eaf8d63dbffcc638983,ALL_ROWS,FAMILY_MASTER_REVIEWED_AND_CODE_MAPPED,APPROVED_FAMILY_RENDER,800,800,JPEG,77657,5d86cbd25c64102057f3c31a334883cdc4057a6b10a89638129debe142d88342,"Ring end one side AND open jaw the other; one spanner only ; stamped/labelled sizes readable: 65mm ; house style holds (dark floor, orange rim glow, item fills ~75%, no text/people/price)",Family render; the catalogue code supplies the exact size/variant where the shared image does not visibly prove that marking.
COATES-K2-ROAD2-649-RETRACTION-RESOLVED-20260806-V2,Coates_K2_Road2_Retraction_Resolved_649_Thumbnails_003.zip,841,2,SPANNERCOMBO-6MM,SPANNERCOMBO-6MM.jpg,Spanner - Combo (6mm),Spanner - combination | Metric,metric combination open-and-ring spanner,6mm,HOUSE_RENDER_FAMILY,production/family_assets/spanner_combination_generic.png,fabef4c98b5956face30e772fa85dcf843c5664f2d056eaf8d63dbffcc638983,ALL_ROWS,FAMILY_MASTER_REVIEWED_AND_CODE_MAPPED,APPROVED_FAMILY_RENDER,800,800,JPEG,77657,5d86cbd25c64102057f3c31a334883cdc4057a6b10a89638129debe142d88342,"Ring end one side AND open jaw the other; one spanner only ; stamped/labelled sizes readable: 6mm ; house style holds (dark floor, orange rim glow, item fills ~75%, no text/people/price)",Family render; the catalogue code supplies the exact size/variant where the shared image does not visibly prove that marking.
COATES-K2-ROAD2-649-RETRACTION-RESOLVED-20260806-V2,Coates_K2_Road2_Retraction_Resolved_649_Thumbnails_003.zip,843,2,SPANNERCOMBO-75MM,SPANNERCOMBO-75MM.jpg,Spanner - Combo (75mm),Spanner - combination | Metric,metric combination open-and-ring spanner,75mm,HOUSE_RENDER_FAMILY,production/family_assets/spanner_combination_generic.png,fabef4c98b5956face30e772fa85dcf843c5664f2d056eaf8d63dbffcc638983,ALL_ROWS,FAMILY_MASTER_REVIEWED_AND_CODE_MAPPED,APPROVED_FAMILY_RENDER,800,800,JPEG,77657,5d86cbd25c64102057f3c31a334883cdc4057a6b10a89638129debe142d88342,"Ring end one side AND open jaw the other; one spanner only ; stamped/labelled sizes readable: 75mm ; house style holds (dark floor, orange rim glow, item fills ~75%, no text/people/price)",Family render; the catalogue code supplies the exact size/variant where the shared image does not visibly prove that marking.
COATES-K2-ROAD2-649-RETRACTION-RESOLVED-20260806-V2,Coates_K2_Road2_Retraction_Resolved_649_Thumbnails_003.zip,844,2,SPANNERCOMBO-7MM,SPANNERCOMBO-7MM.jpg,Spanner - Combo (7mm),Spanner - combination | Metric,metric combination open-and-ring spanner,7mm,HOUSE_RENDER_FAMILY,production/family_assets/spanner_combination_generic.png,fabef4c98b5956face30e772fa85dcf843c5664f2d056eaf8d63dbffcc638983,ALL_ROWS,FAMILY_MASTER_REVIEWED_AND_CODE_MAPPED,APPROVED_FAMILY_RENDER,800,800,JPEG,77657,5d86cbd25c64102057f3c31a334883cdc4057a6b10a89638129debe142d88342,"Ring end one side AND open jaw the other; one spanner only ; stamped/labelled sizes readable: 7mm ; house style holds (dark floor, orange rim glow, item fills ~75%, no text/people/price)",Family render; the catalogue code supplies the exact size/variant where the shared image does not visibly prove that marking.
COATES-K2-ROAD2-649-RETRACTION-RESOLVED-20260806-V2,Coates_K2_Road2_Retraction_Resolved_649_Thumbnails_003.zip,901,2,SPANNERCOMBO-8MM,SPANNERCOMBO-8MM.jpg,Spanner - Combo 8mm,Spanner - combination | Metric,metric combination open-and-ring spanner,8mm,HOUSE_RENDER_FAMILY,production/family_assets/spanner_combination_generic.png,fabef4c98b5956face30e772fa85dcf843c5664f2d056eaf8d63dbffcc638983,ALL_ROWS,FAMILY_MASTER_REVIEWED_AND_CODE_MAPPED,APPROVED_FAMILY_RENDER,800,800,JPEG,77657,5d86cbd25c64102057f3c31a334883cdc4057a6b10a89638129debe142d88342,"Ring end one side AND open jaw the other; one spanner only ; stamped/labelled sizes readable: 8mm ; house style holds (dark floor, orange rim glow, item fills ~75%, no text/people/price)",Family render; the catalogue code supplies the exact size/variant where the shared image does not visibly prove that marking.
COATES-K2-ROAD2-649-RETRACTION-RESOLVED-20260806-V2,Coates_K2_Road2_Retraction_Resolved_649_Thumbnails_003.zip,846,2,SPANNERCOMBO-9MM,SPANNERCOMBO-9MM.jpg,Spanner - Combo (9mm),Spanner - combination | Metric,metric combination open-and-ring spanner,9mm,HOUSE_RENDER_FAMILY,production/family_assets/spanner_combination_generic.png,fabef4c98b5956face30e772fa85dcf843c5664f2d056eaf8d63dbffcc638983,ALL_ROWS,FAMILY_MASTER_REVIEWED_AND_CODE_MAPPED,APPROVED_FAMILY_RENDER,800,800,JPEG,77657,5d86cbd25c64102057f3c31a334883cdc4057a6b10a89638129debe142d88342,"Ring end one side AND open jaw the other; one spanner only ; stamped/labelled sizes readable: 9mm ; house style holds (dark floor, orange rim glow, item fills ~75%, no text/people/price)",Family render; the catalogue code supplies the exact size/variant where the shared image does not visibly prove that marking.
COATES-K2-ROAD2-649-RETRACTION-RESOLVED-20260806-V2,Coates_K2_Road2_Retraction_Resolved_649_Thumbnails_003.zip,825,2,SPANNERCOMBO10MM,SPANNERCOMBO10MM.jpg,Spanner - Combo (10mm),Spanner - combination | Metric,metric combination open-and-ring spanner,10mm,HOUSE_RENDER_FAMILY,production/family_assets/spanner_combination_generic.png,fabef4c98b5956face30e772fa85dcf843c5664f2d056eaf8d63dbffcc638983,ALL_ROWS,FAMILY_MASTER_REVIEWED_AND_CODE_MAPPED,APPROVED_FAMILY_RENDER,800,800,JPEG,77657,5d86cbd25c64102057f3c31a334883cdc4057a6b10a89638129debe142d88342,"Ring end one side AND open jaw the other; one spanner only ; stamped/labelled sizes readable: 10mm ; house style holds (dark floor, orange rim glow, item fills ~75%, no text/people/price)",Family render; the catalogue code supplies the exact size/variant where the shared image does not visibly prove that marking.
COATES-K2-ROAD2-649-RETRACTION-RESOLVED-20260806-V2,Coates_K2_Road2_Retraction_Resolved_649_Thumbnails_003.zip,869,2,SPANNERCOMBO11MM,SPANNERCOMBO11MM.jpg,Spanner - Combo 11mm,Spanner - combination | Metric,metric combination open-and-ring spanner,11mm,HOUSE_RENDER_FAMILY,production/family_assets/spanner_combination_generic.png,fabef4c98b5956face30e772fa85dcf843c5664f2d056eaf8d63dbffcc638983,ALL_ROWS,FAMILY_MASTER_REVIEWED_AND_CODE_MAPPED,APPROVED_FAMILY_RENDER,800,800,JPEG,77657,5d86cbd25c64102057f3c31a334883cdc4057a6b10a89638129debe142d88342,"Ring end one side AND open jaw the other; one spanner only ; stamped/labelled sizes readable: 11mm ; house style holds (dark floor, orange rim glow, item fills ~75%, no text/people/price)",Family render; the catalogue code supplies the exact size/variant where the shared image does not visibly prove that marking.
COATES-K2-ROAD2-649-RETRACTION-RESOLVED-20260806-V2,Coates_K2_Road2_Retraction_Resolved_649_Thumbnails_003.zip,827,2,SPANNERCOMBO20MM,SPANNERCOMBO20MM.jpg,Spanner - Combo (20mm),Spanner - combination | Metric,metric combination open-and-ring spanner,20mm,HOUSE_RENDER_FAMILY,production/family_assets/spanner_combination_generic.png,fabef4c98b5956face30e772fa85dcf843c5664f2d056eaf8d63dbffcc638983,ALL_ROWS,FAMILY_MASTER_REVIEWED_AND_CODE_MAPPED,APPROVED_FAMILY_RENDER,800,800,JPEG,77657,5d86cbd25c64102057f3c31a334883cdc4057a6b10a89638129debe142d88342,"Ring end one side AND open jaw the other; one spanner only ; stamped/labelled sizes readable: 20mm ; house style holds (dark floor, orange rim glow, item fills ~75%, no text/people/price)",Family render; the catalogue code supplies the exact size/variant where the shared image does not visibly prove that marking.
COATES-K2-ROAD2-649-RETRACTION-RESOLVED-20260806-V2,Coates_K2_Road2_Retraction_Resolved_649_Thumbnails_003.zip,831,2,SPANNERCOMBO30MM,SPANNERCOMBO30MM.jpg,Spanner - Combo (30mm),Spanner - combination | Metric,metric combination open-and-ring spanner,30mm,HOUSE_RENDER_FAMILY,production/family_assets/spanner_combination_generic.png,fabef4c98b5956face30e772fa85dcf843c5664f2d056eaf8d63dbffcc638983,ALL_ROWS,FAMILY_MASTER_REVIEWED_AND_CODE_MAPPED,APPROVED_FAMILY_RENDER,800,800,JPEG,77657,5d86cbd25c64102057f3c31a334883cdc4057a6b10a89638129debe142d88342,"Ring end one side AND open jaw the other; one spanner only ; stamped/labelled sizes readable: 30mm ; house style holds (dark floor, orange rim glow, item fills ~75%, no text/people/price)",Family render; the catalogue code supplies the exact size/variant where the shared image does not visibly prove that marking.
COATES-K2-ROAD2-649-RETRACTION-RESOLVED-20260806-V2,Coates_K2_Road2_Retraction_Resolved_649_Thumbnails_003.zip,847,2,SPANNERCOMBO50MM,SPANNERCOMBO50MM.jpg,Spanner - Combo - 50mm,Spanner - combination | Metric,metric combination open-and-ring spanner,50mm,HOUSE_RENDER_FAMILY,production/family_assets/spanner_combination_generic.png,fabef4c98b5956face30e772fa85dcf843c5664f2d056eaf8d63dbffcc638983,ALL_ROWS,FAMILY_MASTER_REVIEWED_AND_CODE_MAPPED,APPROVED_FAMILY_RENDER,800,800,JPEG,77657,5d86cbd25c64102057f3c31a334883cdc4057a6b10a89638129debe142d88342,"Ring end one side AND open jaw the other; one spanner only ; stamped/labelled sizes readable: 50mm ; house style holds (dark floor, orange rim glow, item fills ~75%, no text/people/price)",Family render; the catalogue code supplies the exact size/variant where the shared image does not visibly prove that marking.
COATES-K2-ROAD2-649-RETRACTION-RESOLVED-20260806-V2,Coates_K2_Road2_Retraction_Resolved_649_Thumbnails_003.zip,839,2,SPANNERCOMBO60MM,SPANNERCOMBO60MM.jpg,Spanner - Combo (60mm),Spanner - combination | Metric,metric combination open-and-ring spanner,60mm,HOUSE_RENDER_FAMILY,production/family_assets/spanner_combination_generic.png,fabef4c98b5956face30e772fa85dcf843c5664f2d056eaf8d63dbffcc638983,ALL_ROWS,FAMILY_MASTER_REVIEWED_AND_CODE_MAPPED,APPROVED_FAMILY_RENDER,800,800,JPEG,77657,5d86cbd25c64102057f3c31a334883cdc4057a6b10a89638129debe142d88342,"Ring end one side AND open jaw the other; one spanner only ; stamped/labelled sizes readable: 60mm ; house style holds (dark floor, orange rim glow, item fills ~75%, no text/people/price)",Family render; the catalogue code supplies the exact size/variant where the shared image does not visibly prove that marking.
COATES-K2-ROAD2-649-RETRACTION-RESOLVED-20260806-V2,Coates_K2_Road2_Retraction_Resolved_649_Thumbnails_003.zip,842,2,SPANNERCOMBO70MM,SPANNERCOMBO70MM.jpg,Spanner - Combo (70mm),Spanner - combination | Metric,metric combination open-and-ring spanner,70mm,HOUSE_RENDER_FAMILY,production/family_assets/spanner_combination_generic.png,fabef4c98b5956face30e772fa85dcf843c5664f2d056eaf8d63dbffcc638983,ALL_ROWS,FAMILY_MASTER_REVIEWED_AND_CODE_MAPPED,APPROVED_FAMILY_RENDER,800,800,JPEG,77657,5d86cbd25c64102057f3c31a334883cdc4057a6b10a89638129debe142d88342,"Ring end one side AND open jaw the other; one spanner only ; stamped/labelled sizes readable: 70mm ; house style holds (dark floor, orange rim glow, item fills ~75%, no text/people/price)",Family render; the catalogue code supplies the exact size/variant where the shared image does not visibly prove that marking.
COATES-K2-ROAD2-649-RETRACTION-RESOLVED-20260806-V2,Coates_K2_Road2_Retraction_Resolved_649_Thumbnails_003.zip,845,2,SPANNERCOMBO80MM,SPANNERCOMBO80MM.jpg,Spanner - Combo (80mm),Spanner - combination | Metric,metric combination open-and-ring spanner,80mm,HOUSE_RENDER_FAMILY,production/family_assets/spanner_combination_generic.png,fabef4c98b5956face30e772fa85dcf843c5664f2d056eaf8d63dbffcc638983,ALL_ROWS,FAMILY_MASTER_REVIEWED_AND_CODE_MAPPED,APPROVED_FAMILY_RENDER,800,800,JPEG,77657,5d86cbd25c64102057f3c31a334883cdc4057a6b10a89638129debe142d88342,"Ring end one side AND open jaw the other; one spanner only ; stamped/labelled sizes readable: 80mm ; house style holds (dark floor, orange rim glow, item fills ~75%, no text/people/price)",Family render; the catalogue code supplies the exact size/variant where the shared image does not visibly prove that marking.
COATES-K2-ROAD2-649-RETRACTION-RESOLVED-20260806-V2,Coates_K2_Road2_Retraction_Resolved_649_Thumbnails_003.zip,848,2,SPANNERCOMBOFL2-15/16,SPANNERCOMBOFL2-15_16.jpg,Spanner - Combo - Flat - 2 15/16inch,Spanner - combination | Flat | Imperial,imperial flat combination open-and-ring spanner,2 15/16inch,HOUSE_RENDER_FAMILY,production/family_assets/spanner_combination_generic.png,fabef4c98b5956face30e772fa85dcf843c5664f2d056eaf8d63dbffcc638983,ALL_ROWS,FAMILY_MASTER_REVIEWED_AND_CODE_MAPPED,APPROVED_FAMILY_RENDER,800,800,JPEG,77657,5d86cbd25c64102057f3c31a334883cdc4057a6b10a89638129debe142d88342,"Ring end one side AND open jaw the other; one spanner only ; stamped/labelled sizes readable: 2 15/16inch ; house style holds (dark floor, orange rim glow, item fills ~75%, no text/people/price)",Family render; the catalogue code supplies the exact size/variant where the shared image does not visibly prove that marking.
COATES-K2-ROAD2-649-RETRACTION-RESOLVED-20260806-V2,Coates_K2_Road2_Retraction_Resolved_649_Thumbnails_003.zip,925,2,SPANNERFLOF48MM,SPANNERFLOF48MM.jpg,Spanner - Flogging - 48mm,Spanner - flogging | Metric,metric ring flogging spanner,48mm,HOUSE_RENDER_FAMILY,production/family_assets/spanner_flogging.png,4f8be63cf85e5ace2044e3bd8e1a9b220145eaa114f8936d04138b707f8cb5b9,ALL_ROWS,FAMILY_MASTER_REVIEWED_AND_CODE_MAPPED,APPROVED_FAMILY_RENDER,800,800,JPEG,80883,9546f4570f70e6117808a68ab826be6727f84a98001fef232deb1aede0141983,"Ring end PLUS square striking anvil (no open jaw); one spanner only ; stamped/labelled sizes readable: 48mm ; house style holds (dark floor, orange rim glow, item fills ~75%, no text/people/price)",Family render; the catalogue code supplies the exact size/variant where the shared image does not visibly prove that marking.
COATES-K2-ROAD2-649-RETRACTION-RESOLVED-20260806-V2,Coates_K2_Road2_Retraction_Resolved_649_Thumbnails_003.zip,906,2,SPANNERFLOG1-11/16,SPANNERFLOG1-11_16.jpg,Spanner - Flogging - 1 11/16inch,Spanner - flogging | Imperial,imperial ring flogging spanner,1 11/16inch,HOUSE_RENDER_FAMILY,production/family_assets/spanner_flogging.png,4f8be63cf85e5ace2044e3bd8e1a9b220145eaa114f8936d04138b707f8cb5b9,ALL_ROWS,FAMILY_MASTER_REVIEWED_AND_CODE_MAPPED,APPROVED_FAMILY_RENDER,800,800,JPEG,80883,9546f4570f70e6117808a68ab826be6727f84a98001fef232deb1aede0141983,"Ring end PLUS square striking anvil (no open jaw); one spanner only ; stamped/labelled sizes readable: 1 11/16inch ; house style holds (dark floor, orange rim glow, item fills ~75%, no text/people/price)",Family render; the catalogue code supplies the exact size/variant where the shared image does not visibly prove that marking.
COATES-K2-ROAD2-649-RETRACTION-RESOLVED-20260806-V2,Coates_K2_Road2_Retraction_Resolved_649_Thumbnails_003.zip,907,2,SPANNERFLOG1-13/16,SPANNERFLOG1-13_16.jpg,Spanner - Flogging - 1 13/16inch,Spanner - flogging | Imperial,imperial ring flogging spanner,1 13/16inch,HOUSE_RENDER_FAMILY,production/family_assets/spanner_flogging.png,4f8be63cf85e5ace2044e3bd8e1a9b220145eaa114f8936d04138b707f8cb5b9,ALL_ROWS,FAMILY_MASTER_REVIEWED_AND_CODE_MAPPED,APPROVED_FAMILY_RENDER,800,800,JPEG,80883,9546f4570f70e6117808a68ab826be6727f84a98001fef232deb1aede0141983,"Ring end PLUS square striking anvil (no open jaw); one spanner only ; stamped/labelled sizes readable: 1 13/16inch ; house style holds (dark floor, orange rim glow, item fills ~75%, no text/people/price)",Family render; the catalogue code supplies the exact size/variant where the shared image does not visibly prove that marking.
COATES-K2-ROAD2-649-RETRACTION-RESOLVED-20260806-V2,Coates_K2_Road2_Retraction_Resolved_649_Thumbnails_003.zip,939,2,SPANNERFLOG1-15/16,SPANNERFLOG1-15_16.jpg,Spanner - Flogging 1 5/16in,Spanner - flogging | Imperial,imperial ring flogging spanner,1 5/16in,HOUSE_RENDER_FAMILY,production/family_assets/spanner_flogging.png,4f8be63cf85e5ace2044e3bd8e1a9b220145eaa114f8936d04138b707f8cb5b9,ALL_ROWS,FAMILY_MASTER_REVIEWED_AND_CODE_MAPPED,APPROVED_FAMILY_RENDER,800,800,JPEG,80883,9546f4570f70e6117808a68ab826be6727f84a98001fef232deb1aede0141983,"Ring end PLUS square striking anvil (no open jaw); one spanner only ; stamped/labelled sizes readable: 1 5/16in ; house style holds (dark floor, orange rim glow, item fills ~75%, no text/people/price)",Family render; the catalogue code supplies the exact size/variant where the shared image does not visibly prove that marking.
COATES-K2-ROAD2-649-RETRACTION-RESOLVED-20260806-V2,Coates_K2_Road2_Retraction_Resolved_649_Thumbnails_003.zip,903,2,SPANNERFLOG1-1/16,SPANNERFLOG1-1_16.jpg,Spanner - Flogging - 1 1/16inch,Spanner - flogging | Imperial,imperial ring flogging spanner,1 1/16inch,HOUSE_RENDER_FAMILY,production/family_assets/spanner_flogging.png,4f8be63cf85e5ace2044e3bd8e1a9b220145eaa114f8936d04138b707f8cb5b9,ALL_ROWS,FAMILY_MASTER_REVIEWED_AND_CODE_MAPPED,APPROVED_FAMILY_RENDER,800,800,JPEG,80883,9546f4570f70e6117808a68ab826be6727f84a98001fef232deb1aede0141983,"Ring end PLUS square striking anvil (no open jaw); one spanner only ; stamped/labelled sizes readable: 1 1/16inch ; house style holds (dark floor, orange rim glow, item fills ~75%, no text/people/price)",Family render; the catalogue code supplies the exact size/variant where the shared image does not visibly prove that marking.
COATES-K2-ROAD2-649-RETRACTION-RESOLVED-20260806-V2,Coates_K2_Road2_Retraction_Resolved_649_Thumbnails_003.zip,904,2,SPANNERFLOG1-1/2,SPANNERFLOG1-1_2.jpg,Spanner - Flogging - 1 1/2inch,Spanner - flogging | Imperial,imperial ring flogging spanner,1 1/2inch,HOUSE_RENDER_FAMILY,production/family_assets/spanner_flogging.png,4f8be63cf85e5ace2044e3bd8e1a9b220145eaa114f8936d04138b707f8cb5b9,ALL_ROWS,FAMILY_MASTER_REVIEWED_AND_CODE_MAPPED,APPROVED_FAMILY_RENDER,800,800,JPEG,80883,9546f4570f70e6117808a68ab826be6727f84a98001fef232deb1aede0141983,"Ring end PLUS square striking anvil (no open jaw); one spanner only ; stamped/labelled sizes readable: 1 1/2inch ; house style holds (dark floor, orange rim glow, item fills ~75%, no text/people/price)",Family render; the catalogue code supplies the exact size/variant where the shared image does not visibly prove that marking.
COATES-K2-ROAD2-649-RETRACTION-RESOLVED-20260806-V2,Coates_K2_Road2_Retraction_Resolved_649_Thumbnails_003.zip,905,2,SPANNERFLOG1-1/4,SPANNERFLOG1-1_4.jpg,Spanner - Flogging - 1 1/4inch,Spanner - flogging | Imperial,imperial ring flogging spanner,1 1/4inch,HOUSE_RENDER_FAMILY,production/family_assets/spanner_flogging.png,4f8be63cf85e5ace2044e3bd8e1a9b220145eaa114f8936d04138b707f8cb5b9,ALL_ROWS,FAMILY_MASTER_REVIEWED_AND_CODE_MAPPED,APPROVED_FAMILY_RENDER,800,800,JPEG,80883,9546f4570f70e6117808a68ab826be6727f84a98001fef232deb1aede0141983,"Ring end PLUS square striking anvil (no open jaw); one spanner only ; stamped/labelled sizes readable: 1 1/4inch ; house style holds (dark floor, orange rim glow, item fills ~75%, no text/people/price)",Family render; the catalogue code supplies the exact size/variant where the shared image does not visibly prove that marking.
COATES-K2-ROAD2-649-RETRACTION-RESOLVED-20260806-V2,Coates_K2_Road2_Retraction_Resolved_649_Thumbnails_003.zip,960,2,SPANNERFLOG1-1/8,SPANNERFLOG1-1_8.jpg,Spanner Flogging 1 1/8in,Spanner - flogging | Imperial,imperial ring flogging spanner,1 1/8in,HOUSE_RENDER_FAMILY,production/family_assets/spanner_flogging.png,4f8be63cf85e5ace2044e3bd8e1a9b220145eaa114f8936d04138b707f8cb5b9,ALL_ROWS,FAMILY_MASTER_REVIEWED_AND_CODE_MAPPED,APPROVED_FAMILY_RENDER,800,800,JPEG,80883,9546f4570f70e6117808a68ab826be6727f84a98001fef232deb1aede0141983,"Ring end PLUS square striking anvil (no open jaw); one spanner only ; stamped/labelled sizes readable: 1 1/8in ; house style holds (dark floor, orange rim glow, item fills ~75%, no text/people/price)",Family render; the catalogue code supplies the exact size/variant where the shared image does not visibly prove that marking.
COATES-K2-ROAD2-649-RETRACTION-RESOLVED-20260806-V2,Coates_K2_Road2_Retraction_Resolved_649_Thumbnails_003.zip,908,2,SPANNERFLOG1-3/16,SPANNERFLOG1-3_16.jpg,Spanner - Flogging - 1 3/16inch,Spanner - flogging | Imperial,imperial ring flogging spanner,1 3/16inch,HOUSE_RENDER_FAMILY,production/family_assets/spanner_flogging.png,4f8be63cf85e5ace2044e3bd8e1a9b220145eaa114f8936d04138b707f8cb5b9,ALL_ROWS,FAMILY_MASTER_REVIEWED_AND_CODE_MAPPED,APPROVED_FAMILY_RENDER,800,800,JPEG,80883,9546f4570f70e6117808a68ab826be6727f84a98001fef232deb1aede0141983,"Ring end PLUS square striking anvil (no open jaw); one spanner only ; stamped/labelled sizes readable: 1 3/16inch ; house style holds (dark floor, orange rim glow, item fills ~75%, no text/people/price)",Family render; the catalogue code supplies the exact size/variant where the shared image does not visibly prove that marking.
COATES-K2-ROAD2-649-RETRACTION-RESOLVED-20260806-V2,Coates_K2_Road2_Retraction_Resolved_649_Thumbnails_003.zip,909,2,SPANNERFLOG1-3/4,SPANNERFLOG1-3_4.jpg,Spanner - Flogging - 1 3/4inch,Spanner - flogging | Imperial,imperial ring flogging spanner,1 3/4inch,HOUSE_RENDER_FAMILY,production/family_assets/spanner_flogging.png,4f8be63cf85e5ace2044e3bd8e1a9b220145eaa114f8936d04138b707f8cb5b9,ALL_ROWS,FAMILY_MASTER_REVIEWED_AND_CODE_MAPPED,APPROVED_FAMILY_RENDER,800,800,JPEG,80883,9546f4570f70e6117808a68ab826be6727f84a98001fef232deb1aede0141983,"Ring end PLUS square striking anvil (no open jaw); one spanner only ; stamped/labelled sizes readable: 1 3/4inch ; house style holds (dark floor, orange rim glow, item fills ~75%, no text/people/price)",Family render; the catalogue code supplies the exact size/variant where the shared image does not visibly prove that marking.
COATES-K2-ROAD2-649-RETRACTION-RESOLVED-20260806-V2,Coates_K2_Road2_Retraction_Resolved_649_Thumbnails_003.zip,936,2,SPANNERFLOG1-3/8,SPANNERFLOG1-3_8.jpg,Spanner - Flogging - Offset 1 3/8in,Spanner - flogging | Offset | Imperial,imperial offset ring flogging spanner,1 3/8in,HOUSE_RENDER_FAMILY,production/family_assets/flogging_spanner_offset.png,bdae278e87abb5195ba2d244b0bbaa62bc5b4c1e419e47f141c7160de29b1c55,ALL_ROWS,FAMILY_MASTER_REVIEWED_AND_CODE_MAPPED,APPROVED_FAMILY_RENDER,800,800,JPEG,78993,c12ef5e729acfccc722a26b9c173d5d3aeed248171f8dbe9db0f6e7fde9818ca,"Ring end PLUS square striking anvil (no open jaw); one spanner only ; stamped/labelled sizes readable: 1 3/8in ; house style holds (dark floor, orange rim glow, item fills ~75%, no text/people/price)",Family render; the catalogue code supplies the exact size/variant where the shared image does not visibly prove that marking.
COATES-K2-ROAD2-649-RETRACTION-RESOLVED-20260806-V2,Coates_K2_Road2_Retraction_Resolved_649_Thumbnails_003.zip,910,2,SPANNERFLOG1-5/16,SPANNERFLOG1-5_16.jpg,Spanner - Flogging - 1 5/16inch,Spanner - flogging | Imperial,imperial ring flogging spanner,1 5/16inch,HOUSE_RENDER_FAMILY,production/family_assets/spanner_flogging.png,4f8be63cf85e5ace2044e3bd8e1a9b220145eaa114f8936d04138b707f8cb5b9,ALL_ROWS,FAMILY_MASTER_REVIEWED_AND_CODE_MAPPED,APPROVED_FAMILY_RENDER,800,800,JPEG,80883,9546f4570f70e6117808a68ab826be6727f84a98001fef232deb1aede0141983,"Ring end PLUS square striking anvil (no open jaw); one spanner only ; stamped/labelled sizes readable: 1 5/16inch ; house style holds (dark floor, orange rim glow, item fills ~75%, no text/people/price)",Family render; the catalogue code supplies the exact size/variant where the shared image does not visibly prove that marking.
COATES-K2-ROAD2-649-RETRACTION-RESOLVED-20260806-V2,Coates_K2_Road2_Retraction_Resolved_649_Thumbnails_003.zip,911,2,SPANNERFLOG1-5/8,SPANNERFLOG1-5_8.jpg,Spanner - Flogging - 1 5/8inch,Spanner - flogging | Imperial,imperial ring flogging spanner,1 5/8inch,HOUSE_RENDER_FAMILY,production/family_assets/spanner_flogging.png,4f8be63cf85e5ace2044e3bd8e1a9b220145eaa114f8936d04138b707f8cb5b9,ALL_ROWS,FAMILY_MASTER_REVIEWED_AND_CODE_MAPPED,APPROVED_FAMILY_RENDER,800,800,JPEG,80883,9546f4570f70e6117808a68ab826be6727f84a98001fef232deb1aede0141983,"Ring end PLUS square striking anvil (no open jaw); one spanner only ; stamped/labelled sizes readable: 1 5/8inch ; house style holds (dark floor, orange rim glow, item fills ~75%, no text/people/price)",Family render; the catalogue code supplies the exact size/variant where the shared image does not visibly prove that marking.
COATES-K2-ROAD2-649-RETRACTION-RESOLVED-20260806-V2,Coates_K2_Road2_Retraction_Resolved_649_Thumbnails_003.zip,912,2,SPANNERFLOG1-7/16,SPANNERFLOG1-7_16.jpg,Spanner - Flogging - 1 7/16inch,Spanner - flogging | Imperial,imperial ring flogging spanner,1 7/16inch,HOUSE_RENDER_FAMILY,production/family_assets/spanner_flogging.png,4f8be63cf85e5ace2044e3bd8e1a9b220145eaa114f8936d04138b707f8cb5b9,ALL_ROWS,FAMILY_MASTER_REVIEWED_AND_CODE_MAPPED,APPROVED_FAMILY_RENDER,800,800,JPEG,80883,9546f4570f70e6117808a68ab826be6727f84a98001fef232deb1aede0141983,"Ring end PLUS square striking anvil (no open jaw); one spanner only ; stamped/labelled sizes readable: 1 7/16inch ; house style holds (dark floor, orange rim glow, item fills ~75%, no text/people/price)",Family render; the catalogue code supplies the exact size/variant where the shared image does not visibly prove that marking.
COATES-K2-ROAD2-649-RETRACTION-RESOLVED-20260806-V2,Coates_K2_Road2_Retraction_Resolved_649_Thumbnails_003.zip,913,2,SPANNERFLOG1-7/8,SPANNERFLOG1-7_8.jpg,Spanner - Flogging - 1 7/8inch,Spanner - flogging | Imperial,imperial ring flogging spanner,1 7/8inch,HOUSE_RENDER_FAMILY,production/family_assets/spanner_flogging.png,4f8be63cf85e5ace2044e3bd8e1a9b220145eaa114f8936d04138b707f8cb5b9,ALL_ROWS,FAMILY_MASTER_REVIEWED_AND_CODE_MAPPED,APPROVED_FAMILY_RENDER,800,800,JPEG,80883,9546f4570f70e6117808a68ab826be6727f84a98001fef232deb1aede0141983,"Ring end PLUS square striking anvil (no open jaw); one spanner only ; stamped/labelled sizes readable: 1 7/8inch ; house style holds (dark floor, orange rim glow, item fills ~75%, no text/people/price)",Family render; the catalogue code supplies the exact size/variant where the shared image does not visibly prove that marking.
COATES-K2-ROAD2-649-RETRACTION-RESOLVED-20260806-V2,Coates_K2_Road2_Retraction_Resolved_649_Thumbnails_003.zip,961,2,SPANNERFLOG1-9/16,SPANNERFLOG1-9_16.jpg,Spanner Flogging 1 9/16in,Spanner - flogging | Imperial,imperial ring flogging spanner,1 9/16in,HOUSE_RENDER_FAMILY,production/family_assets/spanner_flogging.png,4f8be63cf85e5ace2044e3bd8e1a9b220145eaa114f8936d04138b707f8cb5b9,ALL_ROWS,FAMILY_MASTER_REVIEWED_AND_CODE_MAPPED,APPROVED_FAMILY_RENDER,800,800,JPEG,80883,9546f4570f70e6117808a68ab826be6727f84a98001fef232deb1aede0141983,"Ring end PLUS square striking anvil (no open jaw); one spanner only ; stamped/labelled sizes readable: 1 9/16in ; house style holds (dark floor, orange rim glow, item fills ~75%, no text/people/price)",Family render; the catalogue code supplies the exact size/variant where the shared image does not visibly prove that marking.
COATES-K2-ROAD2-649-RETRACTION-RESOLVED-20260806-V2,Coates_K2_Road2_Retraction_Resolved_649_Thumbnails_003.zip,962,2,SPANNERFLOG1,SPANNERFLOG1.jpg,Spanner Flogging 1in,Spanner - flogging | Imperial,imperial ring flogging spanner,1in,HOUSE_RENDER_FAMILY,production/family_assets/spanner_flogging.png,4f8be63cf85e5ace2044e3bd8e1a9b220145eaa114f8936d04138b707f8cb5b9,ALL_ROWS,FAMILY_MASTER_REVIEWED_AND_CODE_MAPPED,APPROVED_FAMILY_RENDER,800,800,JPEG,80883,9546f4570f70e6117808a68ab826be6727f84a98001fef232deb1aede0141983,"Ring end PLUS square striking anvil (no open jaw); one spanner only ; stamped/labelled sizes readable: 1in ; house style holds (dark floor, orange rim glow, item fills ~75%, no text/people/price)",Family render; the catalogue code supplies the exact size/variant where the shared image does not visibly prove that marking.
COATES-K2-ROAD2-649-RETRACTION-RESOLVED-20260806-V2,Coates_K2_Road2_Retraction_Resolved_649_Thumbnails_003.zip,914,2,SPANNERFLOG2-1/16,SPANNERFLOG2-1_16.jpg,Spanner - Flogging - 2 1/16inch,Spanner - flogging | Imperial,imperial ring flogging spanner,2 1/16inch,HOUSE_RENDER_FAMILY,production/family_assets/spanner_flogging.png,4f8be63cf85e5ace2044e3bd8e1a9b220145eaa114f8936d04138b707f8cb5b9,ALL_ROWS,FAMILY_MASTER_REVIEWED_AND_CODE_MAPPED,APPROVED_FAMILY_RENDER,800,800,JPEG,80883,9546f4570f70e6117808a68ab826be6727f84a98001fef232deb1aede0141983,"Ring end PLUS square striking anvil (no open jaw); one spanner only ; stamped/labelled sizes readable: 2 1/16inch ; house style holds (dark floor, orange rim glow, item fills ~75%, no text/people/price)",Family render; the catalogue code supplies the exact size/variant where the shared image does not visibly prove that marking.
COATES-K2-ROAD2-649-RETRACTION-RESOLVED-20260806-V2,Coates_K2_Road2_Retraction_Resolved_649_Thumbnails_003.zip,964,2,SPANNERFLOG2-1/4,SPANNERFLOG2-1_4.jpg,Spanner Flogging 2 1/4in,Spanner - flogging | Imperial,imperial ring flogging spanner,2 1/4in,HOUSE_RENDER_FAMILY,production/family_assets/spanner_flogging.png,4f8be63cf85e5ace2044e3bd8e1a9b220145eaa114f8936d04138b707f8cb5b9,ALL_ROWS,FAMILY_MASTER_REVIEWED_AND_CODE_MAPPED,APPROVED_FAMILY_RENDER,800,800,JPEG,80883,9546f4570f70e6117808a68ab826be6727f84a98001fef232deb1aede0141983,"Ring end PLUS square striking anvil (no open jaw); one spanner only ; stamped/labelled sizes readable: 2 1/4in ; house style holds (dark floor, orange rim glow, item fills ~75%, no text/people/price)",Family render; the catalogue code supplies the exact size/variant where the shared image does not visibly prove that marking.
COATES-K2-ROAD2-649-RETRACTION-RESOLVED-20260806-V2,Coates_K2_Road2_Retraction_Resolved_649_Thumbnails_003.zip,963,2,SPANNERFLOG2-1/8,SPANNERFLOG2-1_8.jpg,Spanner Flogging 2 1/18in,Spanner - flogging | Imperial,imperial ring flogging spanner,2 1/18in,HOUSE_RENDER_FAMILY,production/family_assets/spanner_flogging.png,4f8be63cf85e5ace2044e3bd8e1a9b220145eaa114f8936d04138b707f8cb5b9,ALL_ROWS,FAMILY_MASTER_REVIEWED_AND_CODE_MAPPED,APPROVED_FAMILY_RENDER,800,800,JPEG,80883,9546f4570f70e6117808a68ab826be6727f84a98001fef232deb1aede0141983,"Ring end PLUS square striking anvil (no open jaw); one spanner only ; stamped/labelled sizes readable: 2 1/18in ; house style holds (dark floor, orange rim glow, item fills ~75%, no text/people/price)",Family render; the catalogue code supplies the exact size/variant where the shared image does not visibly prove that marking.
COATES-K2-ROAD2-649-RETRACTION-RESOLVED-20260806-V2,Coates_K2_Road2_Retraction_Resolved_649_Thumbnails_003.zip,915,2,SPANNERFLOG2-3/16,SPANNERFLOG2-3_16.jpg,Spanner - Flogging - 2 3/16inch,Spanner - flogging | Imperial,imperial ring flogging spanner,2 3/16inch,HOUSE_RENDER_FAMILY,production/family_assets/spanner_flogging.png,4f8be63cf85e5ace2044e3bd8e1a9b220145eaa114f8936d04138b707f8cb5b9,ALL_ROWS,FAMILY_MASTER_REVIEWED_AND_CODE_MAPPED,APPROVED_FAMILY_RENDER,800,800,JPEG,80883,9546f4570f70e6117808a68ab826be6727f84a98001fef232deb1aede0141983,"Ring end PLUS square striking anvil (no open jaw); one spanner only ; stamped/labelled sizes readable: 2 3/16inch ; house style holds (dark floor, orange rim glow, item fills ~75%, no text/people/price)",Family render; the catalogue code supplies the exact size/variant where the shared image does not visibly prove that marking.
COATES-K2-ROAD2-649-RETRACTION-RESOLVED-20260806-V2,Coates_K2_Road2_Retraction_Resolved_649_Thumbnails_003.zip,965,2,SPANNERFLOG2-3/8,SPANNERFLOG2-3_8.jpg,Spanner Flogging 2 3/8in,Spanner - flogging | Imperial,imperial ring flogging spanner,2 3/8in,HOUSE_RENDER_FAMILY,production/family_assets/spanner_flogging.png,4f8be63cf85e5ace2044e3bd8e1a9b220145eaa114f8936d04138b707f8cb5b9,ALL_ROWS,FAMILY_MASTER_REVIEWED_AND_CODE_MAPPED,APPROVED_FAMILY_RENDER,800,800,JPEG,80883,9546f4570f70e6117808a68ab826be6727f84a98001fef232deb1aede0141983,"Ring end PLUS square striking anvil (no open jaw); one spanner only ; stamped/labelled sizes readable: 2 3/8in ; house style holds (dark floor, orange rim glow, item fills ~75%, no text/people/price)",Family render; the catalogue code supplies the exact size/variant where the shared image does not visibly prove that marking.
COATES-K2-ROAD2-649-RETRACTION-RESOLVED-20260806-V2,Coates_K2_Road2_Retraction_Resolved_649_Thumbnails_003.zip,966,2,SPANNERFLOG2,SPANNERFLOG2.jpg,Spanner Flogging 2in,Spanner - flogging | Imperial,imperial ring flogging spanner,2in,HOUSE_RENDER_FAMILY,production/family_assets/spanner_flogging.png,4f8be63cf85e5ace2044e3bd8e1a9b220145eaa114f8936d04138b707f8cb5b9,ALL_ROWS,FAMILY_MASTER_REVIEWED_AND_CODE_MAPPED,APPROVED_FAMILY_RENDER,800,800,JPEG,80883,9546f4570f70e6117808a68ab826be6727f84a98001fef232deb1aede0141983,"Ring end PLUS square striking anvil (no open jaw); one spanner only ; stamped/labelled sizes readable: 2in ; house style holds (dark floor, orange rim glow, item fills ~75%, no text/people/price)",Family render; the catalogue code supplies the exact size/variant where the shared image does not visibly prove that marking.
COATES-K2-ROAD2-649-RETRACTION-RESOLVED-20260806-V2,Coates_K2_Road2_Retraction_Resolved_649_Thumbnails_003.zip,917,2,SPANNERFLOG22MM,SPANNERFLOG22MM.jpg,Spanner - Flogging - 22mm,Spanner - flogging | Metric,metric ring flogging spanner,22mm,HOUSE_RENDER_FAMILY,production/family_assets/spanner_flogging.png,4f8be63cf85e5ace2044e3bd8e1a9b220145eaa114f8936d04138b707f8cb5b9,ALL_ROWS,FAMILY_MASTER_REVIEWED_AND_CODE_MAPPED,APPROVED_FAMILY_RENDER,800,800,JPEG,80883,9546f4570f70e6117808a68ab826be6727f84a98001fef232deb1aede0141983,"Ring end PLUS square striking anvil (no open jaw); one spanner only ; stamped/labelled sizes readable: 22mm ; house style holds (dark floor, orange rim glow, item fills ~75%, no text/people/price)",Family render; the catalogue code supplies the exact size/variant where the shared image does not visibly prove that marking.
COATES-K2-ROAD2-649-RETRACTION-RESOLVED-20260806-V2,Coates_K2_Road2_Retraction_Resolved_649_Thumbnails_003.zip,918,2,SPANNERFLOG24MM,SPANNERFLOG24MM.jpg,Spanner - Flogging - 24mm,Spanner - flogging | Metric,metric ring flogging spanner,24mm,HOUSE_RENDER_FAMILY,production/family_assets/spanner_flogging.png,4f8be63cf85e5ace2044e3bd8e1a9b220145eaa114f8936d04138b707f8cb5b9,ALL_ROWS,FAMILY_MASTER_REVIEWED_AND_CODE_MAPPED,APPROVED_FAMILY_RENDER,800,800,JPEG,80883,9546f4570f70e6117808a68ab826be6727f84a98001fef232deb1aede0141983,"Ring end PLUS square striking anvil (no open jaw); one spanner only ; stamped/labelled sizes readable: 24mm ; house style holds (dark floor, orange rim glow, item fills ~75%, no text/people/price)",Family render; the catalogue code supplies the exact size/variant where the shared image does not visibly prove that marking.
COATES-K2-ROAD2-649-RETRACTION-RESOLVED-20260806-V2,Coates_K2_Road2_Retraction_Resolved_649_Thumbnails_003.zip,919,2,SPANNERFLOG27MM,SPANNERFLOG27MM.jpg,Spanner - Flogging - 27mm,Spanner - flogging | Metric,metric ring flogging spanner,27mm,HOUSE_RENDER_FAMILY,production/family_assets/spanner_flogging.png,4f8be63cf85e5ace2044e3bd8e1a9b220145eaa114f8936d04138b707f8cb5b9,ALL_ROWS,FAMILY_MASTER_REVIEWED_AND_CODE_MAPPED,APPROVED_FAMILY_RENDER,800,800,JPEG,80883,9546f4570f70e6117808a68ab826be6727f84a98001fef232deb1aede0141983,"Ring end PLUS square striking anvil (no open jaw); one spanner only ; stamped/labelled sizes readable: 27mm ; house style holds (dark floor, orange rim glow, item fills ~75%, no text/people/price)",Family render; the catalogue code supplies the exact size/variant where the shared image does not visibly prove that marking.
COATES-K2-ROAD2-649-RETRACTION-RESOLVED-20260806-V2,Coates_K2_Road2_Retraction_Resolved_649_Thumbnails_003.zip,920,2,SPANNERFLOG30MM,SPANNERFLOG30MM.jpg,Spanner - Flogging - 30mm,Spanner - flogging | Metric,metric ring flogging spanner,30mm,HOUSE_RENDER_FAMILY,production/family_assets/spanner_flogging.png,4f8be63cf85e5ace2044e3bd8e1a9b220145eaa114f8936d04138b707f8cb5b9,ALL_ROWS,FAMILY_MASTER_REVIEWED_AND_CODE_MAPPED,APPROVED_FAMILY_RENDER,800,800,JPEG,80883,9546f4570f70e6117808a68ab826be6727f84a98001fef232deb1aede0141983,"Ring end PLUS square striking anvil (no open jaw); one spanner only ; stamped/labelled sizes readable: 30mm ; house style holds (dark floor, orange rim glow, item fills ~75%, no text/people/price)",Family render; the catalogue code supplies the exact size/variant where the shared image does not visibly prove that marking.
COATES-K2-ROAD2-649-RETRACTION-RESOLVED-20260806-V2,Coates_K2_Road2_Retraction_Resolved_649_Thumbnails_003.zip,921,2,SPANNERFLOG32MM,SPANNERFLOG32MM.jpg,Spanner - Flogging - 32mm,Spanner - flogging | Metric,metric ring flogging spanner,32mm,HOUSE_RENDER_FAMILY,production/family_assets/spanner_flogging.png,4f8be63cf85e5ace2044e3bd8e1a9b220145eaa114f8936d04138b707f8cb5b9,ALL_ROWS,FAMILY_MASTER_REVIEWED_AND_CODE_MAPPED,APPROVED_FAMILY_RENDER,800,800,JPEG,80883,9546f4570f70e6117808a68ab826be6727f84a98001fef232deb1aede0141983,"Ring end PLUS square striking anvil (no open jaw); one spanner only ; stamped/labelled sizes readable: 32mm ; house style holds (dark floor, orange rim glow, item fills ~75%, no text/people/price)",Family render; the catalogue code supplies the exact size/variant where the shared image does not visibly prove that marking.
COATES-K2-ROAD2-649-RETRACTION-RESOLVED-20260806-V2,Coates_K2_Road2_Retraction_Resolved_649_Thumbnails_003.zip,922,2,SPANNERFLOG36MM,SPANNERFLOG36MM.jpg,Spanner - Flogging - 36mm,Spanner - flogging | Metric,metric ring flogging spanner,36mm,HOUSE_RENDER_FAMILY,production/family_assets/spanner_flogging.png,4f8be63cf85e5ace2044e3bd8e1a9b220145eaa114f8936d04138b707f8cb5b9,ALL_ROWS,FAMILY_MASTER_REVIEWED_AND_CODE_MAPPED,APPROVED_FAMILY_RENDER,800,800,JPEG,80883,9546f4570f70e6117808a68ab826be6727f84a98001fef232deb1aede0141983,"Ring end PLUS square striking anvil (no open jaw); one spanner only ; stamped/labelled sizes readable: 36mm ; house style holds (dark floor, orange rim glow, item fills ~75%, no text/people/price)",Family render; the catalogue code supplies the exact size/variant where the shared image does not visibly prove that marking.
COATES-K2-ROAD2-649-RETRACTION-RESOLVED-20260806-V2,Coates_K2_Road2_Retraction_Resolved_649_Thumbnails_003.zip,940,2,SPANNERFLOG3/4,SPANNERFLOG3_4.jpg,Spanner - Flogging 3/4in,Spanner - flogging | Imperial,imperial ring flogging spanner,3/4in,HOUSE_RENDER_FAMILY,production/family_assets/spanner_flogging.png,4f8be63cf85e5ace2044e3bd8e1a9b220145eaa114f8936d04138b707f8cb5b9,ALL_ROWS,FAMILY_MASTER_REVIEWED_AND_CODE_MAPPED,APPROVED_FAMILY_RENDER,800,800,JPEG,80883,9546f4570f70e6117808a68ab826be6727f84a98001fef232deb1aede0141983,"Ring end PLUS square striking anvil (no open jaw); one spanner only ; stamped/labelled sizes readable: 3/4in ; house style holds (dark floor, orange rim glow, item fills ~75%, no text/people/price)",Family render; the catalogue code supplies the exact size/variant where the shared image does not visibly prove that marking.
COATES-K2-ROAD2-649-RETRACTION-RESOLVED-20260806-V2,Coates_K2_Road2_Retraction_Resolved_649_Thumbnails_003.zip,923,2,SPANNERFLOG41MM,SPANNERFLOG41MM.jpg,Spanner - Flogging - 41mm,Spanner - flogging | Metric,metric ring flogging spanner,41mm,HOUSE_RENDER_FAMILY,production/family_assets/spanner_flogging.png,4f8be63cf85e5ace2044e3bd8e1a9b220145eaa114f8936d04138b707f8cb5b9,ALL_ROWS,FAMILY_MASTER_REVIEWED_AND_CODE_MAPPED,APPROVED_FAMILY_RENDER,800,800,JPEG,80883,9546f4570f70e6117808a68ab826be6727f84a98001fef232deb1aede0141983,"Ring end PLUS square striking anvil (no open jaw); one spanner only ; stamped/labelled sizes readable: 41mm ; house style holds (dark floor, orange rim glow, item fills ~75%, no text/people/price)",Family render; the catalogue code supplies the exact size/variant where the shared image does not visibly prove that marking.
COATES-K2-ROAD2-649-RETRACTION-RESOLVED-20260806-V2,Coates_K2_Road2_Retraction_Resolved_649_Thumbnails_003.zip,924,2,SPANNERFLOG46MM,SPANNERFLOG46MM.jpg,Spanner - Flogging - 46mm,Spanner - flogging | Metric,metric ring flogging spanner,46mm,HOUSE_RENDER_FAMILY,production/family_assets/spanner_flogging.png,4f8be63cf85e5ace2044e3bd8e1a9b220145eaa114f8936d04138b707f8cb5b9,ALL_ROWS,FAMILY_MASTER_REVIEWED_AND_CODE_MAPPED,APPROVED_FAMILY_RENDER,800,800,JPEG,80883,9546f4570f70e6117808a68ab826be6727f84a98001fef232deb1aede0141983,"Ring end PLUS square striking anvil (no open jaw); one spanner only ; stamped/labelled sizes readable: 46mm ; house style holds (dark floor, orange rim glow, item fills ~75%, no text/people/price)",Family render; the catalogue code supplies the exact size/variant where the shared image does not visibly prove that marking.
COATES-K2-ROAD2-649-RETRACTION-RESOLVED-20260806-V2,Coates_K2_Road2_Retraction_Resolved_649_Thumbnails_003.zip,926,2,SPANNERFLOG50MM,SPANNERFLOG50MM.jpg,Spanner - Flogging - 50mm,Spanner - flogging | Metric,metric ring flogging spanner,50mm,HOUSE_RENDER_FAMILY,production/family_assets/spanner_flogging.png,4f8be63cf85e5ace2044e3bd8e1a9b220145eaa114f8936d04138b707f8cb5b9,ALL_ROWS,FAMILY_MASTER_REVIEWED_AND_CODE_MAPPED,APPROVED_FAMILY_RENDER,800,800,JPEG,80883,9546f4570f70e6117808a68ab826be6727f84a98001fef232deb1aede0141983,"Ring end PLUS square striking anvil (no open jaw); one spanner only ; stamped/labelled sizes readable: 50mm ; house style holds (dark floor, orange rim glow, item fills ~75%, no text/people/price)",Family render; the catalogue code supplies the exact size/variant where the shared image does not visibly prove that marking.
COATES-K2-ROAD2-649-RETRACTION-RESOLVED-20260806-V2,Coates_K2_Road2_Retraction_Resolved_649_Thumbnails_003.zip,927,2,SPANNERFLOG55MM,SPANNERFLOG55MM.jpg,Spanner - Flogging - 55mm,Spanner - flogging | Metric,metric ring flogging spanner,55mm,HOUSE_RENDER_FAMILY,production/family_assets/spanner_flogging.png,4f8be63cf85e5ace2044e3bd8e1a9b220145eaa114f8936d04138b707f8cb5b9,ALL_ROWS,FAMILY_MASTER_REVIEWED_AND_CODE_MAPPED,APPROVED_FAMILY_RENDER,800,800,JPEG,80883,9546f4570f70e6117808a68ab826be6727f84a98001fef232deb1aede0141983,"Ring end PLUS square striking anvil (no open jaw); one spanner only ; stamped/labelled sizes readable: 55mm ; house style holds (dark floor, orange rim glow, item fills ~75%, no text/people/price)",Family render; the catalogue code supplies the exact size/variant where the shared image does not visibly prove that marking.
COATES-K2-ROAD2-649-RETRACTION-RESOLVED-20260806-V2,Coates_K2_Road2_Retraction_Resolved_649_Thumbnails_003.zip,928,2,SPANNERFLOG65MM,SPANNERFLOG65MM.jpg,Spanner - Flogging - 65mm,Spanner - flogging | Metric,metric ring flogging spanner,65mm,HOUSE_RENDER_FAMILY,production/family_assets/spanner_flogging.png,4f8be63cf85e5ace2044e3bd8e1a9b220145eaa114f8936d04138b707f8cb5b9,ALL_ROWS,FAMILY_MASTER_REVIEWED_AND_CODE_MAPPED,APPROVED_FAMILY_RENDER,800,800,JPEG,80883,9546f4570f70e6117808a68ab826be6727f84a98001fef232deb1aede0141983,"Ring end PLUS square striking anvil (no open jaw); one spanner only ; stamped/labelled sizes readable: 65mm ; house style holds (dark floor, orange rim glow, item fills ~75%, no text/people/price)",Family render; the catalogue code supplies the exact size/variant where the shared image does not visibly prove that marking.
COATES-K2-ROAD2-649-RETRACTION-RESOLVED-20260806-V2,Coates_K2_Road2_Retraction_Resolved_649_Thumbnails_003.zip,941,2,SPANNERFLOG7/8,SPANNERFLOG7_8.jpg,Spanner - Flogging 7/8in,Spanner - flogging | Imperial,imperial ring flogging spanner,7/8in,HOUSE_RENDER_FAMILY,production/family_assets/spanner_flogging.png,4f8be63cf85e5ace2044e3bd8e1a9b220145eaa114f8936d04138b707f8cb5b9,ALL_ROWS,FAMILY_MASTER_REVIEWED_AND_CODE_MAPPED,APPROVED_FAMILY_RENDER,800,800,JPEG,80883,9546f4570f70e6117808a68ab826be6727f84a98001fef232deb1aede0141983,"Ring end PLUS square striking anvil (no open jaw); one spanner only ; stamped/labelled sizes readable: 7/8in ; house style holds (dark floor, orange rim glow, item fills ~75%, no text/people/price)",Family render; the catalogue code supplies the exact size/variant where the shared image does not visibly prove that marking.
COATES-K2-ROAD2-649-RETRACTION-RESOLVED-20260806-V2,Coates_K2_Road2_Retraction_Resolved_649_Thumbnails_003.zip,929,2,SPANNERFLOG80MM,SPANNERFLOG80MM.jpg,Spanner - Flogging - 80mm,Spanner - flogging | Metric,metric ring flogging spanner,80mm,HOUSE_RENDER_FAMILY,production/family_assets/spanner_flogging.png,4f8be63cf85e5ace2044e3bd8e1a9b220145eaa114f8936d04138b707f8cb5b9,ALL_ROWS,FAMILY_MASTER_REVIEWED_AND_CODE_MAPPED,APPROVED_FAMILY_RENDER,800,800,JPEG,80883,9546f4570f70e6117808a68ab826be6727f84a98001fef232deb1aede0141983,"Ring end PLUS square striking anvil (no open jaw); one spanner only ; stamped/labelled sizes readable: 80mm ; house style holds (dark floor, orange rim glow, item fills ~75%, no text/people/price)",Family render; the catalogue code supplies the exact size/variant where the shared image does not visibly prove that marking.
COATES-K2-ROAD2-649-RETRACTION-RESOLVED-20260806-V2,Coates_K2_Road2_Retraction_Resolved_649_Thumbnails_003.zip,930,2,SPANNERFLOGFL1-3 /4,SPANNERFLOGFL1-3 _4.jpg,Spanner - Flogging - Flat - 1 3/4inch,Spanner - flogging | Flat | Imperial,imperial flat ring flogging spanner,1 3/4inch,HOUSE_RENDER_FAMILY,production/family_assets/spanner_flogging.png,4f8be63cf85e5ace2044e3bd8e1a9b220145eaa114f8936d04138b707f8cb5b9,ALL_ROWS,FAMILY_MASTER_REVIEWED_AND_CODE_MAPPED,APPROVED_FAMILY_RENDER,800,800,JPEG,80883,9546f4570f70e6117808a68ab826be6727f84a98001fef232deb1aede0141983,"Ring end PLUS square striking anvil (no open jaw); one spanner only ; stamped/labelled sizes readable: 1 3/4inch ; house style holds (dark floor, orange rim glow, item fills ~75%, no text/people/price)",Family render; the catalogue code supplies the exact size/variant where the shared image does not visibly prove that marking.
COATES-K2-ROAD2-649-RETRACTION-RESOLVED-20260806-V2,Coates_K2_Road2_Retraction_Resolved_649_Thumbnails_003.zip,931,2,SPANNERFLOGFL2-9/16,SPANNERFLOGFL2-9_16.jpg,Spanner - Flogging - Flat - 2 9/16inch,Spanner - flogging | Flat | Imperial,imperial flat ring flogging spanner,2 9/16inch,HOUSE_RENDER_FAMILY,production/family_assets/spanner_flogging.png,4f8be63cf85e5ace2044e3bd8e1a9b220145eaa114f8936d04138b707f8cb5b9,ALL_ROWS,FAMILY_MASTER_REVIEWED_AND_CODE_MAPPED,APPROVED_FAMILY_RENDER,800,800,JPEG,80883,9546f4570f70e6117808a68ab826be6727f84a98001fef232deb1aede0141983,"Ring end PLUS square striking anvil (no open jaw); one spanner only ; stamped/labelled sizes readable: 2 9/16inch ; house style holds (dark floor, orange rim glow, item fills ~75%, no text/people/price)",Family render; the catalogue code supplies the exact size/variant where the shared image does not visibly prove that marking.
COATES-K2-ROAD2-649-RETRACTION-RESOLVED-20260806-V2,Coates_K2_Road2_Retraction_Resolved_649_Thumbnails_003.zip,932,2,SPANNERFLOGFL75MM,SPANNERFLOGFL75MM.jpg,Spanner - Flogging - Flat - 75mm,Spanner - flogging | Flat | Metric,metric flat ring flogging spanner,75mm,HOUSE_RENDER_FAMILY,production/family_assets/spanner_flogging.png,4f8be63cf85e5ace2044e3bd8e1a9b220145eaa114f8936d04138b707f8cb5b9,ALL_ROWS,FAMILY_MASTER_REVIEWED_AND_CODE_MAPPED,APPROVED_FAMILY_RENDER,800,800,JPEG,80883,9546f4570f70e6117808a68ab826be6727f84a98001fef232deb1aede0141983,"Ring end PLUS square striking anvil (no open jaw); one spanner only ; stamped/labelled sizes readable: 75mm ; house style holds (dark floor, orange rim glow, item fills ~75%, no text/people/price)",Family render; the catalogue code supplies the exact size/variant where the shared image does not visibly prove that marking.
COATES-K2-ROAD2-649-RETRACTION-RESOLVED-20260806-V2,Coates_K2_Road2_Retraction_Resolved_649_Thumbnails_003.zip,513,2,SPANNERFLOGOF1-15/16,SPANNERFLOGOF1-15_16.jpg,**OBSOLETE**Spanner - Flogging - Offset 1 15/16in,Spanner - flogging | Offset | Imperial,imperial offset ring flogging spanner,1 15/16in,HOUSE_RENDER_FAMILY,production/family_assets/flogging_spanner_offset.png,bdae278e87abb5195ba2d244b0bbaa62bc5b4c1e419e47f141c7160de29b1c55,ALL_ROWS,FAMILY_MASTER_REVIEWED_AND_CODE_MAPPED,APPROVED_FAMILY_RENDER,800,800,JPEG,78993,c12ef5e729acfccc722a26b9c173d5d3aeed248171f8dbe9db0f6e7fde9818ca,"Ring end PLUS square striking anvil (no open jaw); one spanner only ; stamped/labelled sizes readable: 1 15/16in ; house style holds (dark floor, orange rim glow, item fills ~75%, no text/people/price)",Family render; the catalogue code supplies the exact size/variant where the shared image does not visibly prove that marking.
COATES-K2-ROAD2-649-RETRACTION-RESOLVED-20260806-V2,Coates_K2_Road2_Retraction_Resolved_649_Thumbnails_003.zip,933,2,SPANNERFLOGOF1-1/8,SPANNERFLOGOF1-1_8.jpg,Spanner - Flogging - Offset - 1 1/8inch,Spanner - flogging | Offset | Imperial,imperial offset ring flogging spanner,1 1/8inch,HOUSE_RENDER_FAMILY,production/family_assets/flogging_spanner_offset.png,bdae278e87abb5195ba2d244b0bbaa62bc5b4c1e419e47f141c7160de29b1c55,ALL_ROWS,FAMILY_MASTER_REVIEWED_AND_CODE_MAPPED,APPROVED_FAMILY_RENDER,800,800,JPEG,78993,c12ef5e729acfccc722a26b9c173d5d3aeed248171f8dbe9db0f6e7fde9818ca,"Ring end PLUS square striking anvil (no open jaw); one spanner only ; stamped/labelled sizes readable: 1 1/8inch ; house style holds (dark floor, orange rim glow, item fills ~75%, no text/people/price)",Family render; the catalogue code supplies the exact size/variant where the shared image does not visibly prove that marking.
COATES-K2-ROAD2-649-RETRACTION-RESOLVED-20260806-V2,Coates_K2_Road2_Retraction_Resolved_649_Thumbnails_003.zip,937,2,SPANNERFLOGOF1-9/16,SPANNERFLOGOF1-9_16.jpg,Spanner - Flogging - Offset 1 9/16in,Spanner - flogging | Offset | Imperial,imperial offset ring flogging spanner,1 9/16in,HOUSE_RENDER_FAMILY,production/family_assets/flogging_spanner_offset.png,bdae278e87abb5195ba2d244b0bbaa62bc5b4c1e419e47f141c7160de29b1c55,ALL_ROWS,FAMILY_MASTER_REVIEWED_AND_CODE_MAPPED,APPROVED_FAMILY_RENDER,800,800,JPEG,78993,c12ef5e729acfccc722a26b9c173d5d3aeed248171f8dbe9db0f6e7fde9818ca,"Ring end PLUS square striking anvil (no open jaw); one spanner only ; stamped/labelled sizes readable: 1 9/16in ; house style holds (dark floor, orange rim glow, item fills ~75%, no text/people/price)",Family render; the catalogue code supplies the exact size/variant where the shared image does not visibly prove that marking.
COATES-K2-ROAD2-649-RETRACTION-RESOLVED-20260806-V2,Coates_K2_Road2_Retraction_Resolved_649_Thumbnails_003.zip,938,2,SPANNERFLOGOF2-15/16,SPANNERFLOGOF2-15_16.jpg,Spanner - Flogging - Offset 2 15/16in,Spanner - flogging | Offset | Imperial,imperial offset ring flogging spanner,2 15/16in,HOUSE_RENDER_FAMILY,production/family_assets/flogging_spanner_offset.png,bdae278e87abb5195ba2d244b0bbaa62bc5b4c1e419e47f141c7160de29b1c55,ALL_ROWS,FAMILY_MASTER_REVIEWED_AND_CODE_MAPPED,APPROVED_FAMILY_RENDER,800,800,JPEG,78993,c12ef5e729acfccc722a26b9c173d5d3aeed248171f8dbe9db0f6e7fde9818ca,"Ring end PLUS square striking anvil (no open jaw); one spanner only ; stamped/labelled sizes readable: 2 15/16in ; house style holds (dark floor, orange rim glow, item fills ~75%, no text/people/price)",Family render; the catalogue code supplies the exact size/variant where the shared image does not visibly prove that marking.
COATES-K2-ROAD2-649-RETRACTION-RESOLVED-20260806-V2,Coates_K2_Road2_Retraction_Resolved_649_Thumbnails_003.zip,916,2,SPANNERFLOGOF2-3/8,SPANNERFLOGOF2-3_8.jpg,Spanner - Flogging - 2 3/8inch,Spanner - flogging | Imperial,imperial ring flogging spanner,2 3/8inch,HOUSE_RENDER_FAMILY,production/family_assets/spanner_flogging.png,4f8be63cf85e5ace2044e3bd8e1a9b220145eaa114f8936d04138b707f8cb5b9,ALL_ROWS,FAMILY_MASTER_REVIEWED_AND_CODE_MAPPED,APPROVED_FAMILY_RENDER,800,800,JPEG,80883,9546f4570f70e6117808a68ab826be6727f84a98001fef232deb1aede0141983,"Ring end PLUS square striking anvil (no open jaw); one spanner only ; stamped/labelled sizes readable: 2 3/8inch ; house style holds (dark floor, orange rim glow, item fills ~75%, no text/people/price)",Family render; the catalogue code supplies the exact size/variant where the shared image does not visibly prove that marking.
COATES-K2-ROAD2-649-RETRACTION-RESOLVED-20260806-V2,Coates_K2_Road2_Retraction_Resolved_649_Thumbnails_003.zip,934,2,SPANNERFLOGOF60MM,SPANNERFLOGOF60MM.jpg,Spanner - Flogging - Offset - 60mm,Spanner - flogging | Offset | Metric,metric offset ring flogging spanner,60mm,HOUSE_RENDER_FAMILY,production/family_assets/flogging_spanner_offset.png,bdae278e87abb5195ba2d244b0bbaa62bc5b4c1e419e47f141c7160de29b1c55,ALL_ROWS,FAMILY_MASTER_REVIEWED_AND_CODE_MAPPED,APPROVED_FAMILY_RENDER,800,800,JPEG,78993,c12ef5e729acfccc722a26b9c173d5d3aeed248171f8dbe9db0f6e7fde9818ca,"Ring end PLUS square striking anvil (no open jaw); one spanner only ; stamped/labelled sizes readable: 60mm ; house style holds (dark floor, orange rim glow, item fills ~75%, no text/people/price)",Family render; the catalogue code supplies the exact size/variant where the shared image does not visibly prove that marking.
COATES-K2-ROAD2-649-RETRACTION-RESOLVED-20260806-V2,Coates_K2_Road2_Retraction_Resolved_649_Thumbnails_003.zip,935,2,SPANNERFLOGOF70MM,SPANNERFLOGOF70MM.jpg,Spanner - Flogging - Offset - 70mm,Spanner - flogging | Offset | Metric,metric offset ring flogging spanner,70mm,HOUSE_RENDER_FAMILY,production/family_assets/flogging_spanner_offset.png,bdae278e87abb5195ba2d244b0bbaa62bc5b4c1e419e47f141c7160de29b1c55,ALL_ROWS,FAMILY_MASTER_REVIEWED_AND_CODE_MAPPED,APPROVED_FAMILY_RENDER,800,800,JPEG,78993,c12ef5e729acfccc722a26b9c173d5d3aeed248171f8dbe9db0f6e7fde9818ca,"Ring end PLUS square striking anvil (no open jaw); one spanner only ; stamped/labelled sizes readable: 70mm ; house style holds (dark floor, orange rim glow, item fills ~75%, no text/people/price)",Family render; the catalogue code supplies the exact size/variant where the shared image does not visibly prove that marking.
COATES-K2-ROAD2-649-RETRACTION-RESOLVED-20260806-V2,Coates_K2_Road2_Retraction_Resolved_649_Thumbnails_003.zip,943,2,SPANNERO/E70MM,SPANNERO_E70MM.jpg,Spanner - Open Ended - 70mm,Spanner - open end | Metric,large open-end spanner,70mm,HOUSE_RENDER_FAMILY,production/family_assets/large_open_end_spanner.png,d160c3c04ff54d6d11d063105118d63700cc0412027ba9df0e2c9d3216ce38f6,ALL_ROWS,FAMILY_MASTER_REVIEWED_AND_CODE_MAPPED,APPROVED_FAMILY_RENDER,800,800,JPEG,78438,c4ff0a7051801c69bba9ce27aaf72a5c0474790a55e849329421b02808544732,"Open jaws BOTH ends or as named; no ring end unless named ; stamped/labelled sizes readable: 70mm ; house style holds (dark floor, orange rim glow, item fills ~75%, no text/people/price)",Family render; the catalogue code supplies the exact size/variant where the shared image does not visibly prove that marking.
COATES-K2-ROAD2-649-RETRACTION-RESOLVED-20260806-V2,Coates_K2_Road2_Retraction_Resolved_649_Thumbnails_003.zip,942,2,SPANNEROPENEND75MM,SPANNEROPENEND75MM.jpg,Spanner - Open - End 75mm,Spanner - open end | Metric,large open-end spanner,75mm,HOUSE_RENDER_FAMILY,production/family_assets/large_open_end_spanner.png,d160c3c04ff54d6d11d063105118d63700cc0412027ba9df0e2c9d3216ce38f6,ALL_ROWS,FAMILY_MASTER_REVIEWED_AND_CODE_MAPPED,APPROVED_FAMILY_RENDER,800,800,JPEG,78438,c4ff0a7051801c69bba9ce27aaf72a5c0474790a55e849329421b02808544732,"Open jaws BOTH ends or as named; no ring end unless named ; stamped/labelled sizes readable: 75mm ; house style holds (dark floor, orange rim glow, item fills ~75%, no text/people/price)",Family render; the catalogue code supplies the exact size/variant where the shared image does not visibly prove that marking.
COATES-K2-ROAD2-649-RETRACTION-RESOLVED-20260806-V2,Coates_K2_Road2_Retraction_Resolved_649_Thumbnails_003.zip,587,2,SPANNERPODGERBAR16M450MM,SPANNERPODGERBAR16M450MM.jpg,Podge Bar - 16mm (450mm),Podge bar | Metric,straight podge alignment bar with tapered end,16mm | 450mm,HOUSE_RENDER_FAMILY,production/family_assets/podger_alignment_bar.png,d298229aa1a3d54e6c626ed7a134fece2719369ac994b4e1954d917bafc93a8a,ALL_ROWS,FAMILY_MASTER_REVIEWED_AND_CODE_MAPPED,APPROVED_FAMILY_RENDER,800,800,JPEG,79764,30193ccfce502ac4c61880b8df2576548de781f07f2a1a0f87a8d6d1ebf394d3,"Long tapered spike is unmistakable; spanner/open end at the other tip ; stamped/labelled sizes readable: 16mm, 450mm ; house style holds (dark floor, orange rim glow, item fills ~75%, no text/people/price)",Family render; the catalogue code supplies the exact size/variant where the shared image does not visibly prove that marking.
COATES-K2-ROAD2-649-RETRACTION-RESOLVED-20260806-V2,Coates_K2_Road2_Retraction_Resolved_649_Thumbnails_003.zip,588,2,SPANNERPODGERBAR20M450MM,SPANNERPODGERBAR20M450MM.jpg,Podge Bar - 20mm (450mm),Podge bar | Metric,straight podge alignment bar with tapered end,20mm | 450mm,HOUSE_RENDER_FAMILY,production/family_assets/podger_alignment_bar.png,d298229aa1a3d54e6c626ed7a134fece2719369ac994b4e1954d917bafc93a8a,ALL_ROWS,FAMILY_MASTER_REVIEWED_AND_CODE_MAPPED,APPROVED_FAMILY_RENDER,800,800,JPEG,79764,30193ccfce502ac4c61880b8df2576548de781f07f2a1a0f87a8d6d1ebf394d3,"Long tapered spike is unmistakable; spanner/open end at the other tip ; stamped/labelled sizes readable: 20mm, 450mm ; house style holds (dark floor, orange rim glow, item fills ~75%, no text/people/price)",Family render; the catalogue code supplies the exact size/variant where the shared image does not visibly prove that marking.
COATES-K2-ROAD2-649-RETRACTION-RESOLVED-20260806-V2,Coates_K2_Road2_Retraction_Resolved_649_Thumbnails_003.zip,589,2,SPANNERPODGERBAR20M600MM,SPANNERPODGERBAR20M600MM.jpg,Podge Bar - 20mm (600mm),Podge bar | Metric,straight podge alignment bar with tapered end,20mm | 600mm,HOUSE_RENDER_FAMILY,production/family_assets/podger_alignment_bar.png,d298229aa1a3d54e6c626ed7a134fece2719369ac994b4e1954d917bafc93a8a,ALL_ROWS,FAMILY_MASTER_REVIEWED_AND_CODE_MAPPED,APPROVED_FAMILY_RENDER,800,800,JPEG,79764,30193ccfce502ac4c61880b8df2576548de781f07f2a1a0f87a8d6d1ebf394d3,"Long tapered spike is unmistakable; spanner/open end at the other tip ; stamped/labelled sizes readable: 20mm, 600mm ; house style holds (dark floor, orange rim glow, item fills ~75%, no text/people/price)",Family render; the catalogue code supplies the exact size/variant where the shared image does not visibly prove that marking.
COATES-K2-ROAD2-649-RETRACTION-RESOLVED-20260806-V2,Coates_K2_Road2_Retraction_Resolved_649_Thumbnails_003.zip,949,2,SPANNERPODGERO/E1-1/8,SPANNERPODGERO_E1-1_8.jpg,Spanner - Podger Open End 1 - 1/8in,Spanner - podger | Open end | Imperial,open-end podger spanner with tapered tail,1/8in,HOUSE_RENDER_FAMILY,production/family_assets/podger_open_spanner.png,a600d0d21abbe259dca43e09865ec8e213506ae599e103d6c71fb130fdd2d84c,ALL_ROWS,FAMILY_MASTER_REVIEWED_AND_CODE_MAPPED,APPROVED_FAMILY_RENDER,800,800,JPEG,79180,b534f8c456abe08edd6ebe0fecf8b2b9ea77054ac0f7920e1d8c347c60a2a56b,"Long tapered spike is unmistakable; spanner/open end at the other tip ; stamped/labelled sizes readable: 1/8in ; house style holds (dark floor, orange rim glow, item fills ~75%, no text/people/price)",Family render; the catalogue code supplies the exact size/variant where the shared image does not visibly prove that marking.
COATES-K2-ROAD2-649-RETRACTION-RESOLVED-20260806-V2,Coates_K2_Road2_Retraction_Resolved_649_Thumbnails_003.zip,944,2,SPANNERPODGERO/E1-7/16,SPANNERPODGERO_E1-7_16.jpg,Spanner - Podger - Open End - 1 7/16inch,Spanner - podger | Open end | Imperial,open-end podger spanner with tapered tail,1 7/16inch,HOUSE_RENDER_FAMILY,production/family_assets/podger_open_spanner.png,a600d0d21abbe259dca43e09865ec8e213506ae599e103d6c71fb130fdd2d84c,ALL_ROWS,FAMILY_MASTER_REVIEWED_AND_CODE_MAPPED,APPROVED_FAMILY_RENDER,800,800,JPEG,79180,b534f8c456abe08edd6ebe0fecf8b2b9ea77054ac0f7920e1d8c347c60a2a56b,"Long tapered spike is unmistakable; spanner/open end at the other tip ; stamped/labelled sizes readable: 1 7/16inch ; house style holds (dark floor, orange rim glow, item fills ~75%, no text/people/price)",Family render; the catalogue code supplies the exact size/variant where the shared image does not visibly prove that marking.
COATES-K2-ROAD2-649-RETRACTION-RESOLVED-20260806-V2,Coates_K2_Road2_Retraction_Resolved_649_Thumbnails_003.zip,950,2,SPANNERPODGERO/E2-15/16,SPANNERPODGERO_E2-15_16.jpg,Spanner - Podger Open End 2 - 15/16in,Spanner - podger | Open end | Imperial,open-end podger spanner with tapered tail,15/16in,HOUSE_RENDER_FAMILY,production/family_assets/podger_open_spanner.png,a600d0d21abbe259dca43e09865ec8e213506ae599e103d6c71fb130fdd2d84c,ALL_ROWS,FAMILY_MASTER_REVIEWED_AND_CODE_MAPPED,APPROVED_FAMILY_RENDER,800,800,JPEG,79180,b534f8c456abe08edd6ebe0fecf8b2b9ea77054ac0f7920e1d8c347c60a2a56b,"Long tapered spike is unmistakable; spanner/open end at the other tip ; stamped/labelled sizes readable: 15/16in ; house style holds (dark floor, orange rim glow, item fills ~75%, no text/people/price)",Family render; the catalogue code supplies the exact size/variant where the shared image does not visibly prove that marking.
COATES-K2-ROAD2-649-RETRACTION-RESOLVED-20260806-V2,Coates_K2_Road2_Retraction_Resolved_649_Thumbnails_003.zip,945,2,SPANNERPODGERRAT24MM27MM,SPANNERPODGERRAT24MM27MM.jpg,Spanner - Podger - Ratchet - 24mm / 27mm,Spanner - podger | Ratchet | Metric,double-ended ratchet podger spanner with tapered tail,24mm | 27mm,HOUSE_RENDER_FAMILY,production/family_assets/podger_ratchet_spanner_v2.png,c7b75162866509f594bcf9abf85b79d2c29685ccaac4fbff0bb75ef5624c39d5,ALL_ROWS,FAMILY_MASTER_REVIEWED_AND_CODE_MAPPED,APPROVED_FAMILY_RENDER,800,800,JPEG,77919,c71630b4114add5cdd5dd1f2780d0c7948d769f2de7c1796732477be435b8cfc,"Long tapered spike is unmistakable; spanner/open end at the other tip ; stamped/labelled sizes readable: 24mm, 27mm ; house style holds (dark floor, orange rim glow, item fills ~75%, no text/people/price)",Family render; the catalogue code supplies the exact size/variant where the shared image does not visibly prove that marking.
COATES-K2-ROAD2-649-RETRACTION-RESOLVED-20260806-V2,Coates_K2_Road2_Retraction_Resolved_649_Thumbnails_003.zip,946,2,SPANNERPODGERRAT27MM32MM,SPANNERPODGERRAT27MM32MM.jpg,Spanner - Podger - Ratchet - 27mm / 32mm,Spanner - podger | Ratchet | Metric,double-ended ratchet podger spanner with tapered tail,27mm | 32mm,HOUSE_RENDER_FAMILY,production/family_assets/podger_ratchet_spanner_v2.png,c7b75162866509f594bcf9abf85b79d2c29685ccaac4fbff0bb75ef5624c39d5,ALL_ROWS,FAMILY_MASTER_REVIEWED_AND_CODE_MAPPED,APPROVED_FAMILY_RENDER,800,800,JPEG,77919,c71630b4114add5cdd5dd1f2780d0c7948d769f2de7c1796732477be435b8cfc,"Long tapered spike is unmistakable; spanner/open end at the other tip ; stamped/labelled sizes readable: 27mm, 32mm ; house style holds (dark floor, orange rim glow, item fills ~75%, no text/people/price)",Family render; the catalogue code supplies the exact size/variant where the shared image does not visibly prove that marking.
COATES-K2-ROAD2-649-RETRACTION-RESOLVED-20260806-V2,Coates_K2_Road2_Retraction_Resolved_649_Thumbnails_003.zip,947,2,SPANNERPODGERRAT32MM36MM,SPANNERPODGERRAT32MM36MM.jpg,Spanner - Podger - Ratchet - 32mm / 36mm,Spanner - podger | Ratchet | Metric,double-ended ratchet podger spanner with tapered tail,32mm | 36mm,HOUSE_RENDER_FAMILY,production/family_assets/podger_ratchet_spanner_v2.png,c7b75162866509f594bcf9abf85b79d2c29685ccaac4fbff0bb75ef5624c39d5,ALL_ROWS,FAMILY_MASTER_REVIEWED_AND_CODE_MAPPED,APPROVED_FAMILY_RENDER,800,800,JPEG,77919,c71630b4114add5cdd5dd1f2780d0c7948d769f2de7c1796732477be435b8cfc,"Long tapered spike is unmistakable; spanner/open end at the other tip ; stamped/labelled sizes readable: 32mm, 36mm ; house style holds (dark floor, orange rim glow, item fills ~75%, no text/people/price)",Family render; the catalogue code supplies the exact size/variant where the shared image does not visibly prove that marking.
COATES-K2-ROAD2-649-RETRACTION-RESOLVED-20260806-V2,Coates_K2_Road2_Retraction_Resolved_649_Thumbnails_003.zip,948,2,SPANNERPODGERRAT36MM41MM,SPANNERPODGERRAT36MM41MM.jpg,Spanner - Podger - Ratchet - 36mm / 41mm,Spanner - podger | Ratchet | Metric,double-ended ratchet podger spanner with tapered tail,36mm | 41mm,HOUSE_RENDER_FAMILY,production/family_assets/podger_ratchet_spanner_v2.png,c7b75162866509f594bcf9abf85b79d2c29685ccaac4fbff0bb75ef5624c39d5,ALL_ROWS,FAMILY_MASTER_REVIEWED_AND_CODE_MAPPED,APPROVED_FAMILY_RENDER,800,800,JPEG,77919,c71630b4114add5cdd5dd1f2780d0c7948d769f2de7c1796732477be435b8cfc,"Long tapered spike is unmistakable; spanner/open end at the other tip ; stamped/labelled sizes readable: 36mm, 41mm ; house style holds (dark floor, orange rim glow, item fills ~75%, no text/people/price)",Family render; the catalogue code supplies the exact size/variant where the shared image does not visibly prove that marking.
COATES-K2-ROAD2-649-RETRACTION-RESOLVED-20260806-V2,Coates_K2_Road2_Retraction_Resolved_649_Thumbnails_003.zip,951,2,SPANNERRING2-5/8-2-13/16,SPANNERRING2-5_8-2-13_16.jpg,Spanner - Ring 2 - 5/8 2-13/16in,Spanner - ring | Imperial,double-ended ring spanner,13/16in,HOUSE_RENDER_FAMILY,production/family_assets/double_ring_spanner.png,9c2830ded2c069bdbb4bddb09b2eae2aab349cec275f1e84d846389acf98058d,ALL_ROWS,FAMILY_MASTER_REVIEWED_AND_CODE_MAPPED,APPROVED_FAMILY_RENDER,800,800,JPEG,81482,d354679c4a0094ae6bc118682948b288aa38b7f42d25bbbaa303402c54a53f4a,"Spanner type matches the name exactly; one spanner only ; stamped/labelled sizes readable: 13/16in ; house style holds (dark floor, orange rim glow, item fills ~75%, no text/people/price)",Family render; the catalogue code supplies the exact size/variant where the shared image does not visibly prove that marking.
COATES-K2-ROAD2-649-RETRACTION-RESOLVED-20260806-V2,Coates_K2_Road2_Retraction_Resolved_649_Thumbnails_003.zip,454,2,SPANNERSETRING5PCMETRATCHETING621MM,SPANNERSETRING5PCMETRATCHETING621MM.jpg,SPANNER SET RING 5PC MET RATCHETING 6-21MM,Spanner set | Ring | Metric,metric five-piece ratcheting ring-spanner set,21mm,HOUSE_RENDER_FAMILY,production/family_assets/ratcheting_ring_spanner_set.png,8a9184a7cef70fd1f5abcfb716d2b2f474dea3b517bea9bfb3742b6360949915,ALL_ROWS,FAMILY_MASTER_REVIEWED_AND_CODE_MAPPED,APPROVED_FAMILY_RENDER,800,800,JPEG,79271,0ffa7872b893e0f58a2179c558e6354d7794a9ba3b9bf628ea9c2980326fa4f4,"Spanner type matches the name exactly; one spanner only ; stamped/labelled sizes readable: 21mm ; house style holds (dark floor, orange rim glow, item fills ~75%, no text/people/price)",Family render; the catalogue code supplies the exact size/variant where the shared image does not visibly prove that marking.
COATES-K2-ROAD2-649-RETRACTION-RESOLVED-20260806-V2,Coates_K2_Road2_Retraction_Resolved_649_Thumbnails_003.zip,456,2,SPANNERSETRING5PCSAERATCHETIN1478,SPANNERSETRING5PCSAERATCHETIN1478.jpg,"SPANNER SET RING 5PC SAE RATCHETIN 1/4-7/8""",Spanner set | Ring | Imperial,imperial five-piece ratcheting ring-spanner set,"7/8""",HOUSE_RENDER_FAMILY,production/family_assets/ratcheting_ring_spanner_set.png,8a9184a7cef70fd1f5abcfb716d2b2f474dea3b517bea9bfb3742b6360949915,ALL_ROWS,FAMILY_MASTER_REVIEWED_AND_CODE_MAPPED,APPROVED_FAMILY_RENDER,800,800,JPEG,79271,0ffa7872b893e0f58a2179c558e6354d7794a9ba3b9bf628ea9c2980326fa4f4,"Spanner type matches the name exactly; one spanner only ; stamped/labelled sizes readable: 7/8"" ; house style holds (dark floor, orange rim glow, item fills ~75%, no text/people/price)",Family render; the catalogue code supplies the exact size/variant where the shared image does not visibly prove that marking.
COATES-K2-ROAD2-649-RETRACTION-RESOLVED-20260806-V2,Coates_K2_Road2_Retraction_Resolved_649_Thumbnails_003.zip,952,2,SPANNERSHIFTER150MM6IN,SPANNERSHIFTER150MM6IN.jpg,Spanner - Shifter - 150mm (6in),Spanner - adjustable | Mixed,adjustable shifter spanner,6in | 150mm,HOUSE_RENDER_FAMILY,production/family_assets/adjustable_spanner.png,adb4e85764c573bfb63dcb9d7d3b682be59bc753121c2523d9a9fc30269f5535,ALL_ROWS,FAMILY_MASTER_REVIEWED_AND_CODE_MAPPED,APPROVED_FAMILY_RENDER,800,800,JPEG,77601,1a497d53ef9147e56eb99b7b2f4fc2e22de3e30805356218991b47eedc973c97,"Adjustable jaw and worm screw visible; stated length looks proportionate ; stamped/labelled sizes readable: 6in, 150mm ; house style holds (dark floor, orange rim glow, item fills ~75%, no text/people/price)",Family render; the catalogue code supplies the exact size/variant where the shared image does not visibly prove that marking.
COATES-K2-ROAD2-649-RETRACTION-RESOLVED-20260806-V2,Coates_K2_Road2_Retraction_Resolved_649_Thumbnails_003.zip,959,2,SPANNERSHIFTER200MM8IN,SPANNERSHIFTER200MM8IN.jpg,Spanner - Shifter 200mm,Spanner - adjustable | Metric,adjustable shifter spanner,200mm,HOUSE_RENDER_FAMILY,production/family_assets/adjustable_spanner.png,adb4e85764c573bfb63dcb9d7d3b682be59bc753121c2523d9a9fc30269f5535,ALL_ROWS,FAMILY_MASTER_REVIEWED_AND_CODE_MAPPED,APPROVED_FAMILY_RENDER,800,800,JPEG,77601,1a497d53ef9147e56eb99b7b2f4fc2e22de3e30805356218991b47eedc973c97,"Adjustable jaw and worm screw visible; stated length looks proportionate ; stamped/labelled sizes readable: 200mm ; house style holds (dark floor, orange rim glow, item fills ~75%, no text/people/price)",Family render; the catalogue code supplies the exact size/variant where the shared image does not visibly prove that marking.
COATES-K2-ROAD2-649-RETRACTION-RESOLVED-20260806-V2,Coates_K2_Road2_Retraction_Resolved_649_Thumbnails_003.zip,953,2,SPANNERSHIFTER250MM10IN,SPANNERSHIFTER250MM10IN.jpg,Spanner - Shifter - 250mm (10in),Spanner - adjustable | Mixed,adjustable shifter spanner,10in | 250mm,HOUSE_RENDER_FAMILY,production/family_assets/adjustable_spanner.png,adb4e85764c573bfb63dcb9d7d3b682be59bc753121c2523d9a9fc30269f5535,ALL_ROWS,FAMILY_MASTER_REVIEWED_AND_CODE_MAPPED,APPROVED_FAMILY_RENDER,800,800,JPEG,77601,1a497d53ef9147e56eb99b7b2f4fc2e22de3e30805356218991b47eedc973c97,"Adjustable jaw and worm screw visible; stated length looks proportionate ; stamped/labelled sizes readable: 10in, 250mm ; house style holds (dark floor, orange rim glow, item fills ~75%, no text/people/price)",Family render; the catalogue code supplies the exact size/variant where the shared image does not visibly prove that marking.
COATES-K2-ROAD2-649-RETRACTION-RESOLVED-20260806-V2,Coates_K2_Road2_Retraction_Resolved_649_Thumbnails_003.zip,954,2,SPANNERSHIFTER300MM12IN,SPANNERSHIFTER300MM12IN.jpg,Spanner - Shifter - 300mm (12in),Spanner - adjustable | Mixed,adjustable shifter spanner,12in | 300mm,HOUSE_RENDER_FAMILY,production/family_assets/adjustable_spanner.png,adb4e85764c573bfb63dcb9d7d3b682be59bc753121c2523d9a9fc30269f5535,ALL_ROWS,FAMILY_MASTER_REVIEWED_AND_CODE_MAPPED,APPROVED_FAMILY_RENDER,800,800,JPEG,77601,1a497d53ef9147e56eb99b7b2f4fc2e22de3e30805356218991b47eedc973c97,"Adjustable jaw and worm screw visible; stated length looks proportionate ; stamped/labelled sizes readable: 12in, 300mm ; house style holds (dark floor, orange rim glow, item fills ~75%, no text/people/price)",Family render; the catalogue code supplies the exact size/variant where the shared image does not visibly prove that marking.
COATES-K2-ROAD2-649-RETRACTION-RESOLVED-20260806-V2,Coates_K2_Road2_Retraction_Resolved_649_Thumbnails_003.zip,955,2,SPANNERSHIFTER375MM,SPANNERSHIFTER375MM.jpg,Spanner - Shifter - 375mm (15in ),Spanner - adjustable | Mixed,adjustable shifter spanner,15in | 375mm,HOUSE_RENDER_FAMILY,production/family_assets/adjustable_spanner.png,adb4e85764c573bfb63dcb9d7d3b682be59bc753121c2523d9a9fc30269f5535,ALL_ROWS,FAMILY_MASTER_REVIEWED_AND_CODE_MAPPED,APPROVED_FAMILY_RENDER,800,800,JPEG,77601,1a497d53ef9147e56eb99b7b2f4fc2e22de3e30805356218991b47eedc973c97,"Adjustable jaw and worm screw visible; stated length looks proportionate ; stamped/labelled sizes readable: 15in, 375mm ; house style holds (dark floor, orange rim glow, item fills ~75%, no text/people/price)",Family render; the catalogue code supplies the exact size/variant where the shared image does not visibly prove that marking.
COATES-K2-ROAD2-649-RETRACTION-RESOLVED-20260806-V2,Coates_K2_Road2_Retraction_Resolved_649_Thumbnails_003.zip,956,2,SPANNERSHIFTER450MM18IN,SPANNERSHIFTER450MM18IN.jpg,Spanner - Shifter - 450mm (18in),Spanner - adjustable | Mixed,adjustable shifter spanner,18in | 450mm,HOUSE_RENDER_FAMILY,production/family_assets/adjustable_spanner.png,adb4e85764c573bfb63dcb9d7d3b682be59bc753121c2523d9a9fc30269f5535,ALL_ROWS,FAMILY_MASTER_REVIEWED_AND_CODE_MAPPED,APPROVED_FAMILY_RENDER,800,800,JPEG,77601,1a497d53ef9147e56eb99b7b2f4fc2e22de3e30805356218991b47eedc973c97,"Adjustable jaw and worm screw visible; stated length looks proportionate ; stamped/labelled sizes readable: 18in, 450mm ; house style holds (dark floor, orange rim glow, item fills ~75%, no text/people/price)",Family render; the catalogue code supplies the exact size/variant where the shared image does not visibly prove that marking.
COATES-K2-ROAD2-649-RETRACTION-RESOLVED-20260806-V2,Coates_K2_Road2_Retraction_Resolved_649_Thumbnails_003.zip,957,2,SPANNERSHIFTER600MM24IN,SPANNERSHIFTER600MM24IN.jpg,Spanner - Shifter - 600mm (24in),Spanner - adjustable | Mixed,adjustable shifter spanner,24in | 600mm,HOUSE_RENDER_FAMILY,production/family_assets/adjustable_spanner.png,adb4e85764c573bfb63dcb9d7d3b682be59bc753121c2523d9a9fc30269f5535,ALL_ROWS,FAMILY_MASTER_REVIEWED_AND_CODE_MAPPED,APPROVED_FAMILY_RENDER,800,800,JPEG,77601,1a497d53ef9147e56eb99b7b2f4fc2e22de3e30805356218991b47eedc973c97,"Adjustable jaw and worm screw visible; stated length looks proportionate ; stamped/labelled sizes readable: 24in, 600mm ; house style holds (dark floor, orange rim glow, item fills ~75%, no text/people/price)",Family render; the catalogue code supplies the exact size/variant where the shared image does not visibly prove that marking.
COATES-K2-ROAD2-649-RETRACTION-RESOLVED-20260806-V2,Coates_K2_Road2_Retraction_Resolved_649_Thumbnails_003.zip,958,2,SPANNERSHIFTER770MM,SPANNERSHIFTER770MM.jpg,Spanner - Shifter - 770mm,Spanner - adjustable | Metric,adjustable shifter spanner,770mm,HOUSE_RENDER_FAMILY,production/family_assets/adjustable_spanner.png,adb4e85764c573bfb63dcb9d7d3b682be59bc753121c2523d9a9fc30269f5535,ALL_ROWS,FAMILY_MASTER_REVIEWED_AND_CODE_MAPPED,APPROVED_FAMILY_RENDER,800,800,JPEG,77601,1a497d53ef9147e56eb99b7b2f4fc2e22de3e30805356218991b47eedc973c97,"Adjustable jaw and worm screw visible; stated length looks proportionate ; stamped/labelled sizes readable: 770mm ; house style holds (dark floor, orange rim glow, item fills ~75%, no text/people/price)",Family render; the catalogue code supplies the exact size/variant where the shared image does not visibly prove that marking.
COATES-K2-ROAD2-649-RETRACTION-RESOLVED-20260806-V2,Coates_K2_Road2_Retraction_Resolved_649_Thumbnails_003.zip,458,2,SPANNERSLOGGING1516TYPHOON,SPANNERSLOGGING1516TYPHOON.jpg,"SPANNER SLOGGING 15/16"" TYPHOON",Spanner - flogging | Imperial,imperial ring flogging spanner,"15/16""",HOUSE_RENDER_FAMILY,production/family_assets/spanner_flogging.png,4f8be63cf85e5ace2044e3bd8e1a9b220145eaa114f8936d04138b707f8cb5b9,ALL_ROWS,FAMILY_MASTER_REVIEWED_AND_CODE_MAPPED,APPROVED_FAMILY_RENDER,800,800,JPEG,80883,9546f4570f70e6117808a68ab826be6727f84a98001fef232deb1aede0141983,"Ring end PLUS square striking anvil (no open jaw); one spanner only ; stamped/labelled sizes readable: 15/16"" ; house style holds (dark floor, orange rim glow, item fills ~75%, no text/people/price)",Family render; the catalogue code supplies the exact size/variant where the shared image does not visibly prove that marking.
COATES-K2-ROAD2-649-RETRACTION-RESOLVED-20260806-V2,Coates_K2_Road2_Retraction_Resolved_649_Thumbnails_003.zip,460,2,SPANNERSLOGGING40MMTYPHOON,SPANNERSLOGGING40MMTYPHOON.jpg,SPANNER SLOGGING 40MM TYPHOON,Spanner - flogging | Metric,metric ring flogging spanner,40mm,HOUSE_RENDER_FAMILY,production/family_assets/spanner_flogging.png,4f8be63cf85e5ace2044e3bd8e1a9b220145eaa114f8936d04138b707f8cb5b9,ALL_ROWS,FAMILY_MASTER_REVIEWED_AND_CODE_MAPPED,APPROVED_FAMILY_RENDER,800,800,JPEG,80883,9546f4570f70e6117808a68ab826be6727f84a98001fef232deb1aede0141983,"Ring end PLUS square striking anvil (no open jaw); one spanner only ; stamped/labelled sizes readable: 40mm ; house style holds (dark floor, orange rim glow, item fills ~75%, no text/people/price)",Family render; the catalogue code supplies the exact size/variant where the shared image does not visibly prove that marking.
COATES-K2-ROAD2-649-RETRACTION-RESOLVED-20260806-V2,Coates_K2_Road2_Retraction_Resolved_649_Thumbnails_003.zip,462,2,SPANNERSLOGGING49MMULTIMATE,SPANNERSLOGGING49MMULTIMATE.jpg,SPANNER SLOGGING 49MM ULTIMATE,Spanner - flogging | Metric,metric ring flogging spanner,49mm,HOUSE_RENDER_FAMILY,production/family_assets/spanner_flogging.png,4f8be63cf85e5ace2044e3bd8e1a9b220145eaa114f8936d04138b707f8cb5b9,ALL_ROWS,FAMILY_MASTER_REVIEWED_AND_CODE_MAPPED,APPROVED_FAMILY_RENDER,800,800,JPEG,80883,9546f4570f70e6117808a68ab826be6727f84a98001fef232deb1aede0141983,"Ring end PLUS square striking anvil (no open jaw); one spanner only ; stamped/labelled sizes readable: 49mm ; house style holds (dark floor, orange rim glow, item fills ~75%, no text/people/price)",Family render; the catalogue code supplies the exact size/variant where the shared image does not visibly prove that marking.
COATES-K2-ROAD2-649-RETRACTION-RESOLVED-20260806-V2,Coates_K2_Road2_Retraction_Resolved_649_Thumbnails_003.zip,464,2,SPANNERSLOGGINGFLATRINGMETRIC58MMITM,SPANNERSLOGGINGFLATRINGMETRIC58MMITM.jpg,SPANNER SLOGGING FLAT RING METRIC 58MM ITM,Spanner - flogging | Flat | Metric,metric flat ring flogging spanner,58mm,HOUSE_RENDER_FAMILY,production/family_assets/spanner_flogging.png,4f8be63cf85e5ace2044e3bd8e1a9b220145eaa114f8936d04138b707f8cb5b9,ALL_ROWS,FAMILY_MASTER_REVIEWED_AND_CODE_MAPPED,APPROVED_FAMILY_RENDER,800,800,JPEG,80883,9546f4570f70e6117808a68ab826be6727f84a98001fef232deb1aede0141983,"Ring end PLUS square striking anvil (no open jaw); one spanner only ; stamped/labelled sizes readable: 58mm ; house style holds (dark floor, orange rim glow, item fills ~75%, no text/people/price)",Family render; the catalogue code supplies the exact size/variant where the shared image does not visibly prove that marking.
COATES-K2-ROAD2-649-RETRACTION-RESOLVED-20260806-V2,Coates_K2_Road2_Retraction_Resolved_649_Thumbnails_003.zip,466,2,SPANNERSLOGGINGRING1316FLATACTION,SPANNERSLOGGINGRING1316FLATACTION.jpg,"SPANNER SLOGGING RING 13/16"" FLAT ACTION",Spanner - flogging | Flat | Imperial,imperial flat ring flogging spanner,"13/16""",HOUSE_RENDER_FAMILY,production/family_assets/spanner_flogging.png,4f8be63cf85e5ace2044e3bd8e1a9b220145eaa114f8936d04138b707f8cb5b9,ALL_ROWS,FAMILY_MASTER_REVIEWED_AND_CODE_MAPPED,APPROVED_FAMILY_RENDER,800,800,JPEG,80883,9546f4570f70e6117808a68ab826be6727f84a98001fef232deb1aede0141983,"Ring end PLUS square striking anvil (no open jaw); one spanner only ; stamped/labelled sizes readable: 13/16"" ; house style holds (dark floor, orange rim glow, item fills ~75%, no text/people/price)",Family render; the catalogue code supplies the exact size/variant where the shared image does not visibly prove that marking.
COATES-K2-ROAD2-649-RETRACTION-RESOLVED-20260806-V2,Coates_K2_Road2_Retraction_Resolved_649_Thumbnails_003.zip,508,2,SPIRITLEVEL200MM,SPIRITLEVEL200MM.jpg,Spirit Level 200mm,Spirit level | Metric,aluminium bubble spirit level,200mm,HOUSE_RENDER_FAMILY,production/family_assets/spirit_level.png,bc59f4ac3dbfc44237665cdec81b3f25324ce9e5dd4b2e0e72d2dc1c070edcd5,ALL_ROWS,FAMILY_MASTER_REVIEWED_AND_CODE_MAPPED,APPROVED_FAMILY_RENDER,800,800,JPEG,79127,fdb7cf3c0dc603681ae31b921ef2765577f0eab55b516ec9ea7e5e69ad69c2b4,"Scale/dial legible; measuring faces visible ; stamped/labelled sizes readable: 200mm ; house style holds (dark floor, orange rim glow, item fills ~75%, no text/people/price)",Family render; the catalogue code supplies the exact size/variant where the shared image does not visibly prove that marking.
COATES-K2-ROAD2-649-RETRACTION-RESOLVED-20260806-V2,Coates_K2_Road2_Retraction_Resolved_649_Thumbnails_003.zip,509,2,SPIRITLEVEL600MM,SPIRITLEVEL600MM.jpg,Spirit Level 600mm,Spirit level | Metric,aluminium bubble spirit level,600mm,HOUSE_RENDER_FAMILY,production/family_assets/spirit_level.png,bc59f4ac3dbfc44237665cdec81b3f25324ce9e5dd4b2e0e72d2dc1c070edcd5,ALL_ROWS,FAMILY_MASTER_REVIEWED_AND_CODE_MAPPED,APPROVED_FAMILY_RENDER,800,800,JPEG,79127,fdb7cf3c0dc603681ae31b921ef2765577f0eab55b516ec9ea7e5e69ad69c2b4,"Scale/dial legible; measuring faces visible ; stamped/labelled sizes readable: 600mm ; house style holds (dark floor, orange rim glow, item fills ~75%, no text/people/price)",Family render; the catalogue code supplies the exact size/variant where the shared image does not visibly prove that marking.
COATES-K2-ROAD2-649-RETRACTION-RESOLVED-20260806-V2,Coates_K2_Road2_Retraction_Resolved_649_Thumbnails_003.zip,510,2,SPIRITLEVEL900MM,SPIRITLEVEL900MM.jpg,Spirit Level 900mm,Spirit level | Metric,aluminium bubble spirit level,900mm,HOUSE_RENDER_FAMILY,production/family_assets/spirit_level.png,bc59f4ac3dbfc44237665cdec81b3f25324ce9e5dd4b2e0e72d2dc1c070edcd5,ALL_ROWS,FAMILY_MASTER_REVIEWED_AND_CODE_MAPPED,APPROVED_FAMILY_RENDER,800,800,JPEG,79127,fdb7cf3c0dc603681ae31b921ef2765577f0eab55b516ec9ea7e5e69ad69c2b4,"Scale/dial legible; measuring faces visible ; stamped/labelled sizes readable: 900mm ; house style holds (dark floor, orange rim glow, item fills ~75%, no text/people/price)",Family render; the catalogue code supplies the exact size/variant where the shared image does not visibly prove that marking.
COATES-K2-ROAD2-649-RETRACTION-RESOLVED-20260806-V2,Coates_K2_Road2_Retraction_Resolved_649_Thumbnails_003.zip,967,2,SQUARE200MM,SQUARE200MM.jpg,Square - 200mm,Square | Metric,engineer's try square,200mm,HOUSE_RENDER_FAMILY,production/family_assets/try_square.png,51056b09903d8d1f2913514dac7b843f623b35328ff98ca68603d40c0870a60c,ALL_ROWS,FAMILY_MASTER_REVIEWED_AND_CODE_MAPPED,APPROVED_FAMILY_RENDER,800,800,JPEG,78717,41ae32fd66073ccd16591de58aeec3768d47ec96d9033661264f8405e9885fc7,"Item type unmistakably matches the register name ; stamped/labelled sizes readable: 200mm ; house style holds (dark floor, orange rim glow, item fills ~75%, no text/people/price)",Family render; the catalogue code supplies the exact size/variant where the shared image does not visibly prove that marking.
COATES-K2-ROAD2-649-RETRACTION-RESOLVED-20260806-V2,Coates_K2_Road2_Retraction_Resolved_649_Thumbnails_003.zip,467,2,SQUAREFILE1BASTARDCUTCOARSE,SQUAREFILE1BASTARDCUTCOARSE.jpg,Square File – #1 = Bastard Cut (coarse),Square,square-section hand file,,HOUSE_RENDER_FAMILY,production/family_assets/hand_file_square.png,1883e69d4b340425700c7bee0be7600c07dbb25d6d411466067eb69c80cee776,ALL_ROWS,FAMILY_MASTER_REVIEWED_AND_CODE_MAPPED,APPROVED_FAMILY_RENDER,800,800,JPEG,79957,bb44e068b552bccb74445ba2e1eef2aba28db29a54923519d4ebd5e484b3e32d,"Item type unmistakably matches the register name ; house style holds (dark floor, orange rim glow, item fills ~75%, no text/people/price)",Family render; the catalogue code supplies the exact size/variant where the shared image does not visibly prove that marking.
COATES-K2-ROAD2-649-RETRACTION-RESOLVED-20260806-V2,Coates_K2_Road2_Retraction_Resolved_649_Thumbnails_003.zip,968,2,STAMPLETTER3MM,STAMPLETTER3MM.jpg,Stamp - Letter - 3mm,Stamp set - letters,A-Z family image; 3mm carried by the catalogue code,Stamp - Letter - 3mm,HOUSE_RENDER_FAMILY,production/family_assets/stamp_set_letter_v2.png,5950c59b53300303c3f8cb6cf8fee076dc52e1da2d5bf085795af8f61d232d7c,ANSWERED_HOLD_FAMILY_MASTER,PASS_FAMILY_IDENTITY,APPROVED_FAMILY_RENDER,800,800,JPEG,79560,3ba9f416e1a4fbb1edc4c1f6d382519c1f019f87b04fe4a190f066f09a598652,"Item type unmistakably matches the register name ; stamped/labelled sizes readable: 3mm ; house style holds (dark floor, orange rim glow, item fills ~75%, no text/people/price)","Corrected family master approved after full-resolution review. Stamp-set size is supplied by the variant code; the family render proves A-Z versus 0-9, not a visible per-size case marking."
COATES-K2-ROAD2-649-RETRACTION-RESOLVED-20260806-V2,Coates_K2_Road2_Retraction_Resolved_649_Thumbnails_003.zip,969,2,STAMPLETTER5MM,STAMPLETTER5MM.jpg,Stamp - Letter - 5mm,Stamp set - letters,A-Z family image; 5mm carried by the catalogue code,Stamp - Letter - 5mm,HOUSE_RENDER_FAMILY,production/family_assets/stamp_set_letter_v2.png,5950c59b53300303c3f8cb6cf8fee076dc52e1da2d5bf085795af8f61d232d7c,ANSWERED_HOLD_FAMILY_MASTER,PASS_FAMILY_IDENTITY,APPROVED_FAMILY_RENDER,800,800,JPEG,79560,3ba9f416e1a4fbb1edc4c1f6d382519c1f019f87b04fe4a190f066f09a598652,"Item type unmistakably matches the register name ; stamped/labelled sizes readable: 5mm ; house style holds (dark floor, orange rim glow, item fills ~75%, no text/people/price)","Corrected family master approved after full-resolution review. Stamp-set size is supplied by the variant code; the family render proves A-Z versus 0-9, not a visible per-size case marking."
COATES-K2-ROAD2-649-RETRACTION-RESOLVED-20260806-V2,Coates_K2_Road2_Retraction_Resolved_649_Thumbnails_003.zip,970,2,STAMPLETTER6MM,STAMPLETTER6MM.jpg,Stamp - Letter - 6mm,Stamp set - letters,A-Z family image; 6mm carried by the catalogue code,Stamp - Letter - 6mm,HOUSE_RENDER_FAMILY,production/family_assets/stamp_set_letter_v2.png,5950c59b53300303c3f8cb6cf8fee076dc52e1da2d5bf085795af8f61d232d7c,ANSWERED_HOLD_FAMILY_MASTER,PASS_FAMILY_IDENTITY,APPROVED_FAMILY_RENDER,800,800,JPEG,79560,3ba9f416e1a4fbb1edc4c1f6d382519c1f019f87b04fe4a190f066f09a598652,"Item type unmistakably matches the register name ; stamped/labelled sizes readable: 6mm ; house style holds (dark floor, orange rim glow, item fills ~75%, no text/people/price)","Corrected family master approved after full-resolution review. Stamp-set size is supplied by the variant code; the family render proves A-Z versus 0-9, not a visible per-size case marking."
COATES-K2-ROAD2-649-RETRACTION-RESOLVED-20260806-V2,Coates_K2_Road2_Retraction_Resolved_649_Thumbnails_003.zip,971,2,STAMPNUMBER3MM,STAMPNUMBER3MM.jpg,Stamp - Number - 3mm,Stamp set - numbers,0-9 family image; 3mm carried by the catalogue code,Stamp - Number - 3mm,HOUSE_RENDER_FAMILY,production/family_assets/stamp_set_number_v2.png,f64918e30c865eb5d89ea00d2c2f8931180ad27369c475a2f2457a9fe98f279b,ANSWERED_HOLD_FAMILY_MASTER,PASS_FAMILY_IDENTITY,APPROVED_FAMILY_RENDER,800,800,JPEG,78836,9ffd5bf17e661a654a6442b791c1a9956b6e8b35cc4f839770a2990ebe370e3d,"Item type unmistakably matches the register name ; stamped/labelled sizes readable: 3mm ; house style holds (dark floor, orange rim glow, item fills ~75%, no text/people/price)","Corrected family master approved after full-resolution review. Stamp-set size is supplied by the variant code; the family render proves A-Z versus 0-9, not a visible per-size case marking."
COATES-K2-ROAD2-649-RETRACTION-RESOLVED-20260806-V2,Coates_K2_Road2_Retraction_Resolved_649_Thumbnails_003.zip,972,2,STAMPNUMBER8MM,STAMPNUMBER8MM.jpg,Stamp - Number - 8mm,Stamp set - numbers,0-9 family image; 8mm carried by the catalogue code,Stamp - Number - 8mm,HOUSE_RENDER_FAMILY,production/family_assets/stamp_set_number_v2.png,f64918e30c865eb5d89ea00d2c2f8931180ad27369c475a2f2457a9fe98f279b,ANSWERED_HOLD_FAMILY_MASTER,PASS_FAMILY_IDENTITY,APPROVED_FAMILY_RENDER,800,800,JPEG,78836,9ffd5bf17e661a654a6442b791c1a9956b6e8b35cc4f839770a2990ebe370e3d,"Item type unmistakably matches the register name ; stamped/labelled sizes readable: 8mm ; house style holds (dark floor, orange rim glow, item fills ~75%, no text/people/price)","Corrected family master approved after full-resolution review. Stamp-set size is supplied by the variant code; the family render proves A-Z versus 0-9, not a visible per-size case marking."
COATES-K2-ROAD2-649-RETRACTION-RESOLVED-20260806-V2,Coates_K2_Road2_Retraction_Resolved_649_Thumbnails_003.zip,973,2,STAMPSETLET10MM,STAMPSETLET10MM.jpg,Stamp Set - Letter - 10mm,Stamp set - letters,A-Z family image; 10mm carried by the catalogue code,Stamp Set - Letter - 10mm,HOUSE_RENDER_FAMILY,production/family_assets/stamp_set_letter_v2.png,5950c59b53300303c3f8cb6cf8fee076dc52e1da2d5bf085795af8f61d232d7c,ANSWERED_HOLD_FAMILY_MASTER,PASS_FAMILY_IDENTITY,APPROVED_FAMILY_RENDER,800,800,JPEG,79560,3ba9f416e1a4fbb1edc4c1f6d382519c1f019f87b04fe4a190f066f09a598652,"Item type unmistakably matches the register name ; stamped/labelled sizes readable: 10mm ; house style holds (dark floor, orange rim glow, item fills ~75%, no text/people/price)","Corrected family master approved after full-resolution review. Stamp-set size is supplied by the variant code; the family render proves A-Z versus 0-9, not a visible per-size case marking."
COATES-K2-ROAD2-649-RETRACTION-RESOLVED-20260806-V2,Coates_K2_Road2_Retraction_Resolved_649_Thumbnails_003.zip,974,2,STAMPSETNUMBER10MM,STAMPSETNUMBER10MM.jpg,Stamp Set - Number - 10mm,Stamp set - numbers,0-9 family image; 10mm carried by the catalogue code,Stamp Set - Number - 10mm,HOUSE_RENDER_FAMILY,production/family_assets/stamp_set_number_v2.png,f64918e30c865eb5d89ea00d2c2f8931180ad27369c475a2f2457a9fe98f279b,ANSWERED_HOLD_FAMILY_MASTER,PASS_FAMILY_IDENTITY,APPROVED_FAMILY_RENDER,800,800,JPEG,78836,9ffd5bf17e661a654a6442b791c1a9956b6e8b35cc4f839770a2990ebe370e3d,"Item type unmistakably matches the register name ; stamped/labelled sizes readable: 10mm ; house style holds (dark floor, orange rim glow, item fills ~75%, no text/people/price)","Corrected family master approved after full-resolution review. Stamp-set size is supplied by the variant code; the family render proves A-Z versus 0-9, not a visible per-size case marking."
COATES-K2-ROAD2-649-RETRACTION-RESOLVED-20260806-V2,Coates_K2_Road2_Retraction_Resolved_649_Thumbnails_003.zip,975,2,STEELRULE1000MM,STEELRULE1000MM.jpg,Steel Rule - 1000mm,Other - steel rule,steel measuring rule,1000mm,HOUSE_RENDER_FAMILY,production/family_assets/steel_measuring_rule.png,420c30b0fd423898055b260e7f3c813b998f8b537fc6838d3c8891f97bbce097,ALL_ROWS,FAMILY_MASTER_REVIEWED_AND_CODE_MAPPED,APPROVED_FAMILY_RENDER,800,800,JPEG,78129,809ecf4fdc8efa55dae41d3ef6f7ccdcc2f4d28ef0c3f46512ed7ae6ed2a44d4,"Scale/dial legible; measuring faces visible ; stamped/labelled sizes readable: 1000mm ; house style holds (dark floor, orange rim glow, item fills ~75%, no text/people/price)",Family render; the catalogue code supplies the exact size/variant where the shared image does not visibly prove that marking.
COATES-K2-ROAD2-649-RETRACTION-RESOLVED-20260806-V2,Coates_K2_Road2_Retraction_Resolved_649_Thumbnails_003.zip,976,2,STEELRULE300MM,STEELRULE300MM.jpg,Steel Rule - 300mm,Other - steel rule,steel measuring rule,300mm,HOUSE_RENDER_FAMILY,production/family_assets/steel_measuring_rule.png,420c30b0fd423898055b260e7f3c813b998f8b537fc6838d3c8891f97bbce097,ALL_ROWS,FAMILY_MASTER_REVIEWED_AND_CODE_MAPPED,APPROVED_FAMILY_RENDER,800,800,JPEG,78129,809ecf4fdc8efa55dae41d3ef6f7ccdcc2f4d28ef0c3f46512ed7ae6ed2a44d4,"Scale/dial legible; measuring faces visible ; stamped/labelled sizes readable: 300mm ; house style holds (dark floor, orange rim glow, item fills ~75%, no text/people/price)",Family render; the catalogue code supplies the exact size/variant where the shared image does not visibly prove that marking.
COATES-K2-ROAD2-649-RETRACTION-RESOLVED-20260806-V2,Coates_K2_Road2_Retraction_Resolved_649_Thumbnails_003.zip,977,2,STILSEN600MM,STILSEN600MM.jpg,Stilsen - 600mm,Other - stilsen,heavy-duty Stillson pipe wrench,600mm,HOUSE_RENDER_FAMILY,production/family_assets/stillson_pipe_wrench.png,e35033c59cc2d5f7d74975d62b32ea2f9bdb4fd580da7122e0dceadf167c8a86,ALL_ROWS,FAMILY_MASTER_REVIEWED_AND_CODE_MAPPED,APPROVED_FAMILY_RENDER,800,800,JPEG,79635,e76b1008401823347e0abbaa2dfef487ae2fd15d7b1b7b0dc395de2be45679af,"Serrated pipe jaws; adjuster nut visible; aluminium body if the name says so ; stamped/labelled sizes readable: 600mm ; house style holds (dark floor, orange rim glow, item fills ~75%, no text/people/price)",Family render; the catalogue code supplies the exact size/variant where the shared image does not visibly prove that marking.
COATES-K2-ROAD2-649-RETRACTION-RESOLVED-20260806-V2,Coates_K2_Road2_Retraction_Resolved_649_Thumbnails_003.zip,978,2,STILSEN900MM,STILSEN900MM.jpg,Stilsen - 900mm,Other - stilsen,heavy-duty Stillson pipe wrench,900mm,HOUSE_RENDER_FAMILY,production/family_assets/stillson_pipe_wrench.png,e35033c59cc2d5f7d74975d62b32ea2f9bdb4fd580da7122e0dceadf167c8a86,ALL_ROWS,FAMILY_MASTER_REVIEWED_AND_CODE_MAPPED,APPROVED_FAMILY_RENDER,800,800,JPEG,79635,e76b1008401823347e0abbaa2dfef487ae2fd15d7b1b7b0dc395de2be45679af,"Serrated pipe jaws; adjuster nut visible; aluminium body if the name says so ; stamped/labelled sizes readable: 900mm ; house style holds (dark floor, orange rim glow, item fills ~75%, no text/people/price)",Family render; the catalogue code supplies the exact size/variant where the shared image does not visibly prove that marking.
COATES-K2-ROAD2-649-RETRACTION-RESOLVED-20260806-V2,Coates_K2_Road2_Retraction_Resolved_649_Thumbnails_003.zip,979,2,STILSENALUMINIUM350MM,STILSENALUMINIUM350MM.jpg,Stilsen - Aluminium - 350mm,Stillson - aluminium,aluminium body; 350mm,Stilsen - Aluminium - 350mm,HOUSE_RENDER_FAMILY,production/family_assets/stillson_aluminium_350mm_v2.png,953c8751a047419a755b34d7e0918ffe836087fbb76c853559c895a44a632e38,ANSWERED_HOLD_FAMILY_MASTER,PASS_FAMILY_IDENTITY,APPROVED_FAMILY_RENDER,800,800,JPEG,79103,628057851145f15a45bfcc7d6e801752c0606e13e0ca67d85750b3714d537c2b,"Serrated pipe jaws; adjuster nut visible; aluminium body if the name says so ; stamped/labelled sizes readable: 350mm ; house style holds (dark floor, orange rim glow, item fills ~75%, no text/people/price)",Corrected aluminium 350mm family master approved after full-resolution review.
COATES-K2-ROAD2-649-RETRACTION-RESOLVED-20260806-V2,Coates_K2_Road2_Retraction_Resolved_649_Thumbnails_003.zip,980,2,STRAIGHTEDGE1M,STRAIGHTEDGE1M.jpg,Straight Edge - 1M,Straight edge | Metric,straight aluminium checking edge,1m,HOUSE_RENDER_FAMILY,production/family_assets/straight_edge.png,501c25f15f9d936f70a7850caadddfbc3c9cc41986fd8d8dfce63b5a815859c5,ALL_ROWS,FAMILY_MASTER_REVIEWED_AND_CODE_MAPPED,APPROVED_FAMILY_RENDER,800,800,JPEG,76999,2d7978f9cf232a4d83a7002c98fcb50f712a1e83bca2e8b41e41c4d60784872a,"Item type unmistakably matches the register name ; stamped/labelled sizes readable: 1m ; house style holds (dark floor, orange rim glow, item fills ~75%, no text/people/price)",Family render; the catalogue code supplies the exact size/variant where the shared image does not visibly prove that marking.
COATES-K2-ROAD2-649-RETRACTION-RESOLVED-20260806-V2,Coates_K2_Road2_Retraction_Resolved_649_Thumbnails_003.zip,981,2,STRAIGHTEDGE2M,STRAIGHTEDGE2M.jpg,Straight Edge - 2M,Straight edge | Metric,straight aluminium checking edge,2m,HOUSE_RENDER_FAMILY,production/family_assets/straight_edge.png,501c25f15f9d936f70a7850caadddfbc3c9cc41986fd8d8dfce63b5a815859c5,ALL_ROWS,FAMILY_MASTER_REVIEWED_AND_CODE_MAPPED,APPROVED_FAMILY_RENDER,800,800,JPEG,76999,2d7978f9cf232a4d83a7002c98fcb50f712a1e83bca2e8b41e41c4d60784872a,"Item type unmistakably matches the register name ; stamped/labelled sizes readable: 2m ; house style holds (dark floor, orange rim glow, item fills ~75%, no text/people/price)",Family render; the catalogue code supplies the exact size/variant where the shared image does not visibly prove that marking.
COATES-K2-ROAD2-649-RETRACTION-RESOLVED-20260806-V2,Coates_K2_Road2_Retraction_Resolved_649_Thumbnails_003.zip,985,2,TAPEMEASURE10M,TAPEMEASURE10M.jpg,Tape Measure - 10m,Tape measure | Metric,retractable measuring tape,10m,HOUSE_RENDER_FAMILY,production/family_assets/tape_measure_compact.png,4b95f548da3ea7cb8aeab4d66e999dc5a3bfa4b10b0bd2d2b439b4b3a8c799c2,TAPE_COMPACT_8M_10M,FAMILY_MASTER_REVIEWED_AND_CODE_MAPPED,APPROVED_FAMILY_RENDER,800,800,JPEG,80204,015ea3ce26843a23ce69a050b99f964aaaf4a97f6e205a0c2eb82e019bfff161,"Scale/dial legible; measuring faces visible ; stamped/labelled sizes readable: 10m ; house style holds (dark floor, orange rim glow, item fills ~75%, no text/people/price)",Family render; the catalogue code supplies the exact size/variant where the shared image does not visibly prove that marking.
COATES-K2-ROAD2-649-RETRACTION-RESOLVED-20260806-V2,Coates_K2_Road2_Retraction_Resolved_649_Thumbnails_003.zip,986,2,TAPEMEASURE30M,TAPEMEASURE30M.jpg,Tape Measure - 30M,Tape measure | Metric,retractable measuring tape,30m,HOUSE_RENDER_FAMILY,production/family_assets/tape_measure.png,c4bd60621cd02fdd0a8c4454b7d320025f81e4fdd269ab2cc511982c1182ebc6,TAPE_REEL_30M_50M,FAMILY_MASTER_REVIEWED_AND_CODE_MAPPED,APPROVED_FAMILY_RENDER,800,800,JPEG,75970,2f6f8466fc5213bb24e91bd617cce41b291eea4b1a26cae3b09692ab5fb4256e,"Scale/dial legible; measuring faces visible ; stamped/labelled sizes readable: 30m ; house style holds (dark floor, orange rim glow, item fills ~75%, no text/people/price)",Family render; the catalogue code supplies the exact size/variant where the shared image does not visibly prove that marking.
COATES-K2-ROAD2-649-RETRACTION-RESOLVED-20260806-V2,Coates_K2_Road2_Retraction_Resolved_649_Thumbnails_003.zip,987,2,TAPEMEASURE50M,TAPEMEASURE50M.jpg,Tape Measure - 50M,Tape measure | Metric,retractable measuring tape,50m,HOUSE_RENDER_FAMILY,production/family_assets/tape_measure.png,c4bd60621cd02fdd0a8c4454b7d320025f81e4fdd269ab2cc511982c1182ebc6,TAPE_REEL_30M_50M,FAMILY_MASTER_REVIEWED_AND_CODE_MAPPED,APPROVED_FAMILY_RENDER,800,800,JPEG,75970,2f6f8466fc5213bb24e91bd617cce41b291eea4b1a26cae3b09692ab5fb4256e,"Scale/dial legible; measuring faces visible ; stamped/labelled sizes readable: 50m ; house style holds (dark floor, orange rim glow, item fills ~75%, no text/people/price)",Family render; the catalogue code supplies the exact size/variant where the shared image does not visibly prove that marking.
COATES-K2-ROAD2-649-RETRACTION-RESOLVED-20260806-V2,Coates_K2_Road2_Retraction_Resolved_649_Thumbnails_003.zip,988,2,TAPEMEASURE8M,TAPEMEASURE8M.jpg,Tape Measure - 8M,Tape measure | Metric,retractable measuring tape,8m,HOUSE_RENDER_FAMILY,production/family_assets/tape_measure_compact.png,4b95f548da3ea7cb8aeab4d66e999dc5a3bfa4b10b0bd2d2b439b4b3a8c799c2,TAPE_COMPACT_8M_10M,FAMILY_MASTER_REVIEWED_AND_CODE_MAPPED,APPROVED_FAMILY_RENDER,800,800,JPEG,80204,015ea3ce26843a23ce69a050b99f964aaaf4a97f6e205a0c2eb82e019bfff161,"Scale/dial legible; measuring faces visible ; stamped/labelled sizes readable: 8m ; house style holds (dark floor, orange rim glow, item fills ~75%, no text/people/price)",Family render; the catalogue code supplies the exact size/variant where the shared image does not visibly prove that marking.
COATES-K2-ROAD2-649-RETRACTION-RESOLVED-20260806-V2,Coates_K2_Road2_Retraction_Resolved_649_Thumbnails_003.zip,468,2,THREADFILEIMPERIAL,THREADFILEIMPERIAL.jpg,Thread File ImperIal,File | Thread,thread hand file,,HOUSE_RENDER_FAMILY,production/family_assets/thread_file.png,9022b3987f4b13adf4b8928f600c68ed227f0674beebec1c939878327c7e5b95,ALL_ROWS,FAMILY_MASTER_REVIEWED_AND_CODE_MAPPED,APPROVED_FAMILY_RENDER,800,800,JPEG,77000,a582c3a82a15537ce1d34ff9c4f3da781f0062ae87b0b02b5ea3087606ef3e75,"Item type unmistakably matches the register name ; house style holds (dark floor, orange rim glow, item fills ~75%, no text/people/price)",Family render; the catalogue code supplies the exact size/variant where the shared image does not visibly prove that marking.
COATES-K2-ROAD2-649-RETRACTION-RESOLVED-20260806-V2,Coates_K2_Road2_Retraction_Resolved_649_Thumbnails_003.zip,469,2,THREADFILEMETRIC,THREADFILEMETRIC.jpg,Thread File Metric,File | Thread,thread hand file,,HOUSE_RENDER_FAMILY,production/family_assets/thread_file.png,9022b3987f4b13adf4b8928f600c68ed227f0674beebec1c939878327c7e5b95,ALL_ROWS,FAMILY_MASTER_REVIEWED_AND_CODE_MAPPED,APPROVED_FAMILY_RENDER,800,800,JPEG,77000,a582c3a82a15537ce1d34ff9c4f3da781f0062ae87b0b02b5ea3087606ef3e75,"Item type unmistakably matches the register name ; house style holds (dark floor, orange rim glow, item fills ~75%, no text/people/price)",Family render; the catalogue code supplies the exact size/variant where the shared image does not visibly prove that marking.
COATES-K2-ROAD2-649-RETRACTION-RESOLVED-20260806-V2,Coates_K2_Road2_Retraction_Resolved_649_Thumbnails_003.zip,476,2,WOODCHISEL12MM,WOODCHISEL12MM.jpg,Wood Chisel 12MM,Other - wood chisel,woodworking bevel-edge chisel,12mm,HOUSE_RENDER_FAMILY,production/family_assets/wood_chisel.png,2d9f19f58a9e017d969e0bf31fe3b5e15f6b84d0b54e6c908e05bdaa7a4ef8b7,ALL_ROWS,FAMILY_MASTER_REVIEWED_AND_CODE_MAPPED,APPROVED_FAMILY_RENDER,800,800,JPEG,73814,ef3c58290d01f51aef411252edd5102c458ee9d3099578dce58ff2e2c98448ef,"Tool type unmistakable; working end sharp in the light ; stamped/labelled sizes readable: 12mm ; house style holds (dark floor, orange rim glow, item fills ~75%, no text/people/price)",Family render; the catalogue code supplies the exact size/variant where the shared image does not visibly prove that marking.
COATES-K2-ROAD2-649-RETRACTION-RESOLVED-20260806-V2,Coates_K2_Road2_Retraction_Resolved_649_Thumbnails_003.zip,477,2,WOODCHISEL18MM,WOODCHISEL18MM.jpg,Wood Chisel 18MM,Other - wood chisel,woodworking bevel-edge chisel,18mm,HOUSE_RENDER_FAMILY,production/family_assets/wood_chisel.png,2d9f19f58a9e017d969e0bf31fe3b5e15f6b84d0b54e6c908e05bdaa7a4ef8b7,ALL_ROWS,FAMILY_MASTER_REVIEWED_AND_CODE_MAPPED,APPROVED_FAMILY_RENDER,800,800,JPEG,73814,ef3c58290d01f51aef411252edd5102c458ee9d3099578dce58ff2e2c98448ef,"Tool type unmistakable; working end sharp in the light ; stamped/labelled sizes readable: 18mm ; house style holds (dark floor, orange rim glow, item fills ~75%, no text/people/price)",Family render; the catalogue code supplies the exact size/variant where the shared image does not visibly prove that marking.
COATES-K2-ROAD2-649-RETRACTION-RESOLVED-20260806-V2,Coates_K2_Road2_Retraction_Resolved_649_Thumbnails_003.zip,478,2,WOODCHISEL25MM,WOODCHISEL25MM.jpg,Wood Chisel 25MM,Other - wood chisel,woodworking bevel-edge chisel,25mm,HOUSE_RENDER_FAMILY,production/family_assets/wood_chisel.png,2d9f19f58a9e017d969e0bf31fe3b5e15f6b84d0b54e6c908e05bdaa7a4ef8b7,ALL_ROWS,FAMILY_MASTER_REVIEWED_AND_CODE_MAPPED,APPROVED_FAMILY_RENDER,800,800,JPEG,73814,ef3c58290d01f51aef411252edd5102c458ee9d3099578dce58ff2e2c98448ef,"Tool type unmistakable; working end sharp in the light ; stamped/labelled sizes readable: 25mm ; house style holds (dark floor, orange rim glow, item fills ~75%, no text/people/price)",Family render; the catalogue code supplies the exact size/variant where the shared image does not visibly prove that marking.
COATES-K2-ROAD2-649-RETRACTION-RESOLVED-20260806-V2,Coates_K2_Road2_Retraction_Resolved_649_Thumbnails_003.zip,996,2,WRENCHSTRAP600MM,WRENCHSTRAP600MM.jpg,Wrench - Strap 600mm,Other - wrench strap,rubber-strap wrench,600mm,HOUSE_RENDER_FAMILY,production/family_assets/strap_wrench.png,5d1607a92e766f2afed0baaa296936354facbc520228a22c73a9916d9df2133a,ALL_ROWS,FAMILY_MASTER_REVIEWED_AND_CODE_MAPPED,APPROVED_FAMILY_RENDER,800,800,JPEG,79635,a2beaaebf0ee0d58d61a87e55857586c2097090fdb9535d9a9f6bc0ea3b4bba0,"Item type unmistakably matches the register name ; stamped/labelled sizes readable: 600mm ; house style holds (dark floor, orange rim glow, item fills ~75%, no text/people/price)",Family render; the catalogue code supplies the exact size/variant where the shared image does not visibly prove that marking.
COATES-K2-ROAD2-649-RETRACTION-RESOLVED-20260806-V2,Coates_K2_Road2_Retraction_Resolved_649_Thumbnails_003.zip,479,2,WRENCHTAPTTYPERATCHETINGSUITSM3M6,WRENCHTAPTTYPERATCHETINGSUITSM3M6.jpg,WRENCH TAP T-TYPE RATCHETING SUITS M3-M6,Tap wrench,ratcheting T-handle tap wrench,,HOUSE_RENDER_FAMILY,production/family_assets/tap_wrench_t_handle.png,314fbd5dda616cda086ab2b4f451a58349eec7d1990239cf42e6870f9b61b445,ALL_ROWS,FAMILY_MASTER_REVIEWED_AND_CODE_MAPPED,APPROVED_FAMILY_RENDER,800,800,JPEG,78983,739638db0927228f6fad2b318e8b7b324971857f88558bd627dd065436d5956c,"Item type unmistakably matches the register name ; house style holds (dark floor, orange rim glow, item fills ~75%, no text/people/price)",Family render; the catalogue code supplies the exact size/variant where the shared image does not visibly prove that marking.
COATES-K2-ROAD2-649-RETRACTION-RESOLVED-20260806-V2,Coates_K2_Road2_Retraction_Resolved_649_Thumbnails_003.zip,480,2,WRENCHTAPTTYPERATCHETINGSUITSM6M12,WRENCHTAPTTYPERATCHETINGSUITSM6M12.jpg,WRENCH TAP T-TYPE RATCHETING SUITS M6-M12,Tap wrench,ratcheting T-handle tap wrench,,HOUSE_RENDER_FAMILY,production/family_assets/tap_wrench_t_handle.png,314fbd5dda616cda086ab2b4f451a58349eec7d1990239cf42e6870f9b61b445,ALL_ROWS,FAMILY_MASTER_REVIEWED_AND_CODE_MAPPED,APPROVED_FAMILY_RENDER,800,800,JPEG,78983,739638db0927228f6fad2b318e8b7b324971857f88558bd627dd065436d5956c,"Item type unmistakably matches the register name ; house style holds (dark floor, orange rim glow, item fills ~75%, no text/people/price)",Family render; the catalogue code supplies the exact size/variant where the shared image does not visibly prove that marking.
