generation_order,group,variant_code,output_filename,register_name,siteiq_family,qty,prior_hold_reason,authorisation,art_direction,match_checklist
1,HELD_TOOLING,12EYEBOLT,12EYEBOLT.jpg,"Eye Bolt BS529 , 1/2mm, Whitworth Sizing, Pitch, 0.0833mm, WLL 0.5t 4",Coates Equipment,4,Lifting/fall-protection gear,RENDER_FROM_DESCRIPTION,"THE ITEM: Eye Bolt BS529 , 1/2mm, Whitworth Sizing, Pitch, 0.0833mm, WLL 0.5t 4. One eye bolt standing on its thread collar, eye to the camera. Standing upright on the floor, camera at item height, three-quarter view so two faces show. THE MARKINGS THAT MUST BE READABLE: 2mm | 0.0833mm | 0.5t. HOUSE STYLE (identical for every picture): studio product photograph on a near-black charcoal floor and backdrop (#14181F). One warm orange rim light raking in low from the left, a soft white top fill, and a gentle pool of orange glow on the floor under the item. Deep soft shadows, pin-sharp focus, high detail. The item is centred, filling about 75% of a square 800x800 frame. Nothing else in shot: no hands, no people, no props, no added text or watermark, no price, no other brand's logo - only markings the real item carries. LABEL RULE FOR THIS RENDER: show the product FORM and its stamped size/type markings only. Do NOT invent readable label text - no brand wordmarks, no batch numbers, no expiry dates. The MyGear card carries the exact name; the picture only has to be unmistakably this kind of thing.","Forged eye and thread both visible; WLL stamp toward camera ; stamped/labelled sizes readable: 2mm, 0.0833mm, 0.5t ; house style holds (dark floor, orange rim glow, item fills ~75%, no text/people/price) ; no invented label text (brand/batch/expiry) anywhere in the image"
2,HELD_TOOLING,13MMAIRHOSE,13MMAIRHOSE.jpg,HOSE AIR 12MMX20M BLU/YEL SONSBEEK,Coates Equipment,11,Minsup/Nitto/Thor and hose-end geometry must be exact,RENDER_FROM_DESCRIPTION,"THE ITEM: HOSE AIR 12MMX20M BLU/YEL SONSBEEK. The item at a three-quarter hero angle on the dark floor, working side toward the camera. Three-quarter hero angle from slightly above, the working end toward the camera. THE MARKINGS THAT MUST BE READABLE: 12mm | 20m. HOUSE STYLE (identical for every picture): studio product photograph on a near-black charcoal floor and backdrop (#14181F). One warm orange rim light raking in low from the left, a soft white top fill, and a gentle pool of orange glow on the floor under the item. Deep soft shadows, pin-sharp focus, high detail. The item is centred, filling about 75% of a square 800x800 frame. Nothing else in shot: no hands, no people, no props, no added text or watermark, no price, no other brand's logo - only markings the real item carries. LABEL RULE FOR THIS RENDER: show the product FORM and its stamped size/type markings only. Do NOT invent readable label text - no brand wordmarks, no batch numbers, no expiry dates. The MyGear card carries the exact name; the picture only has to be unmistakably this kind of thing.","Item type unmistakably matches the register name ; stamped/labelled sizes readable: 12mm, 20m ; house style holds (dark floor, orange rim glow, item fills ~75%, no text/people/price) ; no invented label text (brand/batch/expiry) anywhere in the image"
3,HELD_TOOLING,14AIRANGLEDIEGRINDER,14AIRANGLEDIEGRINDER.jpg,"1/4"" Air Angle Die Grinder",Coates Equipment,2,Powered tool likely to carry an asset/test tag,RENDER_FROM_DESCRIPTION,"THE ITEM: 1/4"" Air Angle Die Grinder. The grinder at three-quarter angle, guard and disc toward the camera. Three-quarter hero angle from slightly above, the working end toward the camera. THE MARKINGS THAT MUST BE READABLE: 1/4"". HOUSE STYLE (identical for every picture): studio product photograph on a near-black charcoal floor and backdrop (#14181F). One warm orange rim light raking in low from the left, a soft white top fill, and a gentle pool of orange glow on the floor under the item. Deep soft shadows, pin-sharp focus, high detail. The item is centred, filling about 75% of a square 800x800 frame. Nothing else in shot: no hands, no people, no props, no added text or watermark, no price, no other brand's logo - only markings the real item carries. LABEL RULE FOR THIS RENDER: show the product FORM and its stamped size/type markings only. Do NOT invent readable label text - no brand wordmarks, no batch numbers, no expiry dates. The MyGear card carries the exact name; the picture only has to be unmistakably this kind of thing.","Guard fitted; disc size reads right; power type correct ; stamped/labelled sizes readable: 1/4"" ; house style holds (dark floor, orange rim glow, item fills ~75%, no text/people/price) ; no invented label text (brand/batch/expiry) anywhere in the image"
4,HELD_TOOLING,14INAIRANGLEDIEGRINDER,14INAIRANGLEDIEGRINDER.jpg,"1/4"" Air Angle Die Grinder",Coates Equipment,2,Powered tool likely to carry an asset/test tag,RENDER_FROM_DESCRIPTION,"THE ITEM: 1/4"" Air Angle Die Grinder. The grinder at three-quarter angle, guard and disc toward the camera. Three-quarter hero angle from slightly above, the working end toward the camera. THE MARKINGS THAT MUST BE READABLE: 1/4"". HOUSE STYLE (identical for every picture): studio product photograph on a near-black charcoal floor and backdrop (#14181F). One warm orange rim light raking in low from the left, a soft white top fill, and a gentle pool of orange glow on the floor under the item. Deep soft shadows, pin-sharp focus, high detail. The item is centred, filling about 75% of a square 800x800 frame. Nothing else in shot: no hands, no people, no props, no added text or watermark, no price, no other brand's logo - only markings the real item carries. LABEL RULE FOR THIS RENDER: show the product FORM and its stamped size/type markings only. Do NOT invent readable label text - no brand wordmarks, no batch numbers, no expiry dates. The MyGear card carries the exact name; the picture only has to be unmistakably this kind of thing.","Guard fitted; disc size reads right; power type correct ; stamped/labelled sizes readable: 1/4"" ; house style holds (dark floor, orange rim glow, item fills ~75%, no text/people/price) ; no invented label text (brand/batch/expiry) anywhere in the image"
5,HELD_TOOLING,1EYEBOLT,1EYEBOLT.jpg,"Eye Bolt BS529 , 1mm, Whitworth Sizing, Pitch, 0.1429mm, WLL 2.8t",Coates Equipment,4,Lifting/fall-protection gear,RENDER_FROM_DESCRIPTION,"THE ITEM: Eye Bolt BS529 , 1mm, Whitworth Sizing, Pitch, 0.1429mm, WLL 2.8t. One eye bolt standing on its thread collar, eye to the camera. Standing upright on the floor, camera at item height, three-quarter view so two faces show. THE MARKINGS THAT MUST BE READABLE: 1mm | 0.1429mm | 2.8t. HOUSE STYLE (identical for every picture): studio product photograph on a near-black charcoal floor and backdrop (#14181F). One warm orange rim light raking in low from the left, a soft white top fill, and a gentle pool of orange glow on the floor under the item. Deep soft shadows, pin-sharp focus, high detail. The item is centred, filling about 75% of a square 800x800 frame. Nothing else in shot: no hands, no people, no props, no added text or watermark, no price, no other brand's logo - only markings the real item carries. LABEL RULE FOR THIS RENDER: show the product FORM and its stamped size/type markings only. Do NOT invent readable label text - no brand wordmarks, no batch numbers, no expiry dates. The MyGear card carries the exact name; the picture only has to be unmistakably this kind of thing.","Forged eye and thread both visible; WLL stamp toward camera ; stamped/labelled sizes readable: 1mm, 0.1429mm, 2.8t ; house style holds (dark floor, orange rim glow, item fills ~75%, no text/people/price) ; no invented label text (brand/batch/expiry) anywhere in the image"
6,HELD_TOOLING,2TGIRDERCLAMP,2TGIRDERCLAMP.jpg,GIRDER CLAMP 2 TONNE  SERIAL 220928.10,Coates Tooling,5,Lifting/fall-protection gear,RENDER_FROM_DESCRIPTION,"THE ITEM: GIRDER CLAMP 2 TONNE  SERIAL 220928.10. The light standing lit, beam catching haze faintly above. Three-quarter hero angle from slightly above, the working end toward the camera. THE MARKINGS THAT MUST BE READABLE: 2 tonne. HOUSE STYLE (identical for every picture): studio product photograph on a near-black charcoal floor and backdrop (#14181F). One warm orange rim light raking in low from the left, a soft white top fill, and a gentle pool of orange glow on the floor under the item. Deep soft shadows, pin-sharp focus, high detail. The item is centred, filling about 75% of a square 800x800 frame. Nothing else in shot: no hands, no people, no props, no added text or watermark, no price, no other brand's logo - only markings the real item carries. LABEL RULE FOR THIS RENDER: show the product FORM and its stamped size/type markings only. Do NOT invent readable label text - no brand wordmarks, no batch numbers, no expiry dates. The MyGear card carries the exact name; the picture only has to be unmistakably this kind of thing.","Lamp visibly ON; mount/stand type matches the name ; stamped/labelled sizes readable: 2 tonne ; house style holds (dark floor, orange rim glow, item fills ~75%, no text/people/price) ; no invented label text (brand/batch/expiry) anywhere in the image"
7,HELD_TOOLING,34EYEBOLT,34EYEBOLT.jpg,"Eye Bolt BS529 , 3/4mm, Whitworth Sizing, Pitch, 0.1mm, WLL 1.4t",Coates Equipment,4,Lifting/fall-protection gear,RENDER_FROM_DESCRIPTION,"THE ITEM: Eye Bolt BS529 , 3/4mm, Whitworth Sizing, Pitch, 0.1mm, WLL 1.4t. One eye bolt standing on its thread collar, eye to the camera. Standing upright on the floor, camera at item height, three-quarter view so two faces show. THE MARKINGS THAT MUST BE READABLE: 4mm | 0.1mm | 1.4t. HOUSE STYLE (identical for every picture): studio product photograph on a near-black charcoal floor and backdrop (#14181F). One warm orange rim light raking in low from the left, a soft white top fill, and a gentle pool of orange glow on the floor under the item. Deep soft shadows, pin-sharp focus, high detail. The item is centred, filling about 75% of a square 800x800 frame. Nothing else in shot: no hands, no people, no props, no added text or watermark, no price, no other brand's logo - only markings the real item carries. LABEL RULE FOR THIS RENDER: show the product FORM and its stamped size/type markings only. Do NOT invent readable label text - no brand wordmarks, no batch numbers, no expiry dates. The MyGear card carries the exact name; the picture only has to be unmistakably this kind of thing.","Forged eye and thread both visible; WLL stamp toward camera ; stamped/labelled sizes readable: 4mm, 0.1mm, 1.4t ; house style holds (dark floor, orange rim glow, item fills ~75%, no text/people/price) ; no invented label text (brand/batch/expiry) anywhere in the image"
8,HELD_TOOLING,38EYEBOLT,38EYEBOLT.jpg,"Eye Bolt BS529 , 3/8mm, Whitworth Sizing, Pitch, 0.0625mm, WLL 0.3t",Coates Equipment,4,Lifting/fall-protection gear,RENDER_FROM_DESCRIPTION,"THE ITEM: Eye Bolt BS529 , 3/8mm, Whitworth Sizing, Pitch, 0.0625mm, WLL 0.3t. One eye bolt standing on its thread collar, eye to the camera. Standing upright on the floor, camera at item height, three-quarter view so two faces show. THE MARKINGS THAT MUST BE READABLE: 8mm | 0.0625mm | 0.3t. HOUSE STYLE (identical for every picture): studio product photograph on a near-black charcoal floor and backdrop (#14181F). One warm orange rim light raking in low from the left, a soft white top fill, and a gentle pool of orange glow on the floor under the item. Deep soft shadows, pin-sharp focus, high detail. The item is centred, filling about 75% of a square 800x800 frame. Nothing else in shot: no hands, no people, no props, no added text or watermark, no price, no other brand's logo - only markings the real item carries. LABEL RULE FOR THIS RENDER: show the product FORM and its stamped size/type markings only. Do NOT invent readable label text - no brand wordmarks, no batch numbers, no expiry dates. The MyGear card carries the exact name; the picture only has to be unmistakably this kind of thing.","Forged eye and thread both visible; WLL stamp toward camera ; stamped/labelled sizes readable: 8mm, 0.0625mm, 0.3t ; house style holds (dark floor, orange rim glow, item fills ~75%, no text/people/price) ; no invented label text (brand/batch/expiry) anywhere in the image"
9,HELD_TOOLING,58EYEBOLT,58EYEBOLT.jpg,"Eye Bolt BS529 , 5/8mm, Whitworth Sizing, Pitch, 0.0909mm, WLL 0.9t 4",Coates Equipment,4,Lifting/fall-protection gear,RENDER_FROM_DESCRIPTION,"THE ITEM: Eye Bolt BS529 , 5/8mm, Whitworth Sizing, Pitch, 0.0909mm, WLL 0.9t 4. One eye bolt standing on its thread collar, eye to the camera. Standing upright on the floor, camera at item height, three-quarter view so two faces show. THE MARKINGS THAT MUST BE READABLE: 8mm | 0.0909mm | 0.9t. HOUSE STYLE (identical for every picture): studio product photograph on a near-black charcoal floor and backdrop (#14181F). One warm orange rim light raking in low from the left, a soft white top fill, and a gentle pool of orange glow on the floor under the item. Deep soft shadows, pin-sharp focus, high detail. The item is centred, filling about 75% of a square 800x800 frame. Nothing else in shot: no hands, no people, no props, no added text or watermark, no price, no other brand's logo - only markings the real item carries. LABEL RULE FOR THIS RENDER: show the product FORM and its stamped size/type markings only. Do NOT invent readable label text - no brand wordmarks, no batch numbers, no expiry dates. The MyGear card carries the exact name; the picture only has to be unmistakably this kind of thing.","Forged eye and thread both visible; WLL stamp toward camera ; stamped/labelled sizes readable: 8mm, 0.0909mm, 0.9t ; house style holds (dark floor, orange rim glow, item fills ~75%, no text/people/price) ; no invented label text (brand/batch/expiry) anywhere in the image"
10,HELD_TOOLING,5TGIRDERCLAMP,5TGIRDERCLAMP.jpg,GIRDER CLAMP 5 TONNE  SERIAL 304838,Coates Tooling,3,Lifting/fall-protection gear,RENDER_FROM_DESCRIPTION,"THE ITEM: GIRDER CLAMP 5 TONNE  SERIAL 304838. The light standing lit, beam catching haze faintly above. Three-quarter hero angle from slightly above, the working end toward the camera. THE MARKINGS THAT MUST BE READABLE: 5 tonne. HOUSE STYLE (identical for every picture): studio product photograph on a near-black charcoal floor and backdrop (#14181F). One warm orange rim light raking in low from the left, a soft white top fill, and a gentle pool of orange glow on the floor under the item. Deep soft shadows, pin-sharp focus, high detail. The item is centred, filling about 75% of a square 800x800 frame. Nothing else in shot: no hands, no people, no props, no added text or watermark, no price, no other brand's logo - only markings the real item carries. LABEL RULE FOR THIS RENDER: show the product FORM and its stamped size/type markings only. Do NOT invent readable label text - no brand wordmarks, no batch numbers, no expiry dates. The MyGear card carries the exact name; the picture only has to be unmistakably this kind of thing.","Lamp visibly ON; mount/stand type matches the name ; stamped/labelled sizes readable: 5 tonne ; house style holds (dark floor, orange rim glow, item fills ~75%, no text/people/price) ; no invented label text (brand/batch/expiry) anywhere in the image"
11,HELD_TOOLING,78EYEBOLT,78EYEBOLT.jpg,"Eye Bolt BS529 , 7/8mm, Whitworth Sizing, Pitch, 0.125mm, WLL 2t",Coates Equipment,4,Lifting/fall-protection gear,RENDER_FROM_DESCRIPTION,"THE ITEM: Eye Bolt BS529 , 7/8mm, Whitworth Sizing, Pitch, 0.125mm, WLL 2t. One eye bolt standing on its thread collar, eye to the camera. Standing upright on the floor, camera at item height, three-quarter view so two faces show. THE MARKINGS THAT MUST BE READABLE: 8mm | 0.125mm | 2t. HOUSE STYLE (identical for every picture): studio product photograph on a near-black charcoal floor and backdrop (#14181F). One warm orange rim light raking in low from the left, a soft white top fill, and a gentle pool of orange glow on the floor under the item. Deep soft shadows, pin-sharp focus, high detail. The item is centred, filling about 75% of a square 800x800 frame. Nothing else in shot: no hands, no people, no props, no added text or watermark, no price, no other brand's logo - only markings the real item carries. LABEL RULE FOR THIS RENDER: show the product FORM and its stamped size/type markings only. Do NOT invent readable label text - no brand wordmarks, no batch numbers, no expiry dates. The MyGear card carries the exact name; the picture only has to be unmistakably this kind of thing.","Forged eye and thread both visible; WLL stamp toward camera ; stamped/labelled sizes readable: 8mm, 0.125mm, 2t ; house style holds (dark floor, orange rim glow, item fills ~75%, no text/people/price) ; no invented label text (brand/batch/expiry) anywhere in the image"
12,HELD_TOOLING,ACETYLEGUAGE,ACETYLEGUAGE.jpg,Acetylene Gauge,Welding,8,Gas connection and regulator geometry is safety-relevant,RENDER_FROM_DESCRIPTION,"THE ITEM: Acetylene Gauge. The item at a three-quarter hero angle on the dark floor, working side toward the camera. Three-quarter hero angle from slightly above, the working end toward the camera. HOUSE STYLE (identical for every picture): studio product photograph on a near-black charcoal floor and backdrop (#14181F). One warm orange rim light raking in low from the left, a soft white top fill, and a gentle pool of orange glow on the floor under the item. Deep soft shadows, pin-sharp focus, high detail. The item is centred, filling about 75% of a square 800x800 frame. Nothing else in shot: no hands, no people, no props, no added text or watermark, no price, no other brand's logo - only markings the real item carries. LABEL RULE FOR THIS RENDER: show the product FORM and its stamped size/type markings only. Do NOT invent readable label text - no brand wordmarks, no batch numbers, no expiry dates. The MyGear card carries the exact name; the picture only has to be unmistakably this kind of thing.","Item type unmistakably matches the register name ; house style holds (dark floor, orange rim glow, item fills ~75%, no text/people/price) ; no invented label text (brand/batch/expiry) anywhere in the image"
13,HELD_TOOLING,ADAPTOR415V32A5PCEECLIP,ADAPTOR415V32A5PCEECLIP.jpg,32 Amp 415V Adaptor 5 Pin for Ceeform to Clipsal,Tools & Equipment,3,"Second pass: powered, pneumatic, plant, lifting or model-specific equipment",RENDER_FROM_DESCRIPTION,"THE ITEM: 32 Amp 415V Adaptor 5 Pin for Ceeform to Clipsal. The item at a three-quarter hero angle on the dark floor, working side toward the camera. Three-quarter hero angle from slightly above, the working end toward the camera. THE MARKINGS THAT MUST BE READABLE: 415v. HOUSE STYLE (identical for every picture): studio product photograph on a near-black charcoal floor and backdrop (#14181F). One warm orange rim light raking in low from the left, a soft white top fill, and a gentle pool of orange glow on the floor under the item. Deep soft shadows, pin-sharp focus, high detail. The item is centred, filling about 75% of a square 800x800 frame. Nothing else in shot: no hands, no people, no props, no added text or watermark, no price, no other brand's logo - only markings the real item carries. LABEL RULE FOR THIS RENDER: show the product FORM and its stamped size/type markings only. Do NOT invent readable label text - no brand wordmarks, no batch numbers, no expiry dates. The MyGear card carries the exact name; the picture only has to be unmistakably this kind of thing.","Item type unmistakably matches the register name ; stamped/labelled sizes readable: 415v ; house style holds (dark floor, orange rim glow, item fills ~75%, no text/people/price) ; no invented label text (brand/batch/expiry) anywhere in the image"
14,HELD_TOOLING,ADAPTOR415V32A5PCLIPCEE,ADAPTOR415V32A5PCLIPCEE.jpg,32 Amp 415V Adaptor 5 Pin for Clipsal to Ceeform,Tools & Equipment,1,"Second pass: powered, pneumatic, plant, lifting or model-specific equipment",RENDER_FROM_DESCRIPTION,"THE ITEM: 32 Amp 415V Adaptor 5 Pin for Clipsal to Ceeform. The item at a three-quarter hero angle on the dark floor, working side toward the camera. Three-quarter hero angle from slightly above, the working end toward the camera. THE MARKINGS THAT MUST BE READABLE: 415v. HOUSE STYLE (identical for every picture): studio product photograph on a near-black charcoal floor and backdrop (#14181F). One warm orange rim light raking in low from the left, a soft white top fill, and a gentle pool of orange glow on the floor under the item. Deep soft shadows, pin-sharp focus, high detail. The item is centred, filling about 75% of a square 800x800 frame. Nothing else in shot: no hands, no people, no props, no added text or watermark, no price, no other brand's logo - only markings the real item carries. LABEL RULE FOR THIS RENDER: show the product FORM and its stamped size/type markings only. Do NOT invent readable label text - no brand wordmarks, no batch numbers, no expiry dates. The MyGear card carries the exact name; the picture only has to be unmistakably this kind of thing.","Item type unmistakably matches the register name ; stamped/labelled sizes readable: 415v ; house style holds (dark floor, orange rim glow, item fills ~75%, no text/people/price) ; no invented label text (brand/batch/expiry) anywhere in the image"
15,HELD_TOOLING,AIRARCGOUG,AIRARCGOUG.jpg,Air Arc Gouging Torch,Welding,10,Welder or powered welding equipment,RENDER_FROM_DESCRIPTION,"THE ITEM: Air Arc Gouging Torch. The item at a three-quarter hero angle on the dark floor, working side toward the camera. Three-quarter hero angle from slightly above, the working end toward the camera. HOUSE STYLE (identical for every picture): studio product photograph on a near-black charcoal floor and backdrop (#14181F). One warm orange rim light raking in low from the left, a soft white top fill, and a gentle pool of orange glow on the floor under the item. Deep soft shadows, pin-sharp focus, high detail. The item is centred, filling about 75% of a square 800x800 frame. Nothing else in shot: no hands, no people, no props, no added text or watermark, no price, no other brand's logo - only markings the real item carries. LABEL RULE FOR THIS RENDER: show the product FORM and its stamped size/type markings only. Do NOT invent readable label text - no brand wordmarks, no batch numbers, no expiry dates. The MyGear card carries the exact name; the picture only has to be unmistakably this kind of thing.","Item type unmistakably matches the register name ; house style holds (dark floor, orange rim glow, item fills ~75%, no text/people/price) ; no invented label text (brand/batch/expiry) anywhere in the image"
16,HELD_TOOLING,AIRDRILL12,AIRDRILL12.jpg,"Air Drill 1/2""",Coates Equipment,1,Powered tool likely to carry an asset/test tag,RENDER_FROM_DESCRIPTION,"THE ITEM: Air Drill 1/2"". The drill standing on its battery or rested on its side handle, chuck toward the camera. Three-quarter hero angle from slightly above, the working end toward the camera. THE MARKINGS THAT MUST BE READABLE: 1/2"". HOUSE STYLE (identical for every picture): studio product photograph on a near-black charcoal floor and backdrop (#14181F). One warm orange rim light raking in low from the left, a soft white top fill, and a gentle pool of orange glow on the floor under the item. Deep soft shadows, pin-sharp focus, high detail. The item is centred, filling about 75% of a square 800x800 frame. Nothing else in shot: no hands, no people, no props, no added text or watermark, no price, no other brand's logo - only markings the real item carries. LABEL RULE FOR THIS RENDER: show the product FORM and its stamped size/type markings only. Do NOT invent readable label text - no brand wordmarks, no batch numbers, no expiry dates. The MyGear card carries the exact name; the picture only has to be unmistakably this kind of thing.","Chuck toward camera; battery fitted if cordless ; stamped/labelled sizes readable: 1/2"" ; house style holds (dark floor, orange rim glow, item fills ~75%, no text/people/price) ; no invented label text (brand/batch/expiry) anywhere in the image"
17,HELD_TOOLING,AIRDRILL38,AIRDRILL38.jpg,"Air Drill 3/8""",Coates Equipment,1,Powered tool likely to carry an asset/test tag,RENDER_FROM_DESCRIPTION,"THE ITEM: Air Drill 3/8"". The drill standing on its battery or rested on its side handle, chuck toward the camera. Three-quarter hero angle from slightly above, the working end toward the camera. THE MARKINGS THAT MUST BE READABLE: 3/8"". HOUSE STYLE (identical for every picture): studio product photograph on a near-black charcoal floor and backdrop (#14181F). One warm orange rim light raking in low from the left, a soft white top fill, and a gentle pool of orange glow on the floor under the item. Deep soft shadows, pin-sharp focus, high detail. The item is centred, filling about 75% of a square 800x800 frame. Nothing else in shot: no hands, no people, no props, no added text or watermark, no price, no other brand's logo - only markings the real item carries. LABEL RULE FOR THIS RENDER: show the product FORM and its stamped size/type markings only. Do NOT invent readable label text - no brand wordmarks, no batch numbers, no expiry dates. The MyGear card carries the exact name; the picture only has to be unmistakably this kind of thing.","Chuck toward camera; battery fitted if cordless ; stamped/labelled sizes readable: 3/8"" ; house style holds (dark floor, orange rim glow, item fills ~75%, no text/people/price) ; no invented label text (brand/batch/expiry) anywhere in the image"
18,HELD_TOOLING,AIRHADMINANITTO,AIRHADMINANITTO.jpg,Air Hose Adaptor - Minsup A To Nitto,Air & Air Accessories,25,Minsup/Nitto/Thor and hose-end geometry must be exact,RENDER_FROM_DESCRIPTION,"THE ITEM: Air Hose Adaptor - Minsup A To Nitto. The item at a three-quarter hero angle on the dark floor, working side toward the camera. Three-quarter hero angle from slightly above, the working end toward the camera. HOUSE STYLE (identical for every picture): studio product photograph on a near-black charcoal floor and backdrop (#14181F). One warm orange rim light raking in low from the left, a soft white top fill, and a gentle pool of orange glow on the floor under the item. Deep soft shadows, pin-sharp focus, high detail. The item is centred, filling about 75% of a square 800x800 frame. Nothing else in shot: no hands, no people, no props, no added text or watermark, no price, no other brand's logo - only markings the real item carries. LABEL RULE FOR THIS RENDER: show the product FORM and its stamped size/type markings only. Do NOT invent readable label text - no brand wordmarks, no batch numbers, no expiry dates. The MyGear card carries the exact name; the picture only has to be unmistakably this kind of thing.","Item type unmistakably matches the register name ; house style holds (dark floor, orange rim glow, item fills ~75%, no text/people/price) ; no invented label text (brand/batch/expiry) anywhere in the image"
19,HELD_TOOLING,AIRHOSEFITTMINSUPTHOR,AIRHOSEFITTMINSUPTHOR.jpg,Air Hose Fitting - Minsup - Thor,Air & Air Accessories,129,Minsup/Nitto/Thor and hose-end geometry must be exact,RENDER_FROM_DESCRIPTION,"THE ITEM: Air Hose Fitting - Minsup - Thor. The item at a three-quarter hero angle on the dark floor, working side toward the camera. Three-quarter hero angle from slightly above, the working end toward the camera. HOUSE STYLE (identical for every picture): studio product photograph on a near-black charcoal floor and backdrop (#14181F). One warm orange rim light raking in low from the left, a soft white top fill, and a gentle pool of orange glow on the floor under the item. Deep soft shadows, pin-sharp focus, high detail. The item is centred, filling about 75% of a square 800x800 frame. Nothing else in shot: no hands, no people, no props, no added text or watermark, no price, no other brand's logo - only markings the real item carries. LABEL RULE FOR THIS RENDER: show the product FORM and its stamped size/type markings only. Do NOT invent readable label text - no brand wordmarks, no batch numbers, no expiry dates. The MyGear card carries the exact name; the picture only has to be unmistakably this kind of thing.","Item type unmistakably matches the register name ; house style holds (dark floor, orange rim glow, item fills ~75%, no text/people/price) ; no invented label text (brand/batch/expiry) anywhere in the image"
20,HELD_TOOLING,AIRLINEYPIECE,AIRLINEYPIECE.jpg,Airline Y Piece,Industrial Tools & Equipment,2,Minsup/Nitto/Thor and hose-end geometry must be exact,RENDER_FROM_DESCRIPTION,"THE ITEM: Airline Y Piece. The item at a three-quarter hero angle on the dark floor, working side toward the camera. Three-quarter hero angle from slightly above, the working end toward the camera. HOUSE STYLE (identical for every picture): studio product photograph on a near-black charcoal floor and backdrop (#14181F). One warm orange rim light raking in low from the left, a soft white top fill, and a gentle pool of orange glow on the floor under the item. Deep soft shadows, pin-sharp focus, high detail. The item is centred, filling about 75% of a square 800x800 frame. Nothing else in shot: no hands, no people, no props, no added text or watermark, no price, no other brand's logo - only markings the real item carries. LABEL RULE FOR THIS RENDER: show the product FORM and its stamped size/type markings only. Do NOT invent readable label text - no brand wordmarks, no batch numbers, no expiry dates. The MyGear card carries the exact name; the picture only has to be unmistakably this kind of thing.","Item type unmistakably matches the register name ; house style holds (dark floor, orange rim glow, item fills ~75%, no text/people/price) ; no invented label text (brand/batch/expiry) anywhere in the image"
21,HELD_TOOLING,AIRNOZZLELGE,AIRNOZZLELGE.jpg,Air Nozzle - Large,Industrial Tools & Equipment,1,Minsup/Nitto/Thor and hose-end geometry must be exact,RENDER_FROM_DESCRIPTION,"THE ITEM: Air Nozzle - Large. The item at a three-quarter hero angle on the dark floor, working side toward the camera. Three-quarter hero angle from slightly above, the working end toward the camera. HOUSE STYLE (identical for every picture): studio product photograph on a near-black charcoal floor and backdrop (#14181F). One warm orange rim light raking in low from the left, a soft white top fill, and a gentle pool of orange glow on the floor under the item. Deep soft shadows, pin-sharp focus, high detail. The item is centred, filling about 75% of a square 800x800 frame. Nothing else in shot: no hands, no people, no props, no added text or watermark, no price, no other brand's logo - only markings the real item carries. LABEL RULE FOR THIS RENDER: show the product FORM and its stamped size/type markings only. Do NOT invent readable label text - no brand wordmarks, no batch numbers, no expiry dates. The MyGear card carries the exact name; the picture only has to be unmistakably this kind of thing.","Item type unmistakably matches the register name ; house style holds (dark floor, orange rim glow, item fills ~75%, no text/people/price) ; no invented label text (brand/batch/expiry) anywhere in the image"
22,HELD_TOOLING,AIRNOZZLESMALL,AIRNOZZLESMALL.jpg,Air Nozzle - Small,Industrial Tools & Equipment,2,Minsup/Nitto/Thor and hose-end geometry must be exact,RENDER_FROM_DESCRIPTION,"THE ITEM: Air Nozzle - Small. The item at a three-quarter hero angle on the dark floor, working side toward the camera. Three-quarter hero angle from slightly above, the working end toward the camera. HOUSE STYLE (identical for every picture): studio product photograph on a near-black charcoal floor and backdrop (#14181F). One warm orange rim light raking in low from the left, a soft white top fill, and a gentle pool of orange glow on the floor under the item. Deep soft shadows, pin-sharp focus, high detail. The item is centred, filling about 75% of a square 800x800 frame. Nothing else in shot: no hands, no people, no props, no added text or watermark, no price, no other brand's logo - only markings the real item carries. LABEL RULE FOR THIS RENDER: show the product FORM and its stamped size/type markings only. Do NOT invent readable label text - no brand wordmarks, no batch numbers, no expiry dates. The MyGear card carries the exact name; the picture only has to be unmistakably this kind of thing.","Item type unmistakably matches the register name ; house style holds (dark floor, orange rim glow, item fills ~75%, no text/people/price) ; no invented label text (brand/batch/expiry) anywhere in the image"
23,HELD_TOOLING,AIRSPRAYGUN20MM1LSUCTIONFEEDSTAR,AIRSPRAYGUN20MM1LSUCTIONFEEDSTAR.jpg,AIR SPRAY GUN 2.0MM 1L SUCTION FEED STAR,Coates Tooling,1,Minsup/Nitto/Thor and hose-end geometry must be exact,RENDER_FROM_DESCRIPTION,"THE ITEM: AIR SPRAY GUN 2.0MM 1L SUCTION FEED STAR. The item at a three-quarter hero angle on the dark floor, working side toward the camera. Three-quarter hero angle from slightly above, the working end toward the camera. THE MARKINGS THAT MUST BE READABLE: 2.0mm. HOUSE STYLE (identical for every picture): studio product photograph on a near-black charcoal floor and backdrop (#14181F). One warm orange rim light raking in low from the left, a soft white top fill, and a gentle pool of orange glow on the floor under the item. Deep soft shadows, pin-sharp focus, high detail. The item is centred, filling about 75% of a square 800x800 frame. Nothing else in shot: no hands, no people, no props, no added text or watermark, no price, no other brand's logo - only markings the real item carries. LABEL RULE FOR THIS RENDER: show the product FORM and its stamped size/type markings only. Do NOT invent readable label text - no brand wordmarks, no batch numbers, no expiry dates. The MyGear card carries the exact name; the picture only has to be unmistakably this kind of thing.","Item type unmistakably matches the register name ; stamped/labelled sizes readable: 2.0mm ; house style holds (dark floor, orange rim glow, item fills ~75%, no text/people/price) ; no invented label text (brand/batch/expiry) anywhere in the image"
24,HELD_TOOLING,ALLENKEYSETIMP,ALLENKEYSETIMP.jpg,Allen Key Set - Imperial,Industrial Tools & Equipment,4,Set contents/case layout are not uniquely specified,RENDER_FROM_DESCRIPTION,"THE ITEM: Allen Key Set - Imperial. The tool laid diagonally on the dark floor, working end toward the camera. Laid flat on the floor at a 30-45 degree diagonal, camera high at about 40 degrees so the whole length is in frame. HOUSE STYLE (identical for every picture): studio product photograph on a near-black charcoal floor and backdrop (#14181F). One warm orange rim light raking in low from the left, a soft white top fill, and a gentle pool of orange glow on the floor under the item. Deep soft shadows, pin-sharp focus, high detail. The item is centred, filling about 75% of a square 800x800 frame. Nothing else in shot: no hands, no people, no props, no added text or watermark, no price, no other brand's logo - only markings the real item carries. LABEL RULE FOR THIS RENDER: show the product FORM and its stamped size/type markings only. Do NOT invent readable label text - no brand wordmarks, no batch numbers, no expiry dates. The MyGear card carries the exact name; the picture only has to be unmistakably this kind of thing.","Tool type unmistakable; working end sharp in the light ; house style holds (dark floor, orange rim glow, item fills ~75%, no text/people/price) ; no invented label text (brand/batch/expiry) anywhere in the image"
25,HELD_TOOLING,ALLENKEYSETMET,ALLENKEYSETMET.jpg,Allen Key Set -  Metric,Industrial Tools & Equipment,9,Set contents/case layout are not uniquely specified,RENDER_FROM_DESCRIPTION,"THE ITEM: Allen Key Set -  Metric. The tool laid diagonally on the dark floor, working end toward the camera. Laid flat on the floor at a 30-45 degree diagonal, camera high at about 40 degrees so the whole length is in frame. HOUSE STYLE (identical for every picture): studio product photograph on a near-black charcoal floor and backdrop (#14181F). One warm orange rim light raking in low from the left, a soft white top fill, and a gentle pool of orange glow on the floor under the item. Deep soft shadows, pin-sharp focus, high detail. The item is centred, filling about 75% of a square 800x800 frame. Nothing else in shot: no hands, no people, no props, no added text or watermark, no price, no other brand's logo - only markings the real item carries. LABEL RULE FOR THIS RENDER: show the product FORM and its stamped size/type markings only. Do NOT invent readable label text - no brand wordmarks, no batch numbers, no expiry dates. The MyGear card carries the exact name; the picture only has to be unmistakably this kind of thing.","Tool type unmistakable; working end sharp in the light ; house style holds (dark floor, orange rim glow, item fills ~75%, no text/people/price) ; no invented label text (brand/batch/expiry) anywhere in the image"
26,HELD_TOOLING,ARGONFLOWMETER,ARGONFLOWMETER.jpg,Argon Flow Meter,Welding,1,Gas connection and regulator geometry is safety-relevant,RENDER_FROM_DESCRIPTION,"THE ITEM: Argon Flow Meter. The item at a three-quarter hero angle on the dark floor, working side toward the camera. Three-quarter hero angle from slightly above, the working end toward the camera. HOUSE STYLE (identical for every picture): studio product photograph on a near-black charcoal floor and backdrop (#14181F). One warm orange rim light raking in low from the left, a soft white top fill, and a gentle pool of orange glow on the floor under the item. Deep soft shadows, pin-sharp focus, high detail. The item is centred, filling about 75% of a square 800x800 frame. Nothing else in shot: no hands, no people, no props, no added text or watermark, no price, no other brand's logo - only markings the real item carries. LABEL RULE FOR THIS RENDER: show the product FORM and its stamped size/type markings only. Do NOT invent readable label text - no brand wordmarks, no batch numbers, no expiry dates. The MyGear card carries the exact name; the picture only has to be unmistakably this kind of thing.","Item type unmistakably matches the register name ; house style holds (dark floor, orange rim glow, item fills ~75%, no text/people/price) ; no invented label text (brand/batch/expiry) anywhere in the image"
27,HELD_TOOLING,ARMORZONEBARIER,ARMORZONEBARIER.jpg,Barrier - Crash Rated Water filled - Armorzone,Traffic Management,50,"Second pass: powered, pneumatic, plant, lifting or model-specific equipment",RENDER_FROM_DESCRIPTION,"THE ITEM: Barrier - Crash Rated Water filled - Armorzone. The item at a three-quarter hero angle on the dark floor, working side toward the camera. Three-quarter hero angle from slightly above, the working end toward the camera. HOUSE STYLE (identical for every picture): studio product photograph on a near-black charcoal floor and backdrop (#14181F). One warm orange rim light raking in low from the left, a soft white top fill, and a gentle pool of orange glow on the floor under the item. Deep soft shadows, pin-sharp focus, high detail. The item is centred, filling about 75% of a square 800x800 frame. Nothing else in shot: no hands, no people, no props, no added text or watermark, no price, no other brand's logo - only markings the real item carries. LABEL RULE FOR THIS RENDER: show the product FORM and its stamped size/type markings only. Do NOT invent readable label text - no brand wordmarks, no batch numbers, no expiry dates. The MyGear card carries the exact name; the picture only has to be unmistakably this kind of thing.","Item type unmistakably matches the register name ; house style holds (dark floor, orange rim glow, item fills ~75%, no text/people/price) ; no invented label text (brand/batch/expiry) anywhere in the image"
28,HELD_TOOLING,BASEMAGNETICSOLIDARM75KGPOWERMITUTOYO,BASEMAGNETICSOLIDARM75KGPOWERMITUTOYO.jpg,BASE MAGNETIC SOLID ARM 75 KG POWER MITUTOYO,Coates Equipment,1,"Precision range, dial layout or component form could be misrepresented",RENDER_FROM_DESCRIPTION,"THE ITEM: BASE MAGNETIC SOLID ARM 75 KG POWER MITUTOYO. The instrument laid diagonal on the dark floor, scale or dial toward the camera. Laid flat on the floor at a 30-45 degree diagonal, camera high at about 40 degrees so the whole length is in frame. THE MARKINGS THAT MUST BE READABLE: 75 kg. HOUSE STYLE (identical for every picture): studio product photograph on a near-black charcoal floor and backdrop (#14181F). One warm orange rim light raking in low from the left, a soft white top fill, and a gentle pool of orange glow on the floor under the item. Deep soft shadows, pin-sharp focus, high detail. The item is centred, filling about 75% of a square 800x800 frame. Nothing else in shot: no hands, no people, no props, no added text or watermark, no price, no other brand's logo - only markings the real item carries. LABEL RULE FOR THIS RENDER: show the product FORM and its stamped size/type markings only. Do NOT invent readable label text - no brand wordmarks, no batch numbers, no expiry dates. The MyGear card carries the exact name; the picture only has to be unmistakably this kind of thing.","Scale/dial legible; measuring faces visible ; stamped/labelled sizes readable: 75 kg ; house style holds (dark floor, orange rim glow, item fills ~75%, no text/people/price) ; no invented label text (brand/batch/expiry) anywhere in the image"
29,PLANT_AND_TAGGED,BATCHGEMIL18VSING,BATCHGEMIL18VSING.jpg,Battery Charger - Milwaukee 18V Single,Tools & Equipment,1,Road 1 real-unit hold,RENDER_FROM_DESCRIPTION,"THE ITEM: Battery Charger - Milwaukee 18V Single. The charger face-on at slight angle, bay(s) empty and visible. Standing upright on the floor, camera at item height, three-quarter view so two faces show. THE MARKINGS THAT MUST BE READABLE: 18v. HOUSE STYLE (identical for every picture): studio product photograph on a near-black charcoal floor and backdrop (#14181F). One warm orange rim light raking in low from the left, a soft white top fill, and a gentle pool of orange glow on the floor under the item. Deep soft shadows, pin-sharp focus, high detail. The item is centred, filling about 75% of a square 800x800 frame. Nothing else in shot: no hands, no people, no props, no added text or watermark, no price, no other brand's logo - only markings the real item carries. LABEL RULE FOR THIS RENDER: show the product FORM and its stamped size/type markings only. Do NOT invent readable label text - no brand wordmarks, no batch numbers, no expiry dates. The MyGear card carries the exact name; the picture only has to be unmistakably this kind of thing.","Charge bays and indicator lights visible ; stamped/labelled sizes readable: 18v ; house style holds (dark floor, orange rim glow, item fills ~75%, no text/people/price) ; no invented label text (brand/batch/expiry) anywhere in the image"
30,PLANT_AND_TAGGED,BATCHGEMILMXFUELSING,BATCHGEMILMXFUELSING.jpg,Battery Charger - Milwaukee MX Fuel Single,Tools & Equipment,2,Road 1 real-unit hold,RENDER_FROM_DESCRIPTION,"THE ITEM: Battery Charger - Milwaukee MX Fuel Single. The charger face-on at slight angle, bay(s) empty and visible. Standing upright on the floor, camera at item height, three-quarter view so two faces show. HOUSE STYLE (identical for every picture): studio product photograph on a near-black charcoal floor and backdrop (#14181F). One warm orange rim light raking in low from the left, a soft white top fill, and a gentle pool of orange glow on the floor under the item. Deep soft shadows, pin-sharp focus, high detail. The item is centred, filling about 75% of a square 800x800 frame. Nothing else in shot: no hands, no people, no props, no added text or watermark, no price, no other brand's logo - only markings the real item carries. LABEL RULE FOR THIS RENDER: show the product FORM and its stamped size/type markings only. Do NOT invent readable label text - no brand wordmarks, no batch numbers, no expiry dates. The MyGear card carries the exact name; the picture only has to be unmistakably this kind of thing.","Charge bays and indicator lights visible ; house style holds (dark floor, orange rim glow, item fills ~75%, no text/people/price) ; no invented label text (brand/batch/expiry) anywhere in the image"
31,PLANT_AND_TAGGED,BATCORDMIL18V12AH,BATCORDMIL18V12AH.jpg,Battery - Cordless - Milwaukee 18V 12AH,Tools & Equipment,3,Road 1 real-unit hold,RENDER_FROM_DESCRIPTION,"THE ITEM: Battery - Cordless - Milwaukee 18V 12AH. The battery pack standing upright, contacts toward the camera, charge-gauge face visible. Standing upright on the floor, camera at item height, three-quarter view so two faces show. THE MARKINGS THAT MUST BE READABLE: 18v. HOUSE STYLE (identical for every picture): studio product photograph on a near-black charcoal floor and backdrop (#14181F). One warm orange rim light raking in low from the left, a soft white top fill, and a gentle pool of orange glow on the floor under the item. Deep soft shadows, pin-sharp focus, high detail. The item is centred, filling about 75% of a square 800x800 frame. Nothing else in shot: no hands, no people, no props, no added text or watermark, no price, no other brand's logo - only markings the real item carries. LABEL RULE FOR THIS RENDER: show the product FORM and its stamped size/type markings only. Do NOT invent readable label text - no brand wordmarks, no batch numbers, no expiry dates. The MyGear card carries the exact name; the picture only has to be unmistakably this kind of thing.","Voltage class legible; contact end visible ; stamped/labelled sizes readable: 18v ; house style holds (dark floor, orange rim glow, item fills ~75%, no text/people/price) ; no invented label text (brand/batch/expiry) anywhere in the image"
32,PLANT_AND_TAGGED,BATCORDMIL18V5AH,BATCORDMIL18V5AH.jpg,Battery - Cordless - Milwaukee 18V 5AH,Tools & Equipment,76,Road 1 real-unit hold,RENDER_FROM_DESCRIPTION,"THE ITEM: Battery - Cordless - Milwaukee 18V 5AH. The battery pack standing upright, contacts toward the camera, charge-gauge face visible. Standing upright on the floor, camera at item height, three-quarter view so two faces show. THE MARKINGS THAT MUST BE READABLE: 18v. HOUSE STYLE (identical for every picture): studio product photograph on a near-black charcoal floor and backdrop (#14181F). One warm orange rim light raking in low from the left, a soft white top fill, and a gentle pool of orange glow on the floor under the item. Deep soft shadows, pin-sharp focus, high detail. The item is centred, filling about 75% of a square 800x800 frame. Nothing else in shot: no hands, no people, no props, no added text or watermark, no price, no other brand's logo - only markings the real item carries. LABEL RULE FOR THIS RENDER: show the product FORM and its stamped size/type markings only. Do NOT invent readable label text - no brand wordmarks, no batch numbers, no expiry dates. The MyGear card carries the exact name; the picture only has to be unmistakably this kind of thing.","Voltage class legible; contact end visible ; stamped/labelled sizes readable: 18v ; house style holds (dark floor, orange rim glow, item fills ~75%, no text/people/price) ; no invented label text (brand/batch/expiry) anywhere in the image"
33,PLANT_AND_TAGGED,BATCORDMIL18V6AH,BATCORDMIL18V6AH.jpg,Battery - Cordless - Milwaukee 18V 6AH,Tools & Equipment,68,Road 1 real-unit hold,RENDER_FROM_DESCRIPTION,"THE ITEM: Battery - Cordless - Milwaukee 18V 6AH. The battery pack standing upright, contacts toward the camera, charge-gauge face visible. Standing upright on the floor, camera at item height, three-quarter view so two faces show. THE MARKINGS THAT MUST BE READABLE: 18v. HOUSE STYLE (identical for every picture): studio product photograph on a near-black charcoal floor and backdrop (#14181F). One warm orange rim light raking in low from the left, a soft white top fill, and a gentle pool of orange glow on the floor under the item. Deep soft shadows, pin-sharp focus, high detail. The item is centred, filling about 75% of a square 800x800 frame. Nothing else in shot: no hands, no people, no props, no added text or watermark, no price, no other brand's logo - only markings the real item carries. LABEL RULE FOR THIS RENDER: show the product FORM and its stamped size/type markings only. Do NOT invent readable label text - no brand wordmarks, no batch numbers, no expiry dates. The MyGear card carries the exact name; the picture only has to be unmistakably this kind of thing.","Voltage class legible; contact end visible ; stamped/labelled sizes readable: 18v ; house style holds (dark floor, orange rim glow, item fills ~75%, no text/people/price) ; no invented label text (brand/batch/expiry) anywhere in the image"
34,PLANT_AND_TAGGED,BATCORDMIL18V8AH,BATCORDMIL18V8AH.jpg,Battery - Cordless - Milwaukee 18V 8AH,Tools & Equipment,7,Road 1 real-unit hold,RENDER_FROM_DESCRIPTION,"THE ITEM: Battery - Cordless - Milwaukee 18V 8AH. The battery pack standing upright, contacts toward the camera, charge-gauge face visible. Standing upright on the floor, camera at item height, three-quarter view so two faces show. THE MARKINGS THAT MUST BE READABLE: 18v. HOUSE STYLE (identical for every picture): studio product photograph on a near-black charcoal floor and backdrop (#14181F). One warm orange rim light raking in low from the left, a soft white top fill, and a gentle pool of orange glow on the floor under the item. Deep soft shadows, pin-sharp focus, high detail. The item is centred, filling about 75% of a square 800x800 frame. Nothing else in shot: no hands, no people, no props, no added text or watermark, no price, no other brand's logo - only markings the real item carries. LABEL RULE FOR THIS RENDER: show the product FORM and its stamped size/type markings only. Do NOT invent readable label text - no brand wordmarks, no batch numbers, no expiry dates. The MyGear card carries the exact name; the picture only has to be unmistakably this kind of thing.","Voltage class legible; contact end visible ; stamped/labelled sizes readable: 18v ; house style holds (dark floor, orange rim glow, item fills ~75%, no text/people/price) ; no invented label text (brand/batch/expiry) anywhere in the image"
35,PLANT_AND_TAGGED,BATTERYANGLEDRILL10MMBARE20NM,BATTERYANGLEDRILL10MMBARE20NM.jpg,Battery Angle Drill 10MM Bare 20NM,Coates Tooling,1,Road 1 real-unit hold,RENDER_FROM_DESCRIPTION,"THE ITEM: Battery Angle Drill 10MM Bare 20NM. The drill standing on its battery or rested on its side handle, chuck toward the camera. Three-quarter hero angle from slightly above, the working end toward the camera. THE MARKINGS THAT MUST BE READABLE: 10mm. HOUSE STYLE (identical for every picture): studio product photograph on a near-black charcoal floor and backdrop (#14181F). One warm orange rim light raking in low from the left, a soft white top fill, and a gentle pool of orange glow on the floor under the item. Deep soft shadows, pin-sharp focus, high detail. The item is centred, filling about 75% of a square 800x800 frame. Nothing else in shot: no hands, no people, no props, no added text or watermark, no price, no other brand's logo - only markings the real item carries. LABEL RULE FOR THIS RENDER: show the product FORM and its stamped size/type markings only. Do NOT invent readable label text - no brand wordmarks, no batch numbers, no expiry dates. The MyGear card carries the exact name; the picture only has to be unmistakably this kind of thing.","Chuck toward camera; battery fitted if cordless ; stamped/labelled sizes readable: 10mm ; house style holds (dark floor, orange rim glow, item fills ~75%, no text/people/price) ; no invented label text (brand/batch/expiry) anywhere in the image"
36,PLANT_AND_TAGGED,BATTPWERTOOL18V,BATTPWERTOOL18V.jpg,Battery - Power Tool 18V,Tools & Equipment,4,Road 1 real-unit hold,RENDER_FROM_DESCRIPTION,"THE ITEM: Battery - Power Tool 18V. The battery pack standing upright, contacts toward the camera, charge-gauge face visible. Standing upright on the floor, camera at item height, three-quarter view so two faces show. THE MARKINGS THAT MUST BE READABLE: 18v. HOUSE STYLE (identical for every picture): studio product photograph on a near-black charcoal floor and backdrop (#14181F). One warm orange rim light raking in low from the left, a soft white top fill, and a gentle pool of orange glow on the floor under the item. Deep soft shadows, pin-sharp focus, high detail. The item is centred, filling about 75% of a square 800x800 frame. Nothing else in shot: no hands, no people, no props, no added text or watermark, no price, no other brand's logo - only markings the real item carries. LABEL RULE FOR THIS RENDER: show the product FORM and its stamped size/type markings only. Do NOT invent readable label text - no brand wordmarks, no batch numbers, no expiry dates. The MyGear card carries the exact name; the picture only has to be unmistakably this kind of thing.","Voltage class legible; contact end visible ; stamped/labelled sizes readable: 18v ; house style holds (dark floor, orange rim glow, item fills ~75%, no text/people/price) ; no invented label text (brand/batch/expiry) anywhere in the image"
37,HELD_TOOLING,BITDRILLSETHSSREDUCED1625MM12SH5PC,BITDRILLSETHSSREDUCED1625MM12SH5PC.jpg,BIT DRILL SET HSS REDUCED 16-25MM 1/2-SH 5PC,Coates Equipment,2,Set contents/case layout are not uniquely specified,RENDER_FROM_DESCRIPTION,"THE ITEM: BIT DRILL SET HSS REDUCED 16-25MM 1/2-SH 5PC. The drill standing on its battery or rested on its side handle, chuck toward the camera. Three-quarter hero angle from slightly above, the working end toward the camera. THE MARKINGS THAT MUST BE READABLE: 25mm. HOUSE STYLE (identical for every picture): studio product photograph on a near-black charcoal floor and backdrop (#14181F). One warm orange rim light raking in low from the left, a soft white top fill, and a gentle pool of orange glow on the floor under the item. Deep soft shadows, pin-sharp focus, high detail. The item is centred, filling about 75% of a square 800x800 frame. Nothing else in shot: no hands, no people, no props, no added text or watermark, no price, no other brand's logo - only markings the real item carries. LABEL RULE FOR THIS RENDER: show the product FORM and its stamped size/type markings only. Do NOT invent readable label text - no brand wordmarks, no batch numbers, no expiry dates. The MyGear card carries the exact name; the picture only has to be unmistakably this kind of thing.","Chuck toward camera; battery fitted if cordless ; stamped/labelled sizes readable: 25mm ; house style holds (dark floor, orange rim glow, item fills ~75%, no text/people/price) ; no invented label text (brand/batch/expiry) anywhere in the image"
38,HELD_TOOLING,BITSCREWDRIVERANDDRILLSETSHOCKWAVE86PC,BITSCREWDRIVERANDDRILLSETSHOCKWAVE86PC.jpg,BIT SCREWDRIVER & DRILL SET SHOCKWAVE 86PC,Coates Equipment,2,Set contents/case layout are not uniquely specified,RENDER_FROM_DESCRIPTION,"THE ITEM: BIT SCREWDRIVER & DRILL SET SHOCKWAVE 86PC. The drill standing on its battery or rested on its side handle, chuck toward the camera. Three-quarter hero angle from slightly above, the working end toward the camera. HOUSE STYLE (identical for every picture): studio product photograph on a near-black charcoal floor and backdrop (#14181F). One warm orange rim light raking in low from the left, a soft white top fill, and a gentle pool of orange glow on the floor under the item. Deep soft shadows, pin-sharp focus, high detail. The item is centred, filling about 75% of a square 800x800 frame. Nothing else in shot: no hands, no people, no props, no added text or watermark, no price, no other brand's logo - only markings the real item carries. LABEL RULE FOR THIS RENDER: show the product FORM and its stamped size/type markings only. Do NOT invent readable label text - no brand wordmarks, no batch numbers, no expiry dates. The MyGear card carries the exact name; the picture only has to be unmistakably this kind of thing.","Chuck toward camera; battery fitted if cordless ; house style holds (dark floor, orange rim glow, item fills ~75%, no text/people/price) ; no invented label text (brand/batch/expiry) anywhere in the image"
39,HELD_TOOLING,BITSCREWDRIVERDRILLSETSHOCKWAVE86PC,BITSCREWDRIVERDRILLSETSHOCKWAVE86PC.jpg,BIT SCREWDRIVER & DRILL SET SHOCKWAVE 86PC,Coates Equipment,2,Set contents/case layout are not uniquely specified,RENDER_FROM_DESCRIPTION,"THE ITEM: BIT SCREWDRIVER & DRILL SET SHOCKWAVE 86PC. The drill standing on its battery or rested on its side handle, chuck toward the camera. Three-quarter hero angle from slightly above, the working end toward the camera. HOUSE STYLE (identical for every picture): studio product photograph on a near-black charcoal floor and backdrop (#14181F). One warm orange rim light raking in low from the left, a soft white top fill, and a gentle pool of orange glow on the floor under the item. Deep soft shadows, pin-sharp focus, high detail. The item is centred, filling about 75% of a square 800x800 frame. Nothing else in shot: no hands, no people, no props, no added text or watermark, no price, no other brand's logo - only markings the real item carries. LABEL RULE FOR THIS RENDER: show the product FORM and its stamped size/type markings only. Do NOT invent readable label text - no brand wordmarks, no batch numbers, no expiry dates. The MyGear card carries the exact name; the picture only has to be unmistakably this kind of thing.","Chuck toward camera; battery fitted if cordless ; house style holds (dark floor, orange rim glow, item fills ~75%, no text/people/price) ; no invented label text (brand/batch/expiry) anywhere in the image"
40,PLANT_AND_TAGGED,BOOM105D,BOOM105D.jpg,Straight Boom Lift 32.3m (105ft) Diesel,Access,1,Road 1 real-unit hold,RENDER_FROM_DESCRIPTION,"THE ITEM: Straight Boom Lift 32.3m (105ft) Diesel. The machine at three-quarter angle, platform slightly raised. Three-quarter hero angle from slightly above, the working end toward the camera. THE MARKINGS THAT MUST BE READABLE: 32.3m | 105ft. HOUSE STYLE (identical for every picture): studio product photograph on a near-black charcoal floor and backdrop (#14181F). One warm orange rim light raking in low from the left, a soft white top fill, and a gentle pool of orange glow on the floor under the item. Deep soft shadows, pin-sharp focus, high detail. The item is centred, filling about 75% of a square 800x800 frame. Nothing else in shot: no hands, no people, no props, no added text or watermark, no price, no other brand's logo - only markings the real item carries. LABEL RULE FOR THIS RENDER: show the product FORM and its stamped size/type markings only. Do NOT invent readable label text - no brand wordmarks, no batch numbers, no expiry dates. The MyGear card carries the exact name; the picture only has to be unmistakably this kind of thing.","Platform, rails and controls visible; electric class reads right ; stamped/labelled sizes readable: 32.3m, 105ft ; house style holds (dark floor, orange rim glow, item fills ~75%, no text/people/price) ; no invented label text (brand/batch/expiry) anywhere in the image"
41,HELD_TOOLING,BOSCH12DRIVEIMPACTWRENCH,BOSCH12DRIVEIMPACTWRENCH.jpg,"Impact Wrench 1/2"" (Bosch)",Coates Equipment,3,Powered tool likely to carry an asset/test tag,RENDER_FROM_DESCRIPTION,"THE ITEM: Impact Wrench 1/2"" (Bosch). The item at a three-quarter hero angle on the dark floor, working side toward the camera. Three-quarter hero angle from slightly above, the working end toward the camera. THE MARKINGS THAT MUST BE READABLE: 1/2"". HOUSE STYLE (identical for every picture): studio product photograph on a near-black charcoal floor and backdrop (#14181F). One warm orange rim light raking in low from the left, a soft white top fill, and a gentle pool of orange glow on the floor under the item. Deep soft shadows, pin-sharp focus, high detail. The item is centred, filling about 75% of a square 800x800 frame. Nothing else in shot: no hands, no people, no props, no added text or watermark, no price, no other brand's logo - only markings the real item carries. LABEL RULE FOR THIS RENDER: show the product FORM and its stamped size/type markings only. Do NOT invent readable label text - no brand wordmarks, no batch numbers, no expiry dates. The MyGear card carries the exact name; the picture only has to be unmistakably this kind of thing.","Item type unmistakably matches the register name ; stamped/labelled sizes readable: 1/2"" ; house style holds (dark floor, orange rim glow, item fills ~75%, no text/people/price) ; no invented label text (brand/batch/expiry) anywhere in the image"
42,PLANT_AND_TAGGED,BOSCH18V30AHBATTERY,BOSCH18V30AHBATTERY.jpg,Bosch 18v 3.0AH Battery,Coates Equipment,2,Road 1 real-unit hold,RENDER_FROM_DESCRIPTION,"THE ITEM: Bosch 18v 3.0AH Battery. The battery pack standing upright, contacts toward the camera, charge-gauge face visible. Standing upright on the floor, camera at item height, three-quarter view so two faces show. THE MARKINGS THAT MUST BE READABLE: 18v. HOUSE STYLE (identical for every picture): studio product photograph on a near-black charcoal floor and backdrop (#14181F). One warm orange rim light raking in low from the left, a soft white top fill, and a gentle pool of orange glow on the floor under the item. Deep soft shadows, pin-sharp focus, high detail. The item is centred, filling about 75% of a square 800x800 frame. Nothing else in shot: no hands, no people, no props, no added text or watermark, no price, no other brand's logo - only markings the real item carries. LABEL RULE FOR THIS RENDER: show the product FORM and its stamped size/type markings only. Do NOT invent readable label text - no brand wordmarks, no batch numbers, no expiry dates. The MyGear card carries the exact name; the picture only has to be unmistakably this kind of thing.","Voltage class legible; contact end visible ; stamped/labelled sizes readable: 18v ; house style holds (dark floor, orange rim glow, item fills ~75%, no text/people/price) ; no invented label text (brand/batch/expiry) anywhere in the image"
43,PLANT_AND_TAGGED,BOSCH18V3AHBATTERY,BOSCH18V3AHBATTERY.jpg,Bosch 18v 3.0AH Battery,Coates Equipment,2,Road 1 real-unit hold,RENDER_FROM_DESCRIPTION,"THE ITEM: Bosch 18v 3.0AH Battery. The battery pack standing upright, contacts toward the camera, charge-gauge face visible. Standing upright on the floor, camera at item height, three-quarter view so two faces show. THE MARKINGS THAT MUST BE READABLE: 18v. HOUSE STYLE (identical for every picture): studio product photograph on a near-black charcoal floor and backdrop (#14181F). One warm orange rim light raking in low from the left, a soft white top fill, and a gentle pool of orange glow on the floor under the item. Deep soft shadows, pin-sharp focus, high detail. The item is centred, filling about 75% of a square 800x800 frame. Nothing else in shot: no hands, no people, no props, no added text or watermark, no price, no other brand's logo - only markings the real item carries. LABEL RULE FOR THIS RENDER: show the product FORM and its stamped size/type markings only. Do NOT invent readable label text - no brand wordmarks, no batch numbers, no expiry dates. The MyGear card carries the exact name; the picture only has to be unmistakably this kind of thing.","Voltage class legible; contact end visible ; stamped/labelled sizes readable: 18v ; house style holds (dark floor, orange rim glow, item fills ~75%, no text/people/price) ; no invented label text (brand/batch/expiry) anywhere in the image"
44,PLANT_AND_TAGGED,BOSCH18V40AHBATTERY,BOSCH18V40AHBATTERY.jpg,Bosch 18v 4.0AH Battery,Coates Equipment,6,Road 1 real-unit hold,RENDER_FROM_DESCRIPTION,"THE ITEM: Bosch 18v 4.0AH Battery. The battery pack standing upright, contacts toward the camera, charge-gauge face visible. Standing upright on the floor, camera at item height, three-quarter view so two faces show. THE MARKINGS THAT MUST BE READABLE: 18v. HOUSE STYLE (identical for every picture): studio product photograph on a near-black charcoal floor and backdrop (#14181F). One warm orange rim light raking in low from the left, a soft white top fill, and a gentle pool of orange glow on the floor under the item. Deep soft shadows, pin-sharp focus, high detail. The item is centred, filling about 75% of a square 800x800 frame. Nothing else in shot: no hands, no people, no props, no added text or watermark, no price, no other brand's logo - only markings the real item carries. LABEL RULE FOR THIS RENDER: show the product FORM and its stamped size/type markings only. Do NOT invent readable label text - no brand wordmarks, no batch numbers, no expiry dates. The MyGear card carries the exact name; the picture only has to be unmistakably this kind of thing.","Voltage class legible; contact end visible ; stamped/labelled sizes readable: 18v ; house style holds (dark floor, orange rim glow, item fills ~75%, no text/people/price) ; no invented label text (brand/batch/expiry) anywhere in the image"
45,PLANT_AND_TAGGED,BOSCH18V4AHBATTERY,BOSCH18V4AHBATTERY.jpg,Bosch 18v 4.0AH Battery,Coates Equipment,6,Road 1 real-unit hold,RENDER_FROM_DESCRIPTION,"THE ITEM: Bosch 18v 4.0AH Battery. The battery pack standing upright, contacts toward the camera, charge-gauge face visible. Standing upright on the floor, camera at item height, three-quarter view so two faces show. THE MARKINGS THAT MUST BE READABLE: 18v. HOUSE STYLE (identical for every picture): studio product photograph on a near-black charcoal floor and backdrop (#14181F). One warm orange rim light raking in low from the left, a soft white top fill, and a gentle pool of orange glow on the floor under the item. Deep soft shadows, pin-sharp focus, high detail. The item is centred, filling about 75% of a square 800x800 frame. Nothing else in shot: no hands, no people, no props, no added text or watermark, no price, no other brand's logo - only markings the real item carries. LABEL RULE FOR THIS RENDER: show the product FORM and its stamped size/type markings only. Do NOT invent readable label text - no brand wordmarks, no batch numbers, no expiry dates. The MyGear card carries the exact name; the picture only has to be unmistakably this kind of thing.","Voltage class legible; contact end visible ; stamped/labelled sizes readable: 18v ; house style holds (dark floor, orange rim glow, item fills ~75%, no text/people/price) ; no invented label text (brand/batch/expiry) anywhere in the image"
46,PLANT_AND_TAGGED,BOWSHACKAL3.25T,BOWSHACKAL3.25T.jpg,Bow Shackle - Alloy 3.25t,"Lift, Shift & Propping",30,Road 1 real-unit hold,RENDER_FROM_DESCRIPTION,"THE ITEM: Bow Shackle - Alloy 3.25t. One shackle standing on its bow, pin toward the camera. Standing upright on the floor, camera at item height, three-quarter view so two faces show. THE MARKINGS THAT MUST BE READABLE: 3.25t. HOUSE STYLE (identical for every picture): studio product photograph on a near-black charcoal floor and backdrop (#14181F). One warm orange rim light raking in low from the left, a soft white top fill, and a gentle pool of orange glow on the floor under the item. Deep soft shadows, pin-sharp focus, high detail. The item is centred, filling about 75% of a square 800x800 frame. Nothing else in shot: no hands, no people, no props, no added text or watermark, no price, no other brand's logo - only markings the real item carries. LABEL RULE FOR THIS RENDER: show the product FORM and its stamped size/type markings only. Do NOT invent readable label text - no brand wordmarks, no batch numbers, no expiry dates. The MyGear card carries the exact name; the picture only has to be unmistakably this kind of thing.","Pin and bow both visible; rated stamp toward camera ; stamped/labelled sizes readable: 3.25t ; house style holds (dark floor, orange rim glow, item fills ~75%, no text/people/price) ; no invented label text (brand/batch/expiry) anywhere in the image"
47,PLANT_AND_TAGGED,BOWSHACKLEALLOY12T,BOWSHACKLEALLOY12T.jpg,Bow Shackle - Alloy - 12t,"Lift, Shift & Propping",3,Road 1 real-unit hold,RENDER_FROM_DESCRIPTION,"THE ITEM: Bow Shackle - Alloy - 12t. One shackle standing on its bow, pin toward the camera. Standing upright on the floor, camera at item height, three-quarter view so two faces show. THE MARKINGS THAT MUST BE READABLE: 12t. HOUSE STYLE (identical for every picture): studio product photograph on a near-black charcoal floor and backdrop (#14181F). One warm orange rim light raking in low from the left, a soft white top fill, and a gentle pool of orange glow on the floor under the item. Deep soft shadows, pin-sharp focus, high detail. The item is centred, filling about 75% of a square 800x800 frame. Nothing else in shot: no hands, no people, no props, no added text or watermark, no price, no other brand's logo - only markings the real item carries. LABEL RULE FOR THIS RENDER: show the product FORM and its stamped size/type markings only. Do NOT invent readable label text - no brand wordmarks, no batch numbers, no expiry dates. The MyGear card carries the exact name; the picture only has to be unmistakably this kind of thing.","Pin and bow both visible; rated stamp toward camera ; stamped/labelled sizes readable: 12t ; house style holds (dark floor, orange rim glow, item fills ~75%, no text/people/price) ; no invented label text (brand/batch/expiry) anywhere in the image"
48,PLANT_AND_TAGGED,BOWSHACKLEALLOY1T,BOWSHACKLEALLOY1T.jpg,Bow - Shackle - Alloy - 1t,"Lift, Shift & Propping",37,Road 1 real-unit hold,RENDER_FROM_DESCRIPTION,"THE ITEM: Bow - Shackle - Alloy - 1t. One shackle standing on its bow, pin toward the camera. Standing upright on the floor, camera at item height, three-quarter view so two faces show. THE MARKINGS THAT MUST BE READABLE: 1t. HOUSE STYLE (identical for every picture): studio product photograph on a near-black charcoal floor and backdrop (#14181F). One warm orange rim light raking in low from the left, a soft white top fill, and a gentle pool of orange glow on the floor under the item. Deep soft shadows, pin-sharp focus, high detail. The item is centred, filling about 75% of a square 800x800 frame. Nothing else in shot: no hands, no people, no props, no added text or watermark, no price, no other brand's logo - only markings the real item carries. LABEL RULE FOR THIS RENDER: show the product FORM and its stamped size/type markings only. Do NOT invent readable label text - no brand wordmarks, no batch numbers, no expiry dates. The MyGear card carries the exact name; the picture only has to be unmistakably this kind of thing.","Pin and bow both visible; rated stamp toward camera ; stamped/labelled sizes readable: 1t ; house style holds (dark floor, orange rim glow, item fills ~75%, no text/people/price) ; no invented label text (brand/batch/expiry) anywhere in the image"
49,PLANT_AND_TAGGED,BOWSHACKLEALLOY2T,BOWSHACKLEALLOY2T.jpg,Bow - Shackle - Alloy - 2t,"Lift, Shift & Propping",50,Road 1 real-unit hold,RENDER_FROM_DESCRIPTION,"THE ITEM: Bow - Shackle - Alloy - 2t. One shackle standing on its bow, pin toward the camera. Standing upright on the floor, camera at item height, three-quarter view so two faces show. THE MARKINGS THAT MUST BE READABLE: 2t. HOUSE STYLE (identical for every picture): studio product photograph on a near-black charcoal floor and backdrop (#14181F). One warm orange rim light raking in low from the left, a soft white top fill, and a gentle pool of orange glow on the floor under the item. Deep soft shadows, pin-sharp focus, high detail. The item is centred, filling about 75% of a square 800x800 frame. Nothing else in shot: no hands, no people, no props, no added text or watermark, no price, no other brand's logo - only markings the real item carries. LABEL RULE FOR THIS RENDER: show the product FORM and its stamped size/type markings only. Do NOT invent readable label text - no brand wordmarks, no batch numbers, no expiry dates. The MyGear card carries the exact name; the picture only has to be unmistakably this kind of thing.","Pin and bow both visible; rated stamp toward camera ; stamped/labelled sizes readable: 2t ; house style holds (dark floor, orange rim glow, item fills ~75%, no text/people/price) ; no invented label text (brand/batch/expiry) anywhere in the image"
50,PLANT_AND_TAGGED,BOWSHACKLEALLOY4T,BOWSHACKLEALLOY4T.jpg,Bow - Shackle - Alloy - 4t,"Lift, Shift & Propping",26,Road 1 real-unit hold,RENDER_FROM_DESCRIPTION,"THE ITEM: Bow - Shackle - Alloy - 4t. One shackle standing on its bow, pin toward the camera. Standing upright on the floor, camera at item height, three-quarter view so two faces show. THE MARKINGS THAT MUST BE READABLE: 4t. HOUSE STYLE (identical for every picture): studio product photograph on a near-black charcoal floor and backdrop (#14181F). One warm orange rim light raking in low from the left, a soft white top fill, and a gentle pool of orange glow on the floor under the item. Deep soft shadows, pin-sharp focus, high detail. The item is centred, filling about 75% of a square 800x800 frame. Nothing else in shot: no hands, no people, no props, no added text or watermark, no price, no other brand's logo - only markings the real item carries. LABEL RULE FOR THIS RENDER: show the product FORM and its stamped size/type markings only. Do NOT invent readable label text - no brand wordmarks, no batch numbers, no expiry dates. The MyGear card carries the exact name; the picture only has to be unmistakably this kind of thing.","Pin and bow both visible; rated stamp toward camera ; stamped/labelled sizes readable: 4t ; house style holds (dark floor, orange rim glow, item fills ~75%, no text/people/price) ; no invented label text (brand/batch/expiry) anywhere in the image"
51,PLANT_AND_TAGGED,BOWSHACKLEALLOY6T,BOWSHACKLEALLOY6T.jpg,Bow - Shackle - Alloy - 6t,"Lift, Shift & Propping",20,Road 1 real-unit hold,RENDER_FROM_DESCRIPTION,"THE ITEM: Bow - Shackle - Alloy - 6t. One shackle standing on its bow, pin toward the camera. Standing upright on the floor, camera at item height, three-quarter view so two faces show. THE MARKINGS THAT MUST BE READABLE: 6t. HOUSE STYLE (identical for every picture): studio product photograph on a near-black charcoal floor and backdrop (#14181F). One warm orange rim light raking in low from the left, a soft white top fill, and a gentle pool of orange glow on the floor under the item. Deep soft shadows, pin-sharp focus, high detail. The item is centred, filling about 75% of a square 800x800 frame. Nothing else in shot: no hands, no people, no props, no added text or watermark, no price, no other brand's logo - only markings the real item carries. LABEL RULE FOR THIS RENDER: show the product FORM and its stamped size/type markings only. Do NOT invent readable label text - no brand wordmarks, no batch numbers, no expiry dates. The MyGear card carries the exact name; the picture only has to be unmistakably this kind of thing.","Pin and bow both visible; rated stamp toward camera ; stamped/labelled sizes readable: 6t ; house style holds (dark floor, orange rim glow, item fills ~75%, no text/people/price) ; no invented label text (brand/batch/expiry) anywhere in the image"
52,PLANT_AND_TAGGED,BOWSHACKLEALLOY8T,BOWSHACKLEALLOY8T.jpg,Bow - Shackle - Alloy - 8t,"Lift, Shift & Propping",9,Road 1 real-unit hold,RENDER_FROM_DESCRIPTION,"THE ITEM: Bow - Shackle - Alloy - 8t. One shackle standing on its bow, pin toward the camera. Standing upright on the floor, camera at item height, three-quarter view so two faces show. THE MARKINGS THAT MUST BE READABLE: 8t. HOUSE STYLE (identical for every picture): studio product photograph on a near-black charcoal floor and backdrop (#14181F). One warm orange rim light raking in low from the left, a soft white top fill, and a gentle pool of orange glow on the floor under the item. Deep soft shadows, pin-sharp focus, high detail. The item is centred, filling about 75% of a square 800x800 frame. Nothing else in shot: no hands, no people, no props, no added text or watermark, no price, no other brand's logo - only markings the real item carries. LABEL RULE FOR THIS RENDER: show the product FORM and its stamped size/type markings only. Do NOT invent readable label text - no brand wordmarks, no batch numbers, no expiry dates. The MyGear card carries the exact name; the picture only has to be unmistakably this kind of thing.","Pin and bow both visible; rated stamp toward camera ; stamped/labelled sizes readable: 8t ; house style holds (dark floor, orange rim glow, item fills ~75%, no text/people/price) ; no invented label text (brand/batch/expiry) anywhere in the image"
53,PLANT_AND_TAGGED,BOWSHACKLEALLOY9T,BOWSHACKLEALLOY9T.jpg,Bow - Shackle - Alloy - 9t,"Lift, Shift & Propping",2,Road 1 real-unit hold,RENDER_FROM_DESCRIPTION,"THE ITEM: Bow - Shackle - Alloy - 9t. One shackle standing on its bow, pin toward the camera. Standing upright on the floor, camera at item height, three-quarter view so two faces show. THE MARKINGS THAT MUST BE READABLE: 9t. HOUSE STYLE (identical for every picture): studio product photograph on a near-black charcoal floor and backdrop (#14181F). One warm orange rim light raking in low from the left, a soft white top fill, and a gentle pool of orange glow on the floor under the item. Deep soft shadows, pin-sharp focus, high detail. The item is centred, filling about 75% of a square 800x800 frame. Nothing else in shot: no hands, no people, no props, no added text or watermark, no price, no other brand's logo - only markings the real item carries. LABEL RULE FOR THIS RENDER: show the product FORM and its stamped size/type markings only. Do NOT invent readable label text - no brand wordmarks, no batch numbers, no expiry dates. The MyGear card carries the exact name; the picture only has to be unmistakably this kind of thing.","Pin and bow both visible; rated stamp toward camera ; stamped/labelled sizes readable: 9t ; house style holds (dark floor, orange rim glow, item fills ~75%, no text/people/price) ; no invented label text (brand/batch/expiry) anywhere in the image"
54,PLANT_AND_TAGGED,BREAKERAIRLIGHT,BREAKERAIRLIGHT.jpg,Breaker - Air - Light,Air & Air Accessories,2,Road 1 real-unit hold,RENDER_FROM_DESCRIPTION,"THE ITEM: Breaker - Air - Light. The breaker leaning working-tip down, handles toward camera. Three-quarter hero angle from slightly above, the working end toward the camera. HOUSE STYLE (identical for every picture): studio product photograph on a near-black charcoal floor and backdrop (#14181F). One warm orange rim light raking in low from the left, a soft white top fill, and a gentle pool of orange glow on the floor under the item. Deep soft shadows, pin-sharp focus, high detail. The item is centred, filling about 75% of a square 800x800 frame. Nothing else in shot: no hands, no people, no props, no added text or watermark, no price, no other brand's logo - only markings the real item carries. LABEL RULE FOR THIS RENDER: show the product FORM and its stamped size/type markings only. Do NOT invent readable label text - no brand wordmarks, no batch numbers, no expiry dates. The MyGear card carries the exact name; the picture only has to be unmistakably this kind of thing.","Chisel/point fitted; power type (electric/air) reads correctly ; house style holds (dark floor, orange rim glow, item fills ~75%, no text/people/price) ; no invented label text (brand/batch/expiry) anywhere in the image"
55,PLANT_AND_TAGGED,BREAKERBAR1/2D,BREAKERBAR1_2D.jpg,Breaker Bar 1/2in Drive,Industrial Tools & Equipment,4,Road 1 real-unit hold,RENDER_FROM_DESCRIPTION,"THE ITEM: Breaker Bar 1/2in Drive. The breaker leaning working-tip down, handles toward camera. Three-quarter hero angle from slightly above, the working end toward the camera. THE MARKINGS THAT MUST BE READABLE: 1/2in. HOUSE STYLE (identical for every picture): studio product photograph on a near-black charcoal floor and backdrop (#14181F). One warm orange rim light raking in low from the left, a soft white top fill, and a gentle pool of orange glow on the floor under the item. Deep soft shadows, pin-sharp focus, high detail. The item is centred, filling about 75% of a square 800x800 frame. Nothing else in shot: no hands, no people, no props, no added text or watermark, no price, no other brand's logo - only markings the real item carries. LABEL RULE FOR THIS RENDER: show the product FORM and its stamped size/type markings only. Do NOT invent readable label text - no brand wordmarks, no batch numbers, no expiry dates. The MyGear card carries the exact name; the picture only has to be unmistakably this kind of thing.","Chisel/point fitted; power type (electric/air) reads correctly ; stamped/labelled sizes readable: 1/2in ; house style holds (dark floor, orange rim glow, item fills ~75%, no text/people/price) ; no invented label text (brand/batch/expiry) anywhere in the image"
56,PLANT_AND_TAGGED,BREAKERDRILLMEDIUM240V,BREAKERDRILLMEDIUM240V.jpg,Breaker Drill - Electric – Medium - 5.6kg to 7.5kg,Concrete & Masonry,2,Road 1 real-unit hold,RENDER_FROM_DESCRIPTION,"THE ITEM: Breaker Drill - Electric – Medium - 5.6kg to 7.5kg. The breaker leaning working-tip down, handles toward camera. Three-quarter hero angle from slightly above, the working end toward the camera. THE MARKINGS THAT MUST BE READABLE: 5.6kg | 7.5kg. HOUSE STYLE (identical for every picture): studio product photograph on a near-black charcoal floor and backdrop (#14181F). One warm orange rim light raking in low from the left, a soft white top fill, and a gentle pool of orange glow on the floor under the item. Deep soft shadows, pin-sharp focus, high detail. The item is centred, filling about 75% of a square 800x800 frame. Nothing else in shot: no hands, no people, no props, no added text or watermark, no price, no other brand's logo - only markings the real item carries. LABEL RULE FOR THIS RENDER: show the product FORM and its stamped size/type markings only. Do NOT invent readable label text - no brand wordmarks, no batch numbers, no expiry dates. The MyGear card carries the exact name; the picture only has to be unmistakably this kind of thing.","Chisel/point fitted; power type (electric/air) reads correctly ; stamped/labelled sizes readable: 5.6kg, 7.5kg ; house style holds (dark floor, orange rim glow, item fills ~75%, no text/people/price) ; no invented label text (brand/batch/expiry) anywhere in the image"
57,PLANT_AND_TAGGED,BREAKERDRILLSMALL240V,BREAKERDRILLSMALL240V.jpg,Breaker Drill - Electric - Small - 0 to 5.5kg,Concrete & Masonry,4,Road 1 real-unit hold,RENDER_FROM_DESCRIPTION,"THE ITEM: Breaker Drill - Electric - Small - 0 to 5.5kg. The breaker leaning working-tip down, handles toward camera. Three-quarter hero angle from slightly above, the working end toward the camera. THE MARKINGS THAT MUST BE READABLE: 5.5kg. HOUSE STYLE (identical for every picture): studio product photograph on a near-black charcoal floor and backdrop (#14181F). One warm orange rim light raking in low from the left, a soft white top fill, and a gentle pool of orange glow on the floor under the item. Deep soft shadows, pin-sharp focus, high detail. The item is centred, filling about 75% of a square 800x800 frame. Nothing else in shot: no hands, no people, no props, no added text or watermark, no price, no other brand's logo - only markings the real item carries. LABEL RULE FOR THIS RENDER: show the product FORM and its stamped size/type markings only. Do NOT invent readable label text - no brand wordmarks, no batch numbers, no expiry dates. The MyGear card carries the exact name; the picture only has to be unmistakably this kind of thing.","Chisel/point fitted; power type (electric/air) reads correctly ; stamped/labelled sizes readable: 5.5kg ; house style holds (dark floor, orange rim glow, item fills ~75%, no text/people/price) ; no invented label text (brand/batch/expiry) anywhere in the image"
58,PLANT_AND_TAGGED,BREAKERSMALL240V,BREAKERSMALL240V.jpg,Breaker - Electric – Small - 0 to 7.9kg,Concrete & Masonry,2,Road 1 real-unit hold,RENDER_FROM_DESCRIPTION,"THE ITEM: Breaker - Electric – Small - 0 to 7.9kg. The breaker leaning working-tip down, handles toward camera. Three-quarter hero angle from slightly above, the working end toward the camera. THE MARKINGS THAT MUST BE READABLE: 7.9kg. HOUSE STYLE (identical for every picture): studio product photograph on a near-black charcoal floor and backdrop (#14181F). One warm orange rim light raking in low from the left, a soft white top fill, and a gentle pool of orange glow on the floor under the item. Deep soft shadows, pin-sharp focus, high detail. The item is centred, filling about 75% of a square 800x800 frame. Nothing else in shot: no hands, no people, no props, no added text or watermark, no price, no other brand's logo - only markings the real item carries. LABEL RULE FOR THIS RENDER: show the product FORM and its stamped size/type markings only. Do NOT invent readable label text - no brand wordmarks, no batch numbers, no expiry dates. The MyGear card carries the exact name; the picture only has to be unmistakably this kind of thing.","Chisel/point fitted; power type (electric/air) reads correctly ; stamped/labelled sizes readable: 7.9kg ; house style holds (dark floor, orange rim glow, item fills ~75%, no text/people/price) ; no invented label text (brand/batch/expiry) anywhere in the image"
59,HELD_TOOLING,BULLBAGGRIPPS113KG,BULLBAGGRIPPS113KG.jpg,Bull Bag - Gripps - 113kg,Industrial Tools & Equipment,4,"Second pass: powered, pneumatic, plant, lifting or model-specific equipment",RENDER_FROM_DESCRIPTION,"THE ITEM: Bull Bag - Gripps - 113kg. The lifting bag upright and filled square, lifting loops up. Standing upright on the floor, camera at item height, three-quarter view so two faces show. THE MARKINGS THAT MUST BE READABLE: 113kg. HOUSE STYLE (identical for every picture): studio product photograph on a near-black charcoal floor and backdrop (#14181F). One warm orange rim light raking in low from the left, a soft white top fill, and a gentle pool of orange glow on the floor under the item. Deep soft shadows, pin-sharp focus, high detail. The item is centred, filling about 75% of a square 800x800 frame. Nothing else in shot: no hands, no people, no props, no added text or watermark, no price, no other brand's logo - only markings the real item carries. LABEL RULE FOR THIS RENDER: show the product FORM and its stamped size/type markings only. Do NOT invent readable label text - no brand wordmarks, no batch numbers, no expiry dates. The MyGear card carries the exact name; the picture only has to be unmistakably this kind of thing.","All lifting loops visible; rated load tag legible ; stamped/labelled sizes readable: 113kg ; house style holds (dark floor, orange rim glow, item fills ~75%, no text/people/price) ; no invented label text (brand/batch/expiry) anywhere in the image"
60,HELD_TOOLING,CABLEHOOKPMAG,CABLEHOOKPMAG.jpg,Cable Hook - Plastic - Magnetic,Tools & Equipment,2,Specialised safety/accessory product shape is not generic,RENDER_FROM_DESCRIPTION,"THE ITEM: Cable Hook - Plastic - Magnetic. The item at a three-quarter hero angle on the dark floor, working side toward the camera. Three-quarter hero angle from slightly above, the working end toward the camera. HOUSE STYLE (identical for every picture): studio product photograph on a near-black charcoal floor and backdrop (#14181F). One warm orange rim light raking in low from the left, a soft white top fill, and a gentle pool of orange glow on the floor under the item. Deep soft shadows, pin-sharp focus, high detail. The item is centred, filling about 75% of a square 800x800 frame. Nothing else in shot: no hands, no people, no props, no added text or watermark, no price, no other brand's logo - only markings the real item carries. LABEL RULE FOR THIS RENDER: show the product FORM and its stamped size/type markings only. Do NOT invent readable label text - no brand wordmarks, no batch numbers, no expiry dates. The MyGear card carries the exact name; the picture only has to be unmistakably this kind of thing.","Item type unmistakably matches the register name ; house style holds (dark floor, orange rim glow, item fills ~75%, no text/people/price) ; no invented label text (brand/batch/expiry) anywhere in the image"
61,CONSUMABLE,CEME9016-584189,CEME9016-584189.jpg,ABRASIVE - METALCUT ROCOL RTD 500G - K2/26,Consumables,0,IDENTIFIED,RENDER_FROM_DESCRIPTION,"THE ITEM: ABRASIVE - METALCUT ROCOL RTD 500G - K2/26. The item exactly as handed over the counter - packet, tin, pair or spool - upright, label face square to the camera. Camera straight on at label height, the item turned a few degrees so it still has depth. HOUSE STYLE (identical for every picture): studio product photograph on a near-black charcoal floor and backdrop (#14181F). One warm orange rim light raking in low from the left, a soft white top fill, and a gentle pool of orange glow on the floor under the item. Deep soft shadows, pin-sharp focus, high detail. The item is centred, filling about 75% of a square 800x800 frame. Nothing else in shot: no hands, no people, no props, no added text or watermark, no price, no other brand's logo - only markings the real item carries. LABEL RULE FOR THIS RENDER: show the product FORM and its stamped size/type markings only. Do NOT invent readable label text - no brand wordmarks, no batch numbers, no expiry dates. The MyGear card carries the exact name; the picture only has to be unmistakably this kind of thing.","Label brand/size legible; quantity form matches how the store issues it (pair/pack/roll/tin) ; house style holds (dark floor, orange rim glow, item fills ~75%, no text/people/price) ; no invented label text (brand/batch/expiry) anywhere in the image"
62,CONSUMABLE,CEME9016-590668,CEME9016-590668.jpg,ABRASIVE DISC - CUTOFF FH38 127 X 2.5 X 22.2 - K2/26,Consumables,7,LIKELY_CONFIRM,RENDER_FROM_DESCRIPTION,"THE ITEM: ABRASIVE DISC - CUTOFF FH38 127 X 2.5 X 22.2 - K2/26. The item exactly as handed over the counter - packet, tin, pair or spool - upright, label face square to the camera. Camera straight on at label height, the item turned a few degrees so it still has depth. HOUSE STYLE (identical for every picture): studio product photograph on a near-black charcoal floor and backdrop (#14181F). One warm orange rim light raking in low from the left, a soft white top fill, and a gentle pool of orange glow on the floor under the item. Deep soft shadows, pin-sharp focus, high detail. The item is centred, filling about 75% of a square 800x800 frame. Nothing else in shot: no hands, no people, no props, no added text or watermark, no price, no other brand's logo - only markings the real item carries. LABEL RULE FOR THIS RENDER: show the product FORM and its stamped size/type markings only. Do NOT invent readable label text - no brand wordmarks, no batch numbers, no expiry dates. The MyGear card carries the exact name; the picture only has to be unmistakably this kind of thing.","Label brand/size legible; quantity form matches how the store issues it (pair/pack/roll/tin) ; house style holds (dark floor, orange rim glow, item fills ~75%, no text/people/price) ; no invented label text (brand/batch/expiry) anywhere in the image"
63,CONSUMABLE,CEME9016-590669,CEME9016-590669.jpg,ABRASIVE DISC - GRINDING RAISED HUB A24/30T 127 X 6.8 X 22 - K2/26,Consumables,58,LIKELY_CONFIRM,RENDER_FROM_DESCRIPTION,"THE ITEM: ABRASIVE DISC - GRINDING RAISED HUB A24/30T 127 X 6.8 X 22 - K2/26. The item exactly as handed over the counter - packet, tin, pair or spool - upright, label face square to the camera. Camera straight on at label height, the item turned a few degrees so it still has depth. THE MARKINGS THAT MUST BE READABLE: 30t. HOUSE STYLE (identical for every picture): studio product photograph on a near-black charcoal floor and backdrop (#14181F). One warm orange rim light raking in low from the left, a soft white top fill, and a gentle pool of orange glow on the floor under the item. Deep soft shadows, pin-sharp focus, high detail. The item is centred, filling about 75% of a square 800x800 frame. Nothing else in shot: no hands, no people, no props, no added text or watermark, no price, no other brand's logo - only markings the real item carries. LABEL RULE FOR THIS RENDER: show the product FORM and its stamped size/type markings only. Do NOT invent readable label text - no brand wordmarks, no batch numbers, no expiry dates. The MyGear card carries the exact name; the picture only has to be unmistakably this kind of thing.","Label brand/size legible; quantity form matches how the store issues it (pair/pack/roll/tin) ; stamped/labelled sizes readable: 30t ; house style holds (dark floor, orange rim glow, item fills ~75%, no text/people/price) ; no invented label text (brand/batch/expiry) anywhere in the image"
64,CONSUMABLE,CEME9016-590670,CEME9016-590670.jpg,ABRASIVE DISC - GRINDING RAISED HUB A30S 115 X 6 X 22 - K2/26,Consumables,0,LIKELY_CONFIRM,RENDER_FROM_DESCRIPTION,"THE ITEM: ABRASIVE DISC - GRINDING RAISED HUB A30S 115 X 6 X 22 - K2/26. The item exactly as handed over the counter - packet, tin, pair or spool - upright, label face square to the camera. Camera straight on at label height, the item turned a few degrees so it still has depth. HOUSE STYLE (identical for every picture): studio product photograph on a near-black charcoal floor and backdrop (#14181F). One warm orange rim light raking in low from the left, a soft white top fill, and a gentle pool of orange glow on the floor under the item. Deep soft shadows, pin-sharp focus, high detail. The item is centred, filling about 75% of a square 800x800 frame. Nothing else in shot: no hands, no people, no props, no added text or watermark, no price, no other brand's logo - only markings the real item carries. LABEL RULE FOR THIS RENDER: show the product FORM and its stamped size/type markings only. Do NOT invent readable label text - no brand wordmarks, no batch numbers, no expiry dates. The MyGear card carries the exact name; the picture only has to be unmistakably this kind of thing.","Label brand/size legible; quantity form matches how the store issues it (pair/pack/roll/tin) ; house style holds (dark floor, orange rim glow, item fills ~75%, no text/people/price) ; no invented label text (brand/batch/expiry) anywhere in the image"
65,CONSUMABLE,CEME9016-590671,CEME9016-590671.jpg,ABSORBENT PAD - OIL 300G 403 X 48CM - K2/26,Consumables,400,AMBIGUOUS,RENDER_FROM_DESCRIPTION,"THE ITEM: ABSORBENT PAD - OIL 300G 403 X 48CM - K2/26. The item exactly as handed over the counter - packet, tin, pair or spool - upright, label face square to the camera. Camera straight on at label height, the item turned a few degrees so it still has depth. HOUSE STYLE (identical for every picture): studio product photograph on a near-black charcoal floor and backdrop (#14181F). One warm orange rim light raking in low from the left, a soft white top fill, and a gentle pool of orange glow on the floor under the item. Deep soft shadows, pin-sharp focus, high detail. The item is centred, filling about 75% of a square 800x800 frame. Nothing else in shot: no hands, no people, no props, no added text or watermark, no price, no other brand's logo - only markings the real item carries. LABEL RULE FOR THIS RENDER: show the product FORM and its stamped size/type markings only. Do NOT invent readable label text - no brand wordmarks, no batch numbers, no expiry dates. The MyGear card carries the exact name; the picture only has to be unmistakably this kind of thing.","Label brand/size legible; quantity form matches how the store issues it (pair/pack/roll/tin) ; house style holds (dark floor, orange rim glow, item fills ~75%, no text/people/price) ; no invented label text (brand/batch/expiry) anywhere in the image"
66,CONSUMABLE,CEME9016-590672,CEME9016-590672.jpg,ADHESIVE - HIGH STRENGTH 3M 90 AEROSOL CAN 471G - K2/26,Consumables,2,IDENTIFIED,RENDER_FROM_DESCRIPTION,"THE ITEM: ADHESIVE - HIGH STRENGTH 3M 90 AEROSOL CAN 471G - K2/26. The item exactly as handed over the counter - packet, tin, pair or spool - upright, label face square to the camera. Camera straight on at label height, the item turned a few degrees so it still has depth. THE MARKINGS THAT MUST BE READABLE: 3m. HOUSE STYLE (identical for every picture): studio product photograph on a near-black charcoal floor and backdrop (#14181F). One warm orange rim light raking in low from the left, a soft white top fill, and a gentle pool of orange glow on the floor under the item. Deep soft shadows, pin-sharp focus, high detail. The item is centred, filling about 75% of a square 800x800 frame. Nothing else in shot: no hands, no people, no props, no added text or watermark, no price, no other brand's logo - only markings the real item carries. LABEL RULE FOR THIS RENDER: show the product FORM and its stamped size/type markings only. Do NOT invent readable label text - no brand wordmarks, no batch numbers, no expiry dates. The MyGear card carries the exact name; the picture only has to be unmistakably this kind of thing.","Label brand/size legible; quantity form matches how the store issues it (pair/pack/roll/tin) ; stamped/labelled sizes readable: 3m ; house style holds (dark floor, orange rim glow, item fills ~75%, no text/people/price) ; no invented label text (brand/batch/expiry) anywhere in the image"
67,CONSUMABLE,CEME9016-590673,CEME9016-590673.jpg,ANTI-SEIZE - COPPER 1090 DEG C 500G CAN - K2/26,Consumables,0,LIKELY_CONFIRM,RENDER_FROM_DESCRIPTION,"THE ITEM: ANTI-SEIZE - COPPER 1090 DEG C 500G CAN - K2/26. The item exactly as handed over the counter - packet, tin, pair or spool - upright, label face square to the camera. Camera straight on at label height, the item turned a few degrees so it still has depth. HOUSE STYLE (identical for every picture): studio product photograph on a near-black charcoal floor and backdrop (#14181F). One warm orange rim light raking in low from the left, a soft white top fill, and a gentle pool of orange glow on the floor under the item. Deep soft shadows, pin-sharp focus, high detail. The item is centred, filling about 75% of a square 800x800 frame. Nothing else in shot: no hands, no people, no props, no added text or watermark, no price, no other brand's logo - only markings the real item carries. LABEL RULE FOR THIS RENDER: show the product FORM and its stamped size/type markings only. Do NOT invent readable label text - no brand wordmarks, no batch numbers, no expiry dates. The MyGear card carries the exact name; the picture only has to be unmistakably this kind of thing.","Label brand/size legible; quantity form matches how the store issues it (pair/pack/roll/tin) ; house style holds (dark floor, orange rim glow, item fills ~75%, no text/people/price) ; no invented label text (brand/batch/expiry) anywhere in the image"
68,CONSUMABLE,CEME9016-590674,CEME9016-590674.jpg,BATTERY - AA 1.5VDC ALKALINE SUPER HEAVY DUTY - K2/26,Consumables,10,AMBIGUOUS,RENDER_FROM_DESCRIPTION,"THE ITEM: BATTERY - AA 1.5VDC ALKALINE SUPER HEAVY DUTY - K2/26. The item exactly as handed over the counter - packet, tin, pair or spool - upright, label face square to the camera. Camera straight on at label height, the item turned a few degrees so it still has depth. HOUSE STYLE (identical for every picture): studio product photograph on a near-black charcoal floor and backdrop (#14181F). One warm orange rim light raking in low from the left, a soft white top fill, and a gentle pool of orange glow on the floor under the item. Deep soft shadows, pin-sharp focus, high detail. The item is centred, filling about 75% of a square 800x800 frame. Nothing else in shot: no hands, no people, no props, no added text or watermark, no price, no other brand's logo - only markings the real item carries. LABEL RULE FOR THIS RENDER: show the product FORM and its stamped size/type markings only. Do NOT invent readable label text - no brand wordmarks, no batch numbers, no expiry dates. The MyGear card carries the exact name; the picture only has to be unmistakably this kind of thing.","Label brand/size legible; quantity form matches how the store issues it (pair/pack/roll/tin) ; house style holds (dark floor, orange rim glow, item fills ~75%, no text/people/price) ; no invented label text (brand/batch/expiry) anywhere in the image"
69,CONSUMABLE,CEME9016-590675,CEME9016-590675.jpg,BATTERY - AAA 1.5VDC ALKALINE PROCELL - K2/26,Consumables,0,IDENTIFIED,RENDER_FROM_DESCRIPTION,"THE ITEM: BATTERY - AAA 1.5VDC ALKALINE PROCELL - K2/26. The item exactly as handed over the counter - packet, tin, pair or spool - upright, label face square to the camera. Camera straight on at label height, the item turned a few degrees so it still has depth. HOUSE STYLE (identical for every picture): studio product photograph on a near-black charcoal floor and backdrop (#14181F). One warm orange rim light raking in low from the left, a soft white top fill, and a gentle pool of orange glow on the floor under the item. Deep soft shadows, pin-sharp focus, high detail. The item is centred, filling about 75% of a square 800x800 frame. Nothing else in shot: no hands, no people, no props, no added text or watermark, no price, no other brand's logo - only markings the real item carries. LABEL RULE FOR THIS RENDER: show the product FORM and its stamped size/type markings only. Do NOT invent readable label text - no brand wordmarks, no batch numbers, no expiry dates. The MyGear card carries the exact name; the picture only has to be unmistakably this kind of thing.","Label brand/size legible; quantity form matches how the store issues it (pair/pack/roll/tin) ; house style holds (dark floor, orange rim glow, item fills ~75%, no text/people/price) ; no invented label text (brand/batch/expiry) anywhere in the image"
70,CONSUMABLE,CEME9016-590676,CEME9016-590676.jpg,BOTTLE - SPRAY APPLICATOR 500ML - K2/26,Consumables,0,AMBIGUOUS,RENDER_FROM_DESCRIPTION,"THE ITEM: BOTTLE - SPRAY APPLICATOR 500ML - K2/26. The item exactly as handed over the counter - packet, tin, pair or spool - upright, label face square to the camera. Camera straight on at label height, the item turned a few degrees so it still has depth. HOUSE STYLE (identical for every picture): studio product photograph on a near-black charcoal floor and backdrop (#14181F). One warm orange rim light raking in low from the left, a soft white top fill, and a gentle pool of orange glow on the floor under the item. Deep soft shadows, pin-sharp focus, high detail. The item is centred, filling about 75% of a square 800x800 frame. Nothing else in shot: no hands, no people, no props, no added text or watermark, no price, no other brand's logo - only markings the real item carries. LABEL RULE FOR THIS RENDER: show the product FORM and its stamped size/type markings only. Do NOT invent readable label text - no brand wordmarks, no batch numbers, no expiry dates. The MyGear card carries the exact name; the picture only has to be unmistakably this kind of thing.","Label brand/size legible; quantity form matches how the store issues it (pair/pack/roll/tin) ; house style holds (dark floor, orange rim glow, item fills ~75%, no text/people/price) ; no invented label text (brand/batch/expiry) anywhere in the image"
71,CONSUMABLE,CEME9016-590677,CEME9016-590677.jpg,BROOM - HEAVY DUTY HAIR/FIBRE 600MM (NO HANDLE) - K2/26,Consumables,23,LIKELY_CONFIRM,RENDER_FROM_DESCRIPTION,"THE ITEM: BROOM - HEAVY DUTY HAIR/FIBRE 600MM (NO HANDLE) - K2/26. The item exactly as handed over the counter - packet, tin, pair or spool - upright, label face square to the camera. Camera straight on at label height, the item turned a few degrees so it still has depth. THE MARKINGS THAT MUST BE READABLE: 600mm. HOUSE STYLE (identical for every picture): studio product photograph on a near-black charcoal floor and backdrop (#14181F). One warm orange rim light raking in low from the left, a soft white top fill, and a gentle pool of orange glow on the floor under the item. Deep soft shadows, pin-sharp focus, high detail. The item is centred, filling about 75% of a square 800x800 frame. Nothing else in shot: no hands, no people, no props, no added text or watermark, no price, no other brand's logo - only markings the real item carries. LABEL RULE FOR THIS RENDER: show the product FORM and its stamped size/type markings only. Do NOT invent readable label text - no brand wordmarks, no batch numbers, no expiry dates. The MyGear card carries the exact name; the picture only has to be unmistakably this kind of thing.","Label brand/size legible; quantity form matches how the store issues it (pair/pack/roll/tin) ; stamped/labelled sizes readable: 600mm ; house style holds (dark floor, orange rim glow, item fills ~75%, no text/people/price) ; no invented label text (brand/batch/expiry) anywhere in the image"
72,CONSUMABLE,CEME9016-590678,CEME9016-590678.jpg,BROOM - HEAVY DUTY HAIR/FIBRE 600MM (NO HANDLE) - K2/26,Consumables,0,LIKELY_CONFIRM,RENDER_FROM_DESCRIPTION,"THE ITEM: BROOM - HEAVY DUTY HAIR/FIBRE 600MM (NO HANDLE) - K2/26. The item exactly as handed over the counter - packet, tin, pair or spool - upright, label face square to the camera. Camera straight on at label height, the item turned a few degrees so it still has depth. THE MARKINGS THAT MUST BE READABLE: 600mm. HOUSE STYLE (identical for every picture): studio product photograph on a near-black charcoal floor and backdrop (#14181F). One warm orange rim light raking in low from the left, a soft white top fill, and a gentle pool of orange glow on the floor under the item. Deep soft shadows, pin-sharp focus, high detail. The item is centred, filling about 75% of a square 800x800 frame. Nothing else in shot: no hands, no people, no props, no added text or watermark, no price, no other brand's logo - only markings the real item carries. LABEL RULE FOR THIS RENDER: show the product FORM and its stamped size/type markings only. Do NOT invent readable label text - no brand wordmarks, no batch numbers, no expiry dates. The MyGear card carries the exact name; the picture only has to be unmistakably this kind of thing.","Label brand/size legible; quantity form matches how the store issues it (pair/pack/roll/tin) ; stamped/labelled sizes readable: 600mm ; house style holds (dark floor, orange rim glow, item fills ~75%, no text/people/price) ; no invented label text (brand/batch/expiry) anywhere in the image"
73,CONSUMABLE,CEME9016-590679,CEME9016-590679.jpg,BUCKET - PLASTIC 9L BLACK WITH HANDLE - K2/26,Consumables,2,AMBIGUOUS,RENDER_FROM_DESCRIPTION,"THE ITEM: BUCKET - PLASTIC 9L BLACK WITH HANDLE - K2/26. The item exactly as handed over the counter - packet, tin, pair or spool - upright, label face square to the camera. Camera straight on at label height, the item turned a few degrees so it still has depth. HOUSE STYLE (identical for every picture): studio product photograph on a near-black charcoal floor and backdrop (#14181F). One warm orange rim light raking in low from the left, a soft white top fill, and a gentle pool of orange glow on the floor under the item. Deep soft shadows, pin-sharp focus, high detail. The item is centred, filling about 75% of a square 800x800 frame. Nothing else in shot: no hands, no people, no props, no added text or watermark, no price, no other brand's logo - only markings the real item carries. LABEL RULE FOR THIS RENDER: show the product FORM and its stamped size/type markings only. Do NOT invent readable label text - no brand wordmarks, no batch numbers, no expiry dates. The MyGear card carries the exact name; the picture only has to be unmistakably this kind of thing.","Label brand/size legible; quantity form matches how the store issues it (pair/pack/roll/tin) ; house style holds (dark floor, orange rim glow, item fills ~75%, no text/people/price) ; no invented label text (brand/batch/expiry) anywhere in the image"
74,CONSUMABLE,CEME9016-590680,CEME9016-590680.jpg,BUCKET - UTILITY PLASTIC 10L WHITE (WITH LID) - K2/26,Consumables,76,AMBIGUOUS,RENDER_FROM_DESCRIPTION,"THE ITEM: BUCKET - UTILITY PLASTIC 10L WHITE (WITH LID) - K2/26. The item exactly as handed over the counter - packet, tin, pair or spool - upright, label face square to the camera. Camera straight on at label height, the item turned a few degrees so it still has depth. HOUSE STYLE (identical for every picture): studio product photograph on a near-black charcoal floor and backdrop (#14181F). One warm orange rim light raking in low from the left, a soft white top fill, and a gentle pool of orange glow on the floor under the item. Deep soft shadows, pin-sharp focus, high detail. The item is centred, filling about 75% of a square 800x800 frame. Nothing else in shot: no hands, no people, no props, no added text or watermark, no price, no other brand's logo - only markings the real item carries. LABEL RULE FOR THIS RENDER: show the product FORM and its stamped size/type markings only. Do NOT invent readable label text - no brand wordmarks, no batch numbers, no expiry dates. The MyGear card carries the exact name; the picture only has to be unmistakably this kind of thing.","Label brand/size legible; quantity form matches how the store issues it (pair/pack/roll/tin) ; house style holds (dark floor, orange rim glow, item fills ~75%, no text/people/price) ; no invented label text (brand/batch/expiry) anywhere in the image"
75,CONSUMABLE,CEME9016-590681,CEME9016-590681.jpg,BUCKET - UTILITY PLASTIC 20L WHITE (WITH LID) - K2/26,Consumables,9,AMBIGUOUS,RENDER_FROM_DESCRIPTION,"THE ITEM: BUCKET - UTILITY PLASTIC 20L WHITE (WITH LID) - K2/26. The item exactly as handed over the counter - packet, tin, pair or spool - upright, label face square to the camera. Camera straight on at label height, the item turned a few degrees so it still has depth. HOUSE STYLE (identical for every picture): studio product photograph on a near-black charcoal floor and backdrop (#14181F). One warm orange rim light raking in low from the left, a soft white top fill, and a gentle pool of orange glow on the floor under the item. Deep soft shadows, pin-sharp focus, high detail. The item is centred, filling about 75% of a square 800x800 frame. Nothing else in shot: no hands, no people, no props, no added text or watermark, no price, no other brand's logo - only markings the real item carries. LABEL RULE FOR THIS RENDER: show the product FORM and its stamped size/type markings only. Do NOT invent readable label text - no brand wordmarks, no batch numbers, no expiry dates. The MyGear card carries the exact name; the picture only has to be unmistakably this kind of thing.","Label brand/size legible; quantity form matches how the store issues it (pair/pack/roll/tin) ; house style holds (dark floor, orange rim glow, item fills ~75%, no text/people/price) ; no invented label text (brand/batch/expiry) anywhere in the image"
76,CONSUMABLE,CEME9016-590682,CEME9016-590682.jpg,CABLE TIE - NYLON UV BLACK 152 X 3.5MM PK100 - K2/26,Consumables,3,IDENTIFIED,RENDER_FROM_DESCRIPTION,"THE ITEM: CABLE TIE - NYLON UV BLACK 152 X 3.5MM PK100 - K2/26. The item exactly as handed over the counter - packet, tin, pair or spool - upright, label face square to the camera. Camera straight on at label height, the item turned a few degrees so it still has depth. THE MARKINGS THAT MUST BE READABLE: 3.5mm. HOUSE STYLE (identical for every picture): studio product photograph on a near-black charcoal floor and backdrop (#14181F). One warm orange rim light raking in low from the left, a soft white top fill, and a gentle pool of orange glow on the floor under the item. Deep soft shadows, pin-sharp focus, high detail. The item is centred, filling about 75% of a square 800x800 frame. Nothing else in shot: no hands, no people, no props, no added text or watermark, no price, no other brand's logo - only markings the real item carries. LABEL RULE FOR THIS RENDER: show the product FORM and its stamped size/type markings only. Do NOT invent readable label text - no brand wordmarks, no batch numbers, no expiry dates. The MyGear card carries the exact name; the picture only has to be unmistakably this kind of thing.","Label brand/size legible; quantity form matches how the store issues it (pair/pack/roll/tin) ; stamped/labelled sizes readable: 3.5mm ; house style holds (dark floor, orange rim glow, item fills ~75%, no text/people/price) ; no invented label text (brand/batch/expiry) anywhere in the image"
77,CONSUMABLE,CEME9016-590683,CEME9016-590683.jpg,CLEANER - ELECTRICAL CONTACT CRC CO 2016 350G - K2/26,Consumables,44,IDENTIFIED,RENDER_FROM_DESCRIPTION,"THE ITEM: CLEANER - ELECTRICAL CONTACT CRC CO 2016 350G - K2/26. The item exactly as handed over the counter - packet, tin, pair or spool - upright, label face square to the camera. Camera straight on at label height, the item turned a few degrees so it still has depth. HOUSE STYLE (identical for every picture): studio product photograph on a near-black charcoal floor and backdrop (#14181F). One warm orange rim light raking in low from the left, a soft white top fill, and a gentle pool of orange glow on the floor under the item. Deep soft shadows, pin-sharp focus, high detail. The item is centred, filling about 75% of a square 800x800 frame. Nothing else in shot: no hands, no people, no props, no added text or watermark, no price, no other brand's logo - only markings the real item carries. LABEL RULE FOR THIS RENDER: show the product FORM and its stamped size/type markings only. Do NOT invent readable label text - no brand wordmarks, no batch numbers, no expiry dates. The MyGear card carries the exact name; the picture only has to be unmistakably this kind of thing.","Label brand/size legible; quantity form matches how the store issues it (pair/pack/roll/tin) ; house style holds (dark floor, orange rim glow, item fills ~75%, no text/people/price) ; no invented label text (brand/batch/expiry) anywhere in the image"
78,CONSUMABLE,CEME9016-590684,CEME9016-590684.jpg,CLEANER - LENS UVEX 1009 SPRAY PACK 500ML - K2/26,Consumables,2,IDENTIFIED,RENDER_FROM_DESCRIPTION,"THE ITEM: CLEANER - LENS UVEX 1009 SPRAY PACK 500ML - K2/26. The item exactly as handed over the counter - packet, tin, pair or spool - upright, label face square to the camera. Camera straight on at label height, the item turned a few degrees so it still has depth. HOUSE STYLE (identical for every picture): studio product photograph on a near-black charcoal floor and backdrop (#14181F). One warm orange rim light raking in low from the left, a soft white top fill, and a gentle pool of orange glow on the floor under the item. Deep soft shadows, pin-sharp focus, high detail. The item is centred, filling about 75% of a square 800x800 frame. Nothing else in shot: no hands, no people, no props, no added text or watermark, no price, no other brand's logo - only markings the real item carries. LABEL RULE FOR THIS RENDER: show the product FORM and its stamped size/type markings only. Do NOT invent readable label text - no brand wordmarks, no batch numbers, no expiry dates. The MyGear card carries the exact name; the picture only has to be unmistakably this kind of thing.","Label brand/size legible; quantity form matches how the store issues it (pair/pack/roll/tin) ; house style holds (dark floor, orange rim glow, item fills ~75%, no text/people/price) ; no invented label text (brand/batch/expiry) anywhere in the image"
79,CONSUMABLE,CEME9016-590685,CEME9016-590685.jpg,CLOTH - CLEAN ABSORBENT 490MM X 70M - K2/26,Consumables,0,IDENTIFIED,RENDER_FROM_DESCRIPTION,"THE ITEM: CLOTH - CLEAN ABSORBENT 490MM X 70M - K2/26. The item exactly as handed over the counter - packet, tin, pair or spool - upright, label face square to the camera. Camera straight on at label height, the item turned a few degrees so it still has depth. THE MARKINGS THAT MUST BE READABLE: 490mm | 70m. HOUSE STYLE (identical for every picture): studio product photograph on a near-black charcoal floor and backdrop (#14181F). One warm orange rim light raking in low from the left, a soft white top fill, and a gentle pool of orange glow on the floor under the item. Deep soft shadows, pin-sharp focus, high detail. The item is centred, filling about 75% of a square 800x800 frame. Nothing else in shot: no hands, no people, no props, no added text or watermark, no price, no other brand's logo - only markings the real item carries. LABEL RULE FOR THIS RENDER: show the product FORM and its stamped size/type markings only. Do NOT invent readable label text - no brand wordmarks, no batch numbers, no expiry dates. The MyGear card carries the exact name; the picture only has to be unmistakably this kind of thing.","Label brand/size legible; quantity form matches how the store issues it (pair/pack/roll/tin) ; stamped/labelled sizes readable: 490mm, 70m ; house style holds (dark floor, orange rim glow, item fills ~75%, no text/people/price) ; no invented label text (brand/batch/expiry) anywhere in the image"
80,CONSUMABLE,CEME9016-590686,CEME9016-590686.jpg,CLOTH - CLEAN ROAR 245MM X 70M - K2/26,Consumables,0,IDENTIFIED,RENDER_FROM_DESCRIPTION,"THE ITEM: CLOTH - CLEAN ROAR 245MM X 70M - K2/26. The item exactly as handed over the counter - packet, tin, pair or spool - upright, label face square to the camera. Camera straight on at label height, the item turned a few degrees so it still has depth. THE MARKINGS THAT MUST BE READABLE: 245mm | 70m. HOUSE STYLE (identical for every picture): studio product photograph on a near-black charcoal floor and backdrop (#14181F). One warm orange rim light raking in low from the left, a soft white top fill, and a gentle pool of orange glow on the floor under the item. Deep soft shadows, pin-sharp focus, high detail. The item is centred, filling about 75% of a square 800x800 frame. Nothing else in shot: no hands, no people, no props, no added text or watermark, no price, no other brand's logo - only markings the real item carries. LABEL RULE FOR THIS RENDER: show the product FORM and its stamped size/type markings only. Do NOT invent readable label text - no brand wordmarks, no batch numbers, no expiry dates. The MyGear card carries the exact name; the picture only has to be unmistakably this kind of thing.","Label brand/size legible; quantity form matches how the store issues it (pair/pack/roll/tin) ; stamped/labelled sizes readable: 245mm, 70m ; house style holds (dark floor, orange rim glow, item fills ~75%, no text/people/price) ; no invented label text (brand/batch/expiry) anywhere in the image"
81,CONSUMABLE,CEME9016-590687,CEME9016-590687.jpg,DIPHOTERINE - EYEWASH EYE-SIEW 50ML - K2/26,Consumables,0,IDENTIFIED,RENDER_FROM_DESCRIPTION,"THE ITEM: DIPHOTERINE - EYEWASH EYE-SIEW 50ML - K2/26. The item exactly as handed over the counter - packet, tin, pair or spool - upright, label face square to the camera. Camera straight on at label height, the item turned a few degrees so it still has depth. HOUSE STYLE (identical for every picture): studio product photograph on a near-black charcoal floor and backdrop (#14181F). One warm orange rim light raking in low from the left, a soft white top fill, and a gentle pool of orange glow on the floor under the item. Deep soft shadows, pin-sharp focus, high detail. The item is centred, filling about 75% of a square 800x800 frame. Nothing else in shot: no hands, no people, no props, no added text or watermark, no price, no other brand's logo - only markings the real item carries. LABEL RULE FOR THIS RENDER: show the product FORM and its stamped size/type markings only. Do NOT invent readable label text - no brand wordmarks, no batch numbers, no expiry dates. The MyGear card carries the exact name; the picture only has to be unmistakably this kind of thing.","Label brand/size legible; quantity form matches how the store issues it (pair/pack/roll/tin) ; house style holds (dark floor, orange rim glow, item fills ~75%, no text/people/price) ; no invented label text (brand/batch/expiry) anywhere in the image"
82,CONSUMABLE,CEME9016-590688,CEME9016-590688.jpg,DIPHOTERINE - EYEWASH EYE-SIEW 50ML - K2/26,Consumables,0,IDENTIFIED,RENDER_FROM_DESCRIPTION,"THE ITEM: DIPHOTERINE - EYEWASH EYE-SIEW 50ML - K2/26. The item exactly as handed over the counter - packet, tin, pair or spool - upright, label face square to the camera. Camera straight on at label height, the item turned a few degrees so it still has depth. HOUSE STYLE (identical for every picture): studio product photograph on a near-black charcoal floor and backdrop (#14181F). One warm orange rim light raking in low from the left, a soft white top fill, and a gentle pool of orange glow on the floor under the item. Deep soft shadows, pin-sharp focus, high detail. The item is centred, filling about 75% of a square 800x800 frame. Nothing else in shot: no hands, no people, no props, no added text or watermark, no price, no other brand's logo - only markings the real item carries. LABEL RULE FOR THIS RENDER: show the product FORM and its stamped size/type markings only. Do NOT invent readable label text - no brand wordmarks, no batch numbers, no expiry dates. The MyGear card carries the exact name; the picture only has to be unmistakably this kind of thing.","Label brand/size legible; quantity form matches how the store issues it (pair/pack/roll/tin) ; house style holds (dark floor, orange rim glow, item fills ~75%, no text/people/price) ; no invented label text (brand/batch/expiry) anywhere in the image"
83,CONSUMABLE,CEME9016-590689,CEME9016-590689.jpg,DIPHOTERINE - FACE/HAND SPRAY 100ML - K2/26,Consumables,0,IDENTIFIED,RENDER_FROM_DESCRIPTION,"THE ITEM: DIPHOTERINE - FACE/HAND SPRAY 100ML - K2/26. The item exactly as handed over the counter - packet, tin, pair or spool - upright, label face square to the camera. Camera straight on at label height, the item turned a few degrees so it still has depth. HOUSE STYLE (identical for every picture): studio product photograph on a near-black charcoal floor and backdrop (#14181F). One warm orange rim light raking in low from the left, a soft white top fill, and a gentle pool of orange glow on the floor under the item. Deep soft shadows, pin-sharp focus, high detail. The item is centred, filling about 75% of a square 800x800 frame. Nothing else in shot: no hands, no people, no props, no added text or watermark, no price, no other brand's logo - only markings the real item carries. LABEL RULE FOR THIS RENDER: show the product FORM and its stamped size/type markings only. Do NOT invent readable label text - no brand wordmarks, no batch numbers, no expiry dates. The MyGear card carries the exact name; the picture only has to be unmistakably this kind of thing.","Label brand/size legible; quantity form matches how the store issues it (pair/pack/roll/tin) ; house style holds (dark floor, orange rim glow, item fills ~75%, no text/people/price) ; no invented label text (brand/batch/expiry) anywhere in the image"
84,CONSUMABLE,CEME9016-590690,CEME9016-590690.jpg,DUSTPAN - METAL D-HANDLE - K2/26,Consumables,7,AMBIGUOUS,RENDER_FROM_DESCRIPTION,"THE ITEM: DUSTPAN - METAL D-HANDLE - K2/26. The item exactly as handed over the counter - packet, tin, pair or spool - upright, label face square to the camera. Camera straight on at label height, the item turned a few degrees so it still has depth. HOUSE STYLE (identical for every picture): studio product photograph on a near-black charcoal floor and backdrop (#14181F). One warm orange rim light raking in low from the left, a soft white top fill, and a gentle pool of orange glow on the floor under the item. Deep soft shadows, pin-sharp focus, high detail. The item is centred, filling about 75% of a square 800x800 frame. Nothing else in shot: no hands, no people, no props, no added text or watermark, no price, no other brand's logo - only markings the real item carries. LABEL RULE FOR THIS RENDER: show the product FORM and its stamped size/type markings only. Do NOT invent readable label text - no brand wordmarks, no batch numbers, no expiry dates. The MyGear card carries the exact name; the picture only has to be unmistakably this kind of thing.","Label brand/size legible; quantity form matches how the store issues it (pair/pack/roll/tin) ; house style holds (dark floor, orange rim glow, item fills ~75%, no text/people/price) ; no invented label text (brand/batch/expiry) anywhere in the image"
85,CONSUMABLE,CEME9016-590691,CEME9016-590691.jpg,FLAP DISC WHEEL - 127MM 60 GRIT - K2/26,Consumables,32,AMBIGUOUS,RENDER_FROM_DESCRIPTION,"THE ITEM: FLAP DISC WHEEL - 127MM 60 GRIT - K2/26. The item exactly as handed over the counter - packet, tin, pair or spool - upright, label face square to the camera. Camera straight on at label height, the item turned a few degrees so it still has depth. THE MARKINGS THAT MUST BE READABLE: 127mm. HOUSE STYLE (identical for every picture): studio product photograph on a near-black charcoal floor and backdrop (#14181F). One warm orange rim light raking in low from the left, a soft white top fill, and a gentle pool of orange glow on the floor under the item. Deep soft shadows, pin-sharp focus, high detail. The item is centred, filling about 75% of a square 800x800 frame. Nothing else in shot: no hands, no people, no props, no added text or watermark, no price, no other brand's logo - only markings the real item carries. LABEL RULE FOR THIS RENDER: show the product FORM and its stamped size/type markings only. Do NOT invent readable label text - no brand wordmarks, no batch numbers, no expiry dates. The MyGear card carries the exact name; the picture only has to be unmistakably this kind of thing.","Label brand/size legible; quantity form matches how the store issues it (pair/pack/roll/tin) ; stamped/labelled sizes readable: 127mm ; house style holds (dark floor, orange rim glow, item fills ~75%, no text/people/price) ; no invented label text (brand/batch/expiry) anywhere in the image"
86,CONSUMABLE,CEME9016-590692,CEME9016-590692.jpg,GASKET FORMING COMPOUND - MASTER 51531 - K2/26,Consumables,0,IDENTIFIED,RENDER_FROM_DESCRIPTION,"THE ITEM: GASKET FORMING COMPOUND - MASTER 51531 - K2/26. The item exactly as handed over the counter - packet, tin, pair or spool - upright, label face square to the camera. Camera straight on at label height, the item turned a few degrees so it still has depth. HOUSE STYLE (identical for every picture): studio product photograph on a near-black charcoal floor and backdrop (#14181F). One warm orange rim light raking in low from the left, a soft white top fill, and a gentle pool of orange glow on the floor under the item. Deep soft shadows, pin-sharp focus, high detail. The item is centred, filling about 75% of a square 800x800 frame. Nothing else in shot: no hands, no people, no props, no added text or watermark, no price, no other brand's logo - only markings the real item carries. LABEL RULE FOR THIS RENDER: show the product FORM and its stamped size/type markings only. Do NOT invent readable label text - no brand wordmarks, no batch numbers, no expiry dates. The MyGear card carries the exact name; the picture only has to be unmistakably this kind of thing.","Label brand/size legible; quantity form matches how the store issues it (pair/pack/roll/tin) ; house style holds (dark floor, orange rim glow, item fills ~75%, no text/people/price) ; no invented label text (brand/batch/expiry) anywhere in the image"
87,CONSUMABLE,CEME9016-590693,CEME9016-590693.jpg,HAMMER - WELDERS CHIPPING SPRING HANDLE - K2/26,Consumables,3,AMBIGUOUS,RENDER_FROM_DESCRIPTION,"THE ITEM: HAMMER - WELDERS CHIPPING SPRING HANDLE - K2/26. The item exactly as handed over the counter - packet, tin, pair or spool - upright, label face square to the camera. Camera straight on at label height, the item turned a few degrees so it still has depth. HOUSE STYLE (identical for every picture): studio product photograph on a near-black charcoal floor and backdrop (#14181F). One warm orange rim light raking in low from the left, a soft white top fill, and a gentle pool of orange glow on the floor under the item. Deep soft shadows, pin-sharp focus, high detail. The item is centred, filling about 75% of a square 800x800 frame. Nothing else in shot: no hands, no people, no props, no added text or watermark, no price, no other brand's logo - only markings the real item carries. LABEL RULE FOR THIS RENDER: show the product FORM and its stamped size/type markings only. Do NOT invent readable label text - no brand wordmarks, no batch numbers, no expiry dates. The MyGear card carries the exact name; the picture only has to be unmistakably this kind of thing.","Label brand/size legible; quantity form matches how the store issues it (pair/pack/roll/tin) ; house style holds (dark floor, orange rim glow, item fills ~75%, no text/people/price) ; no invented label text (brand/batch/expiry) anywhere in the image"
88,CONSUMABLE,CEME9016-590694,CEME9016-590694.jpg,ICE BLOCK - ELECTROLYTE MIXED PK15 - K2/26,Consumables,60,LIKELY_CONFIRM,RENDER_FROM_DESCRIPTION,"THE ITEM: ICE BLOCK - ELECTROLYTE MIXED PK15 - K2/26. The item exactly as handed over the counter - packet, tin, pair or spool - upright, label face square to the camera. Camera straight on at label height, the item turned a few degrees so it still has depth. HOUSE STYLE (identical for every picture): studio product photograph on a near-black charcoal floor and backdrop (#14181F). One warm orange rim light raking in low from the left, a soft white top fill, and a gentle pool of orange glow on the floor under the item. Deep soft shadows, pin-sharp focus, high detail. The item is centred, filling about 75% of a square 800x800 frame. Nothing else in shot: no hands, no people, no props, no added text or watermark, no price, no other brand's logo - only markings the real item carries. LABEL RULE FOR THIS RENDER: show the product FORM and its stamped size/type markings only. Do NOT invent readable label text - no brand wordmarks, no batch numbers, no expiry dates. The MyGear card carries the exact name; the picture only has to be unmistakably this kind of thing.","Label brand/size legible; quantity form matches how the store issues it (pair/pack/roll/tin) ; house style holds (dark floor, orange rim glow, item fills ~75%, no text/people/price) ; no invented label text (brand/batch/expiry) anywhere in the image"
89,CONSUMABLE,CEME9016-590695,CEME9016-590695.jpg,OIL - PENETRATING CRC 5-56 400G - K2/26,Consumables,9,IDENTIFIED,RENDER_FROM_DESCRIPTION,"THE ITEM: OIL - PENETRATING CRC 5-56 400G - K2/26. The item exactly as handed over the counter - packet, tin, pair or spool - upright, label face square to the camera. Camera straight on at label height, the item turned a few degrees so it still has depth. HOUSE STYLE (identical for every picture): studio product photograph on a near-black charcoal floor and backdrop (#14181F). One warm orange rim light raking in low from the left, a soft white top fill, and a gentle pool of orange glow on the floor under the item. Deep soft shadows, pin-sharp focus, high detail. The item is centred, filling about 75% of a square 800x800 frame. Nothing else in shot: no hands, no people, no props, no added text or watermark, no price, no other brand's logo - only markings the real item carries. LABEL RULE FOR THIS RENDER: show the product FORM and its stamped size/type markings only. Do NOT invent readable label text - no brand wordmarks, no batch numbers, no expiry dates. The MyGear card carries the exact name; the picture only has to be unmistakably this kind of thing.","Label brand/size legible; quantity form matches how the store issues it (pair/pack/roll/tin) ; house style holds (dark floor, orange rim glow, item fills ~75%, no text/people/price) ; no invented label text (brand/batch/expiry) anywhere in the image"
90,CONSUMABLE,CEME9016-590696,CEME9016-590696.jpg,OIL - PENETRATING PENETRENE 500ML - K2/26,Consumables,6,IDENTIFIED,RENDER_FROM_DESCRIPTION,"THE ITEM: OIL - PENETRATING PENETRENE 500ML - K2/26. The item exactly as handed over the counter - packet, tin, pair or spool - upright, label face square to the camera. Camera straight on at label height, the item turned a few degrees so it still has depth. HOUSE STYLE (identical for every picture): studio product photograph on a near-black charcoal floor and backdrop (#14181F). One warm orange rim light raking in low from the left, a soft white top fill, and a gentle pool of orange glow on the floor under the item. Deep soft shadows, pin-sharp focus, high detail. The item is centred, filling about 75% of a square 800x800 frame. Nothing else in shot: no hands, no people, no props, no added text or watermark, no price, no other brand's logo - only markings the real item carries. LABEL RULE FOR THIS RENDER: show the product FORM and its stamped size/type markings only. Do NOT invent readable label text - no brand wordmarks, no batch numbers, no expiry dates. The MyGear card carries the exact name; the picture only has to be unmistakably this kind of thing.","Label brand/size legible; quantity form matches how the store issues it (pair/pack/roll/tin) ; house style holds (dark floor, orange rim glow, item fills ~75%, no text/people/price) ; no invented label text (brand/batch/expiry) anywhere in the image"
91,CONSUMABLE,CEME9016-590697,CEME9016-590697.jpg,OVERALL - TYVEK CHEMICAL RESISTANT HOODED XL - K2/26,Consumables,158,LIKELY_CONFIRM,RENDER_FROM_DESCRIPTION,"THE ITEM: OVERALL - TYVEK CHEMICAL RESISTANT HOODED XL - K2/26. The item exactly as handed over the counter - packet, tin, pair or spool - upright, label face square to the camera. Camera straight on at label height, the item turned a few degrees so it still has depth. HOUSE STYLE (identical for every picture): studio product photograph on a near-black charcoal floor and backdrop (#14181F). One warm orange rim light raking in low from the left, a soft white top fill, and a gentle pool of orange glow on the floor under the item. Deep soft shadows, pin-sharp focus, high detail. The item is centred, filling about 75% of a square 800x800 frame. Nothing else in shot: no hands, no people, no props, no added text or watermark, no price, no other brand's logo - only markings the real item carries. LABEL RULE FOR THIS RENDER: show the product FORM and its stamped size/type markings only. Do NOT invent readable label text - no brand wordmarks, no batch numbers, no expiry dates. The MyGear card carries the exact name; the picture only has to be unmistakably this kind of thing.","Label brand/size legible; quantity form matches how the store issues it (pair/pack/roll/tin) ; house style holds (dark floor, orange rim glow, item fills ~75%, no text/people/price) ; no invented label text (brand/batch/expiry) anywhere in the image"
92,CONSUMABLE,CEME9016-590698,CEME9016-590698.jpg,OVERALL - TYVEK CHEMICAL RESISTANT HOODED XXL - K2/26,Consumables,96,LIKELY_CONFIRM,RENDER_FROM_DESCRIPTION,"THE ITEM: OVERALL - TYVEK CHEMICAL RESISTANT HOODED XXL - K2/26. The item exactly as handed over the counter - packet, tin, pair or spool - upright, label face square to the camera. Camera straight on at label height, the item turned a few degrees so it still has depth. HOUSE STYLE (identical for every picture): studio product photograph on a near-black charcoal floor and backdrop (#14181F). One warm orange rim light raking in low from the left, a soft white top fill, and a gentle pool of orange glow on the floor under the item. Deep soft shadows, pin-sharp focus, high detail. The item is centred, filling about 75% of a square 800x800 frame. Nothing else in shot: no hands, no people, no props, no added text or watermark, no price, no other brand's logo - only markings the real item carries. LABEL RULE FOR THIS RENDER: show the product FORM and its stamped size/type markings only. Do NOT invent readable label text - no brand wordmarks, no batch numbers, no expiry dates. The MyGear card carries the exact name; the picture only has to be unmistakably this kind of thing.","Label brand/size legible; quantity form matches how the store issues it (pair/pack/roll/tin) ; house style holds (dark floor, orange rim glow, item fills ~75%, no text/people/price) ; no invented label text (brand/batch/expiry) anywhere in the image"
93,CONSUMABLE,CEME9016-590699,CEME9016-590699.jpg,PADLOCK - LOCKOUT MASTER 410 (RED) - K2/26,Consumables,83,IDENTIFIED,RENDER_FROM_DESCRIPTION,"THE ITEM: PADLOCK - LOCKOUT MASTER 410 (RED) - K2/26. The item exactly as handed over the counter - packet, tin, pair or spool - upright, label face square to the camera. Camera straight on at label height, the item turned a few degrees so it still has depth. HOUSE STYLE (identical for every picture): studio product photograph on a near-black charcoal floor and backdrop (#14181F). One warm orange rim light raking in low from the left, a soft white top fill, and a gentle pool of orange glow on the floor under the item. Deep soft shadows, pin-sharp focus, high detail. The item is centred, filling about 75% of a square 800x800 frame. Nothing else in shot: no hands, no people, no props, no added text or watermark, no price, no other brand's logo - only markings the real item carries. LABEL RULE FOR THIS RENDER: show the product FORM and its stamped size/type markings only. Do NOT invent readable label text - no brand wordmarks, no batch numbers, no expiry dates. The MyGear card carries the exact name; the picture only has to be unmistakably this kind of thing.","Label brand/size legible; quantity form matches how the store issues it (pair/pack/roll/tin) ; house style holds (dark floor, orange rim glow, item fills ~75%, no text/people/price) ; no invented label text (brand/batch/expiry) anywhere in the image"
94,CONSUMABLE,CEME9016-590700,CEME9016-590700.jpg,PADLOCK - LOCKOUT MASTER 410 (RED) - K2/26,Consumables,0,IDENTIFIED,RENDER_FROM_DESCRIPTION,"THE ITEM: PADLOCK - LOCKOUT MASTER 410 (RED) - K2/26. The item exactly as handed over the counter - packet, tin, pair or spool - upright, label face square to the camera. Camera straight on at label height, the item turned a few degrees so it still has depth. HOUSE STYLE (identical for every picture): studio product photograph on a near-black charcoal floor and backdrop (#14181F). One warm orange rim light raking in low from the left, a soft white top fill, and a gentle pool of orange glow on the floor under the item. Deep soft shadows, pin-sharp focus, high detail. The item is centred, filling about 75% of a square 800x800 frame. Nothing else in shot: no hands, no people, no props, no added text or watermark, no price, no other brand's logo - only markings the real item carries. LABEL RULE FOR THIS RENDER: show the product FORM and its stamped size/type markings only. Do NOT invent readable label text - no brand wordmarks, no batch numbers, no expiry dates. The MyGear card carries the exact name; the picture only has to be unmistakably this kind of thing.","Label brand/size legible; quantity form matches how the store issues it (pair/pack/roll/tin) ; house style holds (dark floor, orange rim glow, item fills ~75%, no text/people/price) ; no invented label text (brand/batch/expiry) anywhere in the image"
95,CONSUMABLE,CEME9016-590701,CEME9016-590701.jpg,PAINT - ZINC COLD GALVANISE SPRAY 400G - K2/26,Consumables,5,AMBIGUOUS,RENDER_FROM_DESCRIPTION,"THE ITEM: PAINT - ZINC COLD GALVANISE SPRAY 400G - K2/26. The item exactly as handed over the counter - packet, tin, pair or spool - upright, label face square to the camera. Camera straight on at label height, the item turned a few degrees so it still has depth. HOUSE STYLE (identical for every picture): studio product photograph on a near-black charcoal floor and backdrop (#14181F). One warm orange rim light raking in low from the left, a soft white top fill, and a gentle pool of orange glow on the floor under the item. Deep soft shadows, pin-sharp focus, high detail. The item is centred, filling about 75% of a square 800x800 frame. Nothing else in shot: no hands, no people, no props, no added text or watermark, no price, no other brand's logo - only markings the real item carries. LABEL RULE FOR THIS RENDER: show the product FORM and its stamped size/type markings only. Do NOT invent readable label text - no brand wordmarks, no batch numbers, no expiry dates. The MyGear card carries the exact name; the picture only has to be unmistakably this kind of thing.","Label brand/size legible; quantity form matches how the store issues it (pair/pack/roll/tin) ; house style holds (dark floor, orange rim glow, item fills ~75%, no text/people/price) ; no invented label text (brand/batch/expiry) anywhere in the image"
96,CONSUMABLE,CEME9016-590702,CEME9016-590702.jpg,PAINT BRUSH - BUDGET 50MM - K2/26,Consumables,3,AMBIGUOUS,RENDER_FROM_DESCRIPTION,"THE ITEM: PAINT BRUSH - BUDGET 50MM - K2/26. The item exactly as handed over the counter - packet, tin, pair or spool - upright, label face square to the camera. Camera straight on at label height, the item turned a few degrees so it still has depth. THE MARKINGS THAT MUST BE READABLE: 50mm. HOUSE STYLE (identical for every picture): studio product photograph on a near-black charcoal floor and backdrop (#14181F). One warm orange rim light raking in low from the left, a soft white top fill, and a gentle pool of orange glow on the floor under the item. Deep soft shadows, pin-sharp focus, high detail. The item is centred, filling about 75% of a square 800x800 frame. Nothing else in shot: no hands, no people, no props, no added text or watermark, no price, no other brand's logo - only markings the real item carries. LABEL RULE FOR THIS RENDER: show the product FORM and its stamped size/type markings only. Do NOT invent readable label text - no brand wordmarks, no batch numbers, no expiry dates. The MyGear card carries the exact name; the picture only has to be unmistakably this kind of thing.","Label brand/size legible; quantity form matches how the store issues it (pair/pack/roll/tin) ; stamped/labelled sizes readable: 50mm ; house style holds (dark floor, orange rim glow, item fills ~75%, no text/people/price) ; no invented label text (brand/batch/expiry) anywhere in the image"
97,CONSUMABLE,CEME9016-590703,CEME9016-590703.jpg,PAINT BRUSH - BUDGET 75MM - K2/26,Consumables,1,AMBIGUOUS,RENDER_FROM_DESCRIPTION,"THE ITEM: PAINT BRUSH - BUDGET 75MM - K2/26. The item exactly as handed over the counter - packet, tin, pair or spool - upright, label face square to the camera. Camera straight on at label height, the item turned a few degrees so it still has depth. THE MARKINGS THAT MUST BE READABLE: 75mm. HOUSE STYLE (identical for every picture): studio product photograph on a near-black charcoal floor and backdrop (#14181F). One warm orange rim light raking in low from the left, a soft white top fill, and a gentle pool of orange glow on the floor under the item. Deep soft shadows, pin-sharp focus, high detail. The item is centred, filling about 75% of a square 800x800 frame. Nothing else in shot: no hands, no people, no props, no added text or watermark, no price, no other brand's logo - only markings the real item carries. LABEL RULE FOR THIS RENDER: show the product FORM and its stamped size/type markings only. Do NOT invent readable label text - no brand wordmarks, no batch numbers, no expiry dates. The MyGear card carries the exact name; the picture only has to be unmistakably this kind of thing.","Label brand/size legible; quantity form matches how the store issues it (pair/pack/roll/tin) ; stamped/labelled sizes readable: 75mm ; house style holds (dark floor, orange rim glow, item fills ~75%, no text/people/price) ; no invented label text (brand/batch/expiry) anywhere in the image"
98,CONSUMABLE,CEME9016-590704,CEME9016-590704.jpg,PAINT BRUSH - TRADESMAN 25MM - K2/26,Consumables,5,AMBIGUOUS,RENDER_FROM_DESCRIPTION,"THE ITEM: PAINT BRUSH - TRADESMAN 25MM - K2/26. The item exactly as handed over the counter - packet, tin, pair or spool - upright, label face square to the camera. Camera straight on at label height, the item turned a few degrees so it still has depth. THE MARKINGS THAT MUST BE READABLE: 25mm. HOUSE STYLE (identical for every picture): studio product photograph on a near-black charcoal floor and backdrop (#14181F). One warm orange rim light raking in low from the left, a soft white top fill, and a gentle pool of orange glow on the floor under the item. Deep soft shadows, pin-sharp focus, high detail. The item is centred, filling about 75% of a square 800x800 frame. Nothing else in shot: no hands, no people, no props, no added text or watermark, no price, no other brand's logo - only markings the real item carries. LABEL RULE FOR THIS RENDER: show the product FORM and its stamped size/type markings only. Do NOT invent readable label text - no brand wordmarks, no batch numbers, no expiry dates. The MyGear card carries the exact name; the picture only has to be unmistakably this kind of thing.","Label brand/size legible; quantity form matches how the store issues it (pair/pack/roll/tin) ; stamped/labelled sizes readable: 25mm ; house style holds (dark floor, orange rim glow, item fills ~75%, no text/people/price) ; no invented label text (brand/batch/expiry) anywhere in the image"
99,CONSUMABLE,CEME9016-590705,CEME9016-590705.jpg,RAG - COTTON WIPING 10KG SLAB - K2/26,Consumables,3,AMBIGUOUS,RENDER_FROM_DESCRIPTION,"THE ITEM: RAG - COTTON WIPING 10KG SLAB - K2/26. The item exactly as handed over the counter - packet, tin, pair or spool - upright, label face square to the camera. Camera straight on at label height, the item turned a few degrees so it still has depth. THE MARKINGS THAT MUST BE READABLE: 10kg. HOUSE STYLE (identical for every picture): studio product photograph on a near-black charcoal floor and backdrop (#14181F). One warm orange rim light raking in low from the left, a soft white top fill, and a gentle pool of orange glow on the floor under the item. Deep soft shadows, pin-sharp focus, high detail. The item is centred, filling about 75% of a square 800x800 frame. Nothing else in shot: no hands, no people, no props, no added text or watermark, no price, no other brand's logo - only markings the real item carries. LABEL RULE FOR THIS RENDER: show the product FORM and its stamped size/type markings only. Do NOT invent readable label text - no brand wordmarks, no batch numbers, no expiry dates. The MyGear card carries the exact name; the picture only has to be unmistakably this kind of thing.","Label brand/size legible; quantity form matches how the store issues it (pair/pack/roll/tin) ; stamped/labelled sizes readable: 10kg ; house style holds (dark floor, orange rim glow, item fills ~75%, no text/people/price) ; no invented label text (brand/batch/expiry) anywhere in the image"
100,CONSUMABLE,CEME9016-590706,CEME9016-590706.jpg,RESPIRATOR - P2 DISPOSABLE 8822 - K2/26,Consumables,38,IDENTIFIED,RENDER_FROM_DESCRIPTION,"THE ITEM: RESPIRATOR - P2 DISPOSABLE 8822 - K2/26. The item exactly as handed over the counter - packet, tin, pair or spool - upright, label face square to the camera. Camera straight on at label height, the item turned a few degrees so it still has depth. HOUSE STYLE (identical for every picture): studio product photograph on a near-black charcoal floor and backdrop (#14181F). One warm orange rim light raking in low from the left, a soft white top fill, and a gentle pool of orange glow on the floor under the item. Deep soft shadows, pin-sharp focus, high detail. The item is centred, filling about 75% of a square 800x800 frame. Nothing else in shot: no hands, no people, no props, no added text or watermark, no price, no other brand's logo - only markings the real item carries. LABEL RULE FOR THIS RENDER: show the product FORM and its stamped size/type markings only. Do NOT invent readable label text - no brand wordmarks, no batch numbers, no expiry dates. The MyGear card carries the exact name; the picture only has to be unmistakably this kind of thing.","Label brand/size legible; quantity form matches how the store issues it (pair/pack/roll/tin) ; house style holds (dark floor, orange rim glow, item fills ~75%, no text/people/price) ; no invented label text (brand/batch/expiry) anywhere in the image"
101,CONSUMABLE,CEME9016-590707,CEME9016-590707.jpg,RESPIRATOR - P2V FLATFOLD CARBON - K2/26,Consumables,130,LIKELY_CONFIRM,RENDER_FROM_DESCRIPTION,"THE ITEM: RESPIRATOR - P2V FLATFOLD CARBON - K2/26. The item exactly as handed over the counter - packet, tin, pair or spool - upright, label face square to the camera. Camera straight on at label height, the item turned a few degrees so it still has depth. THE MARKINGS THAT MUST BE READABLE: 2v. HOUSE STYLE (identical for every picture): studio product photograph on a near-black charcoal floor and backdrop (#14181F). One warm orange rim light raking in low from the left, a soft white top fill, and a gentle pool of orange glow on the floor under the item. Deep soft shadows, pin-sharp focus, high detail. The item is centred, filling about 75% of a square 800x800 frame. Nothing else in shot: no hands, no people, no props, no added text or watermark, no price, no other brand's logo - only markings the real item carries. LABEL RULE FOR THIS RENDER: show the product FORM and its stamped size/type markings only. Do NOT invent readable label text - no brand wordmarks, no batch numbers, no expiry dates. The MyGear card carries the exact name; the picture only has to be unmistakably this kind of thing.","Label brand/size legible; quantity form matches how the store issues it (pair/pack/roll/tin) ; stamped/labelled sizes readable: 2v ; house style holds (dark floor, orange rim glow, item fills ~75%, no text/people/price) ; no invented label text (brand/batch/expiry) anywhere in the image"
102,CONSUMABLE,CEME9016-590708,CEME9016-590708.jpg,ROPE - POLYPROPYLENE 10MM X 250M - K2/26,Consumables,115,AMBIGUOUS,RENDER_FROM_DESCRIPTION,"THE ITEM: ROPE - POLYPROPYLENE 10MM X 250M - K2/26. The item exactly as handed over the counter - packet, tin, pair or spool - upright, label face square to the camera. Camera straight on at label height, the item turned a few degrees so it still has depth. THE MARKINGS THAT MUST BE READABLE: 10mm | 250m. HOUSE STYLE (identical for every picture): studio product photograph on a near-black charcoal floor and backdrop (#14181F). One warm orange rim light raking in low from the left, a soft white top fill, and a gentle pool of orange glow on the floor under the item. Deep soft shadows, pin-sharp focus, high detail. The item is centred, filling about 75% of a square 800x800 frame. Nothing else in shot: no hands, no people, no props, no added text or watermark, no price, no other brand's logo - only markings the real item carries. LABEL RULE FOR THIS RENDER: show the product FORM and its stamped size/type markings only. Do NOT invent readable label text - no brand wordmarks, no batch numbers, no expiry dates. The MyGear card carries the exact name; the picture only has to be unmistakably this kind of thing.","Label brand/size legible; quantity form matches how the store issues it (pair/pack/roll/tin) ; stamped/labelled sizes readable: 10mm, 250m ; house style holds (dark floor, orange rim glow, item fills ~75%, no text/people/price) ; no invented label text (brand/batch/expiry) anywhere in the image"
103,CONSUMABLE,CEME9016-590709,CEME9016-590709.jpg,ROPE - SISAL 6MM DIAMETER - K2/26,Consumables,172,AMBIGUOUS,RENDER_FROM_DESCRIPTION,"THE ITEM: ROPE - SISAL 6MM DIAMETER - K2/26. The item exactly as handed over the counter - packet, tin, pair or spool - upright, label face square to the camera. Camera straight on at label height, the item turned a few degrees so it still has depth. THE MARKINGS THAT MUST BE READABLE: 6mm. HOUSE STYLE (identical for every picture): studio product photograph on a near-black charcoal floor and backdrop (#14181F). One warm orange rim light raking in low from the left, a soft white top fill, and a gentle pool of orange glow on the floor under the item. Deep soft shadows, pin-sharp focus, high detail. The item is centred, filling about 75% of a square 800x800 frame. Nothing else in shot: no hands, no people, no props, no added text or watermark, no price, no other brand's logo - only markings the real item carries. LABEL RULE FOR THIS RENDER: show the product FORM and its stamped size/type markings only. Do NOT invent readable label text - no brand wordmarks, no batch numbers, no expiry dates. The MyGear card carries the exact name; the picture only has to be unmistakably this kind of thing.","Label brand/size legible; quantity form matches how the store issues it (pair/pack/roll/tin) ; stamped/labelled sizes readable: 6mm ; house style holds (dark floor, orange rim glow, item fills ~75%, no text/people/price) ; no invented label text (brand/batch/expiry) anywhere in the image"
104,CONSUMABLE,CEME9016-590710,CEME9016-590710.jpg,SAFETY GLASSES - DAY/NIGHT - K2/26,Consumables,0,AMBIGUOUS,RENDER_FROM_DESCRIPTION,"THE ITEM: SAFETY GLASSES - DAY/NIGHT - K2/26. The item exactly as handed over the counter - packet, tin, pair or spool - upright, label face square to the camera. Camera straight on at label height, the item turned a few degrees so it still has depth. HOUSE STYLE (identical for every picture): studio product photograph on a near-black charcoal floor and backdrop (#14181F). One warm orange rim light raking in low from the left, a soft white top fill, and a gentle pool of orange glow on the floor under the item. Deep soft shadows, pin-sharp focus, high detail. The item is centred, filling about 75% of a square 800x800 frame. Nothing else in shot: no hands, no people, no props, no added text or watermark, no price, no other brand's logo - only markings the real item carries. LABEL RULE FOR THIS RENDER: show the product FORM and its stamped size/type markings only. Do NOT invent readable label text - no brand wordmarks, no batch numbers, no expiry dates. The MyGear card carries the exact name; the picture only has to be unmistakably this kind of thing.","Label brand/size legible; quantity form matches how the store issues it (pair/pack/roll/tin) ; house style holds (dark floor, orange rim glow, item fills ~75%, no text/people/price) ; no invented label text (brand/batch/expiry) anywhere in the image"
105,CONSUMABLE,CEME9016-590711,CEME9016-590711.jpg,SAFETY TAG - GROUP ISOLATION - K2/26,Consumables,240,AMBIGUOUS,RENDER_FROM_DESCRIPTION,"THE ITEM: SAFETY TAG - GROUP ISOLATION - K2/26. The item exactly as handed over the counter - packet, tin, pair or spool - upright, label face square to the camera. Camera straight on at label height, the item turned a few degrees so it still has depth. HOUSE STYLE (identical for every picture): studio product photograph on a near-black charcoal floor and backdrop (#14181F). One warm orange rim light raking in low from the left, a soft white top fill, and a gentle pool of orange glow on the floor under the item. Deep soft shadows, pin-sharp focus, high detail. The item is centred, filling about 75% of a square 800x800 frame. Nothing else in shot: no hands, no people, no props, no added text or watermark, no price, no other brand's logo - only markings the real item carries. LABEL RULE FOR THIS RENDER: show the product FORM and its stamped size/type markings only. Do NOT invent readable label text - no brand wordmarks, no batch numbers, no expiry dates. The MyGear card carries the exact name; the picture only has to be unmistakably this kind of thing.","Label brand/size legible; quantity form matches how the store issues it (pair/pack/roll/tin) ; house style holds (dark floor, orange rim glow, item fills ~75%, no text/people/price) ; no invented label text (brand/batch/expiry) anywhere in the image"
106,CONSUMABLE,CEME9016-590712,CEME9016-590712.jpg,SAFETY TAG - INFORMATION - K2/26,Consumables,905,AMBIGUOUS,RENDER_FROM_DESCRIPTION,"THE ITEM: SAFETY TAG - INFORMATION - K2/26. The item exactly as handed over the counter - packet, tin, pair or spool - upright, label face square to the camera. Camera straight on at label height, the item turned a few degrees so it still has depth. HOUSE STYLE (identical for every picture): studio product photograph on a near-black charcoal floor and backdrop (#14181F). One warm orange rim light raking in low from the left, a soft white top fill, and a gentle pool of orange glow on the floor under the item. Deep soft shadows, pin-sharp focus, high detail. The item is centred, filling about 75% of a square 800x800 frame. Nothing else in shot: no hands, no people, no props, no added text or watermark, no price, no other brand's logo - only markings the real item carries. LABEL RULE FOR THIS RENDER: show the product FORM and its stamped size/type markings only. Do NOT invent readable label text - no brand wordmarks, no batch numbers, no expiry dates. The MyGear card carries the exact name; the picture only has to be unmistakably this kind of thing.","Label brand/size legible; quantity form matches how the store issues it (pair/pack/roll/tin) ; house style holds (dark floor, orange rim glow, item fills ~75%, no text/people/price) ; no invented label text (brand/batch/expiry) anywhere in the image"
107,CONSUMABLE,CEME9016-590713,CEME9016-590713.jpg,SAFETY TAG - OUT OF SERVICE - K2/26,Consumables,90,AMBIGUOUS,RENDER_FROM_DESCRIPTION,"THE ITEM: SAFETY TAG - OUT OF SERVICE - K2/26. The item exactly as handed over the counter - packet, tin, pair or spool - upright, label face square to the camera. Camera straight on at label height, the item turned a few degrees so it still has depth. HOUSE STYLE (identical for every picture): studio product photograph on a near-black charcoal floor and backdrop (#14181F). One warm orange rim light raking in low from the left, a soft white top fill, and a gentle pool of orange glow on the floor under the item. Deep soft shadows, pin-sharp focus, high detail. The item is centred, filling about 75% of a square 800x800 frame. Nothing else in shot: no hands, no people, no props, no added text or watermark, no price, no other brand's logo - only markings the real item carries. LABEL RULE FOR THIS RENDER: show the product FORM and its stamped size/type markings only. Do NOT invent readable label text - no brand wordmarks, no batch numbers, no expiry dates. The MyGear card carries the exact name; the picture only has to be unmistakably this kind of thing.","Label brand/size legible; quantity form matches how the store issues it (pair/pack/roll/tin) ; house style holds (dark floor, orange rim glow, item fills ~75%, no text/people/price) ; no invented label text (brand/batch/expiry) anywhere in the image"
108,CONSUMABLE,CEME9016-590714,CEME9016-590714.jpg,SAFETY TAG - PERSONAL ISOLATION - K2/26,Consumables,1030,AMBIGUOUS,RENDER_FROM_DESCRIPTION,"THE ITEM: SAFETY TAG - PERSONAL ISOLATION - K2/26. The item exactly as handed over the counter - packet, tin, pair or spool - upright, label face square to the camera. Camera straight on at label height, the item turned a few degrees so it still has depth. HOUSE STYLE (identical for every picture): studio product photograph on a near-black charcoal floor and backdrop (#14181F). One warm orange rim light raking in low from the left, a soft white top fill, and a gentle pool of orange glow on the floor under the item. Deep soft shadows, pin-sharp focus, high detail. The item is centred, filling about 75% of a square 800x800 frame. Nothing else in shot: no hands, no people, no props, no added text or watermark, no price, no other brand's logo - only markings the real item carries. LABEL RULE FOR THIS RENDER: show the product FORM and its stamped size/type markings only. Do NOT invent readable label text - no brand wordmarks, no batch numbers, no expiry dates. The MyGear card carries the exact name; the picture only has to be unmistakably this kind of thing.","Label brand/size legible; quantity form matches how the store issues it (pair/pack/roll/tin) ; house style holds (dark floor, orange rim glow, item fills ~75%, no text/people/price) ; no invented label text (brand/batch/expiry) anywhere in the image"
109,CONSUMABLE,CEME9016-590715,CEME9016-590715.jpg,SEALANT - HEAT RESISTANT RTV736 RED 305ML - K2/26,Consumables,68,LIKELY_CONFIRM,RENDER_FROM_DESCRIPTION,"THE ITEM: SEALANT - HEAT RESISTANT RTV736 RED 305ML - K2/26. The item exactly as handed over the counter - packet, tin, pair or spool - upright, label face square to the camera. Camera straight on at label height, the item turned a few degrees so it still has depth. HOUSE STYLE (identical for every picture): studio product photograph on a near-black charcoal floor and backdrop (#14181F). One warm orange rim light raking in low from the left, a soft white top fill, and a gentle pool of orange glow on the floor under the item. Deep soft shadows, pin-sharp focus, high detail. The item is centred, filling about 75% of a square 800x800 frame. Nothing else in shot: no hands, no people, no props, no added text or watermark, no price, no other brand's logo - only markings the real item carries. LABEL RULE FOR THIS RENDER: show the product FORM and its stamped size/type markings only. Do NOT invent readable label text - no brand wordmarks, no batch numbers, no expiry dates. The MyGear card carries the exact name; the picture only has to be unmistakably this kind of thing.","Label brand/size legible; quantity form matches how the store issues it (pair/pack/roll/tin) ; house style holds (dark floor, orange rim glow, item fills ~75%, no text/people/price) ; no invented label text (brand/batch/expiry) anywhere in the image"
110,CONSUMABLE,CEME9016-590716,CEME9016-590716.jpg,SEALANT - HEAT RESISTANT RTV736 RED 305ML - K2/26,Consumables,0,LIKELY_CONFIRM,RENDER_FROM_DESCRIPTION,"THE ITEM: SEALANT - HEAT RESISTANT RTV736 RED 305ML - K2/26. The item exactly as handed over the counter - packet, tin, pair or spool - upright, label face square to the camera. Camera straight on at label height, the item turned a few degrees so it still has depth. HOUSE STYLE (identical for every picture): studio product photograph on a near-black charcoal floor and backdrop (#14181F). One warm orange rim light raking in low from the left, a soft white top fill, and a gentle pool of orange glow on the floor under the item. Deep soft shadows, pin-sharp focus, high detail. The item is centred, filling about 75% of a square 800x800 frame. Nothing else in shot: no hands, no people, no props, no added text or watermark, no price, no other brand's logo - only markings the real item carries. LABEL RULE FOR THIS RENDER: show the product FORM and its stamped size/type markings only. Do NOT invent readable label text - no brand wordmarks, no batch numbers, no expiry dates. The MyGear card carries the exact name; the picture only has to be unmistakably this kind of thing.","Label brand/size legible; quantity form matches how the store issues it (pair/pack/roll/tin) ; house style holds (dark floor, orange rim glow, item fills ~75%, no text/people/price) ; no invented label text (brand/batch/expiry) anywhere in the image"
111,CONSUMABLE,CEME9016-590717,CEME9016-590717.jpg,SHOVEL - SQUARE MOUTH LONG HANDLE MEDIUM 265 X 315MM - K2/26,Consumables,12,AMBIGUOUS,RENDER_FROM_DESCRIPTION,"THE ITEM: SHOVEL - SQUARE MOUTH LONG HANDLE MEDIUM 265 X 315MM - K2/26. The item exactly as handed over the counter - packet, tin, pair or spool - upright, label face square to the camera. Camera straight on at label height, the item turned a few degrees so it still has depth. THE MARKINGS THAT MUST BE READABLE: 315mm. HOUSE STYLE (identical for every picture): studio product photograph on a near-black charcoal floor and backdrop (#14181F). One warm orange rim light raking in low from the left, a soft white top fill, and a gentle pool of orange glow on the floor under the item. Deep soft shadows, pin-sharp focus, high detail. The item is centred, filling about 75% of a square 800x800 frame. Nothing else in shot: no hands, no people, no props, no added text or watermark, no price, no other brand's logo - only markings the real item carries. LABEL RULE FOR THIS RENDER: show the product FORM and its stamped size/type markings only. Do NOT invent readable label text - no brand wordmarks, no batch numbers, no expiry dates. The MyGear card carries the exact name; the picture only has to be unmistakably this kind of thing.","Label brand/size legible; quantity form matches how the store issues it (pair/pack/roll/tin) ; stamped/labelled sizes readable: 315mm ; house style holds (dark floor, orange rim glow, item fills ~75%, no text/people/price) ; no invented label text (brand/batch/expiry) anywhere in the image"
112,CONSUMABLE,CEME9016-590718,CEME9016-590718.jpg,SQWINCHER SACHET - LEMON LIME 185ML PK50 - K2/26,Consumables,11,LIKELY_CONFIRM,RENDER_FROM_DESCRIPTION,"THE ITEM: SQWINCHER SACHET - LEMON LIME 185ML PK50 - K2/26. The item exactly as handed over the counter - packet, tin, pair or spool - upright, label face square to the camera. Camera straight on at label height, the item turned a few degrees so it still has depth. HOUSE STYLE (identical for every picture): studio product photograph on a near-black charcoal floor and backdrop (#14181F). One warm orange rim light raking in low from the left, a soft white top fill, and a gentle pool of orange glow on the floor under the item. Deep soft shadows, pin-sharp focus, high detail. The item is centred, filling about 75% of a square 800x800 frame. Nothing else in shot: no hands, no people, no props, no added text or watermark, no price, no other brand's logo - only markings the real item carries. LABEL RULE FOR THIS RENDER: show the product FORM and its stamped size/type markings only. Do NOT invent readable label text - no brand wordmarks, no batch numbers, no expiry dates. The MyGear card carries the exact name; the picture only has to be unmistakably this kind of thing.","Label brand/size legible; quantity form matches how the store issues it (pair/pack/roll/tin) ; house style holds (dark floor, orange rim glow, item fills ~75%, no text/people/price) ; no invented label text (brand/batch/expiry) anywhere in the image"
113,CONSUMABLE,CEME9016-590719,CEME9016-590719.jpg,SQWINCHER SACHET - LEMON LIME 185ML PK50 - K2/26,Consumables,0,LIKELY_CONFIRM,RENDER_FROM_DESCRIPTION,"THE ITEM: SQWINCHER SACHET - LEMON LIME 185ML PK50 - K2/26. The item exactly as handed over the counter - packet, tin, pair or spool - upright, label face square to the camera. Camera straight on at label height, the item turned a few degrees so it still has depth. HOUSE STYLE (identical for every picture): studio product photograph on a near-black charcoal floor and backdrop (#14181F). One warm orange rim light raking in low from the left, a soft white top fill, and a gentle pool of orange glow on the floor under the item. Deep soft shadows, pin-sharp focus, high detail. The item is centred, filling about 75% of a square 800x800 frame. Nothing else in shot: no hands, no people, no props, no added text or watermark, no price, no other brand's logo - only markings the real item carries. LABEL RULE FOR THIS RENDER: show the product FORM and its stamped size/type markings only. Do NOT invent readable label text - no brand wordmarks, no batch numbers, no expiry dates. The MyGear card carries the exact name; the picture only has to be unmistakably this kind of thing.","Label brand/size legible; quantity form matches how the store issues it (pair/pack/roll/tin) ; house style holds (dark floor, orange rim glow, item fills ~75%, no text/people/price) ; no invented label text (brand/batch/expiry) anywhere in the image"
114,CONSUMABLE,CEME9016-590720,CEME9016-590720.jpg,SQWINCHER SACHET - ORANGE 185ML PK50 - K2/26,Consumables,20,LIKELY_CONFIRM,RENDER_FROM_DESCRIPTION,"THE ITEM: SQWINCHER SACHET - ORANGE 185ML PK50 - K2/26. The item exactly as handed over the counter - packet, tin, pair or spool - upright, label face square to the camera. Camera straight on at label height, the item turned a few degrees so it still has depth. HOUSE STYLE (identical for every picture): studio product photograph on a near-black charcoal floor and backdrop (#14181F). One warm orange rim light raking in low from the left, a soft white top fill, and a gentle pool of orange glow on the floor under the item. Deep soft shadows, pin-sharp focus, high detail. The item is centred, filling about 75% of a square 800x800 frame. Nothing else in shot: no hands, no people, no props, no added text or watermark, no price, no other brand's logo - only markings the real item carries. LABEL RULE FOR THIS RENDER: show the product FORM and its stamped size/type markings only. Do NOT invent readable label text - no brand wordmarks, no batch numbers, no expiry dates. The MyGear card carries the exact name; the picture only has to be unmistakably this kind of thing.","Label brand/size legible; quantity form matches how the store issues it (pair/pack/roll/tin) ; house style holds (dark floor, orange rim glow, item fills ~75%, no text/people/price) ; no invented label text (brand/batch/expiry) anywhere in the image"
115,CONSUMABLE,CEME9016-590721,CEME9016-590721.jpg,SQWINCHER SACHET - ORANGE 185ML PK50 - K2/26,Consumables,0,LIKELY_CONFIRM,RENDER_FROM_DESCRIPTION,"THE ITEM: SQWINCHER SACHET - ORANGE 185ML PK50 - K2/26. The item exactly as handed over the counter - packet, tin, pair or spool - upright, label face square to the camera. Camera straight on at label height, the item turned a few degrees so it still has depth. HOUSE STYLE (identical for every picture): studio product photograph on a near-black charcoal floor and backdrop (#14181F). One warm orange rim light raking in low from the left, a soft white top fill, and a gentle pool of orange glow on the floor under the item. Deep soft shadows, pin-sharp focus, high detail. The item is centred, filling about 75% of a square 800x800 frame. Nothing else in shot: no hands, no people, no props, no added text or watermark, no price, no other brand's logo - only markings the real item carries. LABEL RULE FOR THIS RENDER: show the product FORM and its stamped size/type markings only. Do NOT invent readable label text - no brand wordmarks, no batch numbers, no expiry dates. The MyGear card carries the exact name; the picture only has to be unmistakably this kind of thing.","Label brand/size legible; quantity form matches how the store issues it (pair/pack/roll/tin) ; house style holds (dark floor, orange rim glow, item fills ~75%, no text/people/price) ; no invented label text (brand/batch/expiry) anywhere in the image"
116,CONSUMABLE,CEME9016-590722,CEME9016-590722.jpg,SQWINCHER SACHET - WILD BERRY 185ML PK50 - K2/26,Consumables,0,LIKELY_CONFIRM,RENDER_FROM_DESCRIPTION,"THE ITEM: SQWINCHER SACHET - WILD BERRY 185ML PK50 - K2/26. The item exactly as handed over the counter - packet, tin, pair or spool - upright, label face square to the camera. Camera straight on at label height, the item turned a few degrees so it still has depth. HOUSE STYLE (identical for every picture): studio product photograph on a near-black charcoal floor and backdrop (#14181F). One warm orange rim light raking in low from the left, a soft white top fill, and a gentle pool of orange glow on the floor under the item. Deep soft shadows, pin-sharp focus, high detail. The item is centred, filling about 75% of a square 800x800 frame. Nothing else in shot: no hands, no people, no props, no added text or watermark, no price, no other brand's logo - only markings the real item carries. LABEL RULE FOR THIS RENDER: show the product FORM and its stamped size/type markings only. Do NOT invent readable label text - no brand wordmarks, no batch numbers, no expiry dates. The MyGear card carries the exact name; the picture only has to be unmistakably this kind of thing.","Label brand/size legible; quantity form matches how the store issues it (pair/pack/roll/tin) ; house style holds (dark floor, orange rim glow, item fills ~75%, no text/people/price) ; no invented label text (brand/batch/expiry) anywhere in the image"
117,CONSUMABLE,CEME9016-590723,CEME9016-590723.jpg,TAPE - BARRIER 'DO NOT ENTER' BLACK/RED/WHITE - K2/26,Consumables,56,AMBIGUOUS,RENDER_FROM_DESCRIPTION,"THE ITEM: TAPE - BARRIER 'DO NOT ENTER' BLACK/RED/WHITE - K2/26. The item exactly as handed over the counter - packet, tin, pair or spool - upright, label face square to the camera. Camera straight on at label height, the item turned a few degrees so it still has depth. HOUSE STYLE (identical for every picture): studio product photograph on a near-black charcoal floor and backdrop (#14181F). One warm orange rim light raking in low from the left, a soft white top fill, and a gentle pool of orange glow on the floor under the item. Deep soft shadows, pin-sharp focus, high detail. The item is centred, filling about 75% of a square 800x800 frame. Nothing else in shot: no hands, no people, no props, no added text or watermark, no price, no other brand's logo - only markings the real item carries. LABEL RULE FOR THIS RENDER: show the product FORM and its stamped size/type markings only. Do NOT invent readable label text - no brand wordmarks, no batch numbers, no expiry dates. The MyGear card carries the exact name; the picture only has to be unmistakably this kind of thing.","Label brand/size legible; quantity form matches how the store issues it (pair/pack/roll/tin) ; house style holds (dark floor, orange rim glow, item fills ~75%, no text/people/price) ; no invented label text (brand/batch/expiry) anywhere in the image"
118,CONSUMABLE,CEME9016-590724,CEME9016-590724.jpg,TAPE - CAUTION BARRICADE YELLOW/BLACK 75MM X 100M - K2/26,Consumables,31,AMBIGUOUS,RENDER_FROM_DESCRIPTION,"THE ITEM: TAPE - CAUTION BARRICADE YELLOW/BLACK 75MM X 100M - K2/26. The item exactly as handed over the counter - packet, tin, pair or spool - upright, label face square to the camera. Camera straight on at label height, the item turned a few degrees so it still has depth. THE MARKINGS THAT MUST BE READABLE: 75mm | 100m. HOUSE STYLE (identical for every picture): studio product photograph on a near-black charcoal floor and backdrop (#14181F). One warm orange rim light raking in low from the left, a soft white top fill, and a gentle pool of orange glow on the floor under the item. Deep soft shadows, pin-sharp focus, high detail. The item is centred, filling about 75% of a square 800x800 frame. Nothing else in shot: no hands, no people, no props, no added text or watermark, no price, no other brand's logo - only markings the real item carries. LABEL RULE FOR THIS RENDER: show the product FORM and its stamped size/type markings only. Do NOT invent readable label text - no brand wordmarks, no batch numbers, no expiry dates. The MyGear card carries the exact name; the picture only has to be unmistakably this kind of thing.","Label brand/size legible; quantity form matches how the store issues it (pair/pack/roll/tin) ; stamped/labelled sizes readable: 75mm, 100m ; house style holds (dark floor, orange rim glow, item fills ~75%, no text/people/price) ; no invented label text (brand/batch/expiry) anywhere in the image"
119,CONSUMABLE,CEME9016-590725,CEME9016-590725.jpg,TAPE - CAUTION BARRICADE YELLOW/BLACK 75MM X 100M - K2/26 (alt),Consumables,0,AMBIGUOUS,RENDER_FROM_DESCRIPTION,"THE ITEM: TAPE - CAUTION BARRICADE YELLOW/BLACK 75MM X 100M - K2/26 (alt). The item exactly as handed over the counter - packet, tin, pair or spool - upright, label face square to the camera. Camera straight on at label height, the item turned a few degrees so it still has depth. THE MARKINGS THAT MUST BE READABLE: 75mm | 100m. HOUSE STYLE (identical for every picture): studio product photograph on a near-black charcoal floor and backdrop (#14181F). One warm orange rim light raking in low from the left, a soft white top fill, and a gentle pool of orange glow on the floor under the item. Deep soft shadows, pin-sharp focus, high detail. The item is centred, filling about 75% of a square 800x800 frame. Nothing else in shot: no hands, no people, no props, no added text or watermark, no price, no other brand's logo - only markings the real item carries. LABEL RULE FOR THIS RENDER: show the product FORM and its stamped size/type markings only. Do NOT invent readable label text - no brand wordmarks, no batch numbers, no expiry dates. The MyGear card carries the exact name; the picture only has to be unmistakably this kind of thing.","Label brand/size legible; quantity form matches how the store issues it (pair/pack/roll/tin) ; stamped/labelled sizes readable: 75mm, 100m ; house style holds (dark floor, orange rim glow, item fills ~75%, no text/people/price) ; no invented label text (brand/batch/expiry) anywhere in the image"
120,CONSUMABLE,CEME9016-590726,CEME9016-590726.jpg,TAPE - DUCT PVC SILVER TESA 48 X 30M - K2/26,Consumables,0,IDENTIFIED,RENDER_FROM_DESCRIPTION,"THE ITEM: TAPE - DUCT PVC SILVER TESA 48 X 30M - K2/26. The item exactly as handed over the counter - packet, tin, pair or spool - upright, label face square to the camera. Camera straight on at label height, the item turned a few degrees so it still has depth. THE MARKINGS THAT MUST BE READABLE: 30m. HOUSE STYLE (identical for every picture): studio product photograph on a near-black charcoal floor and backdrop (#14181F). One warm orange rim light raking in low from the left, a soft white top fill, and a gentle pool of orange glow on the floor under the item. Deep soft shadows, pin-sharp focus, high detail. The item is centred, filling about 75% of a square 800x800 frame. Nothing else in shot: no hands, no people, no props, no added text or watermark, no price, no other brand's logo - only markings the real item carries. LABEL RULE FOR THIS RENDER: show the product FORM and its stamped size/type markings only. Do NOT invent readable label text - no brand wordmarks, no batch numbers, no expiry dates. The MyGear card carries the exact name; the picture only has to be unmistakably this kind of thing.","Label brand/size legible; quantity form matches how the store issues it (pair/pack/roll/tin) ; stamped/labelled sizes readable: 30m ; house style holds (dark floor, orange rim glow, item fills ~75%, no text/people/price) ; no invented label text (brand/batch/expiry) anywhere in the image"
121,CONSUMABLE,CEME9016-590727,CEME9016-590727.jpg,WATER - BOTTLED 600ML PK24 - K2/26,Consumables,0,AMBIGUOUS,RENDER_FROM_DESCRIPTION,"THE ITEM: WATER - BOTTLED 600ML PK24 - K2/26. The item exactly as handed over the counter - packet, tin, pair or spool - upright, label face square to the camera. Camera straight on at label height, the item turned a few degrees so it still has depth. HOUSE STYLE (identical for every picture): studio product photograph on a near-black charcoal floor and backdrop (#14181F). One warm orange rim light raking in low from the left, a soft white top fill, and a gentle pool of orange glow on the floor under the item. Deep soft shadows, pin-sharp focus, high detail. The item is centred, filling about 75% of a square 800x800 frame. Nothing else in shot: no hands, no people, no props, no added text or watermark, no price, no other brand's logo - only markings the real item carries. LABEL RULE FOR THIS RENDER: show the product FORM and its stamped size/type markings only. Do NOT invent readable label text - no brand wordmarks, no batch numbers, no expiry dates. The MyGear card carries the exact name; the picture only has to be unmistakably this kind of thing.","Label brand/size legible; quantity form matches how the store issues it (pair/pack/roll/tin) ; house style holds (dark floor, orange rim glow, item fills ~75%, no text/people/price) ; no invented label text (brand/batch/expiry) anywhere in the image"
122,CONSUMABLE,CEME9016-590728,CEME9016-590728.jpg,WIPES - ANTIBACTERIAL 42 X 14.3CM PK75 - K2/26,Consumables,0,AMBIGUOUS,RENDER_FROM_DESCRIPTION,"THE ITEM: WIPES - ANTIBACTERIAL 42 X 14.3CM PK75 - K2/26. The item exactly as handed over the counter - packet, tin, pair or spool - upright, label face square to the camera. Camera straight on at label height, the item turned a few degrees so it still has depth. HOUSE STYLE (identical for every picture): studio product photograph on a near-black charcoal floor and backdrop (#14181F). One warm orange rim light raking in low from the left, a soft white top fill, and a gentle pool of orange glow on the floor under the item. Deep soft shadows, pin-sharp focus, high detail. The item is centred, filling about 75% of a square 800x800 frame. Nothing else in shot: no hands, no people, no props, no added text or watermark, no price, no other brand's logo - only markings the real item carries. LABEL RULE FOR THIS RENDER: show the product FORM and its stamped size/type markings only. Do NOT invent readable label text - no brand wordmarks, no batch numbers, no expiry dates. The MyGear card carries the exact name; the picture only has to be unmistakably this kind of thing.","Label brand/size legible; quantity form matches how the store issues it (pair/pack/roll/tin) ; house style holds (dark floor, orange rim glow, item fills ~75%, no text/people/price) ; no invented label text (brand/batch/expiry) anywhere in the image"
123,CONSUMABLE,CEME9016-590729,CEME9016-590729.jpg,WIPES - INDUSTRIAL ULTRAGRIME PK100 - K2/26,Consumables,0,LIKELY_CONFIRM,RENDER_FROM_DESCRIPTION,"THE ITEM: WIPES - INDUSTRIAL ULTRAGRIME PK100 - K2/26. The item exactly as handed over the counter - packet, tin, pair or spool - upright, label face square to the camera. Camera straight on at label height, the item turned a few degrees so it still has depth. HOUSE STYLE (identical for every picture): studio product photograph on a near-black charcoal floor and backdrop (#14181F). One warm orange rim light raking in low from the left, a soft white top fill, and a gentle pool of orange glow on the floor under the item. Deep soft shadows, pin-sharp focus, high detail. The item is centred, filling about 75% of a square 800x800 frame. Nothing else in shot: no hands, no people, no props, no added text or watermark, no price, no other brand's logo - only markings the real item carries. LABEL RULE FOR THIS RENDER: show the product FORM and its stamped size/type markings only. Do NOT invent readable label text - no brand wordmarks, no batch numbers, no expiry dates. The MyGear card carries the exact name; the picture only has to be unmistakably this kind of thing.","Label brand/size legible; quantity form matches how the store issues it (pair/pack/roll/tin) ; house style holds (dark floor, orange rim glow, item fills ~75%, no text/people/price) ; no invented label text (brand/batch/expiry) anywhere in the image"
124,CONSUMABLE,CEME9016-590867,CEME9016-590867.jpg,Hi Vis Breathable Rain Jacket Medium,Consumables,3,AMBIGUOUS,RENDER_FROM_DESCRIPTION,"THE ITEM: Hi Vis Breathable Rain Jacket Medium. The item exactly as handed over the counter - packet, tin, pair or spool - upright, label face square to the camera. Camera straight on at label height, the item turned a few degrees so it still has depth. HOUSE STYLE (identical for every picture): studio product photograph on a near-black charcoal floor and backdrop (#14181F). One warm orange rim light raking in low from the left, a soft white top fill, and a gentle pool of orange glow on the floor under the item. Deep soft shadows, pin-sharp focus, high detail. The item is centred, filling about 75% of a square 800x800 frame. Nothing else in shot: no hands, no people, no props, no added text or watermark, no price, no other brand's logo - only markings the real item carries. LABEL RULE FOR THIS RENDER: show the product FORM and its stamped size/type markings only. Do NOT invent readable label text - no brand wordmarks, no batch numbers, no expiry dates. The MyGear card carries the exact name; the picture only has to be unmistakably this kind of thing.","Label brand/size legible; quantity form matches how the store issues it (pair/pack/roll/tin) ; house style holds (dark floor, orange rim glow, item fills ~75%, no text/people/price) ; no invented label text (brand/batch/expiry) anywhere in the image"
125,CONSUMABLE,CEME9016-590868,CEME9016-590868.jpg,Hi Vis Breathable Rain Jacket Small,Consumables,3,AMBIGUOUS,RENDER_FROM_DESCRIPTION,"THE ITEM: Hi Vis Breathable Rain Jacket Small. The item exactly as handed over the counter - packet, tin, pair or spool - upright, label face square to the camera. Camera straight on at label height, the item turned a few degrees so it still has depth. HOUSE STYLE (identical for every picture): studio product photograph on a near-black charcoal floor and backdrop (#14181F). One warm orange rim light raking in low from the left, a soft white top fill, and a gentle pool of orange glow on the floor under the item. Deep soft shadows, pin-sharp focus, high detail. The item is centred, filling about 75% of a square 800x800 frame. Nothing else in shot: no hands, no people, no props, no added text or watermark, no price, no other brand's logo - only markings the real item carries. LABEL RULE FOR THIS RENDER: show the product FORM and its stamped size/type markings only. Do NOT invent readable label text - no brand wordmarks, no batch numbers, no expiry dates. The MyGear card carries the exact name; the picture only has to be unmistakably this kind of thing.","Label brand/size legible; quantity form matches how the store issues it (pair/pack/roll/tin) ; house style holds (dark floor, orange rim glow, item fills ~75%, no text/people/price) ; no invented label text (brand/batch/expiry) anywhere in the image"
126,CONSUMABLE,CEME9016-590869,CEME9016-590869.jpg,Hi Vis Breathable Rain Jacket X Large,Consumables,2,AMBIGUOUS,RENDER_FROM_DESCRIPTION,"THE ITEM: Hi Vis Breathable Rain Jacket X Large. The item exactly as handed over the counter - packet, tin, pair or spool - upright, label face square to the camera. Camera straight on at label height, the item turned a few degrees so it still has depth. HOUSE STYLE (identical for every picture): studio product photograph on a near-black charcoal floor and backdrop (#14181F). One warm orange rim light raking in low from the left, a soft white top fill, and a gentle pool of orange glow on the floor under the item. Deep soft shadows, pin-sharp focus, high detail. The item is centred, filling about 75% of a square 800x800 frame. Nothing else in shot: no hands, no people, no props, no added text or watermark, no price, no other brand's logo - only markings the real item carries. LABEL RULE FOR THIS RENDER: show the product FORM and its stamped size/type markings only. Do NOT invent readable label text - no brand wordmarks, no batch numbers, no expiry dates. The MyGear card carries the exact name; the picture only has to be unmistakably this kind of thing.","Label brand/size legible; quantity form matches how the store issues it (pair/pack/roll/tin) ; house style holds (dark floor, orange rim glow, item fills ~75%, no text/people/price) ; no invented label text (brand/batch/expiry) anywhere in the image"
127,CONSUMABLE,CEME9016-590870,CEME9016-590870.jpg,Hi Vis Breathable Rain Jacket XX Large,Consumables,2,AMBIGUOUS,RENDER_FROM_DESCRIPTION,"THE ITEM: Hi Vis Breathable Rain Jacket XX Large. The item exactly as handed over the counter - packet, tin, pair or spool - upright, label face square to the camera. Camera straight on at label height, the item turned a few degrees so it still has depth. HOUSE STYLE (identical for every picture): studio product photograph on a near-black charcoal floor and backdrop (#14181F). One warm orange rim light raking in low from the left, a soft white top fill, and a gentle pool of orange glow on the floor under the item. Deep soft shadows, pin-sharp focus, high detail. The item is centred, filling about 75% of a square 800x800 frame. Nothing else in shot: no hands, no people, no props, no added text or watermark, no price, no other brand's logo - only markings the real item carries. LABEL RULE FOR THIS RENDER: show the product FORM and its stamped size/type markings only. Do NOT invent readable label text - no brand wordmarks, no batch numbers, no expiry dates. The MyGear card carries the exact name; the picture only has to be unmistakably this kind of thing.","Label brand/size legible; quantity form matches how the store issues it (pair/pack/roll/tin) ; house style holds (dark floor, orange rim glow, item fills ~75%, no text/people/price) ; no invented label text (brand/batch/expiry) anywhere in the image"
128,CONSUMABLE,CEME9016-590871,CEME9016-590871.jpg,Pelican Pick,Consumables,6,IDENTIFIED,RENDER_FROM_DESCRIPTION,"THE ITEM: Pelican Pick. The item exactly as handed over the counter - packet, tin, pair or spool - upright, label face square to the camera. Camera straight on at label height, the item turned a few degrees so it still has depth. HOUSE STYLE (identical for every picture): studio product photograph on a near-black charcoal floor and backdrop (#14181F). One warm orange rim light raking in low from the left, a soft white top fill, and a gentle pool of orange glow on the floor under the item. Deep soft shadows, pin-sharp focus, high detail. The item is centred, filling about 75% of a square 800x800 frame. Nothing else in shot: no hands, no people, no props, no added text or watermark, no price, no other brand's logo - only markings the real item carries. LABEL RULE FOR THIS RENDER: show the product FORM and its stamped size/type markings only. Do NOT invent readable label text - no brand wordmarks, no batch numbers, no expiry dates. The MyGear card carries the exact name; the picture only has to be unmistakably this kind of thing.","Label brand/size legible; quantity form matches how the store issues it (pair/pack/roll/tin) ; house style holds (dark floor, orange rim glow, item fills ~75%, no text/people/price) ; no invented label text (brand/batch/expiry) anywhere in the image"
129,CONSUMABLE,CEME9016-590872,CEME9016-590872.jpg,Rain Jacket Set  Coat And Pants,Consumables,2,AMBIGUOUS,RENDER_FROM_DESCRIPTION,"THE ITEM: Rain Jacket Set  Coat And Pants. The item exactly as handed over the counter - packet, tin, pair or spool - upright, label face square to the camera. Camera straight on at label height, the item turned a few degrees so it still has depth. HOUSE STYLE (identical for every picture): studio product photograph on a near-black charcoal floor and backdrop (#14181F). One warm orange rim light raking in low from the left, a soft white top fill, and a gentle pool of orange glow on the floor under the item. Deep soft shadows, pin-sharp focus, high detail. The item is centred, filling about 75% of a square 800x800 frame. Nothing else in shot: no hands, no people, no props, no added text or watermark, no price, no other brand's logo - only markings the real item carries. LABEL RULE FOR THIS RENDER: show the product FORM and its stamped size/type markings only. Do NOT invent readable label text - no brand wordmarks, no batch numbers, no expiry dates. The MyGear card carries the exact name; the picture only has to be unmistakably this kind of thing.","Label brand/size legible; quantity form matches how the store issues it (pair/pack/roll/tin) ; house style holds (dark floor, orange rim glow, item fills ~75%, no text/people/price) ; no invented label text (brand/batch/expiry) anywhere in the image"
130,CONSUMABLE,CEME9016-590873,CEME9016-590873.jpg,Solvent Resistent Barrier Cream 500ml,Consumables,3,LIKELY_CONFIRM,RENDER_FROM_DESCRIPTION,"THE ITEM: Solvent Resistent Barrier Cream 500ml. The item exactly as handed over the counter - packet, tin, pair or spool - upright, label face square to the camera. Camera straight on at label height, the item turned a few degrees so it still has depth. HOUSE STYLE (identical for every picture): studio product photograph on a near-black charcoal floor and backdrop (#14181F). One warm orange rim light raking in low from the left, a soft white top fill, and a gentle pool of orange glow on the floor under the item. Deep soft shadows, pin-sharp focus, high detail. The item is centred, filling about 75% of a square 800x800 frame. Nothing else in shot: no hands, no people, no props, no added text or watermark, no price, no other brand's logo - only markings the real item carries. LABEL RULE FOR THIS RENDER: show the product FORM and its stamped size/type markings only. Do NOT invent readable label text - no brand wordmarks, no batch numbers, no expiry dates. The MyGear card carries the exact name; the picture only has to be unmistakably this kind of thing.","Label brand/size legible; quantity form matches how the store issues it (pair/pack/roll/tin) ; house style holds (dark floor, orange rim glow, item fills ~75%, no text/people/price) ; no invented label text (brand/batch/expiry) anywhere in the image"
131,CONSUMABLE,CEME9016-590874,CEME9016-590874.jpg,OVERALL - TYVEK CHEMICAL RESISTANT HOODED 3X Large,Consumables,32,LIKELY_CONFIRM,RENDER_FROM_DESCRIPTION,"THE ITEM: OVERALL - TYVEK CHEMICAL RESISTANT HOODED 3X Large. The item exactly as handed over the counter - packet, tin, pair or spool - upright, label face square to the camera. Camera straight on at label height, the item turned a few degrees so it still has depth. HOUSE STYLE (identical for every picture): studio product photograph on a near-black charcoal floor and backdrop (#14181F). One warm orange rim light raking in low from the left, a soft white top fill, and a gentle pool of orange glow on the floor under the item. Deep soft shadows, pin-sharp focus, high detail. The item is centred, filling about 75% of a square 800x800 frame. Nothing else in shot: no hands, no people, no props, no added text or watermark, no price, no other brand's logo - only markings the real item carries. LABEL RULE FOR THIS RENDER: show the product FORM and its stamped size/type markings only. Do NOT invent readable label text - no brand wordmarks, no batch numbers, no expiry dates. The MyGear card carries the exact name; the picture only has to be unmistakably this kind of thing.","Label brand/size legible; quantity form matches how the store issues it (pair/pack/roll/tin) ; house style holds (dark floor, orange rim glow, item fills ~75%, no text/people/price) ; no invented label text (brand/batch/expiry) anywhere in the image"
132,CONSUMABLE,CEME9016-590882,CEME9016-590882.jpg,OVERALL - TYVEK CHEMICAL RESISTANT HOODED Large,Consumables,97,LIKELY_CONFIRM,RENDER_FROM_DESCRIPTION,"THE ITEM: OVERALL - TYVEK CHEMICAL RESISTANT HOODED Large. The item exactly as handed over the counter - packet, tin, pair or spool - upright, label face square to the camera. Camera straight on at label height, the item turned a few degrees so it still has depth. HOUSE STYLE (identical for every picture): studio product photograph on a near-black charcoal floor and backdrop (#14181F). One warm orange rim light raking in low from the left, a soft white top fill, and a gentle pool of orange glow on the floor under the item. Deep soft shadows, pin-sharp focus, high detail. The item is centred, filling about 75% of a square 800x800 frame. Nothing else in shot: no hands, no people, no props, no added text or watermark, no price, no other brand's logo - only markings the real item carries. LABEL RULE FOR THIS RENDER: show the product FORM and its stamped size/type markings only. Do NOT invent readable label text - no brand wordmarks, no batch numbers, no expiry dates. The MyGear card carries the exact name; the picture only has to be unmistakably this kind of thing.","Label brand/size legible; quantity form matches how the store issues it (pair/pack/roll/tin) ; house style holds (dark floor, orange rim glow, item fills ~75%, no text/people/price) ; no invented label text (brand/batch/expiry) anywhere in the image"
133,PLANT_AND_TAGGED,CHAINBLOCKAIR1T10M,CHAINBLOCKAIR1T10M.jpg,Chain Block - Air Operated - 1t/10M Drop,"Lift, Shift & Propping",3,Road 1 real-unit hold,RENDER_FROM_DESCRIPTION,"THE ITEM: Chain Block - Air Operated - 1t/10M Drop. The chain block hanging from its top hook against the dark, load chain falling to a neat pool of chain on the floor. Standing upright on the floor, camera at item height, three-quarter view so two faces show. THE MARKINGS THAT MUST BE READABLE: 1t | 10m drop. HOUSE STYLE (identical for every picture): studio product photograph on a near-black charcoal floor and backdrop (#14181F). One warm orange rim light raking in low from the left, a soft white top fill, and a gentle pool of orange glow on the floor under the item. Deep soft shadows, pin-sharp focus, high detail. The item is centred, filling about 75% of a square 800x800 frame. Nothing else in shot: no hands, no people, no props, no added text or watermark, no price, no other brand's logo - only markings the real item carries. LABEL RULE FOR THIS RENDER: show the product FORM and its stamped size/type markings only. Do NOT invent readable label text - no brand wordmarks, no batch numbers, no expiry dates. The MyGear card carries the exact name; the picture only has to be unmistakably this kind of thing.","Hand-chain wheel visible; BOTH hooks in frame; air motor visible if the name says Air ; stamped/labelled sizes readable: 1t, 10m drop ; house style holds (dark floor, orange rim glow, item fills ~75%, no text/people/price) ; no invented label text (brand/batch/expiry) anywhere in the image"
134,PLANT_AND_TAGGED,CHAINBLOCKAIR1T20M,CHAINBLOCKAIR1T20M.jpg,Chain Block - Air Operated - 1t/20M Drop,"Lift, Shift & Propping",5,Road 1 real-unit hold,RENDER_FROM_DESCRIPTION,"THE ITEM: Chain Block - Air Operated - 1t/20M Drop. The chain block hanging from its top hook against the dark, load chain falling to a neat pool of chain on the floor. Standing upright on the floor, camera at item height, three-quarter view so two faces show. THE MARKINGS THAT MUST BE READABLE: 1t | 20m drop. HOUSE STYLE (identical for every picture): studio product photograph on a near-black charcoal floor and backdrop (#14181F). One warm orange rim light raking in low from the left, a soft white top fill, and a gentle pool of orange glow on the floor under the item. Deep soft shadows, pin-sharp focus, high detail. The item is centred, filling about 75% of a square 800x800 frame. Nothing else in shot: no hands, no people, no props, no added text or watermark, no price, no other brand's logo - only markings the real item carries. LABEL RULE FOR THIS RENDER: show the product FORM and its stamped size/type markings only. Do NOT invent readable label text - no brand wordmarks, no batch numbers, no expiry dates. The MyGear card carries the exact name; the picture only has to be unmistakably this kind of thing.","Hand-chain wheel visible; BOTH hooks in frame; air motor visible if the name says Air ; stamped/labelled sizes readable: 1t, 20m drop ; house style holds (dark floor, orange rim glow, item fills ~75%, no text/people/price) ; no invented label text (brand/batch/expiry) anywhere in the image"
135,PLANT_AND_TAGGED,CHAINBLOCKAIR2T10M,CHAINBLOCKAIR2T10M.jpg,Chain Block - Air Operated - 2t/10M Drop,"Lift, Shift & Propping",1,Road 1 real-unit hold,RENDER_FROM_DESCRIPTION,"THE ITEM: Chain Block - Air Operated - 2t/10M Drop. The chain block hanging from its top hook against the dark, load chain falling to a neat pool of chain on the floor. Standing upright on the floor, camera at item height, three-quarter view so two faces show. THE MARKINGS THAT MUST BE READABLE: 2t | 10m drop. HOUSE STYLE (identical for every picture): studio product photograph on a near-black charcoal floor and backdrop (#14181F). One warm orange rim light raking in low from the left, a soft white top fill, and a gentle pool of orange glow on the floor under the item. Deep soft shadows, pin-sharp focus, high detail. The item is centred, filling about 75% of a square 800x800 frame. Nothing else in shot: no hands, no people, no props, no added text or watermark, no price, no other brand's logo - only markings the real item carries. LABEL RULE FOR THIS RENDER: show the product FORM and its stamped size/type markings only. Do NOT invent readable label text - no brand wordmarks, no batch numbers, no expiry dates. The MyGear card carries the exact name; the picture only has to be unmistakably this kind of thing.","Hand-chain wheel visible; BOTH hooks in frame; air motor visible if the name says Air ; stamped/labelled sizes readable: 2t, 10m drop ; house style holds (dark floor, orange rim glow, item fills ~75%, no text/people/price) ; no invented label text (brand/batch/expiry) anywhere in the image"
136,PLANT_AND_TAGGED,CHAINBLOCKAIR2T15M,CHAINBLOCKAIR2T15M.jpg,Chain Block - Air Operated - 2t/15M Drop,"Lift, Shift & Propping",2,Road 1 real-unit hold,RENDER_FROM_DESCRIPTION,"THE ITEM: Chain Block - Air Operated - 2t/15M Drop. The chain block hanging from its top hook against the dark, load chain falling to a neat pool of chain on the floor. Standing upright on the floor, camera at item height, three-quarter view so two faces show. THE MARKINGS THAT MUST BE READABLE: 2t | 15m drop. HOUSE STYLE (identical for every picture): studio product photograph on a near-black charcoal floor and backdrop (#14181F). One warm orange rim light raking in low from the left, a soft white top fill, and a gentle pool of orange glow on the floor under the item. Deep soft shadows, pin-sharp focus, high detail. The item is centred, filling about 75% of a square 800x800 frame. Nothing else in shot: no hands, no people, no props, no added text or watermark, no price, no other brand's logo - only markings the real item carries. LABEL RULE FOR THIS RENDER: show the product FORM and its stamped size/type markings only. Do NOT invent readable label text - no brand wordmarks, no batch numbers, no expiry dates. The MyGear card carries the exact name; the picture only has to be unmistakably this kind of thing.","Hand-chain wheel visible; BOTH hooks in frame; air motor visible if the name says Air ; stamped/labelled sizes readable: 2t, 15m drop ; house style holds (dark floor, orange rim glow, item fills ~75%, no text/people/price) ; no invented label text (brand/batch/expiry) anywhere in the image"
137,PLANT_AND_TAGGED,CHAINBLOCKAIR2T20M,CHAINBLOCKAIR2T20M.jpg,Chain Block - Air Operated - 2t/20M Drop,"Lift, Shift & Propping",1,Road 1 real-unit hold,RENDER_FROM_DESCRIPTION,"THE ITEM: Chain Block - Air Operated - 2t/20M Drop. The chain block hanging from its top hook against the dark, load chain falling to a neat pool of chain on the floor. Standing upright on the floor, camera at item height, three-quarter view so two faces show. THE MARKINGS THAT MUST BE READABLE: 2t | 20m drop. HOUSE STYLE (identical for every picture): studio product photograph on a near-black charcoal floor and backdrop (#14181F). One warm orange rim light raking in low from the left, a soft white top fill, and a gentle pool of orange glow on the floor under the item. Deep soft shadows, pin-sharp focus, high detail. The item is centred, filling about 75% of a square 800x800 frame. Nothing else in shot: no hands, no people, no props, no added text or watermark, no price, no other brand's logo - only markings the real item carries. LABEL RULE FOR THIS RENDER: show the product FORM and its stamped size/type markings only. Do NOT invent readable label text - no brand wordmarks, no batch numbers, no expiry dates. The MyGear card carries the exact name; the picture only has to be unmistakably this kind of thing.","Hand-chain wheel visible; BOTH hooks in frame; air motor visible if the name says Air ; stamped/labelled sizes readable: 2t, 20m drop ; house style holds (dark floor, orange rim glow, item fills ~75%, no text/people/price) ; no invented label text (brand/batch/expiry) anywhere in the image"
138,PLANT_AND_TAGGED,CHAINBLOCKAIR6T15M,CHAINBLOCKAIR6T15M.jpg,Chain Block - Air Operated - 6T/15M Drop,"Lift, Shift & Propping",2,Road 1 real-unit hold,RENDER_FROM_DESCRIPTION,"THE ITEM: Chain Block - Air Operated - 6T/15M Drop. The chain block hanging from its top hook against the dark, load chain falling to a neat pool of chain on the floor. Standing upright on the floor, camera at item height, three-quarter view so two faces show. THE MARKINGS THAT MUST BE READABLE: 6t | 15m drop. HOUSE STYLE (identical for every picture): studio product photograph on a near-black charcoal floor and backdrop (#14181F). One warm orange rim light raking in low from the left, a soft white top fill, and a gentle pool of orange glow on the floor under the item. Deep soft shadows, pin-sharp focus, high detail. The item is centred, filling about 75% of a square 800x800 frame. Nothing else in shot: no hands, no people, no props, no added text or watermark, no price, no other brand's logo - only markings the real item carries. LABEL RULE FOR THIS RENDER: show the product FORM and its stamped size/type markings only. Do NOT invent readable label text - no brand wordmarks, no batch numbers, no expiry dates. The MyGear card carries the exact name; the picture only has to be unmistakably this kind of thing.","Hand-chain wheel visible; BOTH hooks in frame; air motor visible if the name says Air ; stamped/labelled sizes readable: 6t, 15m drop ; house style holds (dark floor, orange rim glow, item fills ~75%, no text/people/price) ; no invented label text (brand/batch/expiry) anywhere in the image"
139,PLANT_AND_TAGGED,CHAINBLOCKMAN10T6M,CHAINBLOCKMAN10T6M.jpg,Chain Block - Manual - 10.0t/6M Drop,"Lift, Shift & Propping",4,Road 1 real-unit hold,RENDER_FROM_DESCRIPTION,"THE ITEM: Chain Block - Manual - 10.0t/6M Drop. The chain block hanging from its top hook against the dark, load chain falling to a neat pool of chain on the floor. Standing upright on the floor, camera at item height, three-quarter view so two faces show. THE MARKINGS THAT MUST BE READABLE: 10.0t | 6m drop. HOUSE STYLE (identical for every picture): studio product photograph on a near-black charcoal floor and backdrop (#14181F). One warm orange rim light raking in low from the left, a soft white top fill, and a gentle pool of orange glow on the floor under the item. Deep soft shadows, pin-sharp focus, high detail. The item is centred, filling about 75% of a square 800x800 frame. Nothing else in shot: no hands, no people, no props, no added text or watermark, no price, no other brand's logo - only markings the real item carries. LABEL RULE FOR THIS RENDER: show the product FORM and its stamped size/type markings only. Do NOT invent readable label text - no brand wordmarks, no batch numbers, no expiry dates. The MyGear card carries the exact name; the picture only has to be unmistakably this kind of thing.","Hand-chain wheel visible; BOTH hooks in frame; air motor visible if the name says Air ; stamped/labelled sizes readable: 10.0t, 6m drop ; house style holds (dark floor, orange rim glow, item fills ~75%, no text/people/price) ; no invented label text (brand/batch/expiry) anywhere in the image"
140,PLANT_AND_TAGGED,CHAINBLOCKMAN1T3M,CHAINBLOCKMAN1T3M.jpg,Chain Block - Manual - 1.0t/3M Drop,"Lift, Shift & Propping",22,Road 1 real-unit hold,RENDER_FROM_DESCRIPTION,"THE ITEM: Chain Block - Manual - 1.0t/3M Drop. The chain block hanging from its top hook against the dark, load chain falling to a neat pool of chain on the floor. Standing upright on the floor, camera at item height, three-quarter view so two faces show. THE MARKINGS THAT MUST BE READABLE: 1.0t | 3m drop. HOUSE STYLE (identical for every picture): studio product photograph on a near-black charcoal floor and backdrop (#14181F). One warm orange rim light raking in low from the left, a soft white top fill, and a gentle pool of orange glow on the floor under the item. Deep soft shadows, pin-sharp focus, high detail. The item is centred, filling about 75% of a square 800x800 frame. Nothing else in shot: no hands, no people, no props, no added text or watermark, no price, no other brand's logo - only markings the real item carries. LABEL RULE FOR THIS RENDER: show the product FORM and its stamped size/type markings only. Do NOT invent readable label text - no brand wordmarks, no batch numbers, no expiry dates. The MyGear card carries the exact name; the picture only has to be unmistakably this kind of thing.","Hand-chain wheel visible; BOTH hooks in frame; air motor visible if the name says Air ; stamped/labelled sizes readable: 1.0t, 3m drop ; house style holds (dark floor, orange rim glow, item fills ~75%, no text/people/price) ; no invented label text (brand/batch/expiry) anywhere in the image"
141,PLANT_AND_TAGGED,CHAINBLOCKMAN1T6M,CHAINBLOCKMAN1T6M.jpg,Chain Block - Manual - 1.0t/6M Drop,"Lift, Shift & Propping",32,Road 1 real-unit hold,RENDER_FROM_DESCRIPTION,"THE ITEM: Chain Block - Manual - 1.0t/6M Drop. The chain block hanging from its top hook against the dark, load chain falling to a neat pool of chain on the floor. Standing upright on the floor, camera at item height, three-quarter view so two faces show. THE MARKINGS THAT MUST BE READABLE: 1.0t | 6m drop. HOUSE STYLE (identical for every picture): studio product photograph on a near-black charcoal floor and backdrop (#14181F). One warm orange rim light raking in low from the left, a soft white top fill, and a gentle pool of orange glow on the floor under the item. Deep soft shadows, pin-sharp focus, high detail. The item is centred, filling about 75% of a square 800x800 frame. Nothing else in shot: no hands, no people, no props, no added text or watermark, no price, no other brand's logo - only markings the real item carries. LABEL RULE FOR THIS RENDER: show the product FORM and its stamped size/type markings only. Do NOT invent readable label text - no brand wordmarks, no batch numbers, no expiry dates. The MyGear card carries the exact name; the picture only has to be unmistakably this kind of thing.","Hand-chain wheel visible; BOTH hooks in frame; air motor visible if the name says Air ; stamped/labelled sizes readable: 1.0t, 6m drop ; house style holds (dark floor, orange rim glow, item fills ~75%, no text/people/price) ; no invented label text (brand/batch/expiry) anywhere in the image"
142,PLANT_AND_TAGGED,CHAINBLOCKMAN2T6M,CHAINBLOCKMAN2T6M.jpg,Chain Block - Manual - 2.0t/6M Drop,"Lift, Shift & Propping",14,Road 1 real-unit hold,RENDER_FROM_DESCRIPTION,"THE ITEM: Chain Block - Manual - 2.0t/6M Drop. The chain block hanging from its top hook against the dark, load chain falling to a neat pool of chain on the floor. Standing upright on the floor, camera at item height, three-quarter view so two faces show. THE MARKINGS THAT MUST BE READABLE: 2.0t | 6m drop. HOUSE STYLE (identical for every picture): studio product photograph on a near-black charcoal floor and backdrop (#14181F). One warm orange rim light raking in low from the left, a soft white top fill, and a gentle pool of orange glow on the floor under the item. Deep soft shadows, pin-sharp focus, high detail. The item is centred, filling about 75% of a square 800x800 frame. Nothing else in shot: no hands, no people, no props, no added text or watermark, no price, no other brand's logo - only markings the real item carries. LABEL RULE FOR THIS RENDER: show the product FORM and its stamped size/type markings only. Do NOT invent readable label text - no brand wordmarks, no batch numbers, no expiry dates. The MyGear card carries the exact name; the picture only has to be unmistakably this kind of thing.","Hand-chain wheel visible; BOTH hooks in frame; air motor visible if the name says Air ; stamped/labelled sizes readable: 2.0t, 6m drop ; house style holds (dark floor, orange rim glow, item fills ~75%, no text/people/price) ; no invented label text (brand/batch/expiry) anywhere in the image"
143,PLANT_AND_TAGGED,CHAINBLOCKMAN3T3M,CHAINBLOCKMAN3T3M.jpg,Chain Block - Manual - 3.0t/3M Drop,"Lift, Shift & Propping",7,Road 1 real-unit hold,RENDER_FROM_DESCRIPTION,"THE ITEM: Chain Block - Manual - 3.0t/3M Drop. The chain block hanging from its top hook against the dark, load chain falling to a neat pool of chain on the floor. Standing upright on the floor, camera at item height, three-quarter view so two faces show. THE MARKINGS THAT MUST BE READABLE: 3.0t | 3m drop. HOUSE STYLE (identical for every picture): studio product photograph on a near-black charcoal floor and backdrop (#14181F). One warm orange rim light raking in low from the left, a soft white top fill, and a gentle pool of orange glow on the floor under the item. Deep soft shadows, pin-sharp focus, high detail. The item is centred, filling about 75% of a square 800x800 frame. Nothing else in shot: no hands, no people, no props, no added text or watermark, no price, no other brand's logo - only markings the real item carries. LABEL RULE FOR THIS RENDER: show the product FORM and its stamped size/type markings only. Do NOT invent readable label text - no brand wordmarks, no batch numbers, no expiry dates. The MyGear card carries the exact name; the picture only has to be unmistakably this kind of thing.","Hand-chain wheel visible; BOTH hooks in frame; air motor visible if the name says Air ; stamped/labelled sizes readable: 3.0t, 3m drop ; house style holds (dark floor, orange rim glow, item fills ~75%, no text/people/price) ; no invented label text (brand/batch/expiry) anywhere in the image"
144,PLANT_AND_TAGGED,CHAINBLOCKMAN3T6M,CHAINBLOCKMAN3T6M.jpg,Chain Block - Manual - 3.0t/6M Drop,"Lift, Shift & Propping",2,Road 1 real-unit hold,RENDER_FROM_DESCRIPTION,"THE ITEM: Chain Block - Manual - 3.0t/6M Drop. The chain block hanging from its top hook against the dark, load chain falling to a neat pool of chain on the floor. Standing upright on the floor, camera at item height, three-quarter view so two faces show. THE MARKINGS THAT MUST BE READABLE: 3.0t | 6m drop. HOUSE STYLE (identical for every picture): studio product photograph on a near-black charcoal floor and backdrop (#14181F). One warm orange rim light raking in low from the left, a soft white top fill, and a gentle pool of orange glow on the floor under the item. Deep soft shadows, pin-sharp focus, high detail. The item is centred, filling about 75% of a square 800x800 frame. Nothing else in shot: no hands, no people, no props, no added text or watermark, no price, no other brand's logo - only markings the real item carries. LABEL RULE FOR THIS RENDER: show the product FORM and its stamped size/type markings only. Do NOT invent readable label text - no brand wordmarks, no batch numbers, no expiry dates. The MyGear card carries the exact name; the picture only has to be unmistakably this kind of thing.","Hand-chain wheel visible; BOTH hooks in frame; air motor visible if the name says Air ; stamped/labelled sizes readable: 3.0t, 6m drop ; house style holds (dark floor, orange rim glow, item fills ~75%, no text/people/price) ; no invented label text (brand/batch/expiry) anywhere in the image"
145,PLANT_AND_TAGGED,CHAINBLOCKMAN5T3M,CHAINBLOCKMAN5T3M.jpg,Chain Block - Manual - 5.0t/3M Drop,"Lift, Shift & Propping",3,Road 1 real-unit hold,RENDER_FROM_DESCRIPTION,"THE ITEM: Chain Block - Manual - 5.0t/3M Drop. The chain block hanging from its top hook against the dark, load chain falling to a neat pool of chain on the floor. Standing upright on the floor, camera at item height, three-quarter view so two faces show. THE MARKINGS THAT MUST BE READABLE: 5.0t | 3m drop. HOUSE STYLE (identical for every picture): studio product photograph on a near-black charcoal floor and backdrop (#14181F). One warm orange rim light raking in low from the left, a soft white top fill, and a gentle pool of orange glow on the floor under the item. Deep soft shadows, pin-sharp focus, high detail. The item is centred, filling about 75% of a square 800x800 frame. Nothing else in shot: no hands, no people, no props, no added text or watermark, no price, no other brand's logo - only markings the real item carries. LABEL RULE FOR THIS RENDER: show the product FORM and its stamped size/type markings only. Do NOT invent readable label text - no brand wordmarks, no batch numbers, no expiry dates. The MyGear card carries the exact name; the picture only has to be unmistakably this kind of thing.","Hand-chain wheel visible; BOTH hooks in frame; air motor visible if the name says Air ; stamped/labelled sizes readable: 5.0t, 3m drop ; house style holds (dark floor, orange rim glow, item fills ~75%, no text/people/price) ; no invented label text (brand/batch/expiry) anywhere in the image"
146,PLANT_AND_TAGGED,CHAINBLOCKMAN5T6M,CHAINBLOCKMAN5T6M.jpg,Chain Block - Manual - 5.0t/6M Drop,"Lift, Shift & Propping",7,Road 1 real-unit hold,RENDER_FROM_DESCRIPTION,"THE ITEM: Chain Block - Manual - 5.0t/6M Drop. The chain block hanging from its top hook against the dark, load chain falling to a neat pool of chain on the floor. Standing upright on the floor, camera at item height, three-quarter view so two faces show. THE MARKINGS THAT MUST BE READABLE: 5.0t | 6m drop. HOUSE STYLE (identical for every picture): studio product photograph on a near-black charcoal floor and backdrop (#14181F). One warm orange rim light raking in low from the left, a soft white top fill, and a gentle pool of orange glow on the floor under the item. Deep soft shadows, pin-sharp focus, high detail. The item is centred, filling about 75% of a square 800x800 frame. Nothing else in shot: no hands, no people, no props, no added text or watermark, no price, no other brand's logo - only markings the real item carries. LABEL RULE FOR THIS RENDER: show the product FORM and its stamped size/type markings only. Do NOT invent readable label text - no brand wordmarks, no batch numbers, no expiry dates. The MyGear card carries the exact name; the picture only has to be unmistakably this kind of thing.","Hand-chain wheel visible; BOTH hooks in frame; air motor visible if the name says Air ; stamped/labelled sizes readable: 5.0t, 6m drop ; house style holds (dark floor, orange rim glow, item fills ~75%, no text/people/price) ; no invented label text (brand/batch/expiry) anywhere in the image"
147,HELD_TOOLING,CHIPPERDRILLHAMMERAIR,CHIPPERDRILLHAMMERAIR.jpg,Chipper/Drill Hammer - Air,Air & Air Accessories,1,Powered tool likely to carry an asset/test tag,RENDER_FROM_DESCRIPTION,"THE ITEM: Chipper/Drill Hammer - Air. The drill standing on its battery or rested on its side handle, chuck toward the camera. Three-quarter hero angle from slightly above, the working end toward the camera. HOUSE STYLE (identical for every picture): studio product photograph on a near-black charcoal floor and backdrop (#14181F). One warm orange rim light raking in low from the left, a soft white top fill, and a gentle pool of orange glow on the floor under the item. Deep soft shadows, pin-sharp focus, high detail. The item is centred, filling about 75% of a square 800x800 frame. Nothing else in shot: no hands, no people, no props, no added text or watermark, no price, no other brand's logo - only markings the real item carries. LABEL RULE FOR THIS RENDER: show the product FORM and its stamped size/type markings only. Do NOT invent readable label text - no brand wordmarks, no batch numbers, no expiry dates. The MyGear card carries the exact name; the picture only has to be unmistakably this kind of thing.","Chuck toward camera; battery fitted if cordless ; house style holds (dark floor, orange rim glow, item fills ~75%, no text/people/price) ; no invented label text (brand/batch/expiry) anywhere in the image"
148,HELD_TOOLING,CHIPPINGHAMMERAIR,CHIPPINGHAMMERAIR.jpg,Chipping Hammer - Air,Air & Air Accessories,2,"Second pass: powered, pneumatic, plant, lifting or model-specific equipment",RENDER_FROM_DESCRIPTION,"THE ITEM: Chipping Hammer - Air. One hammer laid diagonal, head to the upper left catching the light. Laid flat on the floor at a 30-45 degree diagonal, camera high at about 40 degrees so the whole length is in frame. HOUSE STYLE (identical for every picture): studio product photograph on a near-black charcoal floor and backdrop (#14181F). One warm orange rim light raking in low from the left, a soft white top fill, and a gentle pool of orange glow on the floor under the item. Deep soft shadows, pin-sharp focus, high detail. The item is centred, filling about 75% of a square 800x800 frame. Nothing else in shot: no hands, no people, no props, no added text or watermark, no price, no other brand's logo - only markings the real item carries. LABEL RULE FOR THIS RENDER: show the product FORM and its stamped size/type markings only. Do NOT invent readable label text - no brand wordmarks, no batch numbers, no expiry dates. The MyGear card carries the exact name; the picture only has to be unmistakably this kind of thing.","Head material reads right (copper glows warm); handle type matches the name ; house style holds (dark floor, orange rim glow, item fills ~75%, no text/people/price) ; no invented label text (brand/batch/expiry) anywhere in the image"
149,HELD_TOOLING,CHUTEFRAME,CHUTEFRAME.jpg,Rubbish Chute Frame,"Lift, Shift & Propping",8,"Second pass: powered, pneumatic, plant, lifting or model-specific equipment",RENDER_FROM_DESCRIPTION,"THE ITEM: Rubbish Chute Frame. The item at a three-quarter hero angle on the dark floor, working side toward the camera. Three-quarter hero angle from slightly above, the working end toward the camera. HOUSE STYLE (identical for every picture): studio product photograph on a near-black charcoal floor and backdrop (#14181F). One warm orange rim light raking in low from the left, a soft white top fill, and a gentle pool of orange glow on the floor under the item. Deep soft shadows, pin-sharp focus, high detail. The item is centred, filling about 75% of a square 800x800 frame. Nothing else in shot: no hands, no people, no props, no added text or watermark, no price, no other brand's logo - only markings the real item carries. LABEL RULE FOR THIS RENDER: show the product FORM and its stamped size/type markings only. Do NOT invent readable label text - no brand wordmarks, no batch numbers, no expiry dates. The MyGear card carries the exact name; the picture only has to be unmistakably this kind of thing.","Item type unmistakably matches the register name ; house style holds (dark floor, orange rim glow, item fills ~75%, no text/people/price) ; no invented label text (brand/batch/expiry) anywhere in the image"
150,HELD_TOOLING,COMBINATIONSETRULE,COMBINATIONSETRULE.jpg,Combination Set With Rule,Industrial Tools & Equipment,2,"Precision range, dial layout or component form could be misrepresented",RENDER_FROM_DESCRIPTION,"THE ITEM: Combination Set With Rule. The item at a three-quarter hero angle on the dark floor, working side toward the camera. Three-quarter hero angle from slightly above, the working end toward the camera. HOUSE STYLE (identical for every picture): studio product photograph on a near-black charcoal floor and backdrop (#14181F). One warm orange rim light raking in low from the left, a soft white top fill, and a gentle pool of orange glow on the floor under the item. Deep soft shadows, pin-sharp focus, high detail. The item is centred, filling about 75% of a square 800x800 frame. Nothing else in shot: no hands, no people, no props, no added text or watermark, no price, no other brand's logo - only markings the real item carries. LABEL RULE FOR THIS RENDER: show the product FORM and its stamped size/type markings only. Do NOT invent readable label text - no brand wordmarks, no batch numbers, no expiry dates. The MyGear card carries the exact name; the picture only has to be unmistakably this kind of thing.","Item type unmistakably matches the register name ; house style holds (dark floor, orange rim glow, item fills ~75%, no text/people/price) ; no invented label text (brand/batch/expiry) anywhere in the image"
151,PLANT_AND_TAGGED,COMP1050D,COMP1050D.jpg,Compressor 1050CFM (Diesel),Air & Air Accessories,1,Road 1 real-unit hold,RENDER_FROM_DESCRIPTION,"THE ITEM: Compressor 1050CFM (Diesel). The item at a three-quarter hero angle on the dark floor, working side toward the camera. Three-quarter hero angle from slightly above, the working end toward the camera. HOUSE STYLE (identical for every picture): studio product photograph on a near-black charcoal floor and backdrop (#14181F). One warm orange rim light raking in low from the left, a soft white top fill, and a gentle pool of orange glow on the floor under the item. Deep soft shadows, pin-sharp focus, high detail. The item is centred, filling about 75% of a square 800x800 frame. Nothing else in shot: no hands, no people, no props, no added text or watermark, no price, no other brand's logo - only markings the real item carries. LABEL RULE FOR THIS RENDER: show the product FORM and its stamped size/type markings only. Do NOT invent readable label text - no brand wordmarks, no batch numbers, no expiry dates. The MyGear card carries the exact name; the picture only has to be unmistakably this kind of thing.","Item type unmistakably matches the register name ; house style holds (dark floor, orange rim glow, item fills ~75%, no text/people/price) ; no invented label text (brand/batch/expiry) anywhere in the image"
152,HELD_TOOLING,CONCRETESCARIFIER8E,CONCRETESCARIFIER8E.jpg,"Concrete Floor Scarifier -  8"" Electric",Concrete & Masonry,2,Plant or powered equipment,RENDER_FROM_DESCRIPTION,"THE ITEM: Concrete Floor Scarifier -  8"" Electric. The item at a three-quarter hero angle on the dark floor, working side toward the camera. Three-quarter hero angle from slightly above, the working end toward the camera. THE MARKINGS THAT MUST BE READABLE: 8"". HOUSE STYLE (identical for every picture): studio product photograph on a near-black charcoal floor and backdrop (#14181F). One warm orange rim light raking in low from the left, a soft white top fill, and a gentle pool of orange glow on the floor under the item. Deep soft shadows, pin-sharp focus, high detail. The item is centred, filling about 75% of a square 800x800 frame. Nothing else in shot: no hands, no people, no props, no added text or watermark, no price, no other brand's logo - only markings the real item carries. LABEL RULE FOR THIS RENDER: show the product FORM and its stamped size/type markings only. Do NOT invent readable label text - no brand wordmarks, no batch numbers, no expiry dates. The MyGear card carries the exact name; the picture only has to be unmistakably this kind of thing.","Item type unmistakably matches the register name ; stamped/labelled sizes readable: 8"" ; house style holds (dark floor, orange rim glow, item fills ~75%, no text/people/price) ; no invented label text (brand/batch/expiry) anywhere in the image"
153,HELD_TOOLING,CONVEYOR4ME,CONVEYOR4ME.jpg,Conveyor 240V 4M,"Lift, Shift & Propping",1,Plant or powered equipment,RENDER_FROM_DESCRIPTION,"THE ITEM: Conveyor 240V 4M. The item at a three-quarter hero angle on the dark floor, working side toward the camera. Three-quarter hero angle from slightly above, the working end toward the camera. THE MARKINGS THAT MUST BE READABLE: 240v | 4m. HOUSE STYLE (identical for every picture): studio product photograph on a near-black charcoal floor and backdrop (#14181F). One warm orange rim light raking in low from the left, a soft white top fill, and a gentle pool of orange glow on the floor under the item. Deep soft shadows, pin-sharp focus, high detail. The item is centred, filling about 75% of a square 800x800 frame. Nothing else in shot: no hands, no people, no props, no added text or watermark, no price, no other brand's logo - only markings the real item carries. LABEL RULE FOR THIS RENDER: show the product FORM and its stamped size/type markings only. Do NOT invent readable label text - no brand wordmarks, no batch numbers, no expiry dates. The MyGear card carries the exact name; the picture only has to be unmistakably this kind of thing.","Item type unmistakably matches the register name ; stamped/labelled sizes readable: 240v, 4m ; house style holds (dark floor, orange rim glow, item fills ~75%, no text/people/price) ; no invented label text (brand/batch/expiry) anywhere in the image"
154,PLANT_AND_TAGGED,CRANEBRICKCAGE1240MM,CRANEBRICKCAGE1240MM.jpg,Crane Brick/Block Cage 1240mm - 1290mm,Materials Handling,1,Road 1 real-unit hold,RENDER_FROM_DESCRIPTION,"THE ITEM: Crane Brick/Block Cage 1240mm - 1290mm. The cage at three-quarter angle so depth reads, lifting points to the top. Three-quarter hero angle from slightly above, the working end toward the camera. THE MARKINGS THAT MUST BE READABLE: 1240mm | 1290mm. HOUSE STYLE (identical for every picture): studio product photograph on a near-black charcoal floor and backdrop (#14181F). One warm orange rim light raking in low from the left, a soft white top fill, and a gentle pool of orange glow on the floor under the item. Deep soft shadows, pin-sharp focus, high detail. The item is centred, filling about 75% of a square 800x800 frame. Nothing else in shot: no hands, no people, no props, no added text or watermark, no price, no other brand's logo - only markings the real item carries. LABEL RULE FOR THIS RENDER: show the product FORM and its stamped size/type markings only. Do NOT invent readable label text - no brand wordmarks, no batch numbers, no expiry dates. The MyGear card carries the exact name; the picture only has to be unmistakably this kind of thing.","All four lifting points visible; open structure reads as a cage ; stamped/labelled sizes readable: 1240mm, 1290mm ; house style holds (dark floor, orange rim glow, item fills ~75%, no text/people/price) ; no invented label text (brand/batch/expiry) anywhere in the image"
155,PLANT_AND_TAGGED,CRANEGASBOTTLECARRIER,CRANEGASBOTTLECARRIER.jpg,Crane Gas Bottle Carrier,Welding,2,Road 1 real-unit hold,RENDER_FROM_DESCRIPTION,"THE ITEM: Crane Gas Bottle Carrier. The cage at three-quarter angle so depth reads, lifting points to the top. Three-quarter hero angle from slightly above, the working end toward the camera. HOUSE STYLE (identical for every picture): studio product photograph on a near-black charcoal floor and backdrop (#14181F). One warm orange rim light raking in low from the left, a soft white top fill, and a gentle pool of orange glow on the floor under the item. Deep soft shadows, pin-sharp focus, high detail. The item is centred, filling about 75% of a square 800x800 frame. Nothing else in shot: no hands, no people, no props, no added text or watermark, no price, no other brand's logo - only markings the real item carries. LABEL RULE FOR THIS RENDER: show the product FORM and its stamped size/type markings only. Do NOT invent readable label text - no brand wordmarks, no batch numbers, no expiry dates. The MyGear card carries the exact name; the picture only has to be unmistakably this kind of thing.","All four lifting points visible; open structure reads as a cage ; house style holds (dark floor, orange rim glow, item fills ~75%, no text/people/price) ; no invented label text (brand/batch/expiry) anywhere in the image"
156,PLANT_AND_TAGGED,CRANEGASBOTTLETROLLEY,CRANEGASBOTTLETROLLEY.jpg,Crane Gas Bottle Trolley,Welding,1,Road 1 real-unit hold,RENDER_FROM_DESCRIPTION,"THE ITEM: Crane Gas Bottle Trolley. The cage at three-quarter angle so depth reads, lifting points to the top. Three-quarter hero angle from slightly above, the working end toward the camera. HOUSE STYLE (identical for every picture): studio product photograph on a near-black charcoal floor and backdrop (#14181F). One warm orange rim light raking in low from the left, a soft white top fill, and a gentle pool of orange glow on the floor under the item. Deep soft shadows, pin-sharp focus, high detail. The item is centred, filling about 75% of a square 800x800 frame. Nothing else in shot: no hands, no people, no props, no added text or watermark, no price, no other brand's logo - only markings the real item carries. LABEL RULE FOR THIS RENDER: show the product FORM and its stamped size/type markings only. Do NOT invent readable label text - no brand wordmarks, no batch numbers, no expiry dates. The MyGear card carries the exact name; the picture only has to be unmistakably this kind of thing.","All four lifting points visible; open structure reads as a cage ; house style holds (dark floor, orange rim glow, item fills ~75%, no text/people/price) ; no invented label text (brand/batch/expiry) anywhere in the image"
157,HELD_TOOLING,CROWDCONTROLBARRIER,CROWDCONTROLBARRIER.jpg,Barrier - Crowd Control,Traffic Management,40,"Second pass: powered, pneumatic, plant, lifting or model-specific equipment",RENDER_FROM_DESCRIPTION,"THE ITEM: Barrier - Crowd Control. The item at a three-quarter hero angle on the dark floor, working side toward the camera. Three-quarter hero angle from slightly above, the working end toward the camera. HOUSE STYLE (identical for every picture): studio product photograph on a near-black charcoal floor and backdrop (#14181F). One warm orange rim light raking in low from the left, a soft white top fill, and a gentle pool of orange glow on the floor under the item. Deep soft shadows, pin-sharp focus, high detail. The item is centred, filling about 75% of a square 800x800 frame. Nothing else in shot: no hands, no people, no props, no added text or watermark, no price, no other brand's logo - only markings the real item carries. LABEL RULE FOR THIS RENDER: show the product FORM and its stamped size/type markings only. Do NOT invent readable label text - no brand wordmarks, no batch numbers, no expiry dates. The MyGear card carries the exact name; the picture only has to be unmistakably this kind of thing.","Item type unmistakably matches the register name ; house style holds (dark floor, orange rim glow, item fills ~75%, no text/people/price) ; no invented label text (brand/batch/expiry) anywhere in the image"
158,PLANT_AND_TAGGED,CUMALONG0.5T,CUMALONG0.5T.jpg,Cumalong - 0.5t,"Lift, Shift & Propping",2,Road 1 real-unit hold,RENDER_FROM_DESCRIPTION,"THE ITEM: Cumalong - 0.5t. The lever hoist at three-quarter angle, lever arm toward the camera, load chain draped forward. Three-quarter hero angle from slightly above, the working end toward the camera. THE MARKINGS THAT MUST BE READABLE: 0.5t. HOUSE STYLE (identical for every picture): studio product photograph on a near-black charcoal floor and backdrop (#14181F). One warm orange rim light raking in low from the left, a soft white top fill, and a gentle pool of orange glow on the floor under the item. Deep soft shadows, pin-sharp focus, high detail. The item is centred, filling about 75% of a square 800x800 frame. Nothing else in shot: no hands, no people, no props, no added text or watermark, no price, no other brand's logo - only markings the real item carries. LABEL RULE FOR THIS RENDER: show the product FORM and its stamped size/type markings only. Do NOT invent readable label text - no brand wordmarks, no batch numbers, no expiry dates. The MyGear card carries the exact name; the picture only has to be unmistakably this kind of thing.","Ratchet lever prominent; both hooks visible; rated tonnage tag legible ; stamped/labelled sizes readable: 0.5t ; house style holds (dark floor, orange rim glow, item fills ~75%, no text/people/price) ; no invented label text (brand/batch/expiry) anywhere in the image"
159,PLANT_AND_TAGGED,CUMALONG0.75T,CUMALONG0.75T.jpg,Cumalong - 0.75t,"Lift, Shift & Propping",6,Road 1 real-unit hold,RENDER_FROM_DESCRIPTION,"THE ITEM: Cumalong - 0.75t. The lever hoist at three-quarter angle, lever arm toward the camera, load chain draped forward. Three-quarter hero angle from slightly above, the working end toward the camera. THE MARKINGS THAT MUST BE READABLE: 0.75t. HOUSE STYLE (identical for every picture): studio product photograph on a near-black charcoal floor and backdrop (#14181F). One warm orange rim light raking in low from the left, a soft white top fill, and a gentle pool of orange glow on the floor under the item. Deep soft shadows, pin-sharp focus, high detail. The item is centred, filling about 75% of a square 800x800 frame. Nothing else in shot: no hands, no people, no props, no added text or watermark, no price, no other brand's logo - only markings the real item carries. LABEL RULE FOR THIS RENDER: show the product FORM and its stamped size/type markings only. Do NOT invent readable label text - no brand wordmarks, no batch numbers, no expiry dates. The MyGear card carries the exact name; the picture only has to be unmistakably this kind of thing.","Ratchet lever prominent; both hooks visible; rated tonnage tag legible ; stamped/labelled sizes readable: 0.75t ; house style holds (dark floor, orange rim glow, item fills ~75%, no text/people/price) ; no invented label text (brand/batch/expiry) anywhere in the image"
160,PLANT_AND_TAGGED,CUMALONG0.80TX1.5M,CUMALONG0.80TX1.5M.jpg,Cumalong - 0.80T x 1.5M,"Lift, Shift & Propping",22,Road 1 real-unit hold,RENDER_FROM_DESCRIPTION,"THE ITEM: Cumalong - 0.80T x 1.5M. The lever hoist at three-quarter angle, lever arm toward the camera, load chain draped forward. Three-quarter hero angle from slightly above, the working end toward the camera. THE MARKINGS THAT MUST BE READABLE: 0.80t | 1.5m. HOUSE STYLE (identical for every picture): studio product photograph on a near-black charcoal floor and backdrop (#14181F). One warm orange rim light raking in low from the left, a soft white top fill, and a gentle pool of orange glow on the floor under the item. Deep soft shadows, pin-sharp focus, high detail. The item is centred, filling about 75% of a square 800x800 frame. Nothing else in shot: no hands, no people, no props, no added text or watermark, no price, no other brand's logo - only markings the real item carries. LABEL RULE FOR THIS RENDER: show the product FORM and its stamped size/type markings only. Do NOT invent readable label text - no brand wordmarks, no batch numbers, no expiry dates. The MyGear card carries the exact name; the picture only has to be unmistakably this kind of thing.","Ratchet lever prominent; both hooks visible; rated tonnage tag legible ; stamped/labelled sizes readable: 0.80t, 1.5m ; house style holds (dark floor, orange rim glow, item fills ~75%, no text/people/price) ; no invented label text (brand/batch/expiry) anywhere in the image"
161,PLANT_AND_TAGGED,CUMALONG1.5T,CUMALONG1.5T.jpg,Cumalong - 1.5t,"Lift, Shift & Propping",7,Road 1 real-unit hold,RENDER_FROM_DESCRIPTION,"THE ITEM: Cumalong - 1.5t. The lever hoist at three-quarter angle, lever arm toward the camera, load chain draped forward. Three-quarter hero angle from slightly above, the working end toward the camera. THE MARKINGS THAT MUST BE READABLE: 1.5t. HOUSE STYLE (identical for every picture): studio product photograph on a near-black charcoal floor and backdrop (#14181F). One warm orange rim light raking in low from the left, a soft white top fill, and a gentle pool of orange glow on the floor under the item. Deep soft shadows, pin-sharp focus, high detail. The item is centred, filling about 75% of a square 800x800 frame. Nothing else in shot: no hands, no people, no props, no added text or watermark, no price, no other brand's logo - only markings the real item carries. LABEL RULE FOR THIS RENDER: show the product FORM and its stamped size/type markings only. Do NOT invent readable label text - no brand wordmarks, no batch numbers, no expiry dates. The MyGear card carries the exact name; the picture only has to be unmistakably this kind of thing.","Ratchet lever prominent; both hooks visible; rated tonnage tag legible ; stamped/labelled sizes readable: 1.5t ; house style holds (dark floor, orange rim glow, item fills ~75%, no text/people/price) ; no invented label text (brand/batch/expiry) anywhere in the image"
162,PLANT_AND_TAGGED,CUMALONG1.6TX1.5M,CUMALONG1.6TX1.5M.jpg,Cumalong - 1.6T x 1.5M,"Lift, Shift & Propping",18,Road 1 real-unit hold,RENDER_FROM_DESCRIPTION,"THE ITEM: Cumalong - 1.6T x 1.5M. The lever hoist at three-quarter angle, lever arm toward the camera, load chain draped forward. Three-quarter hero angle from slightly above, the working end toward the camera. THE MARKINGS THAT MUST BE READABLE: 1.6t | 1.5m. HOUSE STYLE (identical for every picture): studio product photograph on a near-black charcoal floor and backdrop (#14181F). One warm orange rim light raking in low from the left, a soft white top fill, and a gentle pool of orange glow on the floor under the item. Deep soft shadows, pin-sharp focus, high detail. The item is centred, filling about 75% of a square 800x800 frame. Nothing else in shot: no hands, no people, no props, no added text or watermark, no price, no other brand's logo - only markings the real item carries. LABEL RULE FOR THIS RENDER: show the product FORM and its stamped size/type markings only. Do NOT invent readable label text - no brand wordmarks, no batch numbers, no expiry dates. The MyGear card carries the exact name; the picture only has to be unmistakably this kind of thing.","Ratchet lever prominent; both hooks visible; rated tonnage tag legible ; stamped/labelled sizes readable: 1.6t, 1.5m ; house style holds (dark floor, orange rim glow, item fills ~75%, no text/people/price) ; no invented label text (brand/batch/expiry) anywhere in the image"
163,PLANT_AND_TAGGED,CUMALONG3.2TX1.5M,CUMALONG3.2TX1.5M.jpg,Cumalong - 3.2t x 1.5M,"Lift, Shift & Propping",3,Road 1 real-unit hold,RENDER_FROM_DESCRIPTION,"THE ITEM: Cumalong - 3.2t x 1.5M. The lever hoist at three-quarter angle, lever arm toward the camera, load chain draped forward. Three-quarter hero angle from slightly above, the working end toward the camera. THE MARKINGS THAT MUST BE READABLE: 3.2t | 1.5m. HOUSE STYLE (identical for every picture): studio product photograph on a near-black charcoal floor and backdrop (#14181F). One warm orange rim light raking in low from the left, a soft white top fill, and a gentle pool of orange glow on the floor under the item. Deep soft shadows, pin-sharp focus, high detail. The item is centred, filling about 75% of a square 800x800 frame. Nothing else in shot: no hands, no people, no props, no added text or watermark, no price, no other brand's logo - only markings the real item carries. LABEL RULE FOR THIS RENDER: show the product FORM and its stamped size/type markings only. Do NOT invent readable label text - no brand wordmarks, no batch numbers, no expiry dates. The MyGear card carries the exact name; the picture only has to be unmistakably this kind of thing.","Ratchet lever prominent; both hooks visible; rated tonnage tag legible ; stamped/labelled sizes readable: 3.2t, 1.5m ; house style holds (dark floor, orange rim glow, item fills ~75%, no text/people/price) ; no invented label text (brand/batch/expiry) anywhere in the image"
164,PLANT_AND_TAGGED,CUMALONG3T,CUMALONG3T.jpg,Cumalong - 3.0t,"Lift, Shift & Propping",13,Road 1 real-unit hold,RENDER_FROM_DESCRIPTION,"THE ITEM: Cumalong - 3.0t. The lever hoist at three-quarter angle, lever arm toward the camera, load chain draped forward. Three-quarter hero angle from slightly above, the working end toward the camera. THE MARKINGS THAT MUST BE READABLE: 3.0t. HOUSE STYLE (identical for every picture): studio product photograph on a near-black charcoal floor and backdrop (#14181F). One warm orange rim light raking in low from the left, a soft white top fill, and a gentle pool of orange glow on the floor under the item. Deep soft shadows, pin-sharp focus, high detail. The item is centred, filling about 75% of a square 800x800 frame. Nothing else in shot: no hands, no people, no props, no added text or watermark, no price, no other brand's logo - only markings the real item carries. LABEL RULE FOR THIS RENDER: show the product FORM and its stamped size/type markings only. Do NOT invent readable label text - no brand wordmarks, no batch numbers, no expiry dates. The MyGear card carries the exact name; the picture only has to be unmistakably this kind of thing.","Ratchet lever prominent; both hooks visible; rated tonnage tag legible ; stamped/labelled sizes readable: 3.0t ; house style holds (dark floor, orange rim glow, item fills ~75%, no text/people/price) ; no invented label text (brand/batch/expiry) anywhere in the image"
165,PLANT_AND_TAGGED,CUMALONG3TX1.5M,CUMALONG3TX1.5M.jpg,Cumalong - 3t x 1.5M,"Lift, Shift & Propping",4,Road 1 real-unit hold,RENDER_FROM_DESCRIPTION,"THE ITEM: Cumalong - 3t x 1.5M. The lever hoist at three-quarter angle, lever arm toward the camera, load chain draped forward. Three-quarter hero angle from slightly above, the working end toward the camera. THE MARKINGS THAT MUST BE READABLE: 3t | 1.5m. HOUSE STYLE (identical for every picture): studio product photograph on a near-black charcoal floor and backdrop (#14181F). One warm orange rim light raking in low from the left, a soft white top fill, and a gentle pool of orange glow on the floor under the item. Deep soft shadows, pin-sharp focus, high detail. The item is centred, filling about 75% of a square 800x800 frame. Nothing else in shot: no hands, no people, no props, no added text or watermark, no price, no other brand's logo - only markings the real item carries. LABEL RULE FOR THIS RENDER: show the product FORM and its stamped size/type markings only. Do NOT invent readable label text - no brand wordmarks, no batch numbers, no expiry dates. The MyGear card carries the exact name; the picture only has to be unmistakably this kind of thing.","Ratchet lever prominent; both hooks visible; rated tonnage tag legible ; stamped/labelled sizes readable: 3t, 1.5m ; house style holds (dark floor, orange rim glow, item fills ~75%, no text/people/price) ; no invented label text (brand/batch/expiry) anywhere in the image"
166,PLANT_AND_TAGGED,CUMALONG6.3T,CUMALONG6.3T.jpg,Cumalong 6.3t (1.5m),"Lift, Shift & Propping",13,Road 1 real-unit hold,RENDER_FROM_DESCRIPTION,"THE ITEM: Cumalong 6.3t (1.5m). The lever hoist at three-quarter angle, lever arm toward the camera, load chain draped forward. Three-quarter hero angle from slightly above, the working end toward the camera. THE MARKINGS THAT MUST BE READABLE: 6.3t | 1.5m. HOUSE STYLE (identical for every picture): studio product photograph on a near-black charcoal floor and backdrop (#14181F). One warm orange rim light raking in low from the left, a soft white top fill, and a gentle pool of orange glow on the floor under the item. Deep soft shadows, pin-sharp focus, high detail. The item is centred, filling about 75% of a square 800x800 frame. Nothing else in shot: no hands, no people, no props, no added text or watermark, no price, no other brand's logo - only markings the real item carries. LABEL RULE FOR THIS RENDER: show the product FORM and its stamped size/type markings only. Do NOT invent readable label text - no brand wordmarks, no batch numbers, no expiry dates. The MyGear card carries the exact name; the picture only has to be unmistakably this kind of thing.","Ratchet lever prominent; both hooks visible; rated tonnage tag legible ; stamped/labelled sizes readable: 6.3t, 1.5m ; house style holds (dark floor, orange rim glow, item fills ~75%, no text/people/price) ; no invented label text (brand/batch/expiry) anywhere in the image"
167,PLANT_AND_TAGGED,CUMALONG6T,CUMALONG6T.jpg,Cumalong - 6.0t,"Lift, Shift & Propping",2,Road 1 real-unit hold,RENDER_FROM_DESCRIPTION,"THE ITEM: Cumalong - 6.0t. The lever hoist at three-quarter angle, lever arm toward the camera, load chain draped forward. Three-quarter hero angle from slightly above, the working end toward the camera. THE MARKINGS THAT MUST BE READABLE: 6.0t. HOUSE STYLE (identical for every picture): studio product photograph on a near-black charcoal floor and backdrop (#14181F). One warm orange rim light raking in low from the left, a soft white top fill, and a gentle pool of orange glow on the floor under the item. Deep soft shadows, pin-sharp focus, high detail. The item is centred, filling about 75% of a square 800x800 frame. Nothing else in shot: no hands, no people, no props, no added text or watermark, no price, no other brand's logo - only markings the real item carries. LABEL RULE FOR THIS RENDER: show the product FORM and its stamped size/type markings only. Do NOT invent readable label text - no brand wordmarks, no batch numbers, no expiry dates. The MyGear card carries the exact name; the picture only has to be unmistakably this kind of thing.","Ratchet lever prominent; both hooks visible; rated tonnage tag legible ; stamped/labelled sizes readable: 6.0t ; house style holds (dark floor, orange rim glow, item fills ~75%, no text/people/price) ; no invented label text (brand/batch/expiry) anywhere in the image"
168,HELD_TOOLING,DIALGAUGE,DIALGAUGE.jpg,Dial Gauges Imperial ( 0�� - 1�),Coates Equipment,6,"Precision range, dial layout or component form could be misrepresented",RENDER_FROM_DESCRIPTION,"THE ITEM: Dial Gauges Imperial ( 0�� - 1�). The item at a three-quarter hero angle on the dark floor, working side toward the camera. Three-quarter hero angle from slightly above, the working end toward the camera. HOUSE STYLE (identical for every picture): studio product photograph on a near-black charcoal floor and backdrop (#14181F). One warm orange rim light raking in low from the left, a soft white top fill, and a gentle pool of orange glow on the floor under the item. Deep soft shadows, pin-sharp focus, high detail. The item is centred, filling about 75% of a square 800x800 frame. Nothing else in shot: no hands, no people, no props, no added text or watermark, no price, no other brand's logo - only markings the real item carries. LABEL RULE FOR THIS RENDER: show the product FORM and its stamped size/type markings only. Do NOT invent readable label text - no brand wordmarks, no batch numbers, no expiry dates. The MyGear card carries the exact name; the picture only has to be unmistakably this kind of thing.","Item type unmistakably matches the register name ; house style holds (dark floor, orange rim glow, item fills ~75%, no text/people/price) ; no invented label text (brand/batch/expiry) anywhere in the image"
169,HELD_TOOLING,DIALGAUGESIMPERIAL01,DIALGAUGESIMPERIAL01.jpg,Dial Gauges Imperial ( 0�� - 1�),Coates Equipment,1,"Precision range, dial layout or component form could be misrepresented",RENDER_FROM_DESCRIPTION,"THE ITEM: Dial Gauges Imperial ( 0�� - 1�). The item at a three-quarter hero angle on the dark floor, working side toward the camera. Three-quarter hero angle from slightly above, the working end toward the camera. HOUSE STYLE (identical for every picture): studio product photograph on a near-black charcoal floor and backdrop (#14181F). One warm orange rim light raking in low from the left, a soft white top fill, and a gentle pool of orange glow on the floor under the item. Deep soft shadows, pin-sharp focus, high detail. The item is centred, filling about 75% of a square 800x800 frame. Nothing else in shot: no hands, no people, no props, no added text or watermark, no price, no other brand's logo - only markings the real item carries. LABEL RULE FOR THIS RENDER: show the product FORM and its stamped size/type markings only. Do NOT invent readable label text - no brand wordmarks, no batch numbers, no expiry dates. The MyGear card carries the exact name; the picture only has to be unmistakably this kind of thing.","Item type unmistakably matches the register name ; house style holds (dark floor, orange rim glow, item fills ~75%, no text/people/price) ; no invented label text (brand/batch/expiry) anywhere in the image"
170,HELD_TOOLING,DIALGAUGESIMPERIAL12,DIALGAUGESIMPERIAL12.jpg,Dial Gauges Imperial ( 1�� - 2�),Coates Equipment,1,"Precision range, dial layout or component form could be misrepresented",RENDER_FROM_DESCRIPTION,"THE ITEM: Dial Gauges Imperial ( 1�� - 2�). The item at a three-quarter hero angle on the dark floor, working side toward the camera. Three-quarter hero angle from slightly above, the working end toward the camera. HOUSE STYLE (identical for every picture): studio product photograph on a near-black charcoal floor and backdrop (#14181F). One warm orange rim light raking in low from the left, a soft white top fill, and a gentle pool of orange glow on the floor under the item. Deep soft shadows, pin-sharp focus, high detail. The item is centred, filling about 75% of a square 800x800 frame. Nothing else in shot: no hands, no people, no props, no added text or watermark, no price, no other brand's logo - only markings the real item carries. LABEL RULE FOR THIS RENDER: show the product FORM and its stamped size/type markings only. Do NOT invent readable label text - no brand wordmarks, no batch numbers, no expiry dates. The MyGear card carries the exact name; the picture only has to be unmistakably this kind of thing.","Item type unmistakably matches the register name ; house style holds (dark floor, orange rim glow, item fills ~75%, no text/people/price) ; no invented label text (brand/batch/expiry) anywhere in the image"
171,HELD_TOOLING,DIALGAUGESMETRIC25MM50MM,DIALGAUGESMETRIC25MM50MM.jpg,Dial Gauges Metric (25mm- 50mm ),Coates Equipment,1,"Precision range, dial layout or component form could be misrepresented",RENDER_FROM_DESCRIPTION,"THE ITEM: Dial Gauges Metric (25mm- 50mm ). The item at a three-quarter hero angle on the dark floor, working side toward the camera. Three-quarter hero angle from slightly above, the working end toward the camera. THE MARKINGS THAT MUST BE READABLE: 25mm | 50mm. HOUSE STYLE (identical for every picture): studio product photograph on a near-black charcoal floor and backdrop (#14181F). One warm orange rim light raking in low from the left, a soft white top fill, and a gentle pool of orange glow on the floor under the item. Deep soft shadows, pin-sharp focus, high detail. The item is centred, filling about 75% of a square 800x800 frame. Nothing else in shot: no hands, no people, no props, no added text or watermark, no price, no other brand's logo - only markings the real item carries. LABEL RULE FOR THIS RENDER: show the product FORM and its stamped size/type markings only. Do NOT invent readable label text - no brand wordmarks, no batch numbers, no expiry dates. The MyGear card carries the exact name; the picture only has to be unmistakably this kind of thing.","Item type unmistakably matches the register name ; stamped/labelled sizes readable: 25mm, 50mm ; house style holds (dark floor, orange rim glow, item fills ~75%, no text/people/price) ; no invented label text (brand/batch/expiry) anywhere in the image"
172,HELD_TOOLING,DIALGAUGESMETRIC30MM50MM,DIALGAUGESMETRIC30MM50MM.jpg,Dial Gauges Metric (30mm- 50mm ),Coates Equipment,1,"Precision range, dial layout or component form could be misrepresented",RENDER_FROM_DESCRIPTION,"THE ITEM: Dial Gauges Metric (30mm- 50mm ). The item at a three-quarter hero angle on the dark floor, working side toward the camera. Three-quarter hero angle from slightly above, the working end toward the camera. THE MARKINGS THAT MUST BE READABLE: 30mm | 50mm. HOUSE STYLE (identical for every picture): studio product photograph on a near-black charcoal floor and backdrop (#14181F). One warm orange rim light raking in low from the left, a soft white top fill, and a gentle pool of orange glow on the floor under the item. Deep soft shadows, pin-sharp focus, high detail. The item is centred, filling about 75% of a square 800x800 frame. Nothing else in shot: no hands, no people, no props, no added text or watermark, no price, no other brand's logo - only markings the real item carries. LABEL RULE FOR THIS RENDER: show the product FORM and its stamped size/type markings only. Do NOT invent readable label text - no brand wordmarks, no batch numbers, no expiry dates. The MyGear card carries the exact name; the picture only has to be unmistakably this kind of thing.","Item type unmistakably matches the register name ; stamped/labelled sizes readable: 30mm, 50mm ; house style holds (dark floor, orange rim glow, item fills ~75%, no text/people/price) ; no invented label text (brand/batch/expiry) anywhere in the image"
173,HELD_TOOLING,DIALINDICATOR(0-100-0),DIALINDICATOR(0-100-0).jpg,Dial indicator (0-100-0),Ground Equipment,1,"Precision range, dial layout or component form could be misrepresented",RENDER_FROM_DESCRIPTION,"THE ITEM: Dial indicator (0-100-0). The instrument laid diagonal on the dark floor, scale or dial toward the camera. Laid flat on the floor at a 30-45 degree diagonal, camera high at about 40 degrees so the whole length is in frame. HOUSE STYLE (identical for every picture): studio product photograph on a near-black charcoal floor and backdrop (#14181F). One warm orange rim light raking in low from the left, a soft white top fill, and a gentle pool of orange glow on the floor under the item. Deep soft shadows, pin-sharp focus, high detail. The item is centred, filling about 75% of a square 800x800 frame. Nothing else in shot: no hands, no people, no props, no added text or watermark, no price, no other brand's logo - only markings the real item carries. LABEL RULE FOR THIS RENDER: show the product FORM and its stamped size/type markings only. Do NOT invent readable label text - no brand wordmarks, no batch numbers, no expiry dates. The MyGear card carries the exact name; the picture only has to be unmistakably this kind of thing.","Scale/dial legible; measuring faces visible ; house style holds (dark floor, orange rim glow, item fills ~75%, no text/people/price) ; no invented label text (brand/batch/expiry) anywhere in the image"
174,HELD_TOOLING,DIALINDICATOR-(0-25-0),DIALINDICATOR-(0-25-0).jpg,Dial indicator (0-25-0),Ground Equipment,3,"Precision range, dial layout or component form could be misrepresented",RENDER_FROM_DESCRIPTION,"THE ITEM: Dial indicator (0-25-0). The instrument laid diagonal on the dark floor, scale or dial toward the camera. Laid flat on the floor at a 30-45 degree diagonal, camera high at about 40 degrees so the whole length is in frame. HOUSE STYLE (identical for every picture): studio product photograph on a near-black charcoal floor and backdrop (#14181F). One warm orange rim light raking in low from the left, a soft white top fill, and a gentle pool of orange glow on the floor under the item. Deep soft shadows, pin-sharp focus, high detail. The item is centred, filling about 75% of a square 800x800 frame. Nothing else in shot: no hands, no people, no props, no added text or watermark, no price, no other brand's logo - only markings the real item carries. LABEL RULE FOR THIS RENDER: show the product FORM and its stamped size/type markings only. Do NOT invent readable label text - no brand wordmarks, no batch numbers, no expiry dates. The MyGear card carries the exact name; the picture only has to be unmistakably this kind of thing.","Scale/dial legible; measuring faces visible ; house style holds (dark floor, orange rim glow, item fills ~75%, no text/people/price) ; no invented label text (brand/batch/expiry) anywhere in the image"
175,HELD_TOOLING,DIENUTSETUNC,DIENUTSETUNC.jpg,Die Nut Set - Unc,Industrial Tools & Equipment,1,Set contents/case layout are not uniquely specified,RENDER_FROM_DESCRIPTION,"THE ITEM: Die Nut Set - Unc. The item at a three-quarter hero angle on the dark floor, working side toward the camera. Three-quarter hero angle from slightly above, the working end toward the camera. HOUSE STYLE (identical for every picture): studio product photograph on a near-black charcoal floor and backdrop (#14181F). One warm orange rim light raking in low from the left, a soft white top fill, and a gentle pool of orange glow on the floor under the item. Deep soft shadows, pin-sharp focus, high detail. The item is centred, filling about 75% of a square 800x800 frame. Nothing else in shot: no hands, no people, no props, no added text or watermark, no price, no other brand's logo - only markings the real item carries. LABEL RULE FOR THIS RENDER: show the product FORM and its stamped size/type markings only. Do NOT invent readable label text - no brand wordmarks, no batch numbers, no expiry dates. The MyGear card carries the exact name; the picture only has to be unmistakably this kind of thing.","Item type unmistakably matches the register name ; house style holds (dark floor, orange rim glow, item fills ~75%, no text/people/price) ; no invented label text (brand/batch/expiry) anywhere in the image"
176,HELD_TOOLING,DIGITALVERNIERUSBCHARGABLE,DIGITALVERNIERUSBCHARGABLE.jpg,Digital Vernier ( USB Chargable),Coates Equipment,2,"Precision range, dial layout or component form could be misrepresented",RENDER_FROM_DESCRIPTION,"THE ITEM: Digital Vernier ( USB Chargable). The instrument laid diagonal on the dark floor, scale or dial toward the camera. Laid flat on the floor at a 30-45 degree diagonal, camera high at about 40 degrees so the whole length is in frame. HOUSE STYLE (identical for every picture): studio product photograph on a near-black charcoal floor and backdrop (#14181F). One warm orange rim light raking in low from the left, a soft white top fill, and a gentle pool of orange glow on the floor under the item. Deep soft shadows, pin-sharp focus, high detail. The item is centred, filling about 75% of a square 800x800 frame. Nothing else in shot: no hands, no people, no props, no added text or watermark, no price, no other brand's logo - only markings the real item carries. LABEL RULE FOR THIS RENDER: show the product FORM and its stamped size/type markings only. Do NOT invent readable label text - no brand wordmarks, no batch numbers, no expiry dates. The MyGear card carries the exact name; the picture only has to be unmistakably this kind of thing.","Scale/dial legible; measuring faces visible ; house style holds (dark floor, orange rim glow, item fills ~75%, no text/people/price) ; no invented label text (brand/batch/expiry) anywhere in the image"
177,HELD_TOOLING,DIGITALVERNIERUSBCHARGEABLE,DIGITALVERNIERUSBCHARGEABLE.jpg,Digital Vernier ( USB Chargable),Coates Equipment,2,"Precision range, dial layout or component form could be misrepresented",RENDER_FROM_DESCRIPTION,"THE ITEM: Digital Vernier ( USB Chargable). The instrument laid diagonal on the dark floor, scale or dial toward the camera. Laid flat on the floor at a 30-45 degree diagonal, camera high at about 40 degrees so the whole length is in frame. HOUSE STYLE (identical for every picture): studio product photograph on a near-black charcoal floor and backdrop (#14181F). One warm orange rim light raking in low from the left, a soft white top fill, and a gentle pool of orange glow on the floor under the item. Deep soft shadows, pin-sharp focus, high detail. The item is centred, filling about 75% of a square 800x800 frame. Nothing else in shot: no hands, no people, no props, no added text or watermark, no price, no other brand's logo - only markings the real item carries. LABEL RULE FOR THIS RENDER: show the product FORM and its stamped size/type markings only. Do NOT invent readable label text - no brand wordmarks, no batch numbers, no expiry dates. The MyGear card carries the exact name; the picture only has to be unmistakably this kind of thing.","Scale/dial legible; measuring faces visible ; house style holds (dark floor, orange rim glow, item fills ~75%, no text/people/price) ; no invented label text (brand/batch/expiry) anywhere in the image"
178,HELD_TOOLING,DIPHOTERINEEYEWASH50MLEXP20280512,DIPHOTERINEEYEWASH50MLEXP20280512.jpg,DIPHOTERINE EYE WASH 50ML EXP 2028-05-12,Cement Safety,14,Supplier packaging and expiry label must be genuine,RENDER_FROM_DESCRIPTION,"THE ITEM: DIPHOTERINE EYE WASH 50ML EXP 2028-05-12. The item at a three-quarter hero angle on the dark floor, working side toward the camera. Three-quarter hero angle from slightly above, the working end toward the camera. HOUSE STYLE (identical for every picture): studio product photograph on a near-black charcoal floor and backdrop (#14181F). One warm orange rim light raking in low from the left, a soft white top fill, and a gentle pool of orange glow on the floor under the item. Deep soft shadows, pin-sharp focus, high detail. The item is centred, filling about 75% of a square 800x800 frame. Nothing else in shot: no hands, no people, no props, no added text or watermark, no price, no other brand's logo - only markings the real item carries. LABEL RULE FOR THIS RENDER: show the product FORM and its stamped size/type markings only. Do NOT invent readable label text - no brand wordmarks, no batch numbers, no expiry dates. The MyGear card carries the exact name; the picture only has to be unmistakably this kind of thing.","Item type unmistakably matches the register name ; house style holds (dark floor, orange rim glow, item fills ~75%, no text/people/price) ; no invented label text (brand/batch/expiry) anywhere in the image"
179,HELD_TOOLING,DIPHOTERINEMICRODAP100MLEXP20271014,DIPHOTERINEMICRODAP100MLEXP20271014.jpg,DIPHOTERINE MICRO DAP 100ML EXP 2027-10-14,Cement Safety,17,Supplier packaging and expiry label must be genuine,RENDER_FROM_DESCRIPTION,"THE ITEM: DIPHOTERINE MICRO DAP 100ML EXP 2027-10-14. The item at a three-quarter hero angle on the dark floor, working side toward the camera. Three-quarter hero angle from slightly above, the working end toward the camera. HOUSE STYLE (identical for every picture): studio product photograph on a near-black charcoal floor and backdrop (#14181F). One warm orange rim light raking in low from the left, a soft white top fill, and a gentle pool of orange glow on the floor under the item. Deep soft shadows, pin-sharp focus, high detail. The item is centred, filling about 75% of a square 800x800 frame. Nothing else in shot: no hands, no people, no props, no added text or watermark, no price, no other brand's logo - only markings the real item carries. LABEL RULE FOR THIS RENDER: show the product FORM and its stamped size/type markings only. Do NOT invent readable label text - no brand wordmarks, no batch numbers, no expiry dates. The MyGear card carries the exact name; the picture only has to be unmistakably this kind of thing.","Item type unmistakably matches the register name ; house style holds (dark floor, orange rim glow, item fills ~75%, no text/people/price) ; no invented label text (brand/batch/expiry) anywhere in the image"
180,HELD_TOOLING,DIPHOTERINEMICRODAP100MLEXP20271118,DIPHOTERINEMICRODAP100MLEXP20271118.jpg,DIPHOTERINE MICRO DAP 100ML EXP 2027-11-18,Cement Safety,1,Supplier packaging and expiry label must be genuine,RENDER_FROM_DESCRIPTION,"THE ITEM: DIPHOTERINE MICRO DAP 100ML EXP 2027-11-18. The item at a three-quarter hero angle on the dark floor, working side toward the camera. Three-quarter hero angle from slightly above, the working end toward the camera. HOUSE STYLE (identical for every picture): studio product photograph on a near-black charcoal floor and backdrop (#14181F). One warm orange rim light raking in low from the left, a soft white top fill, and a gentle pool of orange glow on the floor under the item. Deep soft shadows, pin-sharp focus, high detail. The item is centred, filling about 75% of a square 800x800 frame. Nothing else in shot: no hands, no people, no props, no added text or watermark, no price, no other brand's logo - only markings the real item carries. LABEL RULE FOR THIS RENDER: show the product FORM and its stamped size/type markings only. Do NOT invent readable label text - no brand wordmarks, no batch numbers, no expiry dates. The MyGear card carries the exact name; the picture only has to be unmistakably this kind of thing.","Item type unmistakably matches the register name ; house style holds (dark floor, orange rim glow, item fills ~75%, no text/people/price) ; no invented label text (brand/batch/expiry) anywhere in the image"
181,PLANT_AND_TAGGED,DISTBOARD,DISTBOARD.jpg,Distribution Board,Generators & Power Distribution,1,Road 1 real-unit hold,RENDER_FROM_DESCRIPTION,"THE ITEM: Distribution Board. The board upright, outlet face square to the camera. Standing upright on the floor, camera at item height, three-quarter view so two faces show. HOUSE STYLE (identical for every picture): studio product photograph on a near-black charcoal floor and backdrop (#14181F). One warm orange rim light raking in low from the left, a soft white top fill, and a gentle pool of orange glow on the floor under the item. Deep soft shadows, pin-sharp focus, high detail. The item is centred, filling about 75% of a square 800x800 frame. Nothing else in shot: no hands, no people, no props, no added text or watermark, no price, no other brand's logo - only markings the real item carries. LABEL RULE FOR THIS RENDER: show the product FORM and its stamped size/type markings only. Do NOT invent readable label text - no brand wordmarks, no batch numbers, no expiry dates. The MyGear card carries the exact name; the picture only has to be unmistakably this kind of thing.","Every outlet and breaker visible; rating legible ; house style holds (dark floor, orange rim glow, item fills ~75%, no text/people/price) ; no invented label text (brand/batch/expiry) anywhere in the image"
182,PLANT_AND_TAGGED,DISTBOARDLIFEGUARD16,DISTBOARDLIFEGUARD16.jpg,Distribution Board Lifeguard 16 (1x32A 8x15A),Generators & Power Distribution,9,Road 1 real-unit hold,RENDER_FROM_DESCRIPTION,"THE ITEM: Distribution Board Lifeguard 16 (1x32A 8x15A). The board upright, outlet face square to the camera. Standing upright on the floor, camera at item height, three-quarter view so two faces show. THE MARKINGS THAT MUST BE READABLE: 32a | 15a. HOUSE STYLE (identical for every picture): studio product photograph on a near-black charcoal floor and backdrop (#14181F). One warm orange rim light raking in low from the left, a soft white top fill, and a gentle pool of orange glow on the floor under the item. Deep soft shadows, pin-sharp focus, high detail. The item is centred, filling about 75% of a square 800x800 frame. Nothing else in shot: no hands, no people, no props, no added text or watermark, no price, no other brand's logo - only markings the real item carries. LABEL RULE FOR THIS RENDER: show the product FORM and its stamped size/type markings only. Do NOT invent readable label text - no brand wordmarks, no batch numbers, no expiry dates. The MyGear card carries the exact name; the picture only has to be unmistakably this kind of thing.","Every outlet and breaker visible; rating legible ; stamped/labelled sizes readable: 32a, 15a ; house style holds (dark floor, orange rim glow, item fills ~75%, no text/people/price) ; no invented label text (brand/batch/expiry) anywhere in the image"
183,PLANT_AND_TAGGED,DISTBOARDLIFEGUARD17,DISTBOARDLIFEGUARD17.jpg,Distribution Board Lifeguard 17,Generators & Power Distribution,9,Road 1 real-unit hold,RENDER_FROM_DESCRIPTION,"THE ITEM: Distribution Board Lifeguard 17. The board upright, outlet face square to the camera. Standing upright on the floor, camera at item height, three-quarter view so two faces show. HOUSE STYLE (identical for every picture): studio product photograph on a near-black charcoal floor and backdrop (#14181F). One warm orange rim light raking in low from the left, a soft white top fill, and a gentle pool of orange glow on the floor under the item. Deep soft shadows, pin-sharp focus, high detail. The item is centred, filling about 75% of a square 800x800 frame. Nothing else in shot: no hands, no people, no props, no added text or watermark, no price, no other brand's logo - only markings the real item carries. LABEL RULE FOR THIS RENDER: show the product FORM and its stamped size/type markings only. Do NOT invent readable label text - no brand wordmarks, no batch numbers, no expiry dates. The MyGear card carries the exact name; the picture only has to be unmistakably this kind of thing.","Every outlet and breaker visible; rating legible ; house style holds (dark floor, orange rim glow, item fills ~75%, no text/people/price) ; no invented label text (brand/batch/expiry) anywhere in the image"
184,PLANT_AND_TAGGED,DISTBOARDLIFEGUARD4-10A,DISTBOARDLIFEGUARD4-10A.jpg,Distribution Board Lifeguard 4 10A,Generators & Power Distribution,31,Road 1 real-unit hold,RENDER_FROM_DESCRIPTION,"THE ITEM: Distribution Board Lifeguard 4 10A. The board upright, outlet face square to the camera. Standing upright on the floor, camera at item height, three-quarter view so two faces show. THE MARKINGS THAT MUST BE READABLE: 10a. HOUSE STYLE (identical for every picture): studio product photograph on a near-black charcoal floor and backdrop (#14181F). One warm orange rim light raking in low from the left, a soft white top fill, and a gentle pool of orange glow on the floor under the item. Deep soft shadows, pin-sharp focus, high detail. The item is centred, filling about 75% of a square 800x800 frame. Nothing else in shot: no hands, no people, no props, no added text or watermark, no price, no other brand's logo - only markings the real item carries. LABEL RULE FOR THIS RENDER: show the product FORM and its stamped size/type markings only. Do NOT invent readable label text - no brand wordmarks, no batch numbers, no expiry dates. The MyGear card carries the exact name; the picture only has to be unmistakably this kind of thing.","Every outlet and breaker visible; rating legible ; stamped/labelled sizes readable: 10a ; house style holds (dark floor, orange rim glow, item fills ~75%, no text/people/price) ; no invented label text (brand/batch/expiry) anywhere in the image"
185,PLANT_AND_TAGGED,DISTBOARDLIFEGUARD4-15A,DISTBOARDLIFEGUARD4-15A.jpg,Distribution Board Lifeguard 4 15A,Generators & Power Distribution,7,Road 1 real-unit hold,RENDER_FROM_DESCRIPTION,"THE ITEM: Distribution Board Lifeguard 4 15A. The board upright, outlet face square to the camera. Standing upright on the floor, camera at item height, three-quarter view so two faces show. THE MARKINGS THAT MUST BE READABLE: 15a. HOUSE STYLE (identical for every picture): studio product photograph on a near-black charcoal floor and backdrop (#14181F). One warm orange rim light raking in low from the left, a soft white top fill, and a gentle pool of orange glow on the floor under the item. Deep soft shadows, pin-sharp focus, high detail. The item is centred, filling about 75% of a square 800x800 frame. Nothing else in shot: no hands, no people, no props, no added text or watermark, no price, no other brand's logo - only markings the real item carries. LABEL RULE FOR THIS RENDER: show the product FORM and its stamped size/type markings only. Do NOT invent readable label text - no brand wordmarks, no batch numbers, no expiry dates. The MyGear card carries the exact name; the picture only has to be unmistakably this kind of thing.","Every outlet and breaker visible; rating legible ; stamped/labelled sizes readable: 15a ; house style holds (dark floor, orange rim glow, item fills ~75%, no text/people/price) ; no invented label text (brand/batch/expiry) anywhere in the image"
186,PLANT_AND_TAGGED,DISTBOARDLIFEGUARD6-10A,DISTBOARDLIFEGUARD6-10A.jpg,Distribution Board Lifeguard 6 10A,Generators & Power Distribution,5,Road 1 real-unit hold,RENDER_FROM_DESCRIPTION,"THE ITEM: Distribution Board Lifeguard 6 10A. The board upright, outlet face square to the camera. Standing upright on the floor, camera at item height, three-quarter view so two faces show. THE MARKINGS THAT MUST BE READABLE: 10a. HOUSE STYLE (identical for every picture): studio product photograph on a near-black charcoal floor and backdrop (#14181F). One warm orange rim light raking in low from the left, a soft white top fill, and a gentle pool of orange glow on the floor under the item. Deep soft shadows, pin-sharp focus, high detail. The item is centred, filling about 75% of a square 800x800 frame. Nothing else in shot: no hands, no people, no props, no added text or watermark, no price, no other brand's logo - only markings the real item carries. LABEL RULE FOR THIS RENDER: show the product FORM and its stamped size/type markings only. Do NOT invent readable label text - no brand wordmarks, no batch numbers, no expiry dates. The MyGear card carries the exact name; the picture only has to be unmistakably this kind of thing.","Every outlet and breaker visible; rating legible ; stamped/labelled sizes readable: 10a ; house style holds (dark floor, orange rim glow, item fills ~75%, no text/people/price) ; no invented label text (brand/batch/expiry) anywhere in the image"
187,PLANT_AND_TAGGED,DISTBOARDLIFEGUARD6-15A,DISTBOARDLIFEGUARD6-15A.jpg,Distribution Board Lifeguard 6 15A,Generators & Power Distribution,12,Road 1 real-unit hold,RENDER_FROM_DESCRIPTION,"THE ITEM: Distribution Board Lifeguard 6 15A. The board upright, outlet face square to the camera. Standing upright on the floor, camera at item height, three-quarter view so two faces show. THE MARKINGS THAT MUST BE READABLE: 15a. HOUSE STYLE (identical for every picture): studio product photograph on a near-black charcoal floor and backdrop (#14181F). One warm orange rim light raking in low from the left, a soft white top fill, and a gentle pool of orange glow on the floor under the item. Deep soft shadows, pin-sharp focus, high detail. The item is centred, filling about 75% of a square 800x800 frame. Nothing else in shot: no hands, no people, no props, no added text or watermark, no price, no other brand's logo - only markings the real item carries. LABEL RULE FOR THIS RENDER: show the product FORM and its stamped size/type markings only. Do NOT invent readable label text - no brand wordmarks, no batch numbers, no expiry dates. The MyGear card carries the exact name; the picture only has to be unmistakably this kind of thing.","Every outlet and breaker visible; rating legible ; stamped/labelled sizes readable: 15a ; house style holds (dark floor, orange rim glow, item fills ~75%, no text/people/price) ; no invented label text (brand/batch/expiry) anywhere in the image"
188,HELD_TOOLING,DISTBOARDLIFEGUARDLG34C1,DISTBOARDLIFEGUARDLG34C1.jpg,"Distrubution Outlet Board - 32 A Plug 6x15, 4x10, 1x20 A, Single Phase",Generators & Power Distribution,1,Electrical equipment likely to carry a test tag,RENDER_FROM_DESCRIPTION,"THE ITEM: Distrubution Outlet Board - 32 A Plug 6x15, 4x10, 1x20 A, Single Phase. The item at a three-quarter hero angle on the dark floor, working side toward the camera. Three-quarter hero angle from slightly above, the working end toward the camera. THE MARKINGS THAT MUST BE READABLE: 32 a | 20 a. HOUSE STYLE (identical for every picture): studio product photograph on a near-black charcoal floor and backdrop (#14181F). One warm orange rim light raking in low from the left, a soft white top fill, and a gentle pool of orange glow on the floor under the item. Deep soft shadows, pin-sharp focus, high detail. The item is centred, filling about 75% of a square 800x800 frame. Nothing else in shot: no hands, no people, no props, no added text or watermark, no price, no other brand's logo - only markings the real item carries. LABEL RULE FOR THIS RENDER: show the product FORM and its stamped size/type markings only. Do NOT invent readable label text - no brand wordmarks, no batch numbers, no expiry dates. The MyGear card carries the exact name; the picture only has to be unmistakably this kind of thing.","Item type unmistakably matches the register name ; stamped/labelled sizes readable: 32 a, 20 a ; house style holds (dark floor, orange rim glow, item fills ~75%, no text/people/price) ; no invented label text (brand/batch/expiry) anywhere in the image"
189,PLANT_AND_TAGGED,DRILL13MMBAT,DRILL13MMBAT.jpg,Drill 13mm Battery,Tools & Equipment,1,Road 1 real-unit hold,RENDER_FROM_DESCRIPTION,"THE ITEM: Drill 13mm Battery. The drill standing on its battery or rested on its side handle, chuck toward the camera. Three-quarter hero angle from slightly above, the working end toward the camera. THE MARKINGS THAT MUST BE READABLE: 13mm. HOUSE STYLE (identical for every picture): studio product photograph on a near-black charcoal floor and backdrop (#14181F). One warm orange rim light raking in low from the left, a soft white top fill, and a gentle pool of orange glow on the floor under the item. Deep soft shadows, pin-sharp focus, high detail. The item is centred, filling about 75% of a square 800x800 frame. Nothing else in shot: no hands, no people, no props, no added text or watermark, no price, no other brand's logo - only markings the real item carries. LABEL RULE FOR THIS RENDER: show the product FORM and its stamped size/type markings only. Do NOT invent readable label text - no brand wordmarks, no batch numbers, no expiry dates. The MyGear card carries the exact name; the picture only has to be unmistakably this kind of thing.","Chuck toward camera; battery fitted if cordless ; stamped/labelled sizes readable: 13mm ; house style holds (dark floor, orange rim glow, item fills ~75%, no text/people/price) ; no invented label text (brand/batch/expiry) anywhere in the image"
190,HELD_TOOLING,DRILLAIR12IN,DRILLAIR12IN.jpg,"Air Drill 1/2""",Coates Equipment,1,Powered tool likely to carry an asset/test tag,RENDER_FROM_DESCRIPTION,"THE ITEM: Air Drill 1/2"". The drill standing on its battery or rested on its side handle, chuck toward the camera. Three-quarter hero angle from slightly above, the working end toward the camera. THE MARKINGS THAT MUST BE READABLE: 1/2"". HOUSE STYLE (identical for every picture): studio product photograph on a near-black charcoal floor and backdrop (#14181F). One warm orange rim light raking in low from the left, a soft white top fill, and a gentle pool of orange glow on the floor under the item. Deep soft shadows, pin-sharp focus, high detail. The item is centred, filling about 75% of a square 800x800 frame. Nothing else in shot: no hands, no people, no props, no added text or watermark, no price, no other brand's logo - only markings the real item carries. LABEL RULE FOR THIS RENDER: show the product FORM and its stamped size/type markings only. Do NOT invent readable label text - no brand wordmarks, no batch numbers, no expiry dates. The MyGear card carries the exact name; the picture only has to be unmistakably this kind of thing.","Chuck toward camera; battery fitted if cordless ; stamped/labelled sizes readable: 1/2"" ; house style holds (dark floor, orange rim glow, item fills ~75%, no text/people/price) ; no invented label text (brand/batch/expiry) anywhere in the image"
191,HELD_TOOLING,DRILLAIR38IN,DRILLAIR38IN.jpg,"Air Drill 3/8""",Coates Equipment,1,Powered tool likely to carry an asset/test tag,RENDER_FROM_DESCRIPTION,"THE ITEM: Air Drill 3/8"". The drill standing on its battery or rested on its side handle, chuck toward the camera. Three-quarter hero angle from slightly above, the working end toward the camera. THE MARKINGS THAT MUST BE READABLE: 3/8"". HOUSE STYLE (identical for every picture): studio product photograph on a near-black charcoal floor and backdrop (#14181F). One warm orange rim light raking in low from the left, a soft white top fill, and a gentle pool of orange glow on the floor under the item. Deep soft shadows, pin-sharp focus, high detail. The item is centred, filling about 75% of a square 800x800 frame. Nothing else in shot: no hands, no people, no props, no added text or watermark, no price, no other brand's logo - only markings the real item carries. LABEL RULE FOR THIS RENDER: show the product FORM and its stamped size/type markings only. Do NOT invent readable label text - no brand wordmarks, no batch numbers, no expiry dates. The MyGear card carries the exact name; the picture only has to be unmistakably this kind of thing.","Chuck toward camera; battery fitted if cordless ; stamped/labelled sizes readable: 3/8"" ; house style holds (dark floor, orange rim glow, item fills ~75%, no text/people/price) ; no invented label text (brand/batch/expiry) anywhere in the image"
192,HELD_TOOLING,DRILLBITSETHP,DRILLBITSETHP.jpg,Drill Bit Set - High Speed,Industrial Tools & Equipment,3,Set contents/case layout are not uniquely specified,RENDER_FROM_DESCRIPTION,"THE ITEM: Drill Bit Set - High Speed. The drill standing on its battery or rested on its side handle, chuck toward the camera. Three-quarter hero angle from slightly above, the working end toward the camera. HOUSE STYLE (identical for every picture): studio product photograph on a near-black charcoal floor and backdrop (#14181F). One warm orange rim light raking in low from the left, a soft white top fill, and a gentle pool of orange glow on the floor under the item. Deep soft shadows, pin-sharp focus, high detail. The item is centred, filling about 75% of a square 800x800 frame. Nothing else in shot: no hands, no people, no props, no added text or watermark, no price, no other brand's logo - only markings the real item carries. LABEL RULE FOR THIS RENDER: show the product FORM and its stamped size/type markings only. Do NOT invent readable label text - no brand wordmarks, no batch numbers, no expiry dates. The MyGear card carries the exact name; the picture only has to be unmistakably this kind of thing.","Chuck toward camera; battery fitted if cordless ; house style holds (dark floor, orange rim glow, item fills ~75%, no text/people/price) ; no invented label text (brand/batch/expiry) anywhere in the image"
193,HELD_TOOLING,DRILLCORDLESS18V,DRILLCORDLESS18V.jpg,Drill - Cordless (18V) - Greener Choice,Tools & Equipment,7,Powered tool likely to carry an asset/test tag,RENDER_FROM_DESCRIPTION,"THE ITEM: Drill - Cordless (18V) - Greener Choice. The drill standing on its battery or rested on its side handle, chuck toward the camera. Three-quarter hero angle from slightly above, the working end toward the camera. THE MARKINGS THAT MUST BE READABLE: 18v. HOUSE STYLE (identical for every picture): studio product photograph on a near-black charcoal floor and backdrop (#14181F). One warm orange rim light raking in low from the left, a soft white top fill, and a gentle pool of orange glow on the floor under the item. Deep soft shadows, pin-sharp focus, high detail. The item is centred, filling about 75% of a square 800x800 frame. Nothing else in shot: no hands, no people, no props, no added text or watermark, no price, no other brand's logo - only markings the real item carries. LABEL RULE FOR THIS RENDER: show the product FORM and its stamped size/type markings only. Do NOT invent readable label text - no brand wordmarks, no batch numbers, no expiry dates. The MyGear card carries the exact name; the picture only has to be unmistakably this kind of thing.","Chuck toward camera; battery fitted if cordless ; stamped/labelled sizes readable: 18v ; house style holds (dark floor, orange rim glow, item fills ~75%, no text/people/price) ; no invented label text (brand/batch/expiry) anywhere in the image"
194,HELD_TOOLING,DRILLCORDLESSHAMMER12MM,DRILLCORDLESSHAMMER12MM.jpg,Drill Hammer 12mm Cordless - Greener Choice,Tools & Equipment,3,Powered tool likely to carry an asset/test tag,RENDER_FROM_DESCRIPTION,"THE ITEM: Drill Hammer 12mm Cordless - Greener Choice. The drill standing on its battery or rested on its side handle, chuck toward the camera. Three-quarter hero angle from slightly above, the working end toward the camera. THE MARKINGS THAT MUST BE READABLE: 12mm. HOUSE STYLE (identical for every picture): studio product photograph on a near-black charcoal floor and backdrop (#14181F). One warm orange rim light raking in low from the left, a soft white top fill, and a gentle pool of orange glow on the floor under the item. Deep soft shadows, pin-sharp focus, high detail. The item is centred, filling about 75% of a square 800x800 frame. Nothing else in shot: no hands, no people, no props, no added text or watermark, no price, no other brand's logo - only markings the real item carries. LABEL RULE FOR THIS RENDER: show the product FORM and its stamped size/type markings only. Do NOT invent readable label text - no brand wordmarks, no batch numbers, no expiry dates. The MyGear card carries the exact name; the picture only has to be unmistakably this kind of thing.","Chuck toward camera; battery fitted if cordless ; stamped/labelled sizes readable: 12mm ; house style holds (dark floor, orange rim glow, item fills ~75%, no text/people/price) ; no invented label text (brand/batch/expiry) anywhere in the image"
195,PLANT_AND_TAGGED,DRILLHAMMER13MMBAT,DRILLHAMMER13MMBAT.jpg,Drill Hammer 13mm  Battery,Tools & Equipment,8,Road 1 real-unit hold,RENDER_FROM_DESCRIPTION,"THE ITEM: Drill Hammer 13mm  Battery. The drill standing on its battery or rested on its side handle, chuck toward the camera. Three-quarter hero angle from slightly above, the working end toward the camera. THE MARKINGS THAT MUST BE READABLE: 13mm. HOUSE STYLE (identical for every picture): studio product photograph on a near-black charcoal floor and backdrop (#14181F). One warm orange rim light raking in low from the left, a soft white top fill, and a gentle pool of orange glow on the floor under the item. Deep soft shadows, pin-sharp focus, high detail. The item is centred, filling about 75% of a square 800x800 frame. Nothing else in shot: no hands, no people, no props, no added text or watermark, no price, no other brand's logo - only markings the real item carries. LABEL RULE FOR THIS RENDER: show the product FORM and its stamped size/type markings only. Do NOT invent readable label text - no brand wordmarks, no batch numbers, no expiry dates. The MyGear card carries the exact name; the picture only has to be unmistakably this kind of thing.","Chuck toward camera; battery fitted if cordless ; stamped/labelled sizes readable: 13mm ; house style holds (dark floor, orange rim glow, item fills ~75%, no text/people/price) ; no invented label text (brand/batch/expiry) anywhere in the image"
196,PLANT_AND_TAGGED,DRILLHAMMERSDSPLUSBAT,DRILLHAMMERSDSPLUSBAT.jpg,Drill Hammer SDS Plus Battery,Tools & Equipment,2,Road 1 real-unit hold,RENDER_FROM_DESCRIPTION,"THE ITEM: Drill Hammer SDS Plus Battery. The drill standing on its battery or rested on its side handle, chuck toward the camera. Three-quarter hero angle from slightly above, the working end toward the camera. HOUSE STYLE (identical for every picture): studio product photograph on a near-black charcoal floor and backdrop (#14181F). One warm orange rim light raking in low from the left, a soft white top fill, and a gentle pool of orange glow on the floor under the item. Deep soft shadows, pin-sharp focus, high detail. The item is centred, filling about 75% of a square 800x800 frame. Nothing else in shot: no hands, no people, no props, no added text or watermark, no price, no other brand's logo - only markings the real item carries. LABEL RULE FOR THIS RENDER: show the product FORM and its stamped size/type markings only. Do NOT invent readable label text - no brand wordmarks, no batch numbers, no expiry dates. The MyGear card carries the exact name; the picture only has to be unmistakably this kind of thing.","Chuck toward camera; battery fitted if cordless ; house style holds (dark floor, orange rim glow, item fills ~75%, no text/people/price) ; no invented label text (brand/batch/expiry) anywhere in the image"
197,HELD_TOOLING,DRILLSETCOBALT,DRILLSETCOBALT.jpg,Drill Set - Cobalt,Industrial Tools & Equipment,1,Set contents/case layout are not uniquely specified,RENDER_FROM_DESCRIPTION,"THE ITEM: Drill Set - Cobalt. The drill standing on its battery or rested on its side handle, chuck toward the camera. Three-quarter hero angle from slightly above, the working end toward the camera. HOUSE STYLE (identical for every picture): studio product photograph on a near-black charcoal floor and backdrop (#14181F). One warm orange rim light raking in low from the left, a soft white top fill, and a gentle pool of orange glow on the floor under the item. Deep soft shadows, pin-sharp focus, high detail. The item is centred, filling about 75% of a square 800x800 frame. Nothing else in shot: no hands, no people, no props, no added text or watermark, no price, no other brand's logo - only markings the real item carries. LABEL RULE FOR THIS RENDER: show the product FORM and its stamped size/type markings only. Do NOT invent readable label text - no brand wordmarks, no batch numbers, no expiry dates. The MyGear card carries the exact name; the picture only has to be unmistakably this kind of thing.","Chuck toward camera; battery fitted if cordless ; house style holds (dark floor, orange rim glow, item fills ~75%, no text/people/price) ; no invented label text (brand/batch/expiry) anywhere in the image"
198,HELD_TOOLING,DROPSAWCUTOFFABRASIVE2200W,DROPSAWCUTOFFABRASIVE2200W.jpg,DROP SAW CUT OFF ABRASIVE 2200W,Coates Equipment,1,Powered tool likely to carry an asset/test tag,RENDER_FROM_DESCRIPTION,"THE ITEM: DROP SAW CUT OFF ABRASIVE 2200W. The item at a three-quarter hero angle on the dark floor, working side toward the camera. Three-quarter hero angle from slightly above, the working end toward the camera. HOUSE STYLE (identical for every picture): studio product photograph on a near-black charcoal floor and backdrop (#14181F). One warm orange rim light raking in low from the left, a soft white top fill, and a gentle pool of orange glow on the floor under the item. Deep soft shadows, pin-sharp focus, high detail. The item is centred, filling about 75% of a square 800x800 frame. Nothing else in shot: no hands, no people, no props, no added text or watermark, no price, no other brand's logo - only markings the real item carries. LABEL RULE FOR THIS RENDER: show the product FORM and its stamped size/type markings only. Do NOT invent readable label text - no brand wordmarks, no batch numbers, no expiry dates. The MyGear card carries the exact name; the picture only has to be unmistakably this kind of thing.","Item type unmistakably matches the register name ; house style holds (dark floor, orange rim glow, item fills ~75%, no text/people/price) ; no invented label text (brand/batch/expiry) anywhere in the image"
199,HELD_TOOLING,EARTHLEAKAGEBOX,EARTHLEAKAGEBOX.jpg,Earth Leakage Power Pack Device - 10A,Tools & Equipment,29,Electrical equipment likely to carry a test tag,RENDER_FROM_DESCRIPTION,"THE ITEM: Earth Leakage Power Pack Device - 10A. The item at a three-quarter hero angle on the dark floor, working side toward the camera. Three-quarter hero angle from slightly above, the working end toward the camera. THE MARKINGS THAT MUST BE READABLE: 10a. HOUSE STYLE (identical for every picture): studio product photograph on a near-black charcoal floor and backdrop (#14181F). One warm orange rim light raking in low from the left, a soft white top fill, and a gentle pool of orange glow on the floor under the item. Deep soft shadows, pin-sharp focus, high detail. The item is centred, filling about 75% of a square 800x800 frame. Nothing else in shot: no hands, no people, no props, no added text or watermark, no price, no other brand's logo - only markings the real item carries. LABEL RULE FOR THIS RENDER: show the product FORM and its stamped size/type markings only. Do NOT invent readable label text - no brand wordmarks, no batch numbers, no expiry dates. The MyGear card carries the exact name; the picture only has to be unmistakably this kind of thing.","Item type unmistakably matches the register name ; stamped/labelled sizes readable: 10a ; house style holds (dark floor, orange rim glow, item fills ~75%, no text/people/price) ; no invented label text (brand/batch/expiry) anywhere in the image"
200,HELD_TOOLING,EARTHLEAKAGEBOX15AMP,EARTHLEAKAGEBOX15AMP.jpg,Earth Leakage Power Pack Device - 15A,Tools & Equipment,28,Electrical equipment likely to carry a test tag,RENDER_FROM_DESCRIPTION,"THE ITEM: Earth Leakage Power Pack Device - 15A. The item at a three-quarter hero angle on the dark floor, working side toward the camera. Three-quarter hero angle from slightly above, the working end toward the camera. THE MARKINGS THAT MUST BE READABLE: 15a. HOUSE STYLE (identical for every picture): studio product photograph on a near-black charcoal floor and backdrop (#14181F). One warm orange rim light raking in low from the left, a soft white top fill, and a gentle pool of orange glow on the floor under the item. Deep soft shadows, pin-sharp focus, high detail. The item is centred, filling about 75% of a square 800x800 frame. Nothing else in shot: no hands, no people, no props, no added text or watermark, no price, no other brand's logo - only markings the real item carries. LABEL RULE FOR THIS RENDER: show the product FORM and its stamped size/type markings only. Do NOT invent readable label text - no brand wordmarks, no batch numbers, no expiry dates. The MyGear card carries the exact name; the picture only has to be unmistakably this kind of thing.","Item type unmistakably matches the register name ; stamped/labelled sizes readable: 15a ; house style holds (dark floor, orange rim glow, item fills ~75%, no text/people/price) ; no invented label text (brand/batch/expiry) anywhere in the image"
201,PLANT_AND_TAGGED,EXHAUSTFAN240V300MM,EXHAUSTFAN240V300MM.jpg,Exhaust Fan - Electric 300mm,Tools & Equipment,27,Road 1 real-unit hold,RENDER_FROM_DESCRIPTION,"THE ITEM: Exhaust Fan - Electric 300mm. The fan face-on at slight angle so the cage depth reads, duct collar visible if it has one. Three-quarter hero angle from slightly above, the working end toward the camera. THE MARKINGS THAT MUST BE READABLE: 300mm. HOUSE STYLE (identical for every picture): studio product photograph on a near-black charcoal floor and backdrop (#14181F). One warm orange rim light raking in low from the left, a soft white top fill, and a gentle pool of orange glow on the floor under the item. Deep soft shadows, pin-sharp focus, high detail. The item is centred, filling about 75% of a square 800x800 frame. Nothing else in shot: no hands, no people, no props, no added text or watermark, no price, no other brand's logo - only markings the real item carries. LABEL RULE FOR THIS RENDER: show the product FORM and its stamped size/type markings only. Do NOT invent readable label text - no brand wordmarks, no batch numbers, no expiry dates. The MyGear card carries the exact name; the picture only has to be unmistakably this kind of thing.","Blade cage sharp; diameter reads right; power type correct ; stamped/labelled sizes readable: 300mm ; house style holds (dark floor, orange rim glow, item fills ~75%, no text/people/price) ; no invented label text (brand/batch/expiry) anywhere in the image"
202,PLANT_AND_TAGGED,EXHAUSTFAN240V610MM,EXHAUSTFAN240V610MM.jpg,Exhaust Fan - Electric 610mm,Tools & Equipment,3,Road 1 real-unit hold,RENDER_FROM_DESCRIPTION,"THE ITEM: Exhaust Fan - Electric 610mm. The fan face-on at slight angle so the cage depth reads, duct collar visible if it has one. Three-quarter hero angle from slightly above, the working end toward the camera. THE MARKINGS THAT MUST BE READABLE: 610mm. HOUSE STYLE (identical for every picture): studio product photograph on a near-black charcoal floor and backdrop (#14181F). One warm orange rim light raking in low from the left, a soft white top fill, and a gentle pool of orange glow on the floor under the item. Deep soft shadows, pin-sharp focus, high detail. The item is centred, filling about 75% of a square 800x800 frame. Nothing else in shot: no hands, no people, no props, no added text or watermark, no price, no other brand's logo - only markings the real item carries. LABEL RULE FOR THIS RENDER: show the product FORM and its stamped size/type markings only. Do NOT invent readable label text - no brand wordmarks, no batch numbers, no expiry dates. The MyGear card carries the exact name; the picture only has to be unmistakably this kind of thing.","Blade cage sharp; diameter reads right; power type correct ; stamped/labelled sizes readable: 610mm ; house style holds (dark floor, orange rim glow, item fills ~75%, no text/people/price) ; no invented label text (brand/batch/expiry) anywhere in the image"
203,PLANT_AND_TAGGED,EXHAUSTFAN300MM,EXHAUSTFAN300MM.jpg,Exhaust Fan 300MM,Coates Tooling,10,Road 1 real-unit hold,RENDER_FROM_DESCRIPTION,"THE ITEM: Exhaust Fan 300MM. The fan face-on at slight angle so the cage depth reads, duct collar visible if it has one. Three-quarter hero angle from slightly above, the working end toward the camera. THE MARKINGS THAT MUST BE READABLE: 300mm. HOUSE STYLE (identical for every picture): studio product photograph on a near-black charcoal floor and backdrop (#14181F). One warm orange rim light raking in low from the left, a soft white top fill, and a gentle pool of orange glow on the floor under the item. Deep soft shadows, pin-sharp focus, high detail. The item is centred, filling about 75% of a square 800x800 frame. Nothing else in shot: no hands, no people, no props, no added text or watermark, no price, no other brand's logo - only markings the real item carries. LABEL RULE FOR THIS RENDER: show the product FORM and its stamped size/type markings only. Do NOT invent readable label text - no brand wordmarks, no batch numbers, no expiry dates. The MyGear card carries the exact name; the picture only has to be unmistakably this kind of thing.","Blade cage sharp; diameter reads right; power type correct ; stamped/labelled sizes readable: 300mm ; house style holds (dark floor, orange rim glow, item fills ~75%, no text/people/price) ; no invented label text (brand/batch/expiry) anywhere in the image"
204,PLANT_AND_TAGGED,EXHAUSTFANELECTRIC300MM,EXHAUSTFANELECTRIC300MM.jpg,Exhaust Fan 300MM,Coates Tooling,10,Road 1 real-unit hold,RENDER_FROM_DESCRIPTION,"THE ITEM: Exhaust Fan 300MM. The fan face-on at slight angle so the cage depth reads, duct collar visible if it has one. Three-quarter hero angle from slightly above, the working end toward the camera. THE MARKINGS THAT MUST BE READABLE: 300mm. HOUSE STYLE (identical for every picture): studio product photograph on a near-black charcoal floor and backdrop (#14181F). One warm orange rim light raking in low from the left, a soft white top fill, and a gentle pool of orange glow on the floor under the item. Deep soft shadows, pin-sharp focus, high detail. The item is centred, filling about 75% of a square 800x800 frame. Nothing else in shot: no hands, no people, no props, no added text or watermark, no price, no other brand's logo - only markings the real item carries. LABEL RULE FOR THIS RENDER: show the product FORM and its stamped size/type markings only. Do NOT invent readable label text - no brand wordmarks, no batch numbers, no expiry dates. The MyGear card carries the exact name; the picture only has to be unmistakably this kind of thing.","Blade cage sharp; diameter reads right; power type correct ; stamped/labelled sizes readable: 300mm ; house style holds (dark floor, orange rim glow, item fills ~75%, no text/people/price) ; no invented label text (brand/batch/expiry) anywhere in the image"
205,HELD_TOOLING,EXTLEAD415V5PIN50AMP25M,EXTLEAD415V5PIN50AMP25M.jpg,Extension Lead - 415V 5 Pin 50A 25M,Tools & Equipment,1,Electrical equipment likely to carry a test tag,RENDER_FROM_DESCRIPTION,"THE ITEM: Extension Lead - 415V 5 Pin 50A 25M. The lead in a neat coil, both plugs crossed to the front. Coiled in a neat single loop, connectors/ends crossed to the front so both fittings are visible. THE MARKINGS THAT MUST BE READABLE: 415v | 50a | 25m. HOUSE STYLE (identical for every picture): studio product photograph on a near-black charcoal floor and backdrop (#14181F). One warm orange rim light raking in low from the left, a soft white top fill, and a gentle pool of orange glow on the floor under the item. Deep soft shadows, pin-sharp focus, high detail. The item is centred, filling about 75% of a square 800x800 frame. Nothing else in shot: no hands, no people, no props, no added text or watermark, no price, no other brand's logo - only markings the real item carries. LABEL RULE FOR THIS RENDER: show the product FORM and its stamped size/type markings only. Do NOT invent readable label text - no brand wordmarks, no batch numbers, no expiry dates. The MyGear card carries the exact name; the picture only has to be unmistakably this kind of thing.","Both plug ends visible; phase/amp rating reads correctly ; stamped/labelled sizes readable: 415v, 50a, 25m ; house style holds (dark floor, orange rim glow, item fills ~75%, no text/people/price) ; no invented label text (brand/batch/expiry) anywhere in the image"
206,HELD_TOOLING,EYEBOLTBS52912MMWHITWORTHSIZINGPITCH0083,EYEBOLTBS52912MMWHITWORTHSIZINGPITCH0083.jpg,"Eye Bolt BS529 , 1/2mm, Whitworth Sizing, Pitch, 0.0833mm, WLL 0.5t 4",Coates Equipment,4,Lifting/fall-protection gear,RENDER_FROM_DESCRIPTION,"THE ITEM: Eye Bolt BS529 , 1/2mm, Whitworth Sizing, Pitch, 0.0833mm, WLL 0.5t 4. One eye bolt standing on its thread collar, eye to the camera. Standing upright on the floor, camera at item height, three-quarter view so two faces show. THE MARKINGS THAT MUST BE READABLE: 2mm | 0.0833mm | 0.5t. HOUSE STYLE (identical for every picture): studio product photograph on a near-black charcoal floor and backdrop (#14181F). One warm orange rim light raking in low from the left, a soft white top fill, and a gentle pool of orange glow on the floor under the item. Deep soft shadows, pin-sharp focus, high detail. The item is centred, filling about 75% of a square 800x800 frame. Nothing else in shot: no hands, no people, no props, no added text or watermark, no price, no other brand's logo - only markings the real item carries. LABEL RULE FOR THIS RENDER: show the product FORM and its stamped size/type markings only. Do NOT invent readable label text - no brand wordmarks, no batch numbers, no expiry dates. The MyGear card carries the exact name; the picture only has to be unmistakably this kind of thing.","Forged eye and thread both visible; WLL stamp toward camera ; stamped/labelled sizes readable: 2mm, 0.0833mm, 0.5t ; house style holds (dark floor, orange rim glow, item fills ~75%, no text/people/price) ; no invented label text (brand/batch/expiry) anywhere in the image"
207,HELD_TOOLING,EYEBOLTBS5291MMWHITWORTHSIZINGPITCH01429,EYEBOLTBS5291MMWHITWORTHSIZINGPITCH01429.jpg,"Eye Bolt BS529 , 1mm, Whitworth Sizing, Pitch, 0.1429mm, WLL 2.8t",Coates Equipment,4,Lifting/fall-protection gear,RENDER_FROM_DESCRIPTION,"THE ITEM: Eye Bolt BS529 , 1mm, Whitworth Sizing, Pitch, 0.1429mm, WLL 2.8t. One eye bolt standing on its thread collar, eye to the camera. Standing upright on the floor, camera at item height, three-quarter view so two faces show. THE MARKINGS THAT MUST BE READABLE: 1mm | 0.1429mm | 2.8t. HOUSE STYLE (identical for every picture): studio product photograph on a near-black charcoal floor and backdrop (#14181F). One warm orange rim light raking in low from the left, a soft white top fill, and a gentle pool of orange glow on the floor under the item. Deep soft shadows, pin-sharp focus, high detail. The item is centred, filling about 75% of a square 800x800 frame. Nothing else in shot: no hands, no people, no props, no added text or watermark, no price, no other brand's logo - only markings the real item carries. LABEL RULE FOR THIS RENDER: show the product FORM and its stamped size/type markings only. Do NOT invent readable label text - no brand wordmarks, no batch numbers, no expiry dates. The MyGear card carries the exact name; the picture only has to be unmistakably this kind of thing.","Forged eye and thread both visible; WLL stamp toward camera ; stamped/labelled sizes readable: 1mm, 0.1429mm, 2.8t ; house style holds (dark floor, orange rim glow, item fills ~75%, no text/people/price) ; no invented label text (brand/batch/expiry) anywhere in the image"
208,HELD_TOOLING,EYEBOLTBS52934MMWHITWORTHSIZINGPITCH01MM,EYEBOLTBS52934MMWHITWORTHSIZINGPITCH01MM.jpg,"Eye Bolt BS529 , 3/4mm, Whitworth Sizing, Pitch, 0.1mm, WLL 1.4t",Coates Equipment,4,Lifting/fall-protection gear,RENDER_FROM_DESCRIPTION,"THE ITEM: Eye Bolt BS529 , 3/4mm, Whitworth Sizing, Pitch, 0.1mm, WLL 1.4t. One eye bolt standing on its thread collar, eye to the camera. Standing upright on the floor, camera at item height, three-quarter view so two faces show. THE MARKINGS THAT MUST BE READABLE: 4mm | 0.1mm | 1.4t. HOUSE STYLE (identical for every picture): studio product photograph on a near-black charcoal floor and backdrop (#14181F). One warm orange rim light raking in low from the left, a soft white top fill, and a gentle pool of orange glow on the floor under the item. Deep soft shadows, pin-sharp focus, high detail. The item is centred, filling about 75% of a square 800x800 frame. Nothing else in shot: no hands, no people, no props, no added text or watermark, no price, no other brand's logo - only markings the real item carries. LABEL RULE FOR THIS RENDER: show the product FORM and its stamped size/type markings only. Do NOT invent readable label text - no brand wordmarks, no batch numbers, no expiry dates. The MyGear card carries the exact name; the picture only has to be unmistakably this kind of thing.","Forged eye and thread both visible; WLL stamp toward camera ; stamped/labelled sizes readable: 4mm, 0.1mm, 1.4t ; house style holds (dark floor, orange rim glow, item fills ~75%, no text/people/price) ; no invented label text (brand/batch/expiry) anywhere in the image"
209,HELD_TOOLING,EYEBOLTBS52938MMWHITWORTHSIZINGPITCH0062,EYEBOLTBS52938MMWHITWORTHSIZINGPITCH0062.jpg,"Eye Bolt BS529 , 3/8mm, Whitworth Sizing, Pitch, 0.0625mm, WLL 0.3t",Coates Equipment,4,Lifting/fall-protection gear,RENDER_FROM_DESCRIPTION,"THE ITEM: Eye Bolt BS529 , 3/8mm, Whitworth Sizing, Pitch, 0.0625mm, WLL 0.3t. One eye bolt standing on its thread collar, eye to the camera. Standing upright on the floor, camera at item height, three-quarter view so two faces show. THE MARKINGS THAT MUST BE READABLE: 8mm | 0.0625mm | 0.3t. HOUSE STYLE (identical for every picture): studio product photograph on a near-black charcoal floor and backdrop (#14181F). One warm orange rim light raking in low from the left, a soft white top fill, and a gentle pool of orange glow on the floor under the item. Deep soft shadows, pin-sharp focus, high detail. The item is centred, filling about 75% of a square 800x800 frame. Nothing else in shot: no hands, no people, no props, no added text or watermark, no price, no other brand's logo - only markings the real item carries. LABEL RULE FOR THIS RENDER: show the product FORM and its stamped size/type markings only. Do NOT invent readable label text - no brand wordmarks, no batch numbers, no expiry dates. The MyGear card carries the exact name; the picture only has to be unmistakably this kind of thing.","Forged eye and thread both visible; WLL stamp toward camera ; stamped/labelled sizes readable: 8mm, 0.0625mm, 0.3t ; house style holds (dark floor, orange rim glow, item fills ~75%, no text/people/price) ; no invented label text (brand/batch/expiry) anywhere in the image"
210,HELD_TOOLING,EYEBOLTBS52958MMWHITWORTHSIZINGPITCH0090,EYEBOLTBS52958MMWHITWORTHSIZINGPITCH0090.jpg,"Eye Bolt BS529 , 5/8mm, Whitworth Sizing, Pitch, 0.0909mm, WLL 0.9t 4",Coates Equipment,4,Lifting/fall-protection gear,RENDER_FROM_DESCRIPTION,"THE ITEM: Eye Bolt BS529 , 5/8mm, Whitworth Sizing, Pitch, 0.0909mm, WLL 0.9t 4. One eye bolt standing on its thread collar, eye to the camera. Standing upright on the floor, camera at item height, three-quarter view so two faces show. THE MARKINGS THAT MUST BE READABLE: 8mm | 0.0909mm | 0.9t. HOUSE STYLE (identical for every picture): studio product photograph on a near-black charcoal floor and backdrop (#14181F). One warm orange rim light raking in low from the left, a soft white top fill, and a gentle pool of orange glow on the floor under the item. Deep soft shadows, pin-sharp focus, high detail. The item is centred, filling about 75% of a square 800x800 frame. Nothing else in shot: no hands, no people, no props, no added text or watermark, no price, no other brand's logo - only markings the real item carries. LABEL RULE FOR THIS RENDER: show the product FORM and its stamped size/type markings only. Do NOT invent readable label text - no brand wordmarks, no batch numbers, no expiry dates. The MyGear card carries the exact name; the picture only has to be unmistakably this kind of thing.","Forged eye and thread both visible; WLL stamp toward camera ; stamped/labelled sizes readable: 8mm, 0.0909mm, 0.9t ; house style holds (dark floor, orange rim glow, item fills ~75%, no text/people/price) ; no invented label text (brand/batch/expiry) anywhere in the image"
211,HELD_TOOLING,EYEBOLTBS52978MMWHITWORTHSIZINGPITCH0125,EYEBOLTBS52978MMWHITWORTHSIZINGPITCH0125.jpg,"Eye Bolt BS529 , 7/8mm, Whitworth Sizing, Pitch, 0.125mm, WLL 2t",Coates Equipment,4,Lifting/fall-protection gear,RENDER_FROM_DESCRIPTION,"THE ITEM: Eye Bolt BS529 , 7/8mm, Whitworth Sizing, Pitch, 0.125mm, WLL 2t. One eye bolt standing on its thread collar, eye to the camera. Standing upright on the floor, camera at item height, three-quarter view so two faces show. THE MARKINGS THAT MUST BE READABLE: 8mm | 0.125mm | 2t. HOUSE STYLE (identical for every picture): studio product photograph on a near-black charcoal floor and backdrop (#14181F). One warm orange rim light raking in low from the left, a soft white top fill, and a gentle pool of orange glow on the floor under the item. Deep soft shadows, pin-sharp focus, high detail. The item is centred, filling about 75% of a square 800x800 frame. Nothing else in shot: no hands, no people, no props, no added text or watermark, no price, no other brand's logo - only markings the real item carries. LABEL RULE FOR THIS RENDER: show the product FORM and its stamped size/type markings only. Do NOT invent readable label text - no brand wordmarks, no batch numbers, no expiry dates. The MyGear card carries the exact name; the picture only has to be unmistakably this kind of thing.","Forged eye and thread both visible; WLL stamp toward camera ; stamped/labelled sizes readable: 8mm, 0.125mm, 2t ; house style holds (dark floor, orange rim glow, item fills ~75%, no text/people/price) ; no invented label text (brand/batch/expiry) anywhere in the image"
212,HELD_TOOLING,EYEBOLTDINSTANDARD580M12PITCH175MMWLL034,EYEBOLTDINSTANDARD580M12PITCH175MMWLL034.jpg,"Eye Bolt Din Standard 580, M12, Pitch , 1.75mm, WLL 0.34t",Coates Equipment,4,Lifting/fall-protection gear,RENDER_FROM_DESCRIPTION,"THE ITEM: Eye Bolt Din Standard 580, M12, Pitch , 1.75mm, WLL 0.34t. One eye bolt standing on its thread collar, eye to the camera. Standing upright on the floor, camera at item height, three-quarter view so two faces show. THE MARKINGS THAT MUST BE READABLE: 1.75mm | 0.34t. HOUSE STYLE (identical for every picture): studio product photograph on a near-black charcoal floor and backdrop (#14181F). One warm orange rim light raking in low from the left, a soft white top fill, and a gentle pool of orange glow on the floor under the item. Deep soft shadows, pin-sharp focus, high detail. The item is centred, filling about 75% of a square 800x800 frame. Nothing else in shot: no hands, no people, no props, no added text or watermark, no price, no other brand's logo - only markings the real item carries. LABEL RULE FOR THIS RENDER: show the product FORM and its stamped size/type markings only. Do NOT invent readable label text - no brand wordmarks, no batch numbers, no expiry dates. The MyGear card carries the exact name; the picture only has to be unmistakably this kind of thing.","Forged eye and thread both visible; WLL stamp toward camera ; stamped/labelled sizes readable: 1.75mm, 0.34t ; house style holds (dark floor, orange rim glow, item fills ~75%, no text/people/price) ; no invented label text (brand/batch/expiry) anywhere in the image"
213,HELD_TOOLING,EYEBOLTDINSTANDARD580M16PITCH2MMWLL07T,EYEBOLTDINSTANDARD580M16PITCH2MMWLL07T.jpg,"Eye Bolt Din Standard 580, M16, Pitch , 2mm, WLL 0.7t",Coates Equipment,4,Lifting/fall-protection gear,RENDER_FROM_DESCRIPTION,"THE ITEM: Eye Bolt Din Standard 580, M16, Pitch , 2mm, WLL 0.7t. One eye bolt standing on its thread collar, eye to the camera. Standing upright on the floor, camera at item height, three-quarter view so two faces show. THE MARKINGS THAT MUST BE READABLE: 2mm | 0.7t. HOUSE STYLE (identical for every picture): studio product photograph on a near-black charcoal floor and backdrop (#14181F). One warm orange rim light raking in low from the left, a soft white top fill, and a gentle pool of orange glow on the floor under the item. Deep soft shadows, pin-sharp focus, high detail. The item is centred, filling about 75% of a square 800x800 frame. Nothing else in shot: no hands, no people, no props, no added text or watermark, no price, no other brand's logo - only markings the real item carries. LABEL RULE FOR THIS RENDER: show the product FORM and its stamped size/type markings only. Do NOT invent readable label text - no brand wordmarks, no batch numbers, no expiry dates. The MyGear card carries the exact name; the picture only has to be unmistakably this kind of thing.","Forged eye and thread both visible; WLL stamp toward camera ; stamped/labelled sizes readable: 2mm, 0.7t ; house style holds (dark floor, orange rim glow, item fills ~75%, no text/people/price) ; no invented label text (brand/batch/expiry) anywhere in the image"
214,HELD_TOOLING,EYEBOLTDINSTANDARD580M20PITCH25MMWLL12T,EYEBOLTDINSTANDARD580M20PITCH25MMWLL12T.jpg,"Eye Bolt Din Standard 580, M20, Pitch , 2.5mm, WLL 1.2t",Coates Equipment,4,Lifting/fall-protection gear,RENDER_FROM_DESCRIPTION,"THE ITEM: Eye Bolt Din Standard 580, M20, Pitch , 2.5mm, WLL 1.2t. One eye bolt standing on its thread collar, eye to the camera. Standing upright on the floor, camera at item height, three-quarter view so two faces show. THE MARKINGS THAT MUST BE READABLE: 2.5mm | 1.2t. HOUSE STYLE (identical for every picture): studio product photograph on a near-black charcoal floor and backdrop (#14181F). One warm orange rim light raking in low from the left, a soft white top fill, and a gentle pool of orange glow on the floor under the item. Deep soft shadows, pin-sharp focus, high detail. The item is centred, filling about 75% of a square 800x800 frame. Nothing else in shot: no hands, no people, no props, no added text or watermark, no price, no other brand's logo - only markings the real item carries. LABEL RULE FOR THIS RENDER: show the product FORM and its stamped size/type markings only. Do NOT invent readable label text - no brand wordmarks, no batch numbers, no expiry dates. The MyGear card carries the exact name; the picture only has to be unmistakably this kind of thing.","Forged eye and thread both visible; WLL stamp toward camera ; stamped/labelled sizes readable: 2.5mm, 1.2t ; house style holds (dark floor, orange rim glow, item fills ~75%, no text/people/price) ; no invented label text (brand/batch/expiry) anywhere in the image"
215,HELD_TOOLING,EYEBOLTDINSTANDARD580M24PITCH3MMWLL18T,EYEBOLTDINSTANDARD580M24PITCH3MMWLL18T.jpg,"Eye Bolt Din Standard 580, M24, Pitch , 3mm, WLL 1.8t",Coates Equipment,4,Lifting/fall-protection gear,RENDER_FROM_DESCRIPTION,"THE ITEM: Eye Bolt Din Standard 580, M24, Pitch , 3mm, WLL 1.8t. One eye bolt standing on its thread collar, eye to the camera. Standing upright on the floor, camera at item height, three-quarter view so two faces show. THE MARKINGS THAT MUST BE READABLE: 3mm | 1.8t. HOUSE STYLE (identical for every picture): studio product photograph on a near-black charcoal floor and backdrop (#14181F). One warm orange rim light raking in low from the left, a soft white top fill, and a gentle pool of orange glow on the floor under the item. Deep soft shadows, pin-sharp focus, high detail. The item is centred, filling about 75% of a square 800x800 frame. Nothing else in shot: no hands, no people, no props, no added text or watermark, no price, no other brand's logo - only markings the real item carries. LABEL RULE FOR THIS RENDER: show the product FORM and its stamped size/type markings only. Do NOT invent readable label text - no brand wordmarks, no batch numbers, no expiry dates. The MyGear card carries the exact name; the picture only has to be unmistakably this kind of thing.","Forged eye and thread both visible; WLL stamp toward camera ; stamped/labelled sizes readable: 3mm, 1.8t ; house style holds (dark floor, orange rim glow, item fills ~75%, no text/people/price) ; no invented label text (brand/batch/expiry) anywhere in the image"
216,HELD_TOOLING,EYEBOLTDINSTANDARD580M8PITCH125MMWLL014T,EYEBOLTDINSTANDARD580M8PITCH125MMWLL014T.jpg,"Eye Bolt Din Standard 580, M8, Pitch , 1.25mm, WLL 0.14t",Coates Equipment,4,Lifting/fall-protection gear,RENDER_FROM_DESCRIPTION,"THE ITEM: Eye Bolt Din Standard 580, M8, Pitch , 1.25mm, WLL 0.14t. One eye bolt standing on its thread collar, eye to the camera. Standing upright on the floor, camera at item height, three-quarter view so two faces show. THE MARKINGS THAT MUST BE READABLE: 1.25mm | 0.14t. HOUSE STYLE (identical for every picture): studio product photograph on a near-black charcoal floor and backdrop (#14181F). One warm orange rim light raking in low from the left, a soft white top fill, and a gentle pool of orange glow on the floor under the item. Deep soft shadows, pin-sharp focus, high detail. The item is centred, filling about 75% of a square 800x800 frame. Nothing else in shot: no hands, no people, no props, no added text or watermark, no price, no other brand's logo - only markings the real item carries. LABEL RULE FOR THIS RENDER: show the product FORM and its stamped size/type markings only. Do NOT invent readable label text - no brand wordmarks, no batch numbers, no expiry dates. The MyGear card carries the exact name; the picture only has to be unmistakably this kind of thing.","Forged eye and thread both visible; WLL stamp toward camera ; stamped/labelled sizes readable: 1.25mm, 0.14t ; house style holds (dark floor, orange rim glow, item fills ~75%, no text/people/price) ; no invented label text (brand/batch/expiry) anywhere in the image"
217,PLANT_AND_TAGGED,FAN150MMBAT,FAN150MMBAT.jpg,Fan - 150mm  Battery - Greener Choice,Tools & Equipment,3,Road 1 real-unit hold,RENDER_FROM_DESCRIPTION,"THE ITEM: Fan - 150mm  Battery - Greener Choice. The fan face-on at slight angle so the cage depth reads, duct collar visible if it has one. Three-quarter hero angle from slightly above, the working end toward the camera. THE MARKINGS THAT MUST BE READABLE: 150mm. HOUSE STYLE (identical for every picture): studio product photograph on a near-black charcoal floor and backdrop (#14181F). One warm orange rim light raking in low from the left, a soft white top fill, and a gentle pool of orange glow on the floor under the item. Deep soft shadows, pin-sharp focus, high detail. The item is centred, filling about 75% of a square 800x800 frame. Nothing else in shot: no hands, no people, no props, no added text or watermark, no price, no other brand's logo - only markings the real item carries. LABEL RULE FOR THIS RENDER: show the product FORM and its stamped size/type markings only. Do NOT invent readable label text - no brand wordmarks, no batch numbers, no expiry dates. The MyGear card carries the exact name; the picture only has to be unmistakably this kind of thing.","Blade cage sharp; diameter reads right; power type correct ; stamped/labelled sizes readable: 150mm ; house style holds (dark floor, orange rim glow, item fills ~75%, no text/people/price) ; no invented label text (brand/batch/expiry) anywhere in the image"
218,HELD_TOOLING,FEELERGAUGE20LEAF300MMACCUD,FEELERGAUGE20LEAF300MMACCUD.jpg,FEELER GAUGE 20 LEAVE 300MM ACCUD,Coates Equipment,1,"Precision range, dial layout or component form could be misrepresented",RENDER_FROM_DESCRIPTION,"THE ITEM: FEELER GAUGE 20 LEAVE 300MM ACCUD. The item at a three-quarter hero angle on the dark floor, working side toward the camera. Three-quarter hero angle from slightly above, the working end toward the camera. THE MARKINGS THAT MUST BE READABLE: 300mm. HOUSE STYLE (identical for every picture): studio product photograph on a near-black charcoal floor and backdrop (#14181F). One warm orange rim light raking in low from the left, a soft white top fill, and a gentle pool of orange glow on the floor under the item. Deep soft shadows, pin-sharp focus, high detail. The item is centred, filling about 75% of a square 800x800 frame. Nothing else in shot: no hands, no people, no props, no added text or watermark, no price, no other brand's logo - only markings the real item carries. LABEL RULE FOR THIS RENDER: show the product FORM and its stamped size/type markings only. Do NOT invent readable label text - no brand wordmarks, no batch numbers, no expiry dates. The MyGear card carries the exact name; the picture only has to be unmistakably this kind of thing.","Item type unmistakably matches the register name ; stamped/labelled sizes readable: 300mm ; house style holds (dark floor, orange rim glow, item fills ~75%, no text/people/price) ; no invented label text (brand/batch/expiry) anywhere in the image"
219,HELD_TOOLING,FEELERGAUGE20LEAVE300MMACCUD,FEELERGAUGE20LEAVE300MMACCUD.jpg,FEELER GAUGE 20 LEAVE 300MM ACCUD,Coates Equipment,1,"Precision range, dial layout or component form could be misrepresented",RENDER_FROM_DESCRIPTION,"THE ITEM: FEELER GAUGE 20 LEAVE 300MM ACCUD. The item at a three-quarter hero angle on the dark floor, working side toward the camera. Three-quarter hero angle from slightly above, the working end toward the camera. THE MARKINGS THAT MUST BE READABLE: 300mm. HOUSE STYLE (identical for every picture): studio product photograph on a near-black charcoal floor and backdrop (#14181F). One warm orange rim light raking in low from the left, a soft white top fill, and a gentle pool of orange glow on the floor under the item. Deep soft shadows, pin-sharp focus, high detail. The item is centred, filling about 75% of a square 800x800 frame. Nothing else in shot: no hands, no people, no props, no added text or watermark, no price, no other brand's logo - only markings the real item carries. LABEL RULE FOR THIS RENDER: show the product FORM and its stamped size/type markings only. Do NOT invent readable label text - no brand wordmarks, no batch numbers, no expiry dates. The MyGear card carries the exact name; the picture only has to be unmistakably this kind of thing.","Item type unmistakably matches the register name ; stamped/labelled sizes readable: 300mm ; house style holds (dark floor, orange rim glow, item fills ~75%, no text/people/price) ; no invented label text (brand/batch/expiry) anywhere in the image"
220,HELD_TOOLING,FEELERGAUGE36BLADEMETAF,FEELERGAUGE36BLADEMETAF.jpg,"FEELER GAUGE 36 BLADE MET/AF 0.051-0.889MM,",Coates Equipment,1,"Precision range, dial layout or component form could be misrepresented",RENDER_FROM_DESCRIPTION,"THE ITEM: FEELER GAUGE 36 BLADE MET/AF 0.051-0.889MM,. The item at a three-quarter hero angle on the dark floor, working side toward the camera. Three-quarter hero angle from slightly above, the working end toward the camera. THE MARKINGS THAT MUST BE READABLE: 0.889mm. HOUSE STYLE (identical for every picture): studio product photograph on a near-black charcoal floor and backdrop (#14181F). One warm orange rim light raking in low from the left, a soft white top fill, and a gentle pool of orange glow on the floor under the item. Deep soft shadows, pin-sharp focus, high detail. The item is centred, filling about 75% of a square 800x800 frame. Nothing else in shot: no hands, no people, no props, no added text or watermark, no price, no other brand's logo - only markings the real item carries. LABEL RULE FOR THIS RENDER: show the product FORM and its stamped size/type markings only. Do NOT invent readable label text - no brand wordmarks, no batch numbers, no expiry dates. The MyGear card carries the exact name; the picture only has to be unmistakably this kind of thing.","Item type unmistakably matches the register name ; stamped/labelled sizes readable: 0.889mm ; house style holds (dark floor, orange rim glow, item fills ~75%, no text/people/price) ; no invented label text (brand/batch/expiry) anywhere in the image"
221,HELD_TOOLING,FEELERGAUGE36BLADEMETAF00510889MM,FEELERGAUGE36BLADEMETAF00510889MM.jpg,"FEELER GAUGE 36 BLADE MET/AF 0.051-0.889MM,",Coates Equipment,1,"Precision range, dial layout or component form could be misrepresented",RENDER_FROM_DESCRIPTION,"THE ITEM: FEELER GAUGE 36 BLADE MET/AF 0.051-0.889MM,. The item at a three-quarter hero angle on the dark floor, working side toward the camera. Three-quarter hero angle from slightly above, the working end toward the camera. THE MARKINGS THAT MUST BE READABLE: 0.889mm. HOUSE STYLE (identical for every picture): studio product photograph on a near-black charcoal floor and backdrop (#14181F). One warm orange rim light raking in low from the left, a soft white top fill, and a gentle pool of orange glow on the floor under the item. Deep soft shadows, pin-sharp focus, high detail. The item is centred, filling about 75% of a square 800x800 frame. Nothing else in shot: no hands, no people, no props, no added text or watermark, no price, no other brand's logo - only markings the real item carries. LABEL RULE FOR THIS RENDER: show the product FORM and its stamped size/type markings only. Do NOT invent readable label text - no brand wordmarks, no batch numbers, no expiry dates. The MyGear card carries the exact name; the picture only has to be unmistakably this kind of thing.","Item type unmistakably matches the register name ; stamped/labelled sizes readable: 0.889mm ; house style holds (dark floor, orange rim glow, item fills ~75%, no text/people/price) ; no invented label text (brand/batch/expiry) anywhere in the image"
222,HELD_TOOLING,FEELERGUAGEMET100MM,FEELERGUAGEMET100MM.jpg,Feeler Gauge - Metric - 100mm,Industrial Tools & Equipment,8,"Precision range, dial layout or component form could be misrepresented",RENDER_FROM_DESCRIPTION,"THE ITEM: Feeler Gauge - Metric - 100mm. The item at a three-quarter hero angle on the dark floor, working side toward the camera. Three-quarter hero angle from slightly above, the working end toward the camera. THE MARKINGS THAT MUST BE READABLE: 100mm. HOUSE STYLE (identical for every picture): studio product photograph on a near-black charcoal floor and backdrop (#14181F). One warm orange rim light raking in low from the left, a soft white top fill, and a gentle pool of orange glow on the floor under the item. Deep soft shadows, pin-sharp focus, high detail. The item is centred, filling about 75% of a square 800x800 frame. Nothing else in shot: no hands, no people, no props, no added text or watermark, no price, no other brand's logo - only markings the real item carries. LABEL RULE FOR THIS RENDER: show the product FORM and its stamped size/type markings only. Do NOT invent readable label text - no brand wordmarks, no batch numbers, no expiry dates. The MyGear card carries the exact name; the picture only has to be unmistakably this kind of thing.","Item type unmistakably matches the register name ; stamped/labelled sizes readable: 100mm ; house style holds (dark floor, orange rim glow, item fills ~75%, no text/people/price) ; no invented label text (brand/batch/expiry) anywhere in the image"
223,HELD_TOOLING,FEELERGUAGEMET400MM,FEELERGUAGEMET400MM.jpg,Feeler Gauge 400mm,Industrial Tools & Equipment,1,"Precision range, dial layout or component form could be misrepresented",RENDER_FROM_DESCRIPTION,"THE ITEM: Feeler Gauge 400mm. The item at a three-quarter hero angle on the dark floor, working side toward the camera. Three-quarter hero angle from slightly above, the working end toward the camera. THE MARKINGS THAT MUST BE READABLE: 400mm. HOUSE STYLE (identical for every picture): studio product photograph on a near-black charcoal floor and backdrop (#14181F). One warm orange rim light raking in low from the left, a soft white top fill, and a gentle pool of orange glow on the floor under the item. Deep soft shadows, pin-sharp focus, high detail. The item is centred, filling about 75% of a square 800x800 frame. Nothing else in shot: no hands, no people, no props, no added text or watermark, no price, no other brand's logo - only markings the real item carries. LABEL RULE FOR THIS RENDER: show the product FORM and its stamped size/type markings only. Do NOT invent readable label text - no brand wordmarks, no batch numbers, no expiry dates. The MyGear card carries the exact name; the picture only has to be unmistakably this kind of thing.","Item type unmistakably matches the register name ; stamped/labelled sizes readable: 400mm ; house style holds (dark floor, orange rim glow, item fills ~75%, no text/people/price) ; no invented label text (brand/batch/expiry) anywhere in the image"
224,HELD_TOOLING,FILESET6PC150MMPRECISIONINCASEHANDLE,FILESET6PC150MMPRECISIONINCASEHANDLE.jpg,FILE SET 6PC 150MM PRECISION IN CASE HANDLE,Coates Equipment,2,Set contents/case layout are not uniquely specified,RENDER_FROM_DESCRIPTION,"THE ITEM: FILE SET 6PC 150MM PRECISION IN CASE HANDLE. The item at a three-quarter hero angle on the dark floor, working side toward the camera. Three-quarter hero angle from slightly above, the working end toward the camera. THE MARKINGS THAT MUST BE READABLE: 150mm. HOUSE STYLE (identical for every picture): studio product photograph on a near-black charcoal floor and backdrop (#14181F). One warm orange rim light raking in low from the left, a soft white top fill, and a gentle pool of orange glow on the floor under the item. Deep soft shadows, pin-sharp focus, high detail. The item is centred, filling about 75% of a square 800x800 frame. Nothing else in shot: no hands, no people, no props, no added text or watermark, no price, no other brand's logo - only markings the real item carries. LABEL RULE FOR THIS RENDER: show the product FORM and its stamped size/type markings only. Do NOT invent readable label text - no brand wordmarks, no batch numbers, no expiry dates. The MyGear card carries the exact name; the picture only has to be unmistakably this kind of thing.","Item type unmistakably matches the register name ; stamped/labelled sizes readable: 150mm ; house style holds (dark floor, orange rim glow, item fills ~75%, no text/people/price) ; no invented label text (brand/batch/expiry) anywhere in the image"
225,HELD_TOOLING,FINGERSAVERLGE,FINGERSAVERLGE.jpg,Finger Saver - Large,Industrial Tools & Equipment,2,Specialised safety/accessory product shape is not generic,RENDER_FROM_DESCRIPTION,"THE ITEM: Finger Saver - Large. The item at a three-quarter hero angle on the dark floor, working side toward the camera. Three-quarter hero angle from slightly above, the working end toward the camera. HOUSE STYLE (identical for every picture): studio product photograph on a near-black charcoal floor and backdrop (#14181F). One warm orange rim light raking in low from the left, a soft white top fill, and a gentle pool of orange glow on the floor under the item. Deep soft shadows, pin-sharp focus, high detail. The item is centred, filling about 75% of a square 800x800 frame. Nothing else in shot: no hands, no people, no props, no added text or watermark, no price, no other brand's logo - only markings the real item carries. LABEL RULE FOR THIS RENDER: show the product FORM and its stamped size/type markings only. Do NOT invent readable label text - no brand wordmarks, no batch numbers, no expiry dates. The MyGear card carries the exact name; the picture only has to be unmistakably this kind of thing.","Item type unmistakably matches the register name ; house style holds (dark floor, orange rim glow, item fills ~75%, no text/people/price) ; no invented label text (brand/batch/expiry) anywhere in the image"
226,HELD_TOOLING,FORKLIFT2.5TDIESEL,FORKLIFT2.5TDIESEL.jpg,Forklift 2t - 2.6t Diesel,Materials Handling,2,Plant or powered equipment,RENDER_FROM_DESCRIPTION,"THE ITEM: Forklift 2t - 2.6t Diesel. The item at a three-quarter hero angle on the dark floor, working side toward the camera. Three-quarter hero angle from slightly above, the working end toward the camera. THE MARKINGS THAT MUST BE READABLE: 2t | 2.6t. HOUSE STYLE (identical for every picture): studio product photograph on a near-black charcoal floor and backdrop (#14181F). One warm orange rim light raking in low from the left, a soft white top fill, and a gentle pool of orange glow on the floor under the item. Deep soft shadows, pin-sharp focus, high detail. The item is centred, filling about 75% of a square 800x800 frame. Nothing else in shot: no hands, no people, no props, no added text or watermark, no price, no other brand's logo - only markings the real item carries. LABEL RULE FOR THIS RENDER: show the product FORM and its stamped size/type markings only. Do NOT invent readable label text - no brand wordmarks, no batch numbers, no expiry dates. The MyGear card carries the exact name; the picture only has to be unmistakably this kind of thing.","Item type unmistakably matches the register name ; stamped/labelled sizes readable: 2t, 2.6t ; house style holds (dark floor, orange rim glow, item fills ~75%, no text/people/price) ; no invented label text (brand/batch/expiry) anywhere in the image"
227,HELD_TOOLING,FORKLIFT2.5TDIESELCONT,FORKLIFT2.5TDIESELCONT.jpg,Forklift 2.5t Container Diesel,Materials Handling,3,Plant or powered equipment,RENDER_FROM_DESCRIPTION,"THE ITEM: Forklift 2.5t Container Diesel. The item at a three-quarter hero angle on the dark floor, working side toward the camera. Three-quarter hero angle from slightly above, the working end toward the camera. THE MARKINGS THAT MUST BE READABLE: 2.5t. HOUSE STYLE (identical for every picture): studio product photograph on a near-black charcoal floor and backdrop (#14181F). One warm orange rim light raking in low from the left, a soft white top fill, and a gentle pool of orange glow on the floor under the item. Deep soft shadows, pin-sharp focus, high detail. The item is centred, filling about 75% of a square 800x800 frame. Nothing else in shot: no hands, no people, no props, no added text or watermark, no price, no other brand's logo - only markings the real item carries. LABEL RULE FOR THIS RENDER: show the product FORM and its stamped size/type markings only. Do NOT invent readable label text - no brand wordmarks, no batch numbers, no expiry dates. The MyGear card carries the exact name; the picture only has to be unmistakably this kind of thing.","Item type unmistakably matches the register name ; stamped/labelled sizes readable: 2.5t ; house style holds (dark floor, orange rim glow, item fills ~75%, no text/people/price) ; no invented label text (brand/batch/expiry) anywhere in the image"
228,HELD_TOOLING,FORKLIFT2.5TWROTD,FORKLIFT2.5TWROTD.jpg,Forklift - With Rotator 2.5t Diesel,Materials Handling,1,Plant or powered equipment,RENDER_FROM_DESCRIPTION,"THE ITEM: Forklift - With Rotator 2.5t Diesel. The item at a three-quarter hero angle on the dark floor, working side toward the camera. Three-quarter hero angle from slightly above, the working end toward the camera. THE MARKINGS THAT MUST BE READABLE: 2.5t. HOUSE STYLE (identical for every picture): studio product photograph on a near-black charcoal floor and backdrop (#14181F). One warm orange rim light raking in low from the left, a soft white top fill, and a gentle pool of orange glow on the floor under the item. Deep soft shadows, pin-sharp focus, high detail. The item is centred, filling about 75% of a square 800x800 frame. Nothing else in shot: no hands, no people, no props, no added text or watermark, no price, no other brand's logo - only markings the real item carries. LABEL RULE FOR THIS RENDER: show the product FORM and its stamped size/type markings only. Do NOT invent readable label text - no brand wordmarks, no batch numbers, no expiry dates. The MyGear card carries the exact name; the picture only has to be unmistakably this kind of thing.","Item type unmistakably matches the register name ; stamped/labelled sizes readable: 2.5t ; house style holds (dark floor, orange rim glow, item fills ~75%, no text/people/price) ; no invented label text (brand/batch/expiry) anywhere in the image"
229,HELD_TOOLING,FORKLIFT3.5TDIESELCONT,FORKLIFT3.5TDIESELCONT.jpg,Forklift Container Mast 3.5t Diesel,Materials Handling,2,Plant or powered equipment,RENDER_FROM_DESCRIPTION,"THE ITEM: Forklift Container Mast 3.5t Diesel. The item at a three-quarter hero angle on the dark floor, working side toward the camera. Three-quarter hero angle from slightly above, the working end toward the camera. THE MARKINGS THAT MUST BE READABLE: 3.5t. HOUSE STYLE (identical for every picture): studio product photograph on a near-black charcoal floor and backdrop (#14181F). One warm orange rim light raking in low from the left, a soft white top fill, and a gentle pool of orange glow on the floor under the item. Deep soft shadows, pin-sharp focus, high detail. The item is centred, filling about 75% of a square 800x800 frame. Nothing else in shot: no hands, no people, no props, no added text or watermark, no price, no other brand's logo - only markings the real item carries. LABEL RULE FOR THIS RENDER: show the product FORM and its stamped size/type markings only. Do NOT invent readable label text - no brand wordmarks, no batch numbers, no expiry dates. The MyGear card carries the exact name; the picture only has to be unmistakably this kind of thing.","Item type unmistakably matches the register name ; stamped/labelled sizes readable: 3.5t ; house style holds (dark floor, orange rim glow, item fills ~75%, no text/people/price) ; no invented label text (brand/batch/expiry) anywhere in the image"
230,HELD_TOOLING,FORKLIFT50TDIESELFK505,FORKLIFT50TDIESELFK505.jpg,Forklift 5.0t Diesel (FK505),Coates Equipment,1,Plant or powered equipment,RENDER_FROM_DESCRIPTION,"THE ITEM: Forklift 5.0t Diesel (FK505). The item at a three-quarter hero angle on the dark floor, working side toward the camera. Three-quarter hero angle from slightly above, the working end toward the camera. THE MARKINGS THAT MUST BE READABLE: 5.0t. HOUSE STYLE (identical for every picture): studio product photograph on a near-black charcoal floor and backdrop (#14181F). One warm orange rim light raking in low from the left, a soft white top fill, and a gentle pool of orange glow on the floor under the item. Deep soft shadows, pin-sharp focus, high detail. The item is centred, filling about 75% of a square 800x800 frame. Nothing else in shot: no hands, no people, no props, no added text or watermark, no price, no other brand's logo - only markings the real item carries. LABEL RULE FOR THIS RENDER: show the product FORM and its stamped size/type markings only. Do NOT invent readable label text - no brand wordmarks, no batch numbers, no expiry dates. The MyGear card carries the exact name; the picture only has to be unmistakably this kind of thing.","Item type unmistakably matches the register name ; stamped/labelled sizes readable: 5.0t ; house style holds (dark floor, orange rim glow, item fills ~75%, no text/people/price) ; no invented label text (brand/batch/expiry) anywhere in the image"
231,HELD_TOOLING,FORKLIFTREACHWB1.5TELEC,FORKLIFTREACHWB1.5TELEC.jpg,Forklift - Reach - Walk Behind 1.5t Electric - Greener Choice,Materials Handling,2,Plant or powered equipment,RENDER_FROM_DESCRIPTION,"THE ITEM: Forklift - Reach - Walk Behind 1.5t Electric - Greener Choice. The item at a three-quarter hero angle on the dark floor, working side toward the camera. Three-quarter hero angle from slightly above, the working end toward the camera. THE MARKINGS THAT MUST BE READABLE: 1.5t. HOUSE STYLE (identical for every picture): studio product photograph on a near-black charcoal floor and backdrop (#14181F). One warm orange rim light raking in low from the left, a soft white top fill, and a gentle pool of orange glow on the floor under the item. Deep soft shadows, pin-sharp focus, high detail. The item is centred, filling about 75% of a square 800x800 frame. Nothing else in shot: no hands, no people, no props, no added text or watermark, no price, no other brand's logo - only markings the real item carries. LABEL RULE FOR THIS RENDER: show the product FORM and its stamped size/type markings only. Do NOT invent readable label text - no brand wordmarks, no batch numbers, no expiry dates. The MyGear card carries the exact name; the picture only has to be unmistakably this kind of thing.","Item type unmistakably matches the register name ; stamped/labelled sizes readable: 1.5t ; house style holds (dark floor, orange rim glow, item fills ~75%, no text/people/price) ; no invented label text (brand/batch/expiry) anywhere in the image"
232,HELD_TOOLING,FORKLIFTRT2.5T4WD,FORKLIFTRT2.5T4WD.jpg,Forklift Rough Terrain 2.5t 4WD Diesel,Materials Handling,2,Plant or powered equipment,RENDER_FROM_DESCRIPTION,"THE ITEM: Forklift Rough Terrain 2.5t 4WD Diesel. The item at a three-quarter hero angle on the dark floor, working side toward the camera. Three-quarter hero angle from slightly above, the working end toward the camera. THE MARKINGS THAT MUST BE READABLE: 2.5t. HOUSE STYLE (identical for every picture): studio product photograph on a near-black charcoal floor and backdrop (#14181F). One warm orange rim light raking in low from the left, a soft white top fill, and a gentle pool of orange glow on the floor under the item. Deep soft shadows, pin-sharp focus, high detail. The item is centred, filling about 75% of a square 800x800 frame. Nothing else in shot: no hands, no people, no props, no added text or watermark, no price, no other brand's logo - only markings the real item carries. LABEL RULE FOR THIS RENDER: show the product FORM and its stamped size/type markings only. Do NOT invent readable label text - no brand wordmarks, no batch numbers, no expiry dates. The MyGear card carries the exact name; the picture only has to be unmistakably this kind of thing.","Item type unmistakably matches the register name ; stamped/labelled sizes readable: 2.5t ; house style holds (dark floor, orange rim glow, item fills ~75%, no text/people/price) ; no invented label text (brand/batch/expiry) anywhere in the image"
233,HELD_TOOLING,FUELTRAILER1000LDBUNDED,FUELTRAILER1000LDBUNDED.jpg,Fuel Trailer 1000L Double Bunded,"Trucks, Vehicles & Trailers",1,Plant or powered equipment,RENDER_FROM_DESCRIPTION,"THE ITEM: Fuel Trailer 1000L Double Bunded. The item at a three-quarter hero angle on the dark floor, working side toward the camera. Three-quarter hero angle from slightly above, the working end toward the camera. HOUSE STYLE (identical for every picture): studio product photograph on a near-black charcoal floor and backdrop (#14181F). One warm orange rim light raking in low from the left, a soft white top fill, and a gentle pool of orange glow on the floor under the item. Deep soft shadows, pin-sharp focus, high detail. The item is centred, filling about 75% of a square 800x800 frame. Nothing else in shot: no hands, no people, no props, no added text or watermark, no price, no other brand's logo - only markings the real item carries. LABEL RULE FOR THIS RENDER: show the product FORM and its stamped size/type markings only. Do NOT invent readable label text - no brand wordmarks, no batch numbers, no expiry dates. The MyGear card carries the exact name; the picture only has to be unmistakably this kind of thing.","Item type unmistakably matches the register name ; house style holds (dark floor, orange rim glow, item fills ~75%, no text/people/price) ; no invented label text (brand/batch/expiry) anywhere in the image"
234,HELD_TOOLING,GAUGEDIALINDICATOR00110MM,GAUGEDIALINDICATOR00110MM.jpg,GAUGE DIAL INDICATOR 0.01-10MM,Coates Tooling,1,"Precision range, dial layout or component form could be misrepresented",RENDER_FROM_DESCRIPTION,"THE ITEM: GAUGE DIAL INDICATOR 0.01-10MM. The instrument laid diagonal on the dark floor, scale or dial toward the camera. Laid flat on the floor at a 30-45 degree diagonal, camera high at about 40 degrees so the whole length is in frame. THE MARKINGS THAT MUST BE READABLE: 10mm. HOUSE STYLE (identical for every picture): studio product photograph on a near-black charcoal floor and backdrop (#14181F). One warm orange rim light raking in low from the left, a soft white top fill, and a gentle pool of orange glow on the floor under the item. Deep soft shadows, pin-sharp focus, high detail. The item is centred, filling about 75% of a square 800x800 frame. Nothing else in shot: no hands, no people, no props, no added text or watermark, no price, no other brand's logo - only markings the real item carries. LABEL RULE FOR THIS RENDER: show the product FORM and its stamped size/type markings only. Do NOT invent readable label text - no brand wordmarks, no batch numbers, no expiry dates. The MyGear card carries the exact name; the picture only has to be unmistakably this kind of thing.","Scale/dial legible; measuring faces visible ; stamped/labelled sizes readable: 10mm ; house style holds (dark floor, orange rim glow, item fills ~75%, no text/people/price) ; no invented label text (brand/batch/expiry) anywhere in the image"
235,PLANT_AND_TAGGED,GENERATOR100KVAD,GENERATOR100KVAD.jpg,Generator - 100kVA (Diesel),Generators & Power Distribution,2,Road 1 real-unit hold,RENDER_FROM_DESCRIPTION,"THE ITEM: Generator - 100kVA (Diesel). The generator set at three-quarter angle, control panel toward the camera. Three-quarter hero angle from slightly above, the working end toward the camera. THE MARKINGS THAT MUST BE READABLE: 100kva. HOUSE STYLE (identical for every picture): studio product photograph on a near-black charcoal floor and backdrop (#14181F). One warm orange rim light raking in low from the left, a soft white top fill, and a gentle pool of orange glow on the floor under the item. Deep soft shadows, pin-sharp focus, high detail. The item is centred, filling about 75% of a square 800x800 frame. Nothing else in shot: no hands, no people, no props, no added text or watermark, no price, no other brand's logo - only markings the real item carries. LABEL RULE FOR THIS RENDER: show the product FORM and its stamped size/type markings only. Do NOT invent readable label text - no brand wordmarks, no batch numbers, no expiry dates. The MyGear card carries the exact name; the picture only has to be unmistakably this kind of thing.","kVA class reads right; frame and panel visible ; stamped/labelled sizes readable: 100kva ; house style holds (dark floor, orange rim glow, item fills ~75%, no text/people/price) ; no invented label text (brand/batch/expiry) anywhere in the image"
236,PLANT_AND_TAGGED,GENERATOR160KVAD,GENERATOR160KVAD.jpg,Generator - 160kVA (Diesel),Generators & Power Distribution,2,Road 1 real-unit hold,RENDER_FROM_DESCRIPTION,"THE ITEM: Generator - 160kVA (Diesel). The generator set at three-quarter angle, control panel toward the camera. Three-quarter hero angle from slightly above, the working end toward the camera. THE MARKINGS THAT MUST BE READABLE: 160kva. HOUSE STYLE (identical for every picture): studio product photograph on a near-black charcoal floor and backdrop (#14181F). One warm orange rim light raking in low from the left, a soft white top fill, and a gentle pool of orange glow on the floor under the item. Deep soft shadows, pin-sharp focus, high detail. The item is centred, filling about 75% of a square 800x800 frame. Nothing else in shot: no hands, no people, no props, no added text or watermark, no price, no other brand's logo - only markings the real item carries. LABEL RULE FOR THIS RENDER: show the product FORM and its stamped size/type markings only. Do NOT invent readable label text - no brand wordmarks, no batch numbers, no expiry dates. The MyGear card carries the exact name; the picture only has to be unmistakably this kind of thing.","kVA class reads right; frame and panel visible ; stamped/labelled sizes readable: 160kva ; house style holds (dark floor, orange rim glow, item fills ~75%, no text/people/price) ; no invented label text (brand/batch/expiry) anywhere in the image"
237,PLANT_AND_TAGGED,GENERATOR20KVAD,GENERATOR20KVAD.jpg,Generator - 20kVA (Diesel),Generators & Power Distribution,2,Road 1 real-unit hold,RENDER_FROM_DESCRIPTION,"THE ITEM: Generator - 20kVA (Diesel). The generator set at three-quarter angle, control panel toward the camera. Three-quarter hero angle from slightly above, the working end toward the camera. THE MARKINGS THAT MUST BE READABLE: 20kva. HOUSE STYLE (identical for every picture): studio product photograph on a near-black charcoal floor and backdrop (#14181F). One warm orange rim light raking in low from the left, a soft white top fill, and a gentle pool of orange glow on the floor under the item. Deep soft shadows, pin-sharp focus, high detail. The item is centred, filling about 75% of a square 800x800 frame. Nothing else in shot: no hands, no people, no props, no added text or watermark, no price, no other brand's logo - only markings the real item carries. LABEL RULE FOR THIS RENDER: show the product FORM and its stamped size/type markings only. Do NOT invent readable label text - no brand wordmarks, no batch numbers, no expiry dates. The MyGear card carries the exact name; the picture only has to be unmistakably this kind of thing.","kVA class reads right; frame and panel visible ; stamped/labelled sizes readable: 20kva ; house style holds (dark floor, orange rim glow, item fills ~75%, no text/people/price) ; no invented label text (brand/batch/expiry) anywhere in the image"
238,PLANT_AND_TAGGED,GENERATOR30KVAD,GENERATOR30KVAD.jpg,Generator - 30kVA (Diesel),Generators & Power Distribution,1,Road 1 real-unit hold,RENDER_FROM_DESCRIPTION,"THE ITEM: Generator - 30kVA (Diesel). The generator set at three-quarter angle, control panel toward the camera. Three-quarter hero angle from slightly above, the working end toward the camera. THE MARKINGS THAT MUST BE READABLE: 30kva. HOUSE STYLE (identical for every picture): studio product photograph on a near-black charcoal floor and backdrop (#14181F). One warm orange rim light raking in low from the left, a soft white top fill, and a gentle pool of orange glow on the floor under the item. Deep soft shadows, pin-sharp focus, high detail. The item is centred, filling about 75% of a square 800x800 frame. Nothing else in shot: no hands, no people, no props, no added text or watermark, no price, no other brand's logo - only markings the real item carries. LABEL RULE FOR THIS RENDER: show the product FORM and its stamped size/type markings only. Do NOT invent readable label text - no brand wordmarks, no batch numbers, no expiry dates. The MyGear card carries the exact name; the picture only has to be unmistakably this kind of thing.","kVA class reads right; frame and panel visible ; stamped/labelled sizes readable: 30kva ; house style holds (dark floor, orange rim glow, item fills ~75%, no text/people/price) ; no invented label text (brand/batch/expiry) anywhere in the image"
239,PLANT_AND_TAGGED,GENERATOR60KVAD,GENERATOR60KVAD.jpg,Generator - 60kVA (Diesel),Generators & Power Distribution,1,Road 1 real-unit hold,RENDER_FROM_DESCRIPTION,"THE ITEM: Generator - 60kVA (Diesel). The generator set at three-quarter angle, control panel toward the camera. Three-quarter hero angle from slightly above, the working end toward the camera. THE MARKINGS THAT MUST BE READABLE: 60kva. HOUSE STYLE (identical for every picture): studio product photograph on a near-black charcoal floor and backdrop (#14181F). One warm orange rim light raking in low from the left, a soft white top fill, and a gentle pool of orange glow on the floor under the item. Deep soft shadows, pin-sharp focus, high detail. The item is centred, filling about 75% of a square 800x800 frame. Nothing else in shot: no hands, no people, no props, no added text or watermark, no price, no other brand's logo - only markings the real item carries. LABEL RULE FOR THIS RENDER: show the product FORM and its stamped size/type markings only. Do NOT invent readable label text - no brand wordmarks, no batch numbers, no expiry dates. The MyGear card carries the exact name; the picture only has to be unmistakably this kind of thing.","kVA class reads right; frame and panel visible ; stamped/labelled sizes readable: 60kva ; house style holds (dark floor, orange rim glow, item fills ~75%, no text/people/price) ; no invented label text (brand/batch/expiry) anywhere in the image"
240,HELD_TOOLING,GIRDERCLAMP1T,GIRDERCLAMP1T.jpg,Girder Clamp - 1t,"Lift, Shift & Propping",5,Lifting/fall-protection gear,RENDER_FROM_DESCRIPTION,"THE ITEM: Girder Clamp - 1t. The light standing lit, beam catching haze faintly above. Three-quarter hero angle from slightly above, the working end toward the camera. THE MARKINGS THAT MUST BE READABLE: 1t. HOUSE STYLE (identical for every picture): studio product photograph on a near-black charcoal floor and backdrop (#14181F). One warm orange rim light raking in low from the left, a soft white top fill, and a gentle pool of orange glow on the floor under the item. Deep soft shadows, pin-sharp focus, high detail. The item is centred, filling about 75% of a square 800x800 frame. Nothing else in shot: no hands, no people, no props, no added text or watermark, no price, no other brand's logo - only markings the real item carries. LABEL RULE FOR THIS RENDER: show the product FORM and its stamped size/type markings only. Do NOT invent readable label text - no brand wordmarks, no batch numbers, no expiry dates. The MyGear card carries the exact name; the picture only has to be unmistakably this kind of thing.","Lamp visibly ON; mount/stand type matches the name ; stamped/labelled sizes readable: 1t ; house style holds (dark floor, orange rim glow, item fills ~75%, no text/people/price) ; no invented label text (brand/batch/expiry) anywhere in the image"
241,HELD_TOOLING,GIRDERCLAMP1T75-220MM,GIRDERCLAMP1T75-220MM.jpg,Girder Clamp - 1t - 75 - 220mm,"Lift, Shift & Propping",1,Lifting/fall-protection gear,RENDER_FROM_DESCRIPTION,"THE ITEM: Girder Clamp - 1t - 75 - 220mm. The light standing lit, beam catching haze faintly above. Three-quarter hero angle from slightly above, the working end toward the camera. THE MARKINGS THAT MUST BE READABLE: 220mm | 1t. HOUSE STYLE (identical for every picture): studio product photograph on a near-black charcoal floor and backdrop (#14181F). One warm orange rim light raking in low from the left, a soft white top fill, and a gentle pool of orange glow on the floor under the item. Deep soft shadows, pin-sharp focus, high detail. The item is centred, filling about 75% of a square 800x800 frame. Nothing else in shot: no hands, no people, no props, no added text or watermark, no price, no other brand's logo - only markings the real item carries. LABEL RULE FOR THIS RENDER: show the product FORM and its stamped size/type markings only. Do NOT invent readable label text - no brand wordmarks, no batch numbers, no expiry dates. The MyGear card carries the exact name; the picture only has to be unmistakably this kind of thing.","Lamp visibly ON; mount/stand type matches the name ; stamped/labelled sizes readable: 220mm, 1t ; house style holds (dark floor, orange rim glow, item fills ~75%, no text/people/price) ; no invented label text (brand/batch/expiry) anywhere in the image"
242,HELD_TOOLING,GIRDERCLAMP2TONNE,GIRDERCLAMP2TONNE.jpg,GIRDER CLAMP 2 TONNE  SERIAL 220928.10,Coates Tooling,5,Lifting/fall-protection gear,RENDER_FROM_DESCRIPTION,"THE ITEM: GIRDER CLAMP 2 TONNE  SERIAL 220928.10. The light standing lit, beam catching haze faintly above. Three-quarter hero angle from slightly above, the working end toward the camera. THE MARKINGS THAT MUST BE READABLE: 2 tonne. HOUSE STYLE (identical for every picture): studio product photograph on a near-black charcoal floor and backdrop (#14181F). One warm orange rim light raking in low from the left, a soft white top fill, and a gentle pool of orange glow on the floor under the item. Deep soft shadows, pin-sharp focus, high detail. The item is centred, filling about 75% of a square 800x800 frame. Nothing else in shot: no hands, no people, no props, no added text or watermark, no price, no other brand's logo - only markings the real item carries. LABEL RULE FOR THIS RENDER: show the product FORM and its stamped size/type markings only. Do NOT invent readable label text - no brand wordmarks, no batch numbers, no expiry dates. The MyGear card carries the exact name; the picture only has to be unmistakably this kind of thing.","Lamp visibly ON; mount/stand type matches the name ; stamped/labelled sizes readable: 2 tonne ; house style holds (dark floor, orange rim glow, item fills ~75%, no text/people/price) ; no invented label text (brand/batch/expiry) anywhere in the image"
243,HELD_TOOLING,GIRDERCLAMP3T,GIRDERCLAMP3T.jpg,Girder Clamp - 3t,"Lift, Shift & Propping",2,Lifting/fall-protection gear,RENDER_FROM_DESCRIPTION,"THE ITEM: Girder Clamp - 3t. The light standing lit, beam catching haze faintly above. Three-quarter hero angle from slightly above, the working end toward the camera. THE MARKINGS THAT MUST BE READABLE: 3t. HOUSE STYLE (identical for every picture): studio product photograph on a near-black charcoal floor and backdrop (#14181F). One warm orange rim light raking in low from the left, a soft white top fill, and a gentle pool of orange glow on the floor under the item. Deep soft shadows, pin-sharp focus, high detail. The item is centred, filling about 75% of a square 800x800 frame. Nothing else in shot: no hands, no people, no props, no added text or watermark, no price, no other brand's logo - only markings the real item carries. LABEL RULE FOR THIS RENDER: show the product FORM and its stamped size/type markings only. Do NOT invent readable label text - no brand wordmarks, no batch numbers, no expiry dates. The MyGear card carries the exact name; the picture only has to be unmistakably this kind of thing.","Lamp visibly ON; mount/stand type matches the name ; stamped/labelled sizes readable: 3t ; house style holds (dark floor, orange rim glow, item fills ~75%, no text/people/price) ; no invented label text (brand/batch/expiry) anywhere in the image"
244,HELD_TOOLING,GIRDERCLAMP5T90-320MM,GIRDERCLAMP5T90-320MM.jpg,Girder Clamp 5t (90-320mm),"Lift, Shift & Propping",1,Lifting/fall-protection gear,RENDER_FROM_DESCRIPTION,"THE ITEM: Girder Clamp 5t (90-320mm). The light standing lit, beam catching haze faintly above. Three-quarter hero angle from slightly above, the working end toward the camera. THE MARKINGS THAT MUST BE READABLE: 320mm | 5t. HOUSE STYLE (identical for every picture): studio product photograph on a near-black charcoal floor and backdrop (#14181F). One warm orange rim light raking in low from the left, a soft white top fill, and a gentle pool of orange glow on the floor under the item. Deep soft shadows, pin-sharp focus, high detail. The item is centred, filling about 75% of a square 800x800 frame. Nothing else in shot: no hands, no people, no props, no added text or watermark, no price, no other brand's logo - only markings the real item carries. LABEL RULE FOR THIS RENDER: show the product FORM and its stamped size/type markings only. Do NOT invent readable label text - no brand wordmarks, no batch numbers, no expiry dates. The MyGear card carries the exact name; the picture only has to be unmistakably this kind of thing.","Lamp visibly ON; mount/stand type matches the name ; stamped/labelled sizes readable: 320mm, 5t ; house style holds (dark floor, orange rim glow, item fills ~75%, no text/people/price) ; no invented label text (brand/batch/expiry) anywhere in the image"
245,HELD_TOOLING,GIRDERCLAMP5TONNE,GIRDERCLAMP5TONNE.jpg,GIRDER CLAMP 5 TONNE  SERIAL 304838,Coates Tooling,4,Lifting/fall-protection gear,RENDER_FROM_DESCRIPTION,"THE ITEM: GIRDER CLAMP 5 TONNE  SERIAL 304838. The light standing lit, beam catching haze faintly above. Three-quarter hero angle from slightly above, the working end toward the camera. THE MARKINGS THAT MUST BE READABLE: 5 tonne. HOUSE STYLE (identical for every picture): studio product photograph on a near-black charcoal floor and backdrop (#14181F). One warm orange rim light raking in low from the left, a soft white top fill, and a gentle pool of orange glow on the floor under the item. Deep soft shadows, pin-sharp focus, high detail. The item is centred, filling about 75% of a square 800x800 frame. Nothing else in shot: no hands, no people, no props, no added text or watermark, no price, no other brand's logo - only markings the real item carries. LABEL RULE FOR THIS RENDER: show the product FORM and its stamped size/type markings only. Do NOT invent readable label text - no brand wordmarks, no batch numbers, no expiry dates. The MyGear card carries the exact name; the picture only has to be unmistakably this kind of thing.","Lamp visibly ON; mount/stand type matches the name ; stamped/labelled sizes readable: 5 tonne ; house style holds (dark floor, orange rim glow, item fills ~75%, no text/people/price) ; no invented label text (brand/batch/expiry) anywhere in the image"
246,HELD_TOOLING,GIRDERTROLLEY1T,GIRDERTROLLEY1T.jpg,Girder Trolley - 1t,"Lift, Shift & Propping",2,Lifting/fall-protection gear,RENDER_FROM_DESCRIPTION,"THE ITEM: Girder Trolley - 1t. The item at a three-quarter hero angle on the dark floor, working side toward the camera. Three-quarter hero angle from slightly above, the working end toward the camera. THE MARKINGS THAT MUST BE READABLE: 1t. HOUSE STYLE (identical for every picture): studio product photograph on a near-black charcoal floor and backdrop (#14181F). One warm orange rim light raking in low from the left, a soft white top fill, and a gentle pool of orange glow on the floor under the item. Deep soft shadows, pin-sharp focus, high detail. The item is centred, filling about 75% of a square 800x800 frame. Nothing else in shot: no hands, no people, no props, no added text or watermark, no price, no other brand's logo - only markings the real item carries. LABEL RULE FOR THIS RENDER: show the product FORM and its stamped size/type markings only. Do NOT invent readable label text - no brand wordmarks, no batch numbers, no expiry dates. The MyGear card carries the exact name; the picture only has to be unmistakably this kind of thing.","Item type unmistakably matches the register name ; stamped/labelled sizes readable: 1t ; house style holds (dark floor, orange rim glow, item fills ~75%, no text/people/price) ; no invented label text (brand/batch/expiry) anywhere in the image"
247,HELD_TOOLING,GIRDERTROLLEY2T,GIRDERTROLLEY2T.jpg,Girder Trolley - 1t,"Lift, Shift & Propping",1,Lifting/fall-protection gear,RENDER_FROM_DESCRIPTION,"THE ITEM: Girder Trolley - 1t. The item at a three-quarter hero angle on the dark floor, working side toward the camera. Three-quarter hero angle from slightly above, the working end toward the camera. THE MARKINGS THAT MUST BE READABLE: 1t. HOUSE STYLE (identical for every picture): studio product photograph on a near-black charcoal floor and backdrop (#14181F). One warm orange rim light raking in low from the left, a soft white top fill, and a gentle pool of orange glow on the floor under the item. Deep soft shadows, pin-sharp focus, high detail. The item is centred, filling about 75% of a square 800x800 frame. Nothing else in shot: no hands, no people, no props, no added text or watermark, no price, no other brand's logo - only markings the real item carries. LABEL RULE FOR THIS RENDER: show the product FORM and its stamped size/type markings only. Do NOT invent readable label text - no brand wordmarks, no batch numbers, no expiry dates. The MyGear card carries the exact name; the picture only has to be unmistakably this kind of thing.","Item type unmistakably matches the register name ; stamped/labelled sizes readable: 1t ; house style holds (dark floor, orange rim glow, item fills ~75%, no text/people/price) ; no invented label text (brand/batch/expiry) anywhere in the image"
248,HELD_TOOLING,GIRDERTROLLEY3T,GIRDERTROLLEY3T.jpg,Girder Trolley - 3t,"Lift, Shift & Propping",3,Lifting/fall-protection gear,RENDER_FROM_DESCRIPTION,"THE ITEM: Girder Trolley - 3t. The item at a three-quarter hero angle on the dark floor, working side toward the camera. Three-quarter hero angle from slightly above, the working end toward the camera. THE MARKINGS THAT MUST BE READABLE: 3t. HOUSE STYLE (identical for every picture): studio product photograph on a near-black charcoal floor and backdrop (#14181F). One warm orange rim light raking in low from the left, a soft white top fill, and a gentle pool of orange glow on the floor under the item. Deep soft shadows, pin-sharp focus, high detail. The item is centred, filling about 75% of a square 800x800 frame. Nothing else in shot: no hands, no people, no props, no added text or watermark, no price, no other brand's logo - only markings the real item carries. LABEL RULE FOR THIS RENDER: show the product FORM and its stamped size/type markings only. Do NOT invent readable label text - no brand wordmarks, no batch numbers, no expiry dates. The MyGear card carries the exact name; the picture only has to be unmistakably this kind of thing.","Item type unmistakably matches the register name ; stamped/labelled sizes readable: 3t ; house style holds (dark floor, orange rim glow, item fills ~75%, no text/people/price) ; no invented label text (brand/batch/expiry) anywhere in the image"
249,HELD_TOOLING,GRIDMESHHOOK550KG,GRIDMESHHOOK550KG.jpg,GRID MESH  HOOK 550KG,Coates Tooling,2,"Second pass: powered, pneumatic, plant, lifting or model-specific equipment",RENDER_FROM_DESCRIPTION,"THE ITEM: GRID MESH  HOOK 550KG. The item at a three-quarter hero angle on the dark floor, working side toward the camera. Three-quarter hero angle from slightly above, the working end toward the camera. THE MARKINGS THAT MUST BE READABLE: 550kg. HOUSE STYLE (identical for every picture): studio product photograph on a near-black charcoal floor and backdrop (#14181F). One warm orange rim light raking in low from the left, a soft white top fill, and a gentle pool of orange glow on the floor under the item. Deep soft shadows, pin-sharp focus, high detail. The item is centred, filling about 75% of a square 800x800 frame. Nothing else in shot: no hands, no people, no props, no added text or watermark, no price, no other brand's logo - only markings the real item carries. LABEL RULE FOR THIS RENDER: show the product FORM and its stamped size/type markings only. Do NOT invent readable label text - no brand wordmarks, no batch numbers, no expiry dates. The MyGear card carries the exact name; the picture only has to be unmistakably this kind of thing.","Item type unmistakably matches the register name ; stamped/labelled sizes readable: 550kg ; house style holds (dark floor, orange rim glow, item fills ~75%, no text/people/price) ; no invented label text (brand/batch/expiry) anywhere in the image"
250,HELD_TOOLING,GRINDERANGLE125MM,GRINDERANGLE125MM.jpg,Grinder - Angle 125mm/5inch (240V),Tools & Equipment,4,Powered tool likely to carry an asset/test tag,RENDER_FROM_DESCRIPTION,"THE ITEM: Grinder - Angle 125mm/5inch (240V). The grinder at three-quarter angle, guard and disc toward the camera. Three-quarter hero angle from slightly above, the working end toward the camera. THE MARKINGS THAT MUST BE READABLE: 5inch | 125mm | 240v. HOUSE STYLE (identical for every picture): studio product photograph on a near-black charcoal floor and backdrop (#14181F). One warm orange rim light raking in low from the left, a soft white top fill, and a gentle pool of orange glow on the floor under the item. Deep soft shadows, pin-sharp focus, high detail. The item is centred, filling about 75% of a square 800x800 frame. Nothing else in shot: no hands, no people, no props, no added text or watermark, no price, no other brand's logo - only markings the real item carries. LABEL RULE FOR THIS RENDER: show the product FORM and its stamped size/type markings only. Do NOT invent readable label text - no brand wordmarks, no batch numbers, no expiry dates. The MyGear card carries the exact name; the picture only has to be unmistakably this kind of thing.","Guard fitted; disc size reads right; power type correct ; stamped/labelled sizes readable: 5inch, 125mm, 240v ; house style holds (dark floor, orange rim glow, item fills ~75%, no text/people/price) ; no invented label text (brand/batch/expiry) anywhere in the image"
251,HELD_TOOLING,GRINDERANGLE125MME,GRINDERANGLE125MME.jpg,Grinder - Angle 125mm (240V),Tools & Equipment,46,Powered tool likely to carry an asset/test tag,RENDER_FROM_DESCRIPTION,"THE ITEM: Grinder - Angle 125mm (240V). The grinder at three-quarter angle, guard and disc toward the camera. Three-quarter hero angle from slightly above, the working end toward the camera. THE MARKINGS THAT MUST BE READABLE: 125mm | 240v. HOUSE STYLE (identical for every picture): studio product photograph on a near-black charcoal floor and backdrop (#14181F). One warm orange rim light raking in low from the left, a soft white top fill, and a gentle pool of orange glow on the floor under the item. Deep soft shadows, pin-sharp focus, high detail. The item is centred, filling about 75% of a square 800x800 frame. Nothing else in shot: no hands, no people, no props, no added text or watermark, no price, no other brand's logo - only markings the real item carries. LABEL RULE FOR THIS RENDER: show the product FORM and its stamped size/type markings only. Do NOT invent readable label text - no brand wordmarks, no batch numbers, no expiry dates. The MyGear card carries the exact name; the picture only has to be unmistakably this kind of thing.","Guard fitted; disc size reads right; power type correct ; stamped/labelled sizes readable: 125mm, 240v ; house style holds (dark floor, orange rim glow, item fills ~75%, no text/people/price) ; no invented label text (brand/batch/expiry) anywhere in the image"
252,HELD_TOOLING,GRINDERANGLE175MME,GRINDERANGLE175MME.jpg,Grinder - Angle 175mm (240V),Tools & Equipment,4,Powered tool likely to carry an asset/test tag,RENDER_FROM_DESCRIPTION,"THE ITEM: Grinder - Angle 175mm (240V). The grinder at three-quarter angle, guard and disc toward the camera. Three-quarter hero angle from slightly above, the working end toward the camera. THE MARKINGS THAT MUST BE READABLE: 175mm | 240v. HOUSE STYLE (identical for every picture): studio product photograph on a near-black charcoal floor and backdrop (#14181F). One warm orange rim light raking in low from the left, a soft white top fill, and a gentle pool of orange glow on the floor under the item. Deep soft shadows, pin-sharp focus, high detail. The item is centred, filling about 75% of a square 800x800 frame. Nothing else in shot: no hands, no people, no props, no added text or watermark, no price, no other brand's logo - only markings the real item carries. LABEL RULE FOR THIS RENDER: show the product FORM and its stamped size/type markings only. Do NOT invent readable label text - no brand wordmarks, no batch numbers, no expiry dates. The MyGear card carries the exact name; the picture only has to be unmistakably this kind of thing.","Guard fitted; disc size reads right; power type correct ; stamped/labelled sizes readable: 175mm, 240v ; house style holds (dark floor, orange rim glow, item fills ~75%, no text/people/price) ; no invented label text (brand/batch/expiry) anywhere in the image"
253,PLANT_AND_TAGGED,GRINDERANGLEC125MMBAT,GRINDERANGLEC125MMBAT.jpg,Grinder Angle 125mm  Battery,Tools & Equipment,20,Road 1 real-unit hold,RENDER_FROM_DESCRIPTION,"THE ITEM: Grinder Angle 125mm  Battery. The grinder at three-quarter angle, guard and disc toward the camera. Three-quarter hero angle from slightly above, the working end toward the camera. THE MARKINGS THAT MUST BE READABLE: 125mm. HOUSE STYLE (identical for every picture): studio product photograph on a near-black charcoal floor and backdrop (#14181F). One warm orange rim light raking in low from the left, a soft white top fill, and a gentle pool of orange glow on the floor under the item. Deep soft shadows, pin-sharp focus, high detail. The item is centred, filling about 75% of a square 800x800 frame. Nothing else in shot: no hands, no people, no props, no added text or watermark, no price, no other brand's logo - only markings the real item carries. LABEL RULE FOR THIS RENDER: show the product FORM and its stamped size/type markings only. Do NOT invent readable label text - no brand wordmarks, no batch numbers, no expiry dates. The MyGear card carries the exact name; the picture only has to be unmistakably this kind of thing.","Guard fitted; disc size reads right; power type correct ; stamped/labelled sizes readable: 125mm ; house style holds (dark floor, orange rim glow, item fills ~75%, no text/people/price) ; no invented label text (brand/batch/expiry) anywhere in the image"
254,HELD_TOOLING,GRINDERCORDLESS18V,GRINDERCORDLESS18V.jpg,Grinder - Cordless 18V,Tools & Equipment,2,Powered tool likely to carry an asset/test tag,RENDER_FROM_DESCRIPTION,"THE ITEM: Grinder - Cordless 18V. The grinder at three-quarter angle, guard and disc toward the camera. Three-quarter hero angle from slightly above, the working end toward the camera. THE MARKINGS THAT MUST BE READABLE: 18v. HOUSE STYLE (identical for every picture): studio product photograph on a near-black charcoal floor and backdrop (#14181F). One warm orange rim light raking in low from the left, a soft white top fill, and a gentle pool of orange glow on the floor under the item. Deep soft shadows, pin-sharp focus, high detail. The item is centred, filling about 75% of a square 800x800 frame. Nothing else in shot: no hands, no people, no props, no added text or watermark, no price, no other brand's logo - only markings the real item carries. LABEL RULE FOR THIS RENDER: show the product FORM and its stamped size/type markings only. Do NOT invent readable label text - no brand wordmarks, no batch numbers, no expiry dates. The MyGear card carries the exact name; the picture only has to be unmistakably this kind of thing.","Guard fitted; disc size reads right; power type correct ; stamped/labelled sizes readable: 18v ; house style holds (dark floor, orange rim glow, item fills ~75%, no text/people/price) ; no invented label text (brand/batch/expiry) anywhere in the image"
255,PLANT_AND_TAGGED,GRINDERDIE18V,GRINDERDIE18V.jpg,Grinder Die  Battery 18v,Tools & Equipment,5,Road 1 real-unit hold,RENDER_FROM_DESCRIPTION,"THE ITEM: Grinder Die  Battery 18v. The grinder at three-quarter angle, guard and disc toward the camera. Three-quarter hero angle from slightly above, the working end toward the camera. THE MARKINGS THAT MUST BE READABLE: 18v. HOUSE STYLE (identical for every picture): studio product photograph on a near-black charcoal floor and backdrop (#14181F). One warm orange rim light raking in low from the left, a soft white top fill, and a gentle pool of orange glow on the floor under the item. Deep soft shadows, pin-sharp focus, high detail. The item is centred, filling about 75% of a square 800x800 frame. Nothing else in shot: no hands, no people, no props, no added text or watermark, no price, no other brand's logo - only markings the real item carries. LABEL RULE FOR THIS RENDER: show the product FORM and its stamped size/type markings only. Do NOT invent readable label text - no brand wordmarks, no batch numbers, no expiry dates. The MyGear card carries the exact name; the picture only has to be unmistakably this kind of thing.","Guard fitted; disc size reads right; power type correct ; stamped/labelled sizes readable: 18v ; house style holds (dark floor, orange rim glow, item fills ~75%, no text/people/price) ; no invented label text (brand/batch/expiry) anywhere in the image"
256,HELD_TOOLING,GRINDERDIEELECT,GRINDERDIEELECT.jpg,Grinder - Die (240V),Tools & Equipment,13,Powered tool likely to carry an asset/test tag,RENDER_FROM_DESCRIPTION,"THE ITEM: Grinder - Die (240V). The grinder at three-quarter angle, guard and disc toward the camera. Three-quarter hero angle from slightly above, the working end toward the camera. THE MARKINGS THAT MUST BE READABLE: 240v. HOUSE STYLE (identical for every picture): studio product photograph on a near-black charcoal floor and backdrop (#14181F). One warm orange rim light raking in low from the left, a soft white top fill, and a gentle pool of orange glow on the floor under the item. Deep soft shadows, pin-sharp focus, high detail. The item is centred, filling about 75% of a square 800x800 frame. Nothing else in shot: no hands, no people, no props, no added text or watermark, no price, no other brand's logo - only markings the real item carries. LABEL RULE FOR THIS RENDER: show the product FORM and its stamped size/type markings only. Do NOT invent readable label text - no brand wordmarks, no batch numbers, no expiry dates. The MyGear card carries the exact name; the picture only has to be unmistakably this kind of thing.","Guard fitted; disc size reads right; power type correct ; stamped/labelled sizes readable: 240v ; house style holds (dark floor, orange rim glow, item fills ~75%, no text/people/price) ; no invented label text (brand/batch/expiry) anywhere in the image"
257,HELD_TOOLING,HEAVYDUTYWHEELBARROW,HEAVYDUTYWHEELBARROW.jpg,Wheel Barrow - Heavy Duty (1217092),Coates Equipment,1,"Second pass: powered, pneumatic, plant, lifting or model-specific equipment",RENDER_FROM_DESCRIPTION,"THE ITEM: Wheel Barrow - Heavy Duty (1217092). The item at a three-quarter hero angle on the dark floor, working side toward the camera. Three-quarter hero angle from slightly above, the working end toward the camera. HOUSE STYLE (identical for every picture): studio product photograph on a near-black charcoal floor and backdrop (#14181F). One warm orange rim light raking in low from the left, a soft white top fill, and a gentle pool of orange glow on the floor under the item. Deep soft shadows, pin-sharp focus, high detail. The item is centred, filling about 75% of a square 800x800 frame. Nothing else in shot: no hands, no people, no props, no added text or watermark, no price, no other brand's logo - only markings the real item carries. LABEL RULE FOR THIS RENDER: show the product FORM and its stamped size/type markings only. Do NOT invent readable label text - no brand wordmarks, no batch numbers, no expiry dates. The MyGear card carries the exact name; the picture only has to be unmistakably this kind of thing.","Item type unmistakably matches the register name ; house style holds (dark floor, orange rim glow, item fills ~75%, no text/people/price) ; no invented label text (brand/batch/expiry) anywhere in the image"
258,HELD_TOOLING,HOLESAWSETBIMMETALWOOD1976MM,HOLESAWSETBIMMETALWOOD1976MM.jpg,HOLESAW SET BIM METAL/WOOD 19-76MM,Coates Equipment,6,Set contents/case layout are not uniquely specified,RENDER_FROM_DESCRIPTION,"THE ITEM: HOLESAW SET BIM METAL/WOOD 19-76MM. The holesaw standing cutting-teeth up, arbor beside it. Standing upright on the floor, camera at item height, three-quarter view so two faces show. THE MARKINGS THAT MUST BE READABLE: 76mm. HOUSE STYLE (identical for every picture): studio product photograph on a near-black charcoal floor and backdrop (#14181F). One warm orange rim light raking in low from the left, a soft white top fill, and a gentle pool of orange glow on the floor under the item. Deep soft shadows, pin-sharp focus, high detail. The item is centred, filling about 75% of a square 800x800 frame. Nothing else in shot: no hands, no people, no props, no added text or watermark, no price, no other brand's logo - only markings the real item carries. LABEL RULE FOR THIS RENDER: show the product FORM and its stamped size/type markings only. Do NOT invent readable label text - no brand wordmarks, no batch numbers, no expiry dates. The MyGear card carries the exact name; the picture only has to be unmistakably this kind of thing.","Tooth ring sharp in the light; diameter stamp legible ; stamped/labelled sizes readable: 76mm ; house style holds (dark floor, orange rim glow, item fills ~75%, no text/people/price) ; no invented label text (brand/batch/expiry) anywhere in the image"
259,PLANT_AND_TAGGED,HONEYWELLBWFLEXMULTIGASDETECTOR,HONEYWELLBWFLEXMULTIGASDETECTOR.jpg,Honeywell BW Flex Multi-Gas Detector,Coates Equipment,30,Road 1 real-unit hold,RENDER_FROM_DESCRIPTION,"THE ITEM: Honeywell BW Flex Multi-Gas Detector. The monitor upright, screen lit toward the camera. Standing upright on the floor, camera at item height, three-quarter view so two faces show. HOUSE STYLE (identical for every picture): studio product photograph on a near-black charcoal floor and backdrop (#14181F). One warm orange rim light raking in low from the left, a soft white top fill, and a gentle pool of orange glow on the floor under the item. Deep soft shadows, pin-sharp focus, high detail. The item is centred, filling about 75% of a square 800x800 frame. Nothing else in shot: no hands, no people, no props, no added text or watermark, no price, no other brand's logo - only markings the real item carries. LABEL RULE FOR THIS RENDER: show the product FORM and its stamped size/type markings only. Do NOT invent readable label text - no brand wordmarks, no batch numbers, no expiry dates. The MyGear card carries the exact name; the picture only has to be unmistakably this kind of thing.","Screen visibly lit; sensor ports visible; clip visible ; house style holds (dark floor, orange rim glow, item fills ~75%, no text/people/price) ; no invented label text (brand/batch/expiry) anywhere in the image"
260,HELD_TOOLING,HOSEAIR12MMX20MBLUYELSONSBEEK,HOSEAIR12MMX20MBLUYELSONSBEEK.jpg,HOSE AIR 12MMX20M BLU/YEL SONSBEEK,Coates Equipment,11,Minsup/Nitto/Thor and hose-end geometry must be exact,RENDER_FROM_DESCRIPTION,"THE ITEM: HOSE AIR 12MMX20M BLU/YEL SONSBEEK. The item at a three-quarter hero angle on the dark floor, working side toward the camera. Three-quarter hero angle from slightly above, the working end toward the camera. THE MARKINGS THAT MUST BE READABLE: 12mm | 20m. HOUSE STYLE (identical for every picture): studio product photograph on a near-black charcoal floor and backdrop (#14181F). One warm orange rim light raking in low from the left, a soft white top fill, and a gentle pool of orange glow on the floor under the item. Deep soft shadows, pin-sharp focus, high detail. The item is centred, filling about 75% of a square 800x800 frame. Nothing else in shot: no hands, no people, no props, no added text or watermark, no price, no other brand's logo - only markings the real item carries. LABEL RULE FOR THIS RENDER: show the product FORM and its stamped size/type markings only. Do NOT invent readable label text - no brand wordmarks, no batch numbers, no expiry dates. The MyGear card carries the exact name; the picture only has to be unmistakably this kind of thing.","Item type unmistakably matches the register name ; stamped/labelled sizes readable: 12mm, 20m ; house style holds (dark floor, orange rim glow, item fills ~75%, no text/people/price) ; no invented label text (brand/batch/expiry) anywhere in the image"
261,HELD_TOOLING,HOSEAIR13MM(MINSUPCPG),HOSEAIR13MM(MINSUPCPG).jpg,Hose - Air - Minsup Cpg 13mm,Air & Air Accessories,1,Minsup/Nitto/Thor and hose-end geometry must be exact,RENDER_FROM_DESCRIPTION,"THE ITEM: Hose - Air - Minsup Cpg 13mm. The item at a three-quarter hero angle on the dark floor, working side toward the camera. Three-quarter hero angle from slightly above, the working end toward the camera. THE MARKINGS THAT MUST BE READABLE: 13mm. HOUSE STYLE (identical for every picture): studio product photograph on a near-black charcoal floor and backdrop (#14181F). One warm orange rim light raking in low from the left, a soft white top fill, and a gentle pool of orange glow on the floor under the item. Deep soft shadows, pin-sharp focus, high detail. The item is centred, filling about 75% of a square 800x800 frame. Nothing else in shot: no hands, no people, no props, no added text or watermark, no price, no other brand's logo - only markings the real item carries. LABEL RULE FOR THIS RENDER: show the product FORM and its stamped size/type markings only. Do NOT invent readable label text - no brand wordmarks, no batch numbers, no expiry dates. The MyGear card carries the exact name; the picture only has to be unmistakably this kind of thing.","Item type unmistakably matches the register name ; stamped/labelled sizes readable: 13mm ; house style holds (dark floor, orange rim glow, item fills ~75%, no text/people/price) ; no invented label text (brand/batch/expiry) anywhere in the image"
262,HELD_TOOLING,HOSEAIR19MM(3/4IN),HOSEAIR19MM(3_4IN).jpg,Hose - Air - 19mm,Air & Air Accessories,29,Minsup/Nitto/Thor and hose-end geometry must be exact,RENDER_FROM_DESCRIPTION,"THE ITEM: Hose - Air - 19mm. The item at a three-quarter hero angle on the dark floor, working side toward the camera. Three-quarter hero angle from slightly above, the working end toward the camera. THE MARKINGS THAT MUST BE READABLE: 19mm. HOUSE STYLE (identical for every picture): studio product photograph on a near-black charcoal floor and backdrop (#14181F). One warm orange rim light raking in low from the left, a soft white top fill, and a gentle pool of orange glow on the floor under the item. Deep soft shadows, pin-sharp focus, high detail. The item is centred, filling about 75% of a square 800x800 frame. Nothing else in shot: no hands, no people, no props, no added text or watermark, no price, no other brand's logo - only markings the real item carries. LABEL RULE FOR THIS RENDER: show the product FORM and its stamped size/type markings only. Do NOT invent readable label text - no brand wordmarks, no batch numbers, no expiry dates. The MyGear card carries the exact name; the picture only has to be unmistakably this kind of thing.","Item type unmistakably matches the register name ; stamped/labelled sizes readable: 19mm ; house style holds (dark floor, orange rim glow, item fills ~75%, no text/people/price) ; no invented label text (brand/batch/expiry) anywhere in the image"
263,HELD_TOOLING,HOSEAIRTA13MM1/2,HOSEAIRTA13MM1_2.jpg,Hose - Air - Type A - 13mm - 1/2inch,Air & Air Accessories,6,Minsup/Nitto/Thor and hose-end geometry must be exact,RENDER_FROM_DESCRIPTION,"THE ITEM: Hose - Air - Type A - 13mm - 1/2inch. The item at a three-quarter hero angle on the dark floor, working side toward the camera. Three-quarter hero angle from slightly above, the working end toward the camera. THE MARKINGS THAT MUST BE READABLE: 1/2inch | 13mm. HOUSE STYLE (identical for every picture): studio product photograph on a near-black charcoal floor and backdrop (#14181F). One warm orange rim light raking in low from the left, a soft white top fill, and a gentle pool of orange glow on the floor under the item. Deep soft shadows, pin-sharp focus, high detail. The item is centred, filling about 75% of a square 800x800 frame. Nothing else in shot: no hands, no people, no props, no added text or watermark, no price, no other brand's logo - only markings the real item carries. LABEL RULE FOR THIS RENDER: show the product FORM and its stamped size/type markings only. Do NOT invent readable label text - no brand wordmarks, no batch numbers, no expiry dates. The MyGear card carries the exact name; the picture only has to be unmistakably this kind of thing.","Item type unmistakably matches the register name ; stamped/labelled sizes readable: 1/2inch, 13mm ; house style holds (dark floor, orange rim glow, item fills ~75%, no text/people/price) ; no invented label text (brand/batch/expiry) anywhere in the image"
264,HELD_TOOLING,HOSEAIRTA19MM3/4,HOSEAIRTA19MM3_4.jpg,Hose - Air - Type A - 19mm - 3/4inch,Air & Air Accessories,15,Minsup/Nitto/Thor and hose-end geometry must be exact,RENDER_FROM_DESCRIPTION,"THE ITEM: Hose - Air - Type A - 19mm - 3/4inch. The item at a three-quarter hero angle on the dark floor, working side toward the camera. Three-quarter hero angle from slightly above, the working end toward the camera. THE MARKINGS THAT MUST BE READABLE: 3/4inch | 19mm. HOUSE STYLE (identical for every picture): studio product photograph on a near-black charcoal floor and backdrop (#14181F). One warm orange rim light raking in low from the left, a soft white top fill, and a gentle pool of orange glow on the floor under the item. Deep soft shadows, pin-sharp focus, high detail. The item is centred, filling about 75% of a square 800x800 frame. Nothing else in shot: no hands, no people, no props, no added text or watermark, no price, no other brand's logo - only markings the real item carries. LABEL RULE FOR THIS RENDER: show the product FORM and its stamped size/type markings only. Do NOT invent readable label text - no brand wordmarks, no batch numbers, no expiry dates. The MyGear card carries the exact name; the picture only has to be unmistakably this kind of thing.","Item type unmistakably matches the register name ; stamped/labelled sizes readable: 3/4inch, 19mm ; house style holds (dark floor, orange rim glow, item fills ~75%, no text/people/price) ; no invented label text (brand/batch/expiry) anywhere in the image"
265,HELD_TOOLING,HOSEAIRTA25MM20M,HOSEAIRTA25MM20M.jpg,Hose - Air - Type A - 25mm - 20m,Air & Air Accessories,4,Minsup/Nitto/Thor and hose-end geometry must be exact,RENDER_FROM_DESCRIPTION,"THE ITEM: Hose - Air - Type A - 25mm - 20m. The item at a three-quarter hero angle on the dark floor, working side toward the camera. Three-quarter hero angle from slightly above, the working end toward the camera. THE MARKINGS THAT MUST BE READABLE: 25mm | 20m. HOUSE STYLE (identical for every picture): studio product photograph on a near-black charcoal floor and backdrop (#14181F). One warm orange rim light raking in low from the left, a soft white top fill, and a gentle pool of orange glow on the floor under the item. Deep soft shadows, pin-sharp focus, high detail. The item is centred, filling about 75% of a square 800x800 frame. Nothing else in shot: no hands, no people, no props, no added text or watermark, no price, no other brand's logo - only markings the real item carries. LABEL RULE FOR THIS RENDER: show the product FORM and its stamped size/type markings only. Do NOT invent readable label text - no brand wordmarks, no batch numbers, no expiry dates. The MyGear card carries the exact name; the picture only has to be unmistakably this kind of thing.","Item type unmistakably matches the register name ; stamped/labelled sizes readable: 25mm, 20m ; house style holds (dark floor, orange rim glow, item fills ~75%, no text/people/price) ; no invented label text (brand/batch/expiry) anywhere in the image"
266,HELD_TOOLING,HOSEOXYLPG15M,HOSEOXYLPG15M.jpg,Hose - Oxy/Lpg - 15m,Welding,10,Gas connection and regulator geometry is safety-relevant,RENDER_FROM_DESCRIPTION,"THE ITEM: Hose - Oxy/Lpg - 15m. The item at a three-quarter hero angle on the dark floor, working side toward the camera. Three-quarter hero angle from slightly above, the working end toward the camera. THE MARKINGS THAT MUST BE READABLE: 15m. HOUSE STYLE (identical for every picture): studio product photograph on a near-black charcoal floor and backdrop (#14181F). One warm orange rim light raking in low from the left, a soft white top fill, and a gentle pool of orange glow on the floor under the item. Deep soft shadows, pin-sharp focus, high detail. The item is centred, filling about 75% of a square 800x800 frame. Nothing else in shot: no hands, no people, no props, no added text or watermark, no price, no other brand's logo - only markings the real item carries. LABEL RULE FOR THIS RENDER: show the product FORM and its stamped size/type markings only. Do NOT invent readable label text - no brand wordmarks, no batch numbers, no expiry dates. The MyGear card carries the exact name; the picture only has to be unmistakably this kind of thing.","Item type unmistakably matches the register name ; stamped/labelled sizes readable: 15m ; house style holds (dark floor, orange rim glow, item fills ~75%, no text/people/price) ; no invented label text (brand/batch/expiry) anywhere in the image"
267,PLANT_AND_TAGGED,HOSESHYDRAULIC,HOSESHYDRAULIC.jpg,Hydraulic Hoses,"Lift, Shift & Propping",15,Road 1 real-unit hold,RENDER_FROM_DESCRIPTION,"THE ITEM: Hydraulic Hoses. The item at a three-quarter hero angle on the dark floor, working side toward the camera. Three-quarter hero angle from slightly above, the working end toward the camera. HOUSE STYLE (identical for every picture): studio product photograph on a near-black charcoal floor and backdrop (#14181F). One warm orange rim light raking in low from the left, a soft white top fill, and a gentle pool of orange glow on the floor under the item. Deep soft shadows, pin-sharp focus, high detail. The item is centred, filling about 75% of a square 800x800 frame. Nothing else in shot: no hands, no people, no props, no added text or watermark, no price, no other brand's logo - only markings the real item carries. LABEL RULE FOR THIS RENDER: show the product FORM and its stamped size/type markings only. Do NOT invent readable label text - no brand wordmarks, no batch numbers, no expiry dates. The MyGear card carries the exact name; the picture only has to be unmistakably this kind of thing.","Item type unmistakably matches the register name ; house style holds (dark floor, orange rim glow, item fills ~75%, no text/people/price) ; no invented label text (brand/batch/expiry) anywhere in the image"
268,HELD_TOOLING,HOSEWHIPAIR,HOSEWHIPAIR.jpg,Hose Whip - Air,Air & Air Accessories,28,Minsup/Nitto/Thor and hose-end geometry must be exact,RENDER_FROM_DESCRIPTION,"THE ITEM: Hose Whip - Air. The item at a three-quarter hero angle on the dark floor, working side toward the camera. Three-quarter hero angle from slightly above, the working end toward the camera. HOUSE STYLE (identical for every picture): studio product photograph on a near-black charcoal floor and backdrop (#14181F). One warm orange rim light raking in low from the left, a soft white top fill, and a gentle pool of orange glow on the floor under the item. Deep soft shadows, pin-sharp focus, high detail. The item is centred, filling about 75% of a square 800x800 frame. Nothing else in shot: no hands, no people, no props, no added text or watermark, no price, no other brand's logo - only markings the real item carries. LABEL RULE FOR THIS RENDER: show the product FORM and its stamped size/type markings only. Do NOT invent readable label text - no brand wordmarks, no batch numbers, no expiry dates. The MyGear card carries the exact name; the picture only has to be unmistakably this kind of thing.","Item type unmistakably matches the register name ; house style holds (dark floor, orange rim glow, item fills ~75%, no text/people/price) ; no invented label text (brand/batch/expiry) anywhere in the image"
269,PLANT_AND_TAGGED,HYDCYL100TPC50MM,HYDCYL100TPC50MM.jpg,Hydraulic Cylinder - Pancake Cylinder 100t/50mm Stroke,"Lift, Shift & Propping",3,Road 1 real-unit hold,RENDER_FROM_DESCRIPTION,"THE ITEM: Hydraulic Cylinder - Pancake Cylinder 100t/50mm Stroke. The cylinder upright on the floor, saddle up, coupler toward the camera. Standing upright on the floor, camera at item height, three-quarter view so two faces show. THE MARKINGS THAT MUST BE READABLE: 50mm | 100t. HOUSE STYLE (identical for every picture): studio product photograph on a near-black charcoal floor and backdrop (#14181F). One warm orange rim light raking in low from the left, a soft white top fill, and a gentle pool of orange glow on the floor under the item. Deep soft shadows, pin-sharp focus, high detail. The item is centred, filling about 75% of a square 800x800 frame. Nothing else in shot: no hands, no people, no props, no added text or watermark, no price, no other brand's logo - only markings the real item carries. LABEL RULE FOR THIS RENDER: show the product FORM and its stamped size/type markings only. Do NOT invent readable label text - no brand wordmarks, no batch numbers, no expiry dates. The MyGear card carries the exact name; the picture only has to be unmistakably this kind of thing.","Ram saddle and hydraulic coupler both visible; tonnage marking legible ; stamped/labelled sizes readable: 50mm, 100t ; house style holds (dark floor, orange rim glow, item fills ~75%, no text/people/price) ; no invented label text (brand/batch/expiry) anywhere in the image"
270,PLANT_AND_TAGGED,HYDCYL10T,HYDCYL10T.jpg,Hydraulic Cylinder - 10t,"Lift, Shift & Propping",2,Road 1 real-unit hold,RENDER_FROM_DESCRIPTION,"THE ITEM: Hydraulic Cylinder - 10t. The cylinder upright on the floor, saddle up, coupler toward the camera. Standing upright on the floor, camera at item height, three-quarter view so two faces show. THE MARKINGS THAT MUST BE READABLE: 10t. HOUSE STYLE (identical for every picture): studio product photograph on a near-black charcoal floor and backdrop (#14181F). One warm orange rim light raking in low from the left, a soft white top fill, and a gentle pool of orange glow on the floor under the item. Deep soft shadows, pin-sharp focus, high detail. The item is centred, filling about 75% of a square 800x800 frame. Nothing else in shot: no hands, no people, no props, no added text or watermark, no price, no other brand's logo - only markings the real item carries. LABEL RULE FOR THIS RENDER: show the product FORM and its stamped size/type markings only. Do NOT invent readable label text - no brand wordmarks, no batch numbers, no expiry dates. The MyGear card carries the exact name; the picture only has to be unmistakably this kind of thing.","Ram saddle and hydraulic coupler both visible; tonnage marking legible ; stamped/labelled sizes readable: 10t ; house style holds (dark floor, orange rim glow, item fills ~75%, no text/people/price) ; no invented label text (brand/batch/expiry) anywhere in the image"
271,PLANT_AND_TAGGED,HYDCYL10TGP,HYDCYL10TGP.jpg,Hydraulic Cylinder - General Purpose Cylinder 10t,"Lift, Shift & Propping",2,Road 1 real-unit hold,RENDER_FROM_DESCRIPTION,"THE ITEM: Hydraulic Cylinder - General Purpose Cylinder 10t. The cylinder upright on the floor, saddle up, coupler toward the camera. Standing upright on the floor, camera at item height, three-quarter view so two faces show. THE MARKINGS THAT MUST BE READABLE: 10t. HOUSE STYLE (identical for every picture): studio product photograph on a near-black charcoal floor and backdrop (#14181F). One warm orange rim light raking in low from the left, a soft white top fill, and a gentle pool of orange glow on the floor under the item. Deep soft shadows, pin-sharp focus, high detail. The item is centred, filling about 75% of a square 800x800 frame. Nothing else in shot: no hands, no people, no props, no added text or watermark, no price, no other brand's logo - only markings the real item carries. LABEL RULE FOR THIS RENDER: show the product FORM and its stamped size/type markings only. Do NOT invent readable label text - no brand wordmarks, no batch numbers, no expiry dates. The MyGear card carries the exact name; the picture only has to be unmistakably this kind of thing.","Ram saddle and hydraulic coupler both visible; tonnage marking legible ; stamped/labelled sizes readable: 10t ; house style holds (dark floor, orange rim glow, item fills ~75%, no text/people/price) ; no invented label text (brand/batch/expiry) anywhere in the image"
272,PLANT_AND_TAGGED,HYDCYL10TGP105MM,HYDCYL10TGP105MM.jpg,Hydraulic Cylinder - General Purpose Cylinder 10t/105mm Stroke,"Lift, Shift & Propping",3,Road 1 real-unit hold,RENDER_FROM_DESCRIPTION,"THE ITEM: Hydraulic Cylinder - General Purpose Cylinder 10t/105mm Stroke. The cylinder upright on the floor, saddle up, coupler toward the camera. Standing upright on the floor, camera at item height, three-quarter view so two faces show. THE MARKINGS THAT MUST BE READABLE: 105mm | 10t. HOUSE STYLE (identical for every picture): studio product photograph on a near-black charcoal floor and backdrop (#14181F). One warm orange rim light raking in low from the left, a soft white top fill, and a gentle pool of orange glow on the floor under the item. Deep soft shadows, pin-sharp focus, high detail. The item is centred, filling about 75% of a square 800x800 frame. Nothing else in shot: no hands, no people, no props, no added text or watermark, no price, no other brand's logo - only markings the real item carries. LABEL RULE FOR THIS RENDER: show the product FORM and its stamped size/type markings only. Do NOT invent readable label text - no brand wordmarks, no batch numbers, no expiry dates. The MyGear card carries the exact name; the picture only has to be unmistakably this kind of thing.","Ram saddle and hydraulic coupler both visible; tonnage marking legible ; stamped/labelled sizes readable: 105mm, 10t ; house style holds (dark floor, orange rim glow, item fills ~75%, no text/people/price) ; no invented label text (brand/batch/expiry) anywhere in the image"
273,PLANT_AND_TAGGED,HYDCYL10TGP203MM,HYDCYL10TGP203MM.jpg,Hydraulic Cylinder - General Purpose Cylinder 10t/203mm Stroke,"Lift, Shift & Propping",2,Road 1 real-unit hold,RENDER_FROM_DESCRIPTION,"THE ITEM: Hydraulic Cylinder - General Purpose Cylinder 10t/203mm Stroke. The cylinder upright on the floor, saddle up, coupler toward the camera. Standing upright on the floor, camera at item height, three-quarter view so two faces show. THE MARKINGS THAT MUST BE READABLE: 203mm | 10t. HOUSE STYLE (identical for every picture): studio product photograph on a near-black charcoal floor and backdrop (#14181F). One warm orange rim light raking in low from the left, a soft white top fill, and a gentle pool of orange glow on the floor under the item. Deep soft shadows, pin-sharp focus, high detail. The item is centred, filling about 75% of a square 800x800 frame. Nothing else in shot: no hands, no people, no props, no added text or watermark, no price, no other brand's logo - only markings the real item carries. LABEL RULE FOR THIS RENDER: show the product FORM and its stamped size/type markings only. Do NOT invent readable label text - no brand wordmarks, no batch numbers, no expiry dates. The MyGear card carries the exact name; the picture only has to be unmistakably this kind of thing.","Ram saddle and hydraulic coupler both visible; tonnage marking legible ; stamped/labelled sizes readable: 203mm, 10t ; house style holds (dark floor, orange rim glow, item fills ~75%, no text/people/price) ; no invented label text (brand/batch/expiry) anywhere in the image"
274,PLANT_AND_TAGGED,HYDCYL10TGP257MM,HYDCYL10TGP257MM.jpg,Hydraulic Cylinder - General Purpose Cylinder 10t/257mm Stroke,"Lift, Shift & Propping",2,Road 1 real-unit hold,RENDER_FROM_DESCRIPTION,"THE ITEM: Hydraulic Cylinder - General Purpose Cylinder 10t/257mm Stroke. The cylinder upright on the floor, saddle up, coupler toward the camera. Standing upright on the floor, camera at item height, three-quarter view so two faces show. THE MARKINGS THAT MUST BE READABLE: 257mm | 10t. HOUSE STYLE (identical for every picture): studio product photograph on a near-black charcoal floor and backdrop (#14181F). One warm orange rim light raking in low from the left, a soft white top fill, and a gentle pool of orange glow on the floor under the item. Deep soft shadows, pin-sharp focus, high detail. The item is centred, filling about 75% of a square 800x800 frame. Nothing else in shot: no hands, no people, no props, no added text or watermark, no price, no other brand's logo - only markings the real item carries. LABEL RULE FOR THIS RENDER: show the product FORM and its stamped size/type markings only. Do NOT invent readable label text - no brand wordmarks, no batch numbers, no expiry dates. The MyGear card carries the exact name; the picture only has to be unmistakably this kind of thing.","Ram saddle and hydraulic coupler both visible; tonnage marking legible ; stamped/labelled sizes readable: 257mm, 10t ; house style holds (dark floor, orange rim glow, item fills ~75%, no text/people/price) ; no invented label text (brand/batch/expiry) anywhere in the image"
275,PLANT_AND_TAGGED,HYDCYL10TLH38MM,HYDCYL10TLH38MM.jpg,Hydraulic Cylinder - Low Height Cylinder 10t/38mm Stroke,"Lift, Shift & Propping",2,Road 1 real-unit hold,RENDER_FROM_DESCRIPTION,"THE ITEM: Hydraulic Cylinder - Low Height Cylinder 10t/38mm Stroke. The cylinder upright on the floor, saddle up, coupler toward the camera. Standing upright on the floor, camera at item height, three-quarter view so two faces show. THE MARKINGS THAT MUST BE READABLE: 38mm | 10t. HOUSE STYLE (identical for every picture): studio product photograph on a near-black charcoal floor and backdrop (#14181F). One warm orange rim light raking in low from the left, a soft white top fill, and a gentle pool of orange glow on the floor under the item. Deep soft shadows, pin-sharp focus, high detail. The item is centred, filling about 75% of a square 800x800 frame. Nothing else in shot: no hands, no people, no props, no added text or watermark, no price, no other brand's logo - only markings the real item carries. LABEL RULE FOR THIS RENDER: show the product FORM and its stamped size/type markings only. Do NOT invent readable label text - no brand wordmarks, no batch numbers, no expiry dates. The MyGear card carries the exact name; the picture only has to be unmistakably this kind of thing.","Ram saddle and hydraulic coupler both visible; tonnage marking legible ; stamped/labelled sizes readable: 38mm, 10t ; house style holds (dark floor, orange rim glow, item fills ~75%, no text/people/price) ; no invented label text (brand/batch/expiry) anywhere in the image"
276,PLANT_AND_TAGGED,HYDCYL20T,HYDCYL20T.jpg,Hydraulic Cylinder - 20t,"Lift, Shift & Propping",1,Road 1 real-unit hold,RENDER_FROM_DESCRIPTION,"THE ITEM: Hydraulic Cylinder - 20t. The cylinder upright on the floor, saddle up, coupler toward the camera. Standing upright on the floor, camera at item height, three-quarter view so two faces show. THE MARKINGS THAT MUST BE READABLE: 20t. HOUSE STYLE (identical for every picture): studio product photograph on a near-black charcoal floor and backdrop (#14181F). One warm orange rim light raking in low from the left, a soft white top fill, and a gentle pool of orange glow on the floor under the item. Deep soft shadows, pin-sharp focus, high detail. The item is centred, filling about 75% of a square 800x800 frame. Nothing else in shot: no hands, no people, no props, no added text or watermark, no price, no other brand's logo - only markings the real item carries. LABEL RULE FOR THIS RENDER: show the product FORM and its stamped size/type markings only. Do NOT invent readable label text - no brand wordmarks, no batch numbers, no expiry dates. The MyGear card carries the exact name; the picture only has to be unmistakably this kind of thing.","Ram saddle and hydraulic coupler both visible; tonnage marking legible ; stamped/labelled sizes readable: 20t ; house style holds (dark floor, orange rim glow, item fills ~75%, no text/people/price) ; no invented label text (brand/batch/expiry) anywhere in the image"
277,PLANT_AND_TAGGED,HYDCYL20TGP102MM,HYDCYL20TGP102MM.jpg,Hydraulic Cylinder - General Purpose Cylinder 25t/102mm Stroke,"Lift, Shift & Propping",2,Road 1 real-unit hold,RENDER_FROM_DESCRIPTION,"THE ITEM: Hydraulic Cylinder - General Purpose Cylinder 25t/102mm Stroke. The cylinder upright on the floor, saddle up, coupler toward the camera. Standing upright on the floor, camera at item height, three-quarter view so two faces show. THE MARKINGS THAT MUST BE READABLE: 102mm | 25t. HOUSE STYLE (identical for every picture): studio product photograph on a near-black charcoal floor and backdrop (#14181F). One warm orange rim light raking in low from the left, a soft white top fill, and a gentle pool of orange glow on the floor under the item. Deep soft shadows, pin-sharp focus, high detail. The item is centred, filling about 75% of a square 800x800 frame. Nothing else in shot: no hands, no people, no props, no added text or watermark, no price, no other brand's logo - only markings the real item carries. LABEL RULE FOR THIS RENDER: show the product FORM and its stamped size/type markings only. Do NOT invent readable label text - no brand wordmarks, no batch numbers, no expiry dates. The MyGear card carries the exact name; the picture only has to be unmistakably this kind of thing.","Ram saddle and hydraulic coupler both visible; tonnage marking legible ; stamped/labelled sizes readable: 102mm, 25t ; house style holds (dark floor, orange rim glow, item fills ~75%, no text/people/price) ; no invented label text (brand/batch/expiry) anywhere in the image"
278,PLANT_AND_TAGGED,HYDCYL20TLH,HYDCYL20TLH.jpg,Hydraulic Cylinder - Low Height Cylinder 20t,"Lift, Shift & Propping",1,Road 1 real-unit hold,RENDER_FROM_DESCRIPTION,"THE ITEM: Hydraulic Cylinder - Low Height Cylinder 20t. The cylinder upright on the floor, saddle up, coupler toward the camera. Standing upright on the floor, camera at item height, three-quarter view so two faces show. THE MARKINGS THAT MUST BE READABLE: 20t. HOUSE STYLE (identical for every picture): studio product photograph on a near-black charcoal floor and backdrop (#14181F). One warm orange rim light raking in low from the left, a soft white top fill, and a gentle pool of orange glow on the floor under the item. Deep soft shadows, pin-sharp focus, high detail. The item is centred, filling about 75% of a square 800x800 frame. Nothing else in shot: no hands, no people, no props, no added text or watermark, no price, no other brand's logo - only markings the real item carries. LABEL RULE FOR THIS RENDER: show the product FORM and its stamped size/type markings only. Do NOT invent readable label text - no brand wordmarks, no batch numbers, no expiry dates. The MyGear card carries the exact name; the picture only has to be unmistakably this kind of thing.","Ram saddle and hydraulic coupler both visible; tonnage marking legible ; stamped/labelled sizes readable: 20t ; house style holds (dark floor, orange rim glow, item fills ~75%, no text/people/price) ; no invented label text (brand/batch/expiry) anywhere in the image"
279,PLANT_AND_TAGGED,HYDCYL20TLH45MM,HYDCYL20TLH45MM.jpg,Hydraulic Cylinder - Low Height Cylinder 20t/45mm Stroke,"Lift, Shift & Propping",2,Road 1 real-unit hold,RENDER_FROM_DESCRIPTION,"THE ITEM: Hydraulic Cylinder - Low Height Cylinder 20t/45mm Stroke. The cylinder upright on the floor, saddle up, coupler toward the camera. Standing upright on the floor, camera at item height, three-quarter view so two faces show. THE MARKINGS THAT MUST BE READABLE: 45mm | 20t. HOUSE STYLE (identical for every picture): studio product photograph on a near-black charcoal floor and backdrop (#14181F). One warm orange rim light raking in low from the left, a soft white top fill, and a gentle pool of orange glow on the floor under the item. Deep soft shadows, pin-sharp focus, high detail. The item is centred, filling about 75% of a square 800x800 frame. Nothing else in shot: no hands, no people, no props, no added text or watermark, no price, no other brand's logo - only markings the real item carries. LABEL RULE FOR THIS RENDER: show the product FORM and its stamped size/type markings only. Do NOT invent readable label text - no brand wordmarks, no batch numbers, no expiry dates. The MyGear card carries the exact name; the picture only has to be unmistakably this kind of thing.","Ram saddle and hydraulic coupler both visible; tonnage marking legible ; stamped/labelled sizes readable: 45mm, 20t ; house style holds (dark floor, orange rim glow, item fills ~75%, no text/people/price) ; no invented label text (brand/batch/expiry) anywhere in the image"
280,PLANT_AND_TAGGED,HYDCYL25TGP,HYDCYL25TGP.jpg,Hydraulic Cylinder - General Purpose Cylinder 25t,"Lift, Shift & Propping",2,Road 1 real-unit hold,RENDER_FROM_DESCRIPTION,"THE ITEM: Hydraulic Cylinder - General Purpose Cylinder 25t. The cylinder upright on the floor, saddle up, coupler toward the camera. Standing upright on the floor, camera at item height, three-quarter view so two faces show. THE MARKINGS THAT MUST BE READABLE: 25t. HOUSE STYLE (identical for every picture): studio product photograph on a near-black charcoal floor and backdrop (#14181F). One warm orange rim light raking in low from the left, a soft white top fill, and a gentle pool of orange glow on the floor under the item. Deep soft shadows, pin-sharp focus, high detail. The item is centred, filling about 75% of a square 800x800 frame. Nothing else in shot: no hands, no people, no props, no added text or watermark, no price, no other brand's logo - only markings the real item carries. LABEL RULE FOR THIS RENDER: show the product FORM and its stamped size/type markings only. Do NOT invent readable label text - no brand wordmarks, no batch numbers, no expiry dates. The MyGear card carries the exact name; the picture only has to be unmistakably this kind of thing.","Ram saddle and hydraulic coupler both visible; tonnage marking legible ; stamped/labelled sizes readable: 25t ; house style holds (dark floor, orange rim glow, item fills ~75%, no text/people/price) ; no invented label text (brand/batch/expiry) anywhere in the image"
281,PLANT_AND_TAGGED,HYDCYL30TFJ13MM,HYDCYL30TFJ13MM.jpg,Hydraulic Cylinder - Flat Jack Cylinder 30t/13mm Stroke,"Lift, Shift & Propping",2,Road 1 real-unit hold,RENDER_FROM_DESCRIPTION,"THE ITEM: Hydraulic Cylinder - Flat Jack Cylinder 30t/13mm Stroke. The cylinder upright on the floor, saddle up, coupler toward the camera. Standing upright on the floor, camera at item height, three-quarter view so two faces show. THE MARKINGS THAT MUST BE READABLE: 13mm | 30t. HOUSE STYLE (identical for every picture): studio product photograph on a near-black charcoal floor and backdrop (#14181F). One warm orange rim light raking in low from the left, a soft white top fill, and a gentle pool of orange glow on the floor under the item. Deep soft shadows, pin-sharp focus, high detail. The item is centred, filling about 75% of a square 800x800 frame. Nothing else in shot: no hands, no people, no props, no added text or watermark, no price, no other brand's logo - only markings the real item carries. LABEL RULE FOR THIS RENDER: show the product FORM and its stamped size/type markings only. Do NOT invent readable label text - no brand wordmarks, no batch numbers, no expiry dates. The MyGear card carries the exact name; the picture only has to be unmistakably this kind of thing.","Ram saddle and hydraulic coupler both visible; tonnage marking legible ; stamped/labelled sizes readable: 13mm, 30t ; house style holds (dark floor, orange rim glow, item fills ~75%, no text/people/price) ; no invented label text (brand/batch/expiry) anywhere in the image"
282,PLANT_AND_TAGGED,HYDCYL30TLH62MM,HYDCYL30TLH62MM.jpg,Hydraulic Cylinder - Low Height Cylinder 30t / 62mm Stroke,"Lift, Shift & Propping",1,Road 1 real-unit hold,RENDER_FROM_DESCRIPTION,"THE ITEM: Hydraulic Cylinder - Low Height Cylinder 30t / 62mm Stroke. The cylinder upright on the floor, saddle up, coupler toward the camera. Standing upright on the floor, camera at item height, three-quarter view so two faces show. THE MARKINGS THAT MUST BE READABLE: 62mm | 30t. HOUSE STYLE (identical for every picture): studio product photograph on a near-black charcoal floor and backdrop (#14181F). One warm orange rim light raking in low from the left, a soft white top fill, and a gentle pool of orange glow on the floor under the item. Deep soft shadows, pin-sharp focus, high detail. The item is centred, filling about 75% of a square 800x800 frame. Nothing else in shot: no hands, no people, no props, no added text or watermark, no price, no other brand's logo - only markings the real item carries. LABEL RULE FOR THIS RENDER: show the product FORM and its stamped size/type markings only. Do NOT invent readable label text - no brand wordmarks, no batch numbers, no expiry dates. The MyGear card carries the exact name; the picture only has to be unmistakably this kind of thing.","Ram saddle and hydraulic coupler both visible; tonnage marking legible ; stamped/labelled sizes readable: 62mm, 30t ; house style holds (dark floor, orange rim glow, item fills ~75%, no text/people/price) ; no invented label text (brand/batch/expiry) anywhere in the image"
283,PLANT_AND_TAGGED,HYDCYL45TLH60MM,HYDCYL45TLH60MM.jpg,Hydraulic Cylinder - Low Height Cylinder 45t / 60mm Stroke,"Lift, Shift & Propping",3,Road 1 real-unit hold,RENDER_FROM_DESCRIPTION,"THE ITEM: Hydraulic Cylinder - Low Height Cylinder 45t / 60mm Stroke. The cylinder upright on the floor, saddle up, coupler toward the camera. Standing upright on the floor, camera at item height, three-quarter view so two faces show. THE MARKINGS THAT MUST BE READABLE: 60mm | 45t. HOUSE STYLE (identical for every picture): studio product photograph on a near-black charcoal floor and backdrop (#14181F). One warm orange rim light raking in low from the left, a soft white top fill, and a gentle pool of orange glow on the floor under the item. Deep soft shadows, pin-sharp focus, high detail. The item is centred, filling about 75% of a square 800x800 frame. Nothing else in shot: no hands, no people, no props, no added text or watermark, no price, no other brand's logo - only markings the real item carries. LABEL RULE FOR THIS RENDER: show the product FORM and its stamped size/type markings only. Do NOT invent readable label text - no brand wordmarks, no batch numbers, no expiry dates. The MyGear card carries the exact name; the picture only has to be unmistakably this kind of thing.","Ram saddle and hydraulic coupler both visible; tonnage marking legible ; stamped/labelled sizes readable: 60mm, 45t ; house style holds (dark floor, orange rim glow, item fills ~75%, no text/people/price) ; no invented label text (brand/batch/expiry) anywhere in the image"
284,PLANT_AND_TAGGED,HYDCYL90TFJ16MM,HYDCYL90TFJ16MM.jpg,Hydraulic Cylinder - Flat Jack Cylinder 90t/16mm Stroke,"Lift, Shift & Propping",2,Road 1 real-unit hold,RENDER_FROM_DESCRIPTION,"THE ITEM: Hydraulic Cylinder - Flat Jack Cylinder 90t/16mm Stroke. The cylinder upright on the floor, saddle up, coupler toward the camera. Standing upright on the floor, camera at item height, three-quarter view so two faces show. THE MARKINGS THAT MUST BE READABLE: 16mm | 90t. HOUSE STYLE (identical for every picture): studio product photograph on a near-black charcoal floor and backdrop (#14181F). One warm orange rim light raking in low from the left, a soft white top fill, and a gentle pool of orange glow on the floor under the item. Deep soft shadows, pin-sharp focus, high detail. The item is centred, filling about 75% of a square 800x800 frame. Nothing else in shot: no hands, no people, no props, no added text or watermark, no price, no other brand's logo - only markings the real item carries. LABEL RULE FOR THIS RENDER: show the product FORM and its stamped size/type markings only. Do NOT invent readable label text - no brand wordmarks, no batch numbers, no expiry dates. The MyGear card carries the exact name; the picture only has to be unmistakably this kind of thing.","Ram saddle and hydraulic coupler both visible; tonnage marking legible ; stamped/labelled sizes readable: 16mm, 90t ; house style holds (dark floor, orange rim glow, item fills ~75%, no text/people/price) ; no invented label text (brand/batch/expiry) anywhere in the image"
285,PLANT_AND_TAGGED,HYDCYL90TLH57MM,HYDCYL90TLH57MM.jpg,Hydraulic Cylinder - Low Height Cylinder 90t/57mm Stroke,"Lift, Shift & Propping",2,Road 1 real-unit hold,RENDER_FROM_DESCRIPTION,"THE ITEM: Hydraulic Cylinder - Low Height Cylinder 90t/57mm Stroke. The cylinder upright on the floor, saddle up, coupler toward the camera. Standing upright on the floor, camera at item height, three-quarter view so two faces show. THE MARKINGS THAT MUST BE READABLE: 57mm | 90t. HOUSE STYLE (identical for every picture): studio product photograph on a near-black charcoal floor and backdrop (#14181F). One warm orange rim light raking in low from the left, a soft white top fill, and a gentle pool of orange glow on the floor under the item. Deep soft shadows, pin-sharp focus, high detail. The item is centred, filling about 75% of a square 800x800 frame. Nothing else in shot: no hands, no people, no props, no added text or watermark, no price, no other brand's logo - only markings the real item carries. LABEL RULE FOR THIS RENDER: show the product FORM and its stamped size/type markings only. Do NOT invent readable label text - no brand wordmarks, no batch numbers, no expiry dates. The MyGear card carries the exact name; the picture only has to be unmistakably this kind of thing.","Ram saddle and hydraulic coupler both visible; tonnage marking legible ; stamped/labelled sizes readable: 57mm, 90t ; house style holds (dark floor, orange rim glow, item fills ~75%, no text/people/price) ; no invented label text (brand/batch/expiry) anywhere in the image"
286,PLANT_AND_TAGGED,HYDCYLPUMPELECZU4408JE,HYDCYLPUMPELECZU4408JE.jpg,Hydraulic Cylinder Pump - Electric 240V - Zu4408je,"Lift, Shift & Propping",1,Road 1 real-unit hold,RENDER_FROM_DESCRIPTION,"THE ITEM: Hydraulic Cylinder Pump - Electric 240V - Zu4408je. The cylinder upright on the floor, saddle up, coupler toward the camera. Standing upright on the floor, camera at item height, three-quarter view so two faces show. THE MARKINGS THAT MUST BE READABLE: 240v. HOUSE STYLE (identical for every picture): studio product photograph on a near-black charcoal floor and backdrop (#14181F). One warm orange rim light raking in low from the left, a soft white top fill, and a gentle pool of orange glow on the floor under the item. Deep soft shadows, pin-sharp focus, high detail. The item is centred, filling about 75% of a square 800x800 frame. Nothing else in shot: no hands, no people, no props, no added text or watermark, no price, no other brand's logo - only markings the real item carries. LABEL RULE FOR THIS RENDER: show the product FORM and its stamped size/type markings only. Do NOT invent readable label text - no brand wordmarks, no batch numbers, no expiry dates. The MyGear card carries the exact name; the picture only has to be unmistakably this kind of thing.","Ram saddle and hydraulic coupler both visible; tonnage marking legible ; stamped/labelled sizes readable: 240v ; house style holds (dark floor, orange rim glow, item fills ~75%, no text/people/price) ; no invented label text (brand/batch/expiry) anywhere in the image"
287,PLANT_AND_TAGGED,HYDCYLPUMPMANP80,HYDCYLPUMPMANP80.jpg,Hydraulic Cylinder Pump - Hand Pump 2 Speed - P80,"Lift, Shift & Propping",4,Road 1 real-unit hold,RENDER_FROM_DESCRIPTION,"THE ITEM: Hydraulic Cylinder Pump - Hand Pump 2 Speed - P80. The cylinder upright on the floor, saddle up, coupler toward the camera. Standing upright on the floor, camera at item height, three-quarter view so two faces show. HOUSE STYLE (identical for every picture): studio product photograph on a near-black charcoal floor and backdrop (#14181F). One warm orange rim light raking in low from the left, a soft white top fill, and a gentle pool of orange glow on the floor under the item. Deep soft shadows, pin-sharp focus, high detail. The item is centred, filling about 75% of a square 800x800 frame. Nothing else in shot: no hands, no people, no props, no added text or watermark, no price, no other brand's logo - only markings the real item carries. LABEL RULE FOR THIS RENDER: show the product FORM and its stamped size/type markings only. Do NOT invent readable label text - no brand wordmarks, no batch numbers, no expiry dates. The MyGear card carries the exact name; the picture only has to be unmistakably this kind of thing.","Ram saddle and hydraulic coupler both visible; tonnage marking legible ; house style holds (dark floor, orange rim glow, item fills ~75%, no text/people/price) ; no invented label text (brand/batch/expiry) anywhere in the image"
288,PLANT_AND_TAGGED,HYDCYLPUMPSA240V,HYDCYLPUMPSA240V.jpg,Hydraulic Cylinder Pump Single Acting Electric,"Lift, Shift & Propping",2,Road 1 real-unit hold,RENDER_FROM_DESCRIPTION,"THE ITEM: Hydraulic Cylinder Pump Single Acting Electric. The cylinder upright on the floor, saddle up, coupler toward the camera. Standing upright on the floor, camera at item height, three-quarter view so two faces show. HOUSE STYLE (identical for every picture): studio product photograph on a near-black charcoal floor and backdrop (#14181F). One warm orange rim light raking in low from the left, a soft white top fill, and a gentle pool of orange glow on the floor under the item. Deep soft shadows, pin-sharp focus, high detail. The item is centred, filling about 75% of a square 800x800 frame. Nothing else in shot: no hands, no people, no props, no added text or watermark, no price, no other brand's logo - only markings the real item carries. LABEL RULE FOR THIS RENDER: show the product FORM and its stamped size/type markings only. Do NOT invent readable label text - no brand wordmarks, no batch numbers, no expiry dates. The MyGear card carries the exact name; the picture only has to be unmistakably this kind of thing.","Ram saddle and hydraulic coupler both visible; tonnage marking legible ; house style holds (dark floor, orange rim glow, item fills ~75%, no text/people/price) ; no invented label text (brand/batch/expiry) anywhere in the image"
289,PLANT_AND_TAGGED,HYDTORQPUMPELECTQ700E,HYDTORQPUMPELECTQ700E.jpg,Hydraulic Torque Pump - Electric 240v - TQ700E,"Lift, Shift & Propping",1,Road 1 real-unit hold,RENDER_FROM_DESCRIPTION,"THE ITEM: Hydraulic Torque Pump - Electric 240v - TQ700E. The hydraulic torque wrench head at three-quarter angle, drive or cassette opening toward the camera, twin couplers up. Three-quarter hero angle from slightly above, the working end toward the camera. THE MARKINGS THAT MUST BE READABLE: 240v. HOUSE STYLE (identical for every picture): studio product photograph on a near-black charcoal floor and backdrop (#14181F). One warm orange rim light raking in low from the left, a soft white top fill, and a gentle pool of orange glow on the floor under the item. Deep soft shadows, pin-sharp focus, high detail. The item is centred, filling about 75% of a square 800x800 frame. Nothing else in shot: no hands, no people, no props, no added text or watermark, no price, no other brand's logo - only markings the real item carries. LABEL RULE FOR THIS RENDER: show the product FORM and its stamped size/type markings only. Do NOT invent readable label text - no brand wordmarks, no batch numbers, no expiry dates. The MyGear card carries the exact name; the picture only has to be unmistakably this kind of thing.","Cassette/link size legible; twin swivel couplers visible ; stamped/labelled sizes readable: 240v ; house style holds (dark floor, orange rim glow, item fills ~75%, no text/people/price) ; no invented label text (brand/batch/expiry) anywhere in the image"
290,PLANT_AND_TAGGED,HYDTORQUEHOSE,HYDTORQUEHOSE.jpg,Hydraulic Torque Hose Set - 6M x 10000 PSI,Industrial Tools & Equipment,1,Road 1 real-unit hold,RENDER_FROM_DESCRIPTION,"THE ITEM: Hydraulic Torque Hose Set - 6M x 10000 PSI. The hydraulic torque wrench head at three-quarter angle, drive or cassette opening toward the camera, twin couplers up. Three-quarter hero angle from slightly above, the working end toward the camera. THE MARKINGS THAT MUST BE READABLE: 6m. HOUSE STYLE (identical for every picture): studio product photograph on a near-black charcoal floor and backdrop (#14181F). One warm orange rim light raking in low from the left, a soft white top fill, and a gentle pool of orange glow on the floor under the item. Deep soft shadows, pin-sharp focus, high detail. The item is centred, filling about 75% of a square 800x800 frame. Nothing else in shot: no hands, no people, no props, no added text or watermark, no price, no other brand's logo - only markings the real item carries. LABEL RULE FOR THIS RENDER: show the product FORM and its stamped size/type markings only. Do NOT invent readable label text - no brand wordmarks, no batch numbers, no expiry dates. The MyGear card carries the exact name; the picture only has to be unmistakably this kind of thing.","Cassette/link size legible; twin swivel couplers visible ; stamped/labelled sizes readable: 6m ; house style holds (dark floor, orange rim glow, item fills ~75%, no text/people/price) ; no invented label text (brand/batch/expiry) anywhere in the image"
291,PLANT_AND_TAGGED,HYDTORQUEPUMPELEC,HYDTORQUEPUMPELEC.jpg,Hydraulic Torque Pump - Electric 240V,Industrial Tools & Equipment,1,Road 1 real-unit hold,RENDER_FROM_DESCRIPTION,"THE ITEM: Hydraulic Torque Pump - Electric 240V. The hydraulic torque wrench head at three-quarter angle, drive or cassette opening toward the camera, twin couplers up. Three-quarter hero angle from slightly above, the working end toward the camera. THE MARKINGS THAT MUST BE READABLE: 240v. HOUSE STYLE (identical for every picture): studio product photograph on a near-black charcoal floor and backdrop (#14181F). One warm orange rim light raking in low from the left, a soft white top fill, and a gentle pool of orange glow on the floor under the item. Deep soft shadows, pin-sharp focus, high detail. The item is centred, filling about 75% of a square 800x800 frame. Nothing else in shot: no hands, no people, no props, no added text or watermark, no price, no other brand's logo - only markings the real item carries. LABEL RULE FOR THIS RENDER: show the product FORM and its stamped size/type markings only. Do NOT invent readable label text - no brand wordmarks, no batch numbers, no expiry dates. The MyGear card carries the exact name; the picture only has to be unmistakably this kind of thing.","Cassette/link size legible; twin swivel couplers visible ; stamped/labelled sizes readable: 240v ; house style holds (dark floor, orange rim glow, item fills ~75%, no text/people/price) ; no invented label text (brand/batch/expiry) anywhere in the image"
292,PLANT_AND_TAGGED,HYDTORQUEWR1-1/2D6010,HYDTORQUEWR1-1_2D6010.jpg,"Hydraulic Torque Wrench -  1 1/2"" Square Drive - 6,010 ftlbs",Industrial Tools & Equipment,1,Road 1 real-unit hold,RENDER_FROM_DESCRIPTION,"THE ITEM: Hydraulic Torque Wrench -  1 1/2"" Square Drive - 6,010 ftlbs. The hydraulic torque wrench head at three-quarter angle, drive or cassette opening toward the camera, twin couplers up. Three-quarter hero angle from slightly above, the working end toward the camera. THE MARKINGS THAT MUST BE READABLE: 1 1/2"". HOUSE STYLE (identical for every picture): studio product photograph on a near-black charcoal floor and backdrop (#14181F). One warm orange rim light raking in low from the left, a soft white top fill, and a gentle pool of orange glow on the floor under the item. Deep soft shadows, pin-sharp focus, high detail. The item is centred, filling about 75% of a square 800x800 frame. Nothing else in shot: no hands, no people, no props, no added text or watermark, no price, no other brand's logo - only markings the real item carries. LABEL RULE FOR THIS RENDER: show the product FORM and its stamped size/type markings only. Do NOT invent readable label text - no brand wordmarks, no batch numbers, no expiry dates. The MyGear card carries the exact name; the picture only has to be unmistakably this kind of thing.","Cassette/link size legible; twin swivel couplers visible ; stamped/labelled sizes readable: 1 1/2"" ; house style holds (dark floor, orange rim glow, item fills ~75%, no text/people/price) ; no invented label text (brand/batch/expiry) anywhere in the image"
293,PLANT_AND_TAGGED,HYDTORQUEWR1D3300,HYDTORQUEWR1D3300.jpg,Hydraulic Torque Wrench - 1inch Square Drive - 3300ftlb,Industrial Tools & Equipment,1,Road 1 real-unit hold,RENDER_FROM_DESCRIPTION,"THE ITEM: Hydraulic Torque Wrench - 1inch Square Drive - 3300ftlb. The hydraulic torque wrench head at three-quarter angle, drive or cassette opening toward the camera, twin couplers up. Three-quarter hero angle from slightly above, the working end toward the camera. THE MARKINGS THAT MUST BE READABLE: 1inch. HOUSE STYLE (identical for every picture): studio product photograph on a near-black charcoal floor and backdrop (#14181F). One warm orange rim light raking in low from the left, a soft white top fill, and a gentle pool of orange glow on the floor under the item. Deep soft shadows, pin-sharp focus, high detail. The item is centred, filling about 75% of a square 800x800 frame. Nothing else in shot: no hands, no people, no props, no added text or watermark, no price, no other brand's logo - only markings the real item carries. LABEL RULE FOR THIS RENDER: show the product FORM and its stamped size/type markings only. Do NOT invent readable label text - no brand wordmarks, no batch numbers, no expiry dates. The MyGear card carries the exact name; the picture only has to be unmistakably this kind of thing.","Cassette/link size legible; twin swivel couplers visible ; stamped/labelled sizes readable: 1inch ; house style holds (dark floor, orange rim glow, item fills ~75%, no text/people/price) ; no invented label text (brand/batch/expiry) anywhere in the image"
294,PLANT_AND_TAGGED,HYDTORQUEWRACT2000,HYDTORQUEWRACT2000.jpg,Hydraulic Torque Wrench - Actuator - 2000ftlb,Industrial Tools & Equipment,2,Road 1 real-unit hold,RENDER_FROM_DESCRIPTION,"THE ITEM: Hydraulic Torque Wrench - Actuator - 2000ftlb. The hydraulic torque wrench head at three-quarter angle, drive or cassette opening toward the camera, twin couplers up. Three-quarter hero angle from slightly above, the working end toward the camera. HOUSE STYLE (identical for every picture): studio product photograph on a near-black charcoal floor and backdrop (#14181F). One warm orange rim light raking in low from the left, a soft white top fill, and a gentle pool of orange glow on the floor under the item. Deep soft shadows, pin-sharp focus, high detail. The item is centred, filling about 75% of a square 800x800 frame. Nothing else in shot: no hands, no people, no props, no added text or watermark, no price, no other brand's logo - only markings the real item carries. LABEL RULE FOR THIS RENDER: show the product FORM and its stamped size/type markings only. Do NOT invent readable label text - no brand wordmarks, no batch numbers, no expiry dates. The MyGear card carries the exact name; the picture only has to be unmistakably this kind of thing.","Cassette/link size legible; twin swivel couplers visible ; house style holds (dark floor, orange rim glow, item fills ~75%, no text/people/price) ; no invented label text (brand/batch/expiry) anywhere in the image"
295,PLANT_AND_TAGGED,HYDTORQUEWRACT4000,HYDTORQUEWRACT4000.jpg,Hydraulic Torque Wrench - Actuator - 4000ftlb,Industrial Tools & Equipment,2,Road 1 real-unit hold,RENDER_FROM_DESCRIPTION,"THE ITEM: Hydraulic Torque Wrench - Actuator - 4000ftlb. The hydraulic torque wrench head at three-quarter angle, drive or cassette opening toward the camera, twin couplers up. Three-quarter hero angle from slightly above, the working end toward the camera. HOUSE STYLE (identical for every picture): studio product photograph on a near-black charcoal floor and backdrop (#14181F). One warm orange rim light raking in low from the left, a soft white top fill, and a gentle pool of orange glow on the floor under the item. Deep soft shadows, pin-sharp focus, high detail. The item is centred, filling about 75% of a square 800x800 frame. Nothing else in shot: no hands, no people, no props, no added text or watermark, no price, no other brand's logo - only markings the real item carries. LABEL RULE FOR THIS RENDER: show the product FORM and its stamped size/type markings only. Do NOT invent readable label text - no brand wordmarks, no batch numbers, no expiry dates. The MyGear card carries the exact name; the picture only has to be unmistakably this kind of thing.","Cassette/link size legible; twin swivel couplers visible ; house style holds (dark floor, orange rim glow, item fills ~75%, no text/people/price) ; no invented label text (brand/batch/expiry) anywhere in the image"
296,PLANT_AND_TAGGED,HYDTORQUEWRCAS32MM2000,HYDTORQUEWRCAS32MM2000.jpg,Hydraulic Torque Wrench - Cassette - 32mm - 2000ftlb,Industrial Tools & Equipment,1,Road 1 real-unit hold,RENDER_FROM_DESCRIPTION,"THE ITEM: Hydraulic Torque Wrench - Cassette - 32mm - 2000ftlb. The hydraulic torque wrench head at three-quarter angle, drive or cassette opening toward the camera, twin couplers up. Three-quarter hero angle from slightly above, the working end toward the camera. THE MARKINGS THAT MUST BE READABLE: 32mm. HOUSE STYLE (identical for every picture): studio product photograph on a near-black charcoal floor and backdrop (#14181F). One warm orange rim light raking in low from the left, a soft white top fill, and a gentle pool of orange glow on the floor under the item. Deep soft shadows, pin-sharp focus, high detail. The item is centred, filling about 75% of a square 800x800 frame. Nothing else in shot: no hands, no people, no props, no added text or watermark, no price, no other brand's logo - only markings the real item carries. LABEL RULE FOR THIS RENDER: show the product FORM and its stamped size/type markings only. Do NOT invent readable label text - no brand wordmarks, no batch numbers, no expiry dates. The MyGear card carries the exact name; the picture only has to be unmistakably this kind of thing.","Cassette/link size legible; twin swivel couplers visible ; stamped/labelled sizes readable: 32mm ; house style holds (dark floor, orange rim glow, item fills ~75%, no text/people/price) ; no invented label text (brand/batch/expiry) anywhere in the image"
297,PLANT_AND_TAGGED,HYDTORQUEWRCAS36MM2000,HYDTORQUEWRCAS36MM2000.jpg,Hydraulic Torque Wrench - Cassette - 36 - 37mm - 2000ftlb,Industrial Tools & Equipment,1,Road 1 real-unit hold,RENDER_FROM_DESCRIPTION,"THE ITEM: Hydraulic Torque Wrench - Cassette - 36 - 37mm - 2000ftlb. The hydraulic torque wrench head at three-quarter angle, drive or cassette opening toward the camera, twin couplers up. Three-quarter hero angle from slightly above, the working end toward the camera. THE MARKINGS THAT MUST BE READABLE: 37mm. HOUSE STYLE (identical for every picture): studio product photograph on a near-black charcoal floor and backdrop (#14181F). One warm orange rim light raking in low from the left, a soft white top fill, and a gentle pool of orange glow on the floor under the item. Deep soft shadows, pin-sharp focus, high detail. The item is centred, filling about 75% of a square 800x800 frame. Nothing else in shot: no hands, no people, no props, no added text or watermark, no price, no other brand's logo - only markings the real item carries. LABEL RULE FOR THIS RENDER: show the product FORM and its stamped size/type markings only. Do NOT invent readable label text - no brand wordmarks, no batch numbers, no expiry dates. The MyGear card carries the exact name; the picture only has to be unmistakably this kind of thing.","Cassette/link size legible; twin swivel couplers visible ; stamped/labelled sizes readable: 37mm ; house style holds (dark floor, orange rim glow, item fills ~75%, no text/people/price) ; no invented label text (brand/batch/expiry) anywhere in the image"
298,PLANT_AND_TAGGED,HYDTORQUEWRCAS41MM2000,HYDTORQUEWRCAS41MM2000.jpg,Hydraulic Torque Wrench - Cassette - 41mm - 2000ftlb,Industrial Tools & Equipment,1,Road 1 real-unit hold,RENDER_FROM_DESCRIPTION,"THE ITEM: Hydraulic Torque Wrench - Cassette - 41mm - 2000ftlb. The hydraulic torque wrench head at three-quarter angle, drive or cassette opening toward the camera, twin couplers up. Three-quarter hero angle from slightly above, the working end toward the camera. THE MARKINGS THAT MUST BE READABLE: 41mm. HOUSE STYLE (identical for every picture): studio product photograph on a near-black charcoal floor and backdrop (#14181F). One warm orange rim light raking in low from the left, a soft white top fill, and a gentle pool of orange glow on the floor under the item. Deep soft shadows, pin-sharp focus, high detail. The item is centred, filling about 75% of a square 800x800 frame. Nothing else in shot: no hands, no people, no props, no added text or watermark, no price, no other brand's logo - only markings the real item carries. LABEL RULE FOR THIS RENDER: show the product FORM and its stamped size/type markings only. Do NOT invent readable label text - no brand wordmarks, no batch numbers, no expiry dates. The MyGear card carries the exact name; the picture only has to be unmistakably this kind of thing.","Cassette/link size legible; twin swivel couplers visible ; stamped/labelled sizes readable: 41mm ; house style holds (dark floor, orange rim glow, item fills ~75%, no text/people/price) ; no invented label text (brand/batch/expiry) anywhere in the image"
299,PLANT_AND_TAGGED,HYDTORQUEWRCAS46MM2000,HYDTORQUEWRCAS46MM2000.jpg,Hydraulic Torque Wrench - Cassette - 46mm - 2000ftlb,Industrial Tools & Equipment,1,Road 1 real-unit hold,RENDER_FROM_DESCRIPTION,"THE ITEM: Hydraulic Torque Wrench - Cassette - 46mm - 2000ftlb. The hydraulic torque wrench head at three-quarter angle, drive or cassette opening toward the camera, twin couplers up. Three-quarter hero angle from slightly above, the working end toward the camera. THE MARKINGS THAT MUST BE READABLE: 46mm. HOUSE STYLE (identical for every picture): studio product photograph on a near-black charcoal floor and backdrop (#14181F). One warm orange rim light raking in low from the left, a soft white top fill, and a gentle pool of orange glow on the floor under the item. Deep soft shadows, pin-sharp focus, high detail. The item is centred, filling about 75% of a square 800x800 frame. Nothing else in shot: no hands, no people, no props, no added text or watermark, no price, no other brand's logo - only markings the real item carries. LABEL RULE FOR THIS RENDER: show the product FORM and its stamped size/type markings only. Do NOT invent readable label text - no brand wordmarks, no batch numbers, no expiry dates. The MyGear card carries the exact name; the picture only has to be unmistakably this kind of thing.","Cassette/link size legible; twin swivel couplers visible ; stamped/labelled sizes readable: 46mm ; house style holds (dark floor, orange rim glow, item fills ~75%, no text/people/price) ; no invented label text (brand/batch/expiry) anywhere in the image"
300,PLANT_AND_TAGGED,HYDTORQUEWRCAS50MM2000,HYDTORQUEWRCAS50MM2000.jpg,Hydraulic Torque Wrench - Cassette - 50 - 51mm - 2000ftlb,Industrial Tools & Equipment,1,Road 1 real-unit hold,RENDER_FROM_DESCRIPTION,"THE ITEM: Hydraulic Torque Wrench - Cassette - 50 - 51mm - 2000ftlb. The hydraulic torque wrench head at three-quarter angle, drive or cassette opening toward the camera, twin couplers up. Three-quarter hero angle from slightly above, the working end toward the camera. THE MARKINGS THAT MUST BE READABLE: 51mm. HOUSE STYLE (identical for every picture): studio product photograph on a near-black charcoal floor and backdrop (#14181F). One warm orange rim light raking in low from the left, a soft white top fill, and a gentle pool of orange glow on the floor under the item. Deep soft shadows, pin-sharp focus, high detail. The item is centred, filling about 75% of a square 800x800 frame. Nothing else in shot: no hands, no people, no props, no added text or watermark, no price, no other brand's logo - only markings the real item carries. LABEL RULE FOR THIS RENDER: show the product FORM and its stamped size/type markings only. Do NOT invent readable label text - no brand wordmarks, no batch numbers, no expiry dates. The MyGear card carries the exact name; the picture only has to be unmistakably this kind of thing.","Cassette/link size legible; twin swivel couplers visible ; stamped/labelled sizes readable: 51mm ; house style holds (dark floor, orange rim glow, item fills ~75%, no text/people/price) ; no invented label text (brand/batch/expiry) anywhere in the image"
301,PLANT_AND_TAGGED,HYDTORQUEWRCAS55MM2000,HYDTORQUEWRCAS55MM2000.jpg,Hydraulic Torque Wrench - Cassette - 55 - 56mm - 2000ftlb,Industrial Tools & Equipment,1,Road 1 real-unit hold,RENDER_FROM_DESCRIPTION,"THE ITEM: Hydraulic Torque Wrench - Cassette - 55 - 56mm - 2000ftlb. The hydraulic torque wrench head at three-quarter angle, drive or cassette opening toward the camera, twin couplers up. Three-quarter hero angle from slightly above, the working end toward the camera. THE MARKINGS THAT MUST BE READABLE: 56mm. HOUSE STYLE (identical for every picture): studio product photograph on a near-black charcoal floor and backdrop (#14181F). One warm orange rim light raking in low from the left, a soft white top fill, and a gentle pool of orange glow on the floor under the item. Deep soft shadows, pin-sharp focus, high detail. The item is centred, filling about 75% of a square 800x800 frame. Nothing else in shot: no hands, no people, no props, no added text or watermark, no price, no other brand's logo - only markings the real item carries. LABEL RULE FOR THIS RENDER: show the product FORM and its stamped size/type markings only. Do NOT invent readable label text - no brand wordmarks, no batch numbers, no expiry dates. The MyGear card carries the exact name; the picture only has to be unmistakably this kind of thing.","Cassette/link size legible; twin swivel couplers visible ; stamped/labelled sizes readable: 56mm ; house style holds (dark floor, orange rim glow, item fills ~75%, no text/people/price) ; no invented label text (brand/batch/expiry) anywhere in the image"
302,PLANT_AND_TAGGED,HYDTORQUEWRCAS70MM4000,HYDTORQUEWRCAS70MM4000.jpg,Hydraulic Torque Wrench - Cassette - 70mm - 4000ftlb,Industrial Tools & Equipment,1,Road 1 real-unit hold,RENDER_FROM_DESCRIPTION,"THE ITEM: Hydraulic Torque Wrench - Cassette - 70mm - 4000ftlb. The hydraulic torque wrench head at three-quarter angle, drive or cassette opening toward the camera, twin couplers up. Three-quarter hero angle from slightly above, the working end toward the camera. THE MARKINGS THAT MUST BE READABLE: 70mm. HOUSE STYLE (identical for every picture): studio product photograph on a near-black charcoal floor and backdrop (#14181F). One warm orange rim light raking in low from the left, a soft white top fill, and a gentle pool of orange glow on the floor under the item. Deep soft shadows, pin-sharp focus, high detail. The item is centred, filling about 75% of a square 800x800 frame. Nothing else in shot: no hands, no people, no props, no added text or watermark, no price, no other brand's logo - only markings the real item carries. LABEL RULE FOR THIS RENDER: show the product FORM and its stamped size/type markings only. Do NOT invent readable label text - no brand wordmarks, no batch numbers, no expiry dates. The MyGear card carries the exact name; the picture only has to be unmistakably this kind of thing.","Cassette/link size legible; twin swivel couplers visible ; stamped/labelled sizes readable: 70mm ; house style holds (dark floor, orange rim glow, item fills ~75%, no text/people/price) ; no invented label text (brand/batch/expiry) anywhere in the image"
303,PLANT_AND_TAGGED,HYDWEDGE0.75T,HYDWEDGE0.75T.jpg,Hydraulic Wedge Cylinder 0.75t,"Lift, Shift & Propping",1,Road 1 real-unit hold,RENDER_FROM_DESCRIPTION,"THE ITEM: Hydraulic Wedge Cylinder 0.75t. The item at a three-quarter hero angle on the dark floor, working side toward the camera. Three-quarter hero angle from slightly above, the working end toward the camera. THE MARKINGS THAT MUST BE READABLE: 0.75t. HOUSE STYLE (identical for every picture): studio product photograph on a near-black charcoal floor and backdrop (#14181F). One warm orange rim light raking in low from the left, a soft white top fill, and a gentle pool of orange glow on the floor under the item. Deep soft shadows, pin-sharp focus, high detail. The item is centred, filling about 75% of a square 800x800 frame. Nothing else in shot: no hands, no people, no props, no added text or watermark, no price, no other brand's logo - only markings the real item carries. LABEL RULE FOR THIS RENDER: show the product FORM and its stamped size/type markings only. Do NOT invent readable label text - no brand wordmarks, no batch numbers, no expiry dates. The MyGear card carries the exact name; the picture only has to be unmistakably this kind of thing.","Item type unmistakably matches the register name ; stamped/labelled sizes readable: 0.75t ; house style holds (dark floor, orange rim glow, item fills ~75%, no text/people/price) ; no invented label text (brand/batch/expiry) anywhere in the image"
304,PLANT_AND_TAGGED,IMPACTDRIVE6.35MMBAT,IMPACTDRIVE6.35MMBAT.jpg,Impact Driver 1/4in (6.35mm) Battery,Tools & Equipment,1,Road 1 real-unit hold,RENDER_FROM_DESCRIPTION,"THE ITEM: Impact Driver 1/4in (6.35mm) Battery. The battery pack standing upright, contacts toward the camera, charge-gauge face visible. Standing upright on the floor, camera at item height, three-quarter view so two faces show. THE MARKINGS THAT MUST BE READABLE: 1/4in | 6.35mm. HOUSE STYLE (identical for every picture): studio product photograph on a near-black charcoal floor and backdrop (#14181F). One warm orange rim light raking in low from the left, a soft white top fill, and a gentle pool of orange glow on the floor under the item. Deep soft shadows, pin-sharp focus, high detail. The item is centred, filling about 75% of a square 800x800 frame. Nothing else in shot: no hands, no people, no props, no added text or watermark, no price, no other brand's logo - only markings the real item carries. LABEL RULE FOR THIS RENDER: show the product FORM and its stamped size/type markings only. Do NOT invent readable label text - no brand wordmarks, no batch numbers, no expiry dates. The MyGear card carries the exact name; the picture only has to be unmistakably this kind of thing.","Voltage class legible; contact end visible ; stamped/labelled sizes readable: 1/4in, 6.35mm ; house style holds (dark floor, orange rim glow, item fills ~75%, no text/people/price) ; no invented label text (brand/batch/expiry) anywhere in the image"
305,HELD_TOOLING,IMPACTWCHCORDLESS19MM18V,IMPACTWCHCORDLESS19MM18V.jpg,Wrench - Impact Cordless 19mm (18V) - Greener Choice,Tools & Equipment,23,"Second pass: powered, pneumatic, plant, lifting or model-specific equipment",RENDER_FROM_DESCRIPTION,"THE ITEM: Wrench - Impact Cordless 19mm (18V) - Greener Choice. The item at a three-quarter hero angle on the dark floor, working side toward the camera. Three-quarter hero angle from slightly above, the working end toward the camera. THE MARKINGS THAT MUST BE READABLE: 19mm | 18v. HOUSE STYLE (identical for every picture): studio product photograph on a near-black charcoal floor and backdrop (#14181F). One warm orange rim light raking in low from the left, a soft white top fill, and a gentle pool of orange glow on the floor under the item. Deep soft shadows, pin-sharp focus, high detail. The item is centred, filling about 75% of a square 800x800 frame. Nothing else in shot: no hands, no people, no props, no added text or watermark, no price, no other brand's logo - only markings the real item carries. LABEL RULE FOR THIS RENDER: show the product FORM and its stamped size/type markings only. Do NOT invent readable label text - no brand wordmarks, no batch numbers, no expiry dates. The MyGear card carries the exact name; the picture only has to be unmistakably this kind of thing.","Item type unmistakably matches the register name ; stamped/labelled sizes readable: 19mm, 18v ; house style holds (dark floor, orange rim glow, item fills ~75%, no text/people/price) ; no invented label text (brand/batch/expiry) anywhere in the image"
306,PLANT_AND_TAGGED,IMPACTWRENCH12.7MMBAT,IMPACTWRENCH12.7MMBAT.jpg,Impact Wrench 12.7mm  Battery,Tools & Equipment,7,Road 1 real-unit hold,RENDER_FROM_DESCRIPTION,"THE ITEM: Impact Wrench 12.7mm  Battery. The battery pack standing upright, contacts toward the camera, charge-gauge face visible. Standing upright on the floor, camera at item height, three-quarter view so two faces show. THE MARKINGS THAT MUST BE READABLE: 12.7mm. HOUSE STYLE (identical for every picture): studio product photograph on a near-black charcoal floor and backdrop (#14181F). One warm orange rim light raking in low from the left, a soft white top fill, and a gentle pool of orange glow on the floor under the item. Deep soft shadows, pin-sharp focus, high detail. The item is centred, filling about 75% of a square 800x800 frame. Nothing else in shot: no hands, no people, no props, no added text or watermark, no price, no other brand's logo - only markings the real item carries. LABEL RULE FOR THIS RENDER: show the product FORM and its stamped size/type markings only. Do NOT invent readable label text - no brand wordmarks, no batch numbers, no expiry dates. The MyGear card carries the exact name; the picture only has to be unmistakably this kind of thing.","Voltage class legible; contact end visible ; stamped/labelled sizes readable: 12.7mm ; house style holds (dark floor, orange rim glow, item fills ~75%, no text/people/price) ; no invented label text (brand/batch/expiry) anywhere in the image"
307,HELD_TOOLING,IMPACTWRENCH12BOSCH,IMPACTWRENCH12BOSCH.jpg,"Impact Wrench 1/2"" (Bosch)",Coates Equipment,3,Powered tool likely to carry an asset/test tag,RENDER_FROM_DESCRIPTION,"THE ITEM: Impact Wrench 1/2"" (Bosch). The item at a three-quarter hero angle on the dark floor, working side toward the camera. Three-quarter hero angle from slightly above, the working end toward the camera. THE MARKINGS THAT MUST BE READABLE: 1/2"". HOUSE STYLE (identical for every picture): studio product photograph on a near-black charcoal floor and backdrop (#14181F). One warm orange rim light raking in low from the left, a soft white top fill, and a gentle pool of orange glow on the floor under the item. Deep soft shadows, pin-sharp focus, high detail. The item is centred, filling about 75% of a square 800x800 frame. Nothing else in shot: no hands, no people, no props, no added text or watermark, no price, no other brand's logo - only markings the real item carries. LABEL RULE FOR THIS RENDER: show the product FORM and its stamped size/type markings only. Do NOT invent readable label text - no brand wordmarks, no batch numbers, no expiry dates. The MyGear card carries the exact name; the picture only has to be unmistakably this kind of thing.","Item type unmistakably matches the register name ; stamped/labelled sizes readable: 1/2"" ; house style holds (dark floor, orange rim glow, item fills ~75%, no text/people/price) ; no invented label text (brand/batch/expiry) anywhere in the image"
308,PLANT_AND_TAGGED,IMPACTWRENCH25MMBAT,IMPACTWRENCH25MMBAT.jpg,Impact Wrench 1in (25mm)  Battery,Tools & Equipment,8,Road 1 real-unit hold,RENDER_FROM_DESCRIPTION,"THE ITEM: Impact Wrench 1in (25mm)  Battery. The battery pack standing upright, contacts toward the camera, charge-gauge face visible. Standing upright on the floor, camera at item height, three-quarter view so two faces show. THE MARKINGS THAT MUST BE READABLE: 1in | 25mm. HOUSE STYLE (identical for every picture): studio product photograph on a near-black charcoal floor and backdrop (#14181F). One warm orange rim light raking in low from the left, a soft white top fill, and a gentle pool of orange glow on the floor under the item. Deep soft shadows, pin-sharp focus, high detail. The item is centred, filling about 75% of a square 800x800 frame. Nothing else in shot: no hands, no people, no props, no added text or watermark, no price, no other brand's logo - only markings the real item carries. LABEL RULE FOR THIS RENDER: show the product FORM and its stamped size/type markings only. Do NOT invent readable label text - no brand wordmarks, no batch numbers, no expiry dates. The MyGear card carries the exact name; the picture only has to be unmistakably this kind of thing.","Voltage class legible; contact end visible ; stamped/labelled sizes readable: 1in, 25mm ; house style holds (dark floor, orange rim glow, item fills ~75%, no text/people/price) ; no invented label text (brand/batch/expiry) anywhere in the image"
309,HELD_TOOLING,IMPACTWRENCHAIR12MM,IMPACTWRENCHAIR12MM.jpg,Impact Wrench - Air - 12mm,Air & Air Accessories,2,Powered tool likely to carry an asset/test tag,RENDER_FROM_DESCRIPTION,"THE ITEM: Impact Wrench - Air - 12mm. The item at a three-quarter hero angle on the dark floor, working side toward the camera. Three-quarter hero angle from slightly above, the working end toward the camera. THE MARKINGS THAT MUST BE READABLE: 12mm. HOUSE STYLE (identical for every picture): studio product photograph on a near-black charcoal floor and backdrop (#14181F). One warm orange rim light raking in low from the left, a soft white top fill, and a gentle pool of orange glow on the floor under the item. Deep soft shadows, pin-sharp focus, high detail. The item is centred, filling about 75% of a square 800x800 frame. Nothing else in shot: no hands, no people, no props, no added text or watermark, no price, no other brand's logo - only markings the real item carries. LABEL RULE FOR THIS RENDER: show the product FORM and its stamped size/type markings only. Do NOT invent readable label text - no brand wordmarks, no batch numbers, no expiry dates. The MyGear card carries the exact name; the picture only has to be unmistakably this kind of thing.","Item type unmistakably matches the register name ; stamped/labelled sizes readable: 12mm ; house style holds (dark floor, orange rim glow, item fills ~75%, no text/people/price) ; no invented label text (brand/batch/expiry) anywhere in the image"
310,HELD_TOOLING,IMPACTWRENCHAIR13MM,IMPACTWRENCHAIR13MM.jpg,Impact Wrench - Air - 13mm,Air & Air Accessories,2,Powered tool likely to carry an asset/test tag,RENDER_FROM_DESCRIPTION,"THE ITEM: Impact Wrench - Air - 13mm. The item at a three-quarter hero angle on the dark floor, working side toward the camera. Three-quarter hero angle from slightly above, the working end toward the camera. THE MARKINGS THAT MUST BE READABLE: 13mm. HOUSE STYLE (identical for every picture): studio product photograph on a near-black charcoal floor and backdrop (#14181F). One warm orange rim light raking in low from the left, a soft white top fill, and a gentle pool of orange glow on the floor under the item. Deep soft shadows, pin-sharp focus, high detail. The item is centred, filling about 75% of a square 800x800 frame. Nothing else in shot: no hands, no people, no props, no added text or watermark, no price, no other brand's logo - only markings the real item carries. LABEL RULE FOR THIS RENDER: show the product FORM and its stamped size/type markings only. Do NOT invent readable label text - no brand wordmarks, no batch numbers, no expiry dates. The MyGear card carries the exact name; the picture only has to be unmistakably this kind of thing.","Item type unmistakably matches the register name ; stamped/labelled sizes readable: 13mm ; house style holds (dark floor, orange rim glow, item fills ~75%, no text/people/price) ; no invented label text (brand/batch/expiry) anywhere in the image"
311,HELD_TOOLING,IMPACTWRENCHAIR19MM,IMPACTWRENCHAIR19MM.jpg,Impact Wrench - Air - 19mm,Air & Air Accessories,5,Powered tool likely to carry an asset/test tag,RENDER_FROM_DESCRIPTION,"THE ITEM: Impact Wrench - Air - 19mm. The item at a three-quarter hero angle on the dark floor, working side toward the camera. Three-quarter hero angle from slightly above, the working end toward the camera. THE MARKINGS THAT MUST BE READABLE: 19mm. HOUSE STYLE (identical for every picture): studio product photograph on a near-black charcoal floor and backdrop (#14181F). One warm orange rim light raking in low from the left, a soft white top fill, and a gentle pool of orange glow on the floor under the item. Deep soft shadows, pin-sharp focus, high detail. The item is centred, filling about 75% of a square 800x800 frame. Nothing else in shot: no hands, no people, no props, no added text or watermark, no price, no other brand's logo - only markings the real item carries. LABEL RULE FOR THIS RENDER: show the product FORM and its stamped size/type markings only. Do NOT invent readable label text - no brand wordmarks, no batch numbers, no expiry dates. The MyGear card carries the exact name; the picture only has to be unmistakably this kind of thing.","Item type unmistakably matches the register name ; stamped/labelled sizes readable: 19mm ; house style holds (dark floor, orange rim glow, item fills ~75%, no text/people/price) ; no invented label text (brand/batch/expiry) anywhere in the image"
312,HELD_TOOLING,IMPACTWRENCHAIR25MM,IMPACTWRENCHAIR25MM.jpg,Impact Wrench - Air - 25mm,Air & Air Accessories,7,Powered tool likely to carry an asset/test tag,RENDER_FROM_DESCRIPTION,"THE ITEM: Impact Wrench - Air - 25mm. The item at a three-quarter hero angle on the dark floor, working side toward the camera. Three-quarter hero angle from slightly above, the working end toward the camera. THE MARKINGS THAT MUST BE READABLE: 25mm. HOUSE STYLE (identical for every picture): studio product photograph on a near-black charcoal floor and backdrop (#14181F). One warm orange rim light raking in low from the left, a soft white top fill, and a gentle pool of orange glow on the floor under the item. Deep soft shadows, pin-sharp focus, high detail. The item is centred, filling about 75% of a square 800x800 frame. Nothing else in shot: no hands, no people, no props, no added text or watermark, no price, no other brand's logo - only markings the real item carries. LABEL RULE FOR THIS RENDER: show the product FORM and its stamped size/type markings only. Do NOT invent readable label text - no brand wordmarks, no batch numbers, no expiry dates. The MyGear card carries the exact name; the picture only has to be unmistakably this kind of thing.","Item type unmistakably matches the register name ; stamped/labelled sizes readable: 25mm ; house style holds (dark floor, orange rim glow, item fills ~75%, no text/people/price) ; no invented label text (brand/batch/expiry) anywhere in the image"
313,HELD_TOOLING,IMPACTWRENCHAIR38MM,IMPACTWRENCHAIR38MM.jpg,Impact Wrench - Air - 38mm,Air & Air Accessories,1,Powered tool likely to carry an asset/test tag,RENDER_FROM_DESCRIPTION,"THE ITEM: Impact Wrench - Air - 38mm. The item at a three-quarter hero angle on the dark floor, working side toward the camera. Three-quarter hero angle from slightly above, the working end toward the camera. THE MARKINGS THAT MUST BE READABLE: 38mm. HOUSE STYLE (identical for every picture): studio product photograph on a near-black charcoal floor and backdrop (#14181F). One warm orange rim light raking in low from the left, a soft white top fill, and a gentle pool of orange glow on the floor under the item. Deep soft shadows, pin-sharp focus, high detail. The item is centred, filling about 75% of a square 800x800 frame. Nothing else in shot: no hands, no people, no props, no added text or watermark, no price, no other brand's logo - only markings the real item carries. LABEL RULE FOR THIS RENDER: show the product FORM and its stamped size/type markings only. Do NOT invent readable label text - no brand wordmarks, no batch numbers, no expiry dates. The MyGear card carries the exact name; the picture only has to be unmistakably this kind of thing.","Item type unmistakably matches the register name ; stamped/labelled sizes readable: 38mm ; house style holds (dark floor, orange rim glow, item fills ~75%, no text/people/price) ; no invented label text (brand/batch/expiry) anywhere in the image"
314,HELD_TOOLING,IMPACTWRENCHCORDLESS12MM,IMPACTWRENCHCORDLESS12MM.jpg,Impact Wrench - Cordless - Greener Choice,Tools & Equipment,2,Powered tool likely to carry an asset/test tag,RENDER_FROM_DESCRIPTION,"THE ITEM: Impact Wrench - Cordless - Greener Choice. The item at a three-quarter hero angle on the dark floor, working side toward the camera. Three-quarter hero angle from slightly above, the working end toward the camera. HOUSE STYLE (identical for every picture): studio product photograph on a near-black charcoal floor and backdrop (#14181F). One warm orange rim light raking in low from the left, a soft white top fill, and a gentle pool of orange glow on the floor under the item. Deep soft shadows, pin-sharp focus, high detail. The item is centred, filling about 75% of a square 800x800 frame. Nothing else in shot: no hands, no people, no props, no added text or watermark, no price, no other brand's logo - only markings the real item carries. LABEL RULE FOR THIS RENDER: show the product FORM and its stamped size/type markings only. Do NOT invent readable label text - no brand wordmarks, no batch numbers, no expiry dates. The MyGear card carries the exact name; the picture only has to be unmistakably this kind of thing.","Item type unmistakably matches the register name ; house style holds (dark floor, orange rim glow, item fills ~75%, no text/people/price) ; no invented label text (brand/batch/expiry) anywhere in the image"
315,HELD_TOOLING,INDICATORDIAL120MM001MM001MMRES,INDICATORDIAL120MM001MM001MMRES.jpg,INDICATOR DIAL 1-20MM/ 0.01MM 0.01MM RES,Coates Equipment,1,"Precision range, dial layout or component form could be misrepresented",RENDER_FROM_DESCRIPTION,"THE ITEM: INDICATOR DIAL 1-20MM/ 0.01MM 0.01MM RES. The item at a three-quarter hero angle on the dark floor, working side toward the camera. Three-quarter hero angle from slightly above, the working end toward the camera. THE MARKINGS THAT MUST BE READABLE: 20mm | 0.01mm. HOUSE STYLE (identical for every picture): studio product photograph on a near-black charcoal floor and backdrop (#14181F). One warm orange rim light raking in low from the left, a soft white top fill, and a gentle pool of orange glow on the floor under the item. Deep soft shadows, pin-sharp focus, high detail. The item is centred, filling about 75% of a square 800x800 frame. Nothing else in shot: no hands, no people, no props, no added text or watermark, no price, no other brand's logo - only markings the real item carries. LABEL RULE FOR THIS RENDER: show the product FORM and its stamped size/type markings only. Do NOT invent readable label text - no brand wordmarks, no batch numbers, no expiry dates. The MyGear card carries the exact name; the picture only has to be unmistakably this kind of thing.","Item type unmistakably matches the register name ; stamped/labelled sizes readable: 20mm, 0.01mm ; house style holds (dark floor, orange rim glow, item fills ~75%, no text/people/price) ; no invented label text (brand/batch/expiry) anywhere in the image"
316,PLANT_AND_TAGGED,JIGSAWBAT,JIGSAWBAT.jpg,Jig Saw  Battery,Tools & Equipment,3,Road 1 real-unit hold,RENDER_FROM_DESCRIPTION,"THE ITEM: Jig Saw  Battery. The battery pack standing upright, contacts toward the camera, charge-gauge face visible. Standing upright on the floor, camera at item height, three-quarter view so two faces show. HOUSE STYLE (identical for every picture): studio product photograph on a near-black charcoal floor and backdrop (#14181F). One warm orange rim light raking in low from the left, a soft white top fill, and a gentle pool of orange glow on the floor under the item. Deep soft shadows, pin-sharp focus, high detail. The item is centred, filling about 75% of a square 800x800 frame. Nothing else in shot: no hands, no people, no props, no added text or watermark, no price, no other brand's logo - only markings the real item carries. LABEL RULE FOR THIS RENDER: show the product FORM and its stamped size/type markings only. Do NOT invent readable label text - no brand wordmarks, no batch numbers, no expiry dates. The MyGear card carries the exact name; the picture only has to be unmistakably this kind of thing.","Voltage class legible; contact end visible ; house style holds (dark floor, orange rim glow, item fills ~75%, no text/people/price) ; no invented label text (brand/batch/expiry) anywhere in the image"
317,HELD_TOOLING,KIBBLEGROUT1M3,KIBBLEGROUT1M3.jpg,Grout Kibble 1m3,Materials Handling,1,"Second pass: powered, pneumatic, plant, lifting or model-specific equipment",RENDER_FROM_DESCRIPTION,"THE ITEM: Grout Kibble 1m3. The item at a three-quarter hero angle on the dark floor, working side toward the camera. Three-quarter hero angle from slightly above, the working end toward the camera. HOUSE STYLE (identical for every picture): studio product photograph on a near-black charcoal floor and backdrop (#14181F). One warm orange rim light raking in low from the left, a soft white top fill, and a gentle pool of orange glow on the floor under the item. Deep soft shadows, pin-sharp focus, high detail. The item is centred, filling about 75% of a square 800x800 frame. Nothing else in shot: no hands, no people, no props, no added text or watermark, no price, no other brand's logo - only markings the real item carries. LABEL RULE FOR THIS RENDER: show the product FORM and its stamped size/type markings only. Do NOT invent readable label text - no brand wordmarks, no batch numbers, no expiry dates. The MyGear card carries the exact name; the picture only has to be unmistakably this kind of thing.","Item type unmistakably matches the register name ; house style holds (dark floor, orange rim glow, item fills ~75%, no text/people/price) ; no invented label text (brand/batch/expiry) anywhere in the image"
318,HELD_TOOLING,KITGASOXYACETCIGWELDBLUEJETTRADESMAN,KITGASOXYACETCIGWELDBLUEJETTRADESMAN.jpg,KIT GAS OXY / ACET CIGWELD BLUEJET TRADESMAN,Customer Equipment,1,"Second pass: powered, pneumatic, plant, lifting or model-specific equipment",RENDER_FROM_DESCRIPTION,"THE ITEM: KIT GAS OXY / ACET CIGWELD BLUEJET TRADESMAN. The item at a three-quarter hero angle on the dark floor, working side toward the camera. Three-quarter hero angle from slightly above, the working end toward the camera. HOUSE STYLE (identical for every picture): studio product photograph on a near-black charcoal floor and backdrop (#14181F). One warm orange rim light raking in low from the left, a soft white top fill, and a gentle pool of orange glow on the floor under the item. Deep soft shadows, pin-sharp focus, high detail. The item is centred, filling about 75% of a square 800x800 frame. Nothing else in shot: no hands, no people, no props, no added text or watermark, no price, no other brand's logo - only markings the real item carries. LABEL RULE FOR THIS RENDER: show the product FORM and its stamped size/type markings only. Do NOT invent readable label text - no brand wordmarks, no batch numbers, no expiry dates. The MyGear card carries the exact name; the picture only has to be unmistakably this kind of thing.","Item type unmistakably matches the register name ; house style holds (dark floor, orange rim glow, item fills ~75%, no text/people/price) ; no invented label text (brand/batch/expiry) anywhere in the image"
319,PLANT_AND_TAGGED,KNUCKLE130D,KNUCKLE130D.jpg,Knuckle Boom 130ft (39.5M) - Diesel,Access,1,Road 1 real-unit hold,RENDER_FROM_DESCRIPTION,"THE ITEM: Knuckle Boom 130ft (39.5M) - Diesel. The item at a three-quarter hero angle on the dark floor, working side toward the camera. Three-quarter hero angle from slightly above, the working end toward the camera. THE MARKINGS THAT MUST BE READABLE: 39.5m | 130ft. HOUSE STYLE (identical for every picture): studio product photograph on a near-black charcoal floor and backdrop (#14181F). One warm orange rim light raking in low from the left, a soft white top fill, and a gentle pool of orange glow on the floor under the item. Deep soft shadows, pin-sharp focus, high detail. The item is centred, filling about 75% of a square 800x800 frame. Nothing else in shot: no hands, no people, no props, no added text or watermark, no price, no other brand's logo - only markings the real item carries. LABEL RULE FOR THIS RENDER: show the product FORM and its stamped size/type markings only. Do NOT invent readable label text - no brand wordmarks, no batch numbers, no expiry dates. The MyGear card carries the exact name; the picture only has to be unmistakably this kind of thing.","Item type unmistakably matches the register name ; stamped/labelled sizes readable: 39.5m, 130ft ; house style holds (dark floor, orange rim glow, item fills ~75%, no text/people/price) ; no invented label text (brand/batch/expiry) anywhere in the image"
320,PLANT_AND_TAGGED,KNUCKLE61D,KNUCKLE61D.jpg,Knuckle Boom 61ft (18.6M) - Diesel,Access,1,Road 1 real-unit hold,RENDER_FROM_DESCRIPTION,"THE ITEM: Knuckle Boom 61ft (18.6M) - Diesel. The item at a three-quarter hero angle on the dark floor, working side toward the camera. Three-quarter hero angle from slightly above, the working end toward the camera. THE MARKINGS THAT MUST BE READABLE: 18.6m | 61ft. HOUSE STYLE (identical for every picture): studio product photograph on a near-black charcoal floor and backdrop (#14181F). One warm orange rim light raking in low from the left, a soft white top fill, and a gentle pool of orange glow on the floor under the item. Deep soft shadows, pin-sharp focus, high detail. The item is centred, filling about 75% of a square 800x800 frame. Nothing else in shot: no hands, no people, no props, no added text or watermark, no price, no other brand's logo - only markings the real item carries. LABEL RULE FOR THIS RENDER: show the product FORM and its stamped size/type markings only. Do NOT invent readable label text - no brand wordmarks, no batch numbers, no expiry dates. The MyGear card carries the exact name; the picture only has to be unmistakably this kind of thing.","Item type unmistakably matches the register name ; stamped/labelled sizes readable: 18.6m, 61ft ; house style holds (dark floor, orange rim glow, item fills ~75%, no text/people/price) ; no invented label text (brand/batch/expiry) anywhere in the image"
321,PLANT_AND_TAGGED,LADDERPLATFORMGLASS0.86M,LADDERPLATFORMGLASS0.86M.jpg,Ladder - Platform Step Fibreglass 0.86M,Ladders & Scaffold,3,Road 1 real-unit hold,RENDER_FROM_DESCRIPTION,"THE ITEM: Ladder - Platform Step Fibreglass 0.86M. The ladder part-open at three-quarter angle. Three-quarter hero angle from slightly above, the working end toward the camera. THE MARKINGS THAT MUST BE READABLE: 0.86m. HOUSE STYLE (identical for every picture): studio product photograph on a near-black charcoal floor and backdrop (#14181F). One warm orange rim light raking in low from the left, a soft white top fill, and a gentle pool of orange glow on the floor under the item. Deep soft shadows, pin-sharp focus, high detail. The item is centred, filling about 75% of a square 800x800 frame. Nothing else in shot: no hands, no people, no props, no added text or watermark, no price, no other brand's logo - only markings the real item carries. LABEL RULE FOR THIS RENDER: show the product FORM and its stamped size/type markings only. Do NOT invent readable label text - no brand wordmarks, no batch numbers, no expiry dates. The MyGear card carries the exact name; the picture only has to be unmistakably this kind of thing.","Rung count proportionate to stated size; feet visible ; stamped/labelled sizes readable: 0.86m ; house style holds (dark floor, orange rim glow, item fills ~75%, no text/people/price) ; no invented label text (brand/batch/expiry) anywhere in the image"
322,PLANT_AND_TAGGED,LADDERPLATFORMGLASS1.2M,LADDERPLATFORMGLASS1.2M.jpg,Ladder - Platform Step Fibreglass 1.2M,Ladders & Scaffold,1,Road 1 real-unit hold,RENDER_FROM_DESCRIPTION,"THE ITEM: Ladder - Platform Step Fibreglass 1.2M. The ladder part-open at three-quarter angle. Three-quarter hero angle from slightly above, the working end toward the camera. THE MARKINGS THAT MUST BE READABLE: 1.2m. HOUSE STYLE (identical for every picture): studio product photograph on a near-black charcoal floor and backdrop (#14181F). One warm orange rim light raking in low from the left, a soft white top fill, and a gentle pool of orange glow on the floor under the item. Deep soft shadows, pin-sharp focus, high detail. The item is centred, filling about 75% of a square 800x800 frame. Nothing else in shot: no hands, no people, no props, no added text or watermark, no price, no other brand's logo - only markings the real item carries. LABEL RULE FOR THIS RENDER: show the product FORM and its stamped size/type markings only. Do NOT invent readable label text - no brand wordmarks, no batch numbers, no expiry dates. The MyGear card carries the exact name; the picture only has to be unmistakably this kind of thing.","Rung count proportionate to stated size; feet visible ; stamped/labelled sizes readable: 1.2m ; house style holds (dark floor, orange rim glow, item fills ~75%, no text/people/price) ; no invented label text (brand/batch/expiry) anywhere in the image"
323,PLANT_AND_TAGGED,LADDERSTEPFGLASS1.8M(6),LADDERSTEPFGLASS1.8M(6).jpg,Ladder - Step Fibreglass 1.8M,Ladders & Scaffold,1,Road 1 real-unit hold,RENDER_FROM_DESCRIPTION,"THE ITEM: Ladder - Step Fibreglass 1.8M. The ladder part-open at three-quarter angle. Three-quarter hero angle from slightly above, the working end toward the camera. THE MARKINGS THAT MUST BE READABLE: 1.8m. HOUSE STYLE (identical for every picture): studio product photograph on a near-black charcoal floor and backdrop (#14181F). One warm orange rim light raking in low from the left, a soft white top fill, and a gentle pool of orange glow on the floor under the item. Deep soft shadows, pin-sharp focus, high detail. The item is centred, filling about 75% of a square 800x800 frame. Nothing else in shot: no hands, no people, no props, no added text or watermark, no price, no other brand's logo - only markings the real item carries. LABEL RULE FOR THIS RENDER: show the product FORM and its stamped size/type markings only. Do NOT invent readable label text - no brand wordmarks, no batch numbers, no expiry dates. The MyGear card carries the exact name; the picture only has to be unmistakably this kind of thing.","Rung count proportionate to stated size; feet visible ; stamped/labelled sizes readable: 1.8m ; house style holds (dark floor, orange rim glow, item fills ~75%, no text/people/price) ; no invented label text (brand/batch/expiry) anywhere in the image"
324,HELD_TOOLING,LANYARDRETRACTABLE,LANYARDRETRACTABLE.jpg,Lanyard - Retractable,Tools & Equipment,4,Lifting/fall-protection gear,RENDER_FROM_DESCRIPTION,"THE ITEM: Lanyard - Retractable. The item at a three-quarter hero angle on the dark floor, working side toward the camera. Three-quarter hero angle from slightly above, the working end toward the camera. HOUSE STYLE (identical for every picture): studio product photograph on a near-black charcoal floor and backdrop (#14181F). One warm orange rim light raking in low from the left, a soft white top fill, and a gentle pool of orange glow on the floor under the item. Deep soft shadows, pin-sharp focus, high detail. The item is centred, filling about 75% of a square 800x800 frame. Nothing else in shot: no hands, no people, no props, no added text or watermark, no price, no other brand's logo - only markings the real item carries. LABEL RULE FOR THIS RENDER: show the product FORM and its stamped size/type markings only. Do NOT invent readable label text - no brand wordmarks, no batch numbers, no expiry dates. The MyGear card carries the exact name; the picture only has to be unmistakably this kind of thing.","Item type unmistakably matches the register name ; house style holds (dark floor, orange rim glow, item fills ~75%, no text/people/price) ; no invented label text (brand/batch/expiry) anywhere in the image"
325,HELD_TOOLING,LANYARDTWINRETRACT2M,LANYARDTWINRETRACT2M.jpg,Lanyard - Twin - Retractable 2m,Tools & Equipment,24,Lifting/fall-protection gear,RENDER_FROM_DESCRIPTION,"THE ITEM: Lanyard - Twin - Retractable 2m. The item at a three-quarter hero angle on the dark floor, working side toward the camera. Three-quarter hero angle from slightly above, the working end toward the camera. THE MARKINGS THAT MUST BE READABLE: 2m. HOUSE STYLE (identical for every picture): studio product photograph on a near-black charcoal floor and backdrop (#14181F). One warm orange rim light raking in low from the left, a soft white top fill, and a gentle pool of orange glow on the floor under the item. Deep soft shadows, pin-sharp focus, high detail. The item is centred, filling about 75% of a square 800x800 frame. Nothing else in shot: no hands, no people, no props, no added text or watermark, no price, no other brand's logo - only markings the real item carries. LABEL RULE FOR THIS RENDER: show the product FORM and its stamped size/type markings only. Do NOT invent readable label text - no brand wordmarks, no batch numbers, no expiry dates. The MyGear card carries the exact name; the picture only has to be unmistakably this kind of thing.","Item type unmistakably matches the register name ; stamped/labelled sizes readable: 2m ; house style holds (dark floor, orange rim glow, item fills ~75%, no text/people/price) ; no invented label text (brand/batch/expiry) anywhere in the image"
326,HELD_TOOLING,LEADEXT10A20M,LEADEXT10A20M.jpg,Extension Lead 10A 20m,Tools & Equipment,41,Electrical equipment likely to carry a test tag,RENDER_FROM_DESCRIPTION,"THE ITEM: Extension Lead 10A 20m. The lead in a neat coil, both plugs crossed to the front. Coiled in a neat single loop, connectors/ends crossed to the front so both fittings are visible. THE MARKINGS THAT MUST BE READABLE: 10a | 20m. HOUSE STYLE (identical for every picture): studio product photograph on a near-black charcoal floor and backdrop (#14181F). One warm orange rim light raking in low from the left, a soft white top fill, and a gentle pool of orange glow on the floor under the item. Deep soft shadows, pin-sharp focus, high detail. The item is centred, filling about 75% of a square 800x800 frame. Nothing else in shot: no hands, no people, no props, no added text or watermark, no price, no other brand's logo - only markings the real item carries. LABEL RULE FOR THIS RENDER: show the product FORM and its stamped size/type markings only. Do NOT invent readable label text - no brand wordmarks, no batch numbers, no expiry dates. The MyGear card carries the exact name; the picture only has to be unmistakably this kind of thing.","Both plug ends visible; phase/amp rating reads correctly ; stamped/labelled sizes readable: 10a, 20m ; house style holds (dark floor, orange rim glow, item fills ~75%, no text/people/price) ; no invented label text (brand/batch/expiry) anywhere in the image"
327,HELD_TOOLING,LEADEXT240V10AMP,LEADEXT240V10AMP.jpg,Extension Lead - 240V 10A,Tools & Equipment,86,Electrical equipment likely to carry a test tag,RENDER_FROM_DESCRIPTION,"THE ITEM: Extension Lead - 240V 10A. The lead in a neat coil, both plugs crossed to the front. Coiled in a neat single loop, connectors/ends crossed to the front so both fittings are visible. THE MARKINGS THAT MUST BE READABLE: 240v | 10a. HOUSE STYLE (identical for every picture): studio product photograph on a near-black charcoal floor and backdrop (#14181F). One warm orange rim light raking in low from the left, a soft white top fill, and a gentle pool of orange glow on the floor under the item. Deep soft shadows, pin-sharp focus, high detail. The item is centred, filling about 75% of a square 800x800 frame. Nothing else in shot: no hands, no people, no props, no added text or watermark, no price, no other brand's logo - only markings the real item carries. LABEL RULE FOR THIS RENDER: show the product FORM and its stamped size/type markings only. Do NOT invent readable label text - no brand wordmarks, no batch numbers, no expiry dates. The MyGear card carries the exact name; the picture only has to be unmistakably this kind of thing.","Both plug ends visible; phase/amp rating reads correctly ; stamped/labelled sizes readable: 240v, 10a ; house style holds (dark floor, orange rim glow, item fills ~75%, no text/people/price) ; no invented label text (brand/batch/expiry) anywhere in the image"
328,HELD_TOOLING,LEADEXT240V10AMPNEOPRENE,LEADEXT240V10AMPNEOPRENE.jpg,Extension Lead -Neoprene 240V 10A,Tools & Equipment,2,Electrical equipment likely to carry a test tag,RENDER_FROM_DESCRIPTION,"THE ITEM: Extension Lead -Neoprene 240V 10A. The lead in a neat coil, both plugs crossed to the front. Coiled in a neat single loop, connectors/ends crossed to the front so both fittings are visible. THE MARKINGS THAT MUST BE READABLE: 240v | 10a. HOUSE STYLE (identical for every picture): studio product photograph on a near-black charcoal floor and backdrop (#14181F). One warm orange rim light raking in low from the left, a soft white top fill, and a gentle pool of orange glow on the floor under the item. Deep soft shadows, pin-sharp focus, high detail. The item is centred, filling about 75% of a square 800x800 frame. Nothing else in shot: no hands, no people, no props, no added text or watermark, no price, no other brand's logo - only markings the real item carries. LABEL RULE FOR THIS RENDER: show the product FORM and its stamped size/type markings only. Do NOT invent readable label text - no brand wordmarks, no batch numbers, no expiry dates. The MyGear card carries the exact name; the picture only has to be unmistakably this kind of thing.","Both plug ends visible; phase/amp rating reads correctly ; stamped/labelled sizes readable: 240v, 10a ; house style holds (dark floor, orange rim glow, item fills ~75%, no text/people/price) ; no invented label text (brand/batch/expiry) anywhere in the image"
329,HELD_TOOLING,LEADEXT240V15AMP,LEADEXT240V15AMP.jpg,Extension Lead - 240V 15A,Tools & Equipment,62,Electrical equipment likely to carry a test tag,RENDER_FROM_DESCRIPTION,"THE ITEM: Extension Lead - 240V 15A. The lead in a neat coil, both plugs crossed to the front. Coiled in a neat single loop, connectors/ends crossed to the front so both fittings are visible. THE MARKINGS THAT MUST BE READABLE: 240v | 15a. HOUSE STYLE (identical for every picture): studio product photograph on a near-black charcoal floor and backdrop (#14181F). One warm orange rim light raking in low from the left, a soft white top fill, and a gentle pool of orange glow on the floor under the item. Deep soft shadows, pin-sharp focus, high detail. The item is centred, filling about 75% of a square 800x800 frame. Nothing else in shot: no hands, no people, no props, no added text or watermark, no price, no other brand's logo - only markings the real item carries. LABEL RULE FOR THIS RENDER: show the product FORM and its stamped size/type markings only. Do NOT invent readable label text - no brand wordmarks, no batch numbers, no expiry dates. The MyGear card carries the exact name; the picture only has to be unmistakably this kind of thing.","Both plug ends visible; phase/amp rating reads correctly ; stamped/labelled sizes readable: 240v, 15a ; house style holds (dark floor, orange rim glow, item fills ~75%, no text/people/price) ; no invented label text (brand/batch/expiry) anywhere in the image"
330,HELD_TOOLING,LEADEXT415V5PIN32AMP,LEADEXT415V5PIN32AMP.jpg,Extension Lead - 415V 5 Pin 32A 25M,Tools & Equipment,11,Electrical equipment likely to carry a test tag,RENDER_FROM_DESCRIPTION,"THE ITEM: Extension Lead - 415V 5 Pin 32A 25M. The lead in a neat coil, both plugs crossed to the front. Coiled in a neat single loop, connectors/ends crossed to the front so both fittings are visible. THE MARKINGS THAT MUST BE READABLE: 415v | 32a | 25m. HOUSE STYLE (identical for every picture): studio product photograph on a near-black charcoal floor and backdrop (#14181F). One warm orange rim light raking in low from the left, a soft white top fill, and a gentle pool of orange glow on the floor under the item. Deep soft shadows, pin-sharp focus, high detail. The item is centred, filling about 75% of a square 800x800 frame. Nothing else in shot: no hands, no people, no props, no added text or watermark, no price, no other brand's logo - only markings the real item carries. LABEL RULE FOR THIS RENDER: show the product FORM and its stamped size/type markings only. Do NOT invent readable label text - no brand wordmarks, no batch numbers, no expiry dates. The MyGear card carries the exact name; the picture only has to be unmistakably this kind of thing.","Both plug ends visible; phase/amp rating reads correctly ; stamped/labelled sizes readable: 415v, 32a, 25m ; house style holds (dark floor, orange rim glow, item fills ~75%, no text/people/price) ; no invented label text (brand/batch/expiry) anywhere in the image"
331,HELD_TOOLING,LEADEXT415V5PIN32AMPBRAID,LEADEXT415V5PIN32AMPBRAID.jpg,Extension Lead - 415V 5 Pin 32A 20M - Braided,Tools & Equipment,2,Electrical equipment likely to carry a test tag,RENDER_FROM_DESCRIPTION,"THE ITEM: Extension Lead - 415V 5 Pin 32A 20M - Braided. The lead in a neat coil, both plugs crossed to the front. Coiled in a neat single loop, connectors/ends crossed to the front so both fittings are visible. THE MARKINGS THAT MUST BE READABLE: 415v | 32a | 20m. HOUSE STYLE (identical for every picture): studio product photograph on a near-black charcoal floor and backdrop (#14181F). One warm orange rim light raking in low from the left, a soft white top fill, and a gentle pool of orange glow on the floor under the item. Deep soft shadows, pin-sharp focus, high detail. The item is centred, filling about 75% of a square 800x800 frame. Nothing else in shot: no hands, no people, no props, no added text or watermark, no price, no other brand's logo - only markings the real item carries. LABEL RULE FOR THIS RENDER: show the product FORM and its stamped size/type markings only. Do NOT invent readable label text - no brand wordmarks, no batch numbers, no expiry dates. The MyGear card carries the exact name; the picture only has to be unmistakably this kind of thing.","Both plug ends visible; phase/amp rating reads correctly ; stamped/labelled sizes readable: 415v, 32a, 20m ; house style holds (dark floor, orange rim glow, item fills ~75%, no text/people/price) ; no invented label text (brand/batch/expiry) anywhere in the image"
332,HELD_TOOLING,LEADEXT415V63AMP,LEADEXT415V63AMP.jpg,Extension Lead - 415V 63A,Tools & Equipment,3,Electrical equipment likely to carry a test tag,RENDER_FROM_DESCRIPTION,"THE ITEM: Extension Lead - 415V 63A. The lead in a neat coil, both plugs crossed to the front. Coiled in a neat single loop, connectors/ends crossed to the front so both fittings are visible. THE MARKINGS THAT MUST BE READABLE: 415v | 63a. HOUSE STYLE (identical for every picture): studio product photograph on a near-black charcoal floor and backdrop (#14181F). One warm orange rim light raking in low from the left, a soft white top fill, and a gentle pool of orange glow on the floor under the item. Deep soft shadows, pin-sharp focus, high detail. The item is centred, filling about 75% of a square 800x800 frame. Nothing else in shot: no hands, no people, no props, no added text or watermark, no price, no other brand's logo - only markings the real item carries. LABEL RULE FOR THIS RENDER: show the product FORM and its stamped size/type markings only. Do NOT invent readable label text - no brand wordmarks, no batch numbers, no expiry dates. The MyGear card carries the exact name; the picture only has to be unmistakably this kind of thing.","Both plug ends visible; phase/amp rating reads correctly ; stamped/labelled sizes readable: 415v, 63a ; house style holds (dark floor, orange rim glow, item fills ~75%, no text/people/price) ; no invented label text (brand/batch/expiry) anywhere in the image"
333,HELD_TOOLING,LEADSTANDMAG,LEADSTANDMAG.jpg,Lead Stand - Magnetic,Tools & Equipment,7,Specialised safety/accessory product shape is not generic,RENDER_FROM_DESCRIPTION,"THE ITEM: Lead Stand - Magnetic. The lead in a neat coil, both plugs crossed to the front. Coiled in a neat single loop, connectors/ends crossed to the front so both fittings are visible. HOUSE STYLE (identical for every picture): studio product photograph on a near-black charcoal floor and backdrop (#14181F). One warm orange rim light raking in low from the left, a soft white top fill, and a gentle pool of orange glow on the floor under the item. Deep soft shadows, pin-sharp focus, high detail. The item is centred, filling about 75% of a square 800x800 frame. Nothing else in shot: no hands, no people, no props, no added text or watermark, no price, no other brand's logo - only markings the real item carries. LABEL RULE FOR THIS RENDER: show the product FORM and its stamped size/type markings only. Do NOT invent readable label text - no brand wordmarks, no batch numbers, no expiry dates. The MyGear card carries the exact name; the picture only has to be unmistakably this kind of thing.","Both plug ends visible; phase/amp rating reads correctly ; house style holds (dark floor, orange rim glow, item fills ~75%, no text/people/price) ; no invented label text (brand/batch/expiry) anywhere in the image"
334,HELD_TOOLING,LEADSTANDW/FILL,LEADSTANDW_FILL.jpg,Extension Lead Stand Water Filled,Tools & Equipment,17,Electrical equipment likely to carry a test tag,RENDER_FROM_DESCRIPTION,"THE ITEM: Extension Lead Stand Water Filled. The lead in a neat coil, both plugs crossed to the front. Coiled in a neat single loop, connectors/ends crossed to the front so both fittings are visible. HOUSE STYLE (identical for every picture): studio product photograph on a near-black charcoal floor and backdrop (#14181F). One warm orange rim light raking in low from the left, a soft white top fill, and a gentle pool of orange glow on the floor under the item. Deep soft shadows, pin-sharp focus, high detail. The item is centred, filling about 75% of a square 800x800 frame. Nothing else in shot: no hands, no people, no props, no added text or watermark, no price, no other brand's logo - only markings the real item carries. LABEL RULE FOR THIS RENDER: show the product FORM and its stamped size/type markings only. Do NOT invent readable label text - no brand wordmarks, no batch numbers, no expiry dates. The MyGear card carries the exact name; the picture only has to be unmistakably this kind of thing.","Both plug ends visible; phase/amp rating reads correctly ; house style holds (dark floor, orange rim glow, item fills ~75%, no text/people/price) ; no invented label text (brand/batch/expiry) anywhere in the image"
335,PLANT_AND_TAGGED,LIFTBAG45KG,LIFTBAG45KG.jpg,Lifting Bag 45Kg,Industrial Tools & Equipment,7,Road 1 real-unit hold,RENDER_FROM_DESCRIPTION,"THE ITEM: Lifting Bag 45Kg. The lifting bag upright and filled square, lifting loops up. Standing upright on the floor, camera at item height, three-quarter view so two faces show. THE MARKINGS THAT MUST BE READABLE: 45kg. HOUSE STYLE (identical for every picture): studio product photograph on a near-black charcoal floor and backdrop (#14181F). One warm orange rim light raking in low from the left, a soft white top fill, and a gentle pool of orange glow on the floor under the item. Deep soft shadows, pin-sharp focus, high detail. The item is centred, filling about 75% of a square 800x800 frame. Nothing else in shot: no hands, no people, no props, no added text or watermark, no price, no other brand's logo - only markings the real item carries. LABEL RULE FOR THIS RENDER: show the product FORM and its stamped size/type markings only. Do NOT invent readable label text - no brand wordmarks, no batch numbers, no expiry dates. The MyGear card carries the exact name; the picture only has to be unmistakably this kind of thing.","All lifting loops visible; rated load tag legible ; stamped/labelled sizes readable: 45kg ; house style holds (dark floor, orange rim glow, item fills ~75%, no text/people/price) ; no invented label text (brand/batch/expiry) anywhere in the image"
336,PLANT_AND_TAGGED,LIGHTBATLED1800LM160MM32V,LIGHTBATLED1800LM160MM32V.jpg,Light Baton LED 1800lm (860mm) Electric 32V,Lighting,6,Road 1 real-unit hold,RENDER_FROM_DESCRIPTION,"THE ITEM: Light Baton LED 1800lm (860mm) Electric 32V. The light standing lit, beam catching haze faintly above. Three-quarter hero angle from slightly above, the working end toward the camera. THE MARKINGS THAT MUST BE READABLE: 860mm | 32v | 1800lm. HOUSE STYLE (identical for every picture): studio product photograph on a near-black charcoal floor and backdrop (#14181F). One warm orange rim light raking in low from the left, a soft white top fill, and a gentle pool of orange glow on the floor under the item. Deep soft shadows, pin-sharp focus, high detail. The item is centred, filling about 75% of a square 800x800 frame. Nothing else in shot: no hands, no people, no props, no added text or watermark, no price, no other brand's logo - only markings the real item carries. LABEL RULE FOR THIS RENDER: show the product FORM and its stamped size/type markings only. Do NOT invent readable label text - no brand wordmarks, no batch numbers, no expiry dates. The MyGear card carries the exact name; the picture only has to be unmistakably this kind of thing.","Lamp visibly ON; mount/stand type matches the name ; stamped/labelled sizes readable: 860mm, 32v, 1800lm ; house style holds (dark floor, orange rim glow, item fills ~75%, no text/people/price) ; no invented label text (brand/batch/expiry) anywhere in the image"
337,PLANT_AND_TAGGED,LIGHTFLOODTWINLED,LIGHTFLOODTWINLED.jpg,Twin Head Floodlight LED 2 X 20W,Lighting,13,Road 1 real-unit hold,RENDER_FROM_DESCRIPTION,"THE ITEM: Twin Head Floodlight LED 2 X 20W. The light standing lit, beam catching haze faintly above. Three-quarter hero angle from slightly above, the working end toward the camera. HOUSE STYLE (identical for every picture): studio product photograph on a near-black charcoal floor and backdrop (#14181F). One warm orange rim light raking in low from the left, a soft white top fill, and a gentle pool of orange glow on the floor under the item. Deep soft shadows, pin-sharp focus, high detail. The item is centred, filling about 75% of a square 800x800 frame. Nothing else in shot: no hands, no people, no props, no added text or watermark, no price, no other brand's logo - only markings the real item carries. LABEL RULE FOR THIS RENDER: show the product FORM and its stamped size/type markings only. Do NOT invent readable label text - no brand wordmarks, no batch numbers, no expiry dates. The MyGear card carries the exact name; the picture only has to be unmistakably this kind of thing.","Lamp visibly ON; mount/stand type matches the name ; house style holds (dark floor, orange rim glow, item fills ~75%, no text/people/price) ; no invented label text (brand/batch/expiry) anywhere in the image"
338,PLANT_AND_TAGGED,LIGHTFLUORO32V700MMELECT,LIGHTFLUORO32V700MMELECT.jpg,Fluoro Light 32V Electrical 700mm,Lighting,1,Road 1 real-unit hold,RENDER_FROM_DESCRIPTION,"THE ITEM: Fluoro Light 32V Electrical 700mm. The light standing lit, beam catching haze faintly above. Three-quarter hero angle from slightly above, the working end toward the camera. THE MARKINGS THAT MUST BE READABLE: 700mm | 32v. HOUSE STYLE (identical for every picture): studio product photograph on a near-black charcoal floor and backdrop (#14181F). One warm orange rim light raking in low from the left, a soft white top fill, and a gentle pool of orange glow on the floor under the item. Deep soft shadows, pin-sharp focus, high detail. The item is centred, filling about 75% of a square 800x800 frame. Nothing else in shot: no hands, no people, no props, no added text or watermark, no price, no other brand's logo - only markings the real item carries. LABEL RULE FOR THIS RENDER: show the product FORM and its stamped size/type markings only. Do NOT invent readable label text - no brand wordmarks, no batch numbers, no expiry dates. The MyGear card carries the exact name; the picture only has to be unmistakably this kind of thing.","Lamp visibly ON; mount/stand type matches the name ; stamped/labelled sizes readable: 700mm, 32v ; house style holds (dark floor, orange rim glow, item fills ~75%, no text/people/price) ; no invented label text (brand/batch/expiry) anywhere in the image"
339,PLANT_AND_TAGGED,LIGHTFLUOROLEAD240V,LIGHTFLUOROLEAD240V.jpg,Fluorescent Lead Light 240V,Lighting,1,Road 1 real-unit hold,RENDER_FROM_DESCRIPTION,"THE ITEM: Fluorescent Lead Light 240V. The lead in a neat coil, both plugs crossed to the front. Coiled in a neat single loop, connectors/ends crossed to the front so both fittings are visible. THE MARKINGS THAT MUST BE READABLE: 240v. HOUSE STYLE (identical for every picture): studio product photograph on a near-black charcoal floor and backdrop (#14181F). One warm orange rim light raking in low from the left, a soft white top fill, and a gentle pool of orange glow on the floor under the item. Deep soft shadows, pin-sharp focus, high detail. The item is centred, filling about 75% of a square 800x800 frame. Nothing else in shot: no hands, no people, no props, no added text or watermark, no price, no other brand's logo - only markings the real item carries. LABEL RULE FOR THIS RENDER: show the product FORM and its stamped size/type markings only. Do NOT invent readable label text - no brand wordmarks, no batch numbers, no expiry dates. The MyGear card carries the exact name; the picture only has to be unmistakably this kind of thing.","Both plug ends visible; phase/amp rating reads correctly ; stamped/labelled sizes readable: 240v ; house style holds (dark floor, orange rim glow, item fills ~75%, no text/people/price) ; no invented label text (brand/batch/expiry) anywhere in the image"
340,PLANT_AND_TAGGED,LIGHTLED4400LMBAT,LIGHTLED4400LMBAT.jpg,Light LED 4400lm: Battery,Lighting,5,Road 1 real-unit hold,RENDER_FROM_DESCRIPTION,"THE ITEM: Light LED 4400lm: Battery. The light standing lit, beam catching haze faintly above. Three-quarter hero angle from slightly above, the working end toward the camera. THE MARKINGS THAT MUST BE READABLE: 4400lm. HOUSE STYLE (identical for every picture): studio product photograph on a near-black charcoal floor and backdrop (#14181F). One warm orange rim light raking in low from the left, a soft white top fill, and a gentle pool of orange glow on the floor under the item. Deep soft shadows, pin-sharp focus, high detail. The item is centred, filling about 75% of a square 800x800 frame. Nothing else in shot: no hands, no people, no props, no added text or watermark, no price, no other brand's logo - only markings the real item carries. LABEL RULE FOR THIS RENDER: show the product FORM and its stamped size/type markings only. Do NOT invent readable label text - no brand wordmarks, no batch numbers, no expiry dates. The MyGear card carries the exact name; the picture only has to be unmistakably this kind of thing.","Lamp visibly ON; mount/stand type matches the name ; stamped/labelled sizes readable: 4400lm ; house style holds (dark floor, orange rim glow, item fills ~75%, no text/people/price) ; no invented label text (brand/batch/expiry) anywhere in the image"
341,PLANT_AND_TAGGED,LIGHTLED500LBAT,LIGHTLED500LBAT.jpg,Light LED 500lm Battery,Lighting,10,Road 1 real-unit hold,RENDER_FROM_DESCRIPTION,"THE ITEM: Light LED 500lm Battery. The light standing lit, beam catching haze faintly above. Three-quarter hero angle from slightly above, the working end toward the camera. THE MARKINGS THAT MUST BE READABLE: 500lm. HOUSE STYLE (identical for every picture): studio product photograph on a near-black charcoal floor and backdrop (#14181F). One warm orange rim light raking in low from the left, a soft white top fill, and a gentle pool of orange glow on the floor under the item. Deep soft shadows, pin-sharp focus, high detail. The item is centred, filling about 75% of a square 800x800 frame. Nothing else in shot: no hands, no people, no props, no added text or watermark, no price, no other brand's logo - only markings the real item carries. LABEL RULE FOR THIS RENDER: show the product FORM and its stamped size/type markings only. Do NOT invent readable label text - no brand wordmarks, no batch numbers, no expiry dates. The MyGear card carries the exact name; the picture only has to be unmistakably this kind of thing.","Lamp visibly ON; mount/stand type matches the name ; stamped/labelled sizes readable: 500lm ; house style holds (dark floor, orange rim glow, item fills ~75%, no text/people/price) ; no invented label text (brand/batch/expiry) anywhere in the image"
342,PLANT_AND_TAGGED,LIGHTMAGNETICLED1500LMBAT,LIGHTMAGNETICLED1500LMBAT.jpg,Light Magnetic LED 1500lm:  Battery,Lighting,3,Road 1 real-unit hold,RENDER_FROM_DESCRIPTION,"THE ITEM: Light Magnetic LED 1500lm:  Battery. The light standing lit, beam catching haze faintly above. Three-quarter hero angle from slightly above, the working end toward the camera. THE MARKINGS THAT MUST BE READABLE: 1500lm. HOUSE STYLE (identical for every picture): studio product photograph on a near-black charcoal floor and backdrop (#14181F). One warm orange rim light raking in low from the left, a soft white top fill, and a gentle pool of orange glow on the floor under the item. Deep soft shadows, pin-sharp focus, high detail. The item is centred, filling about 75% of a square 800x800 frame. Nothing else in shot: no hands, no people, no props, no added text or watermark, no price, no other brand's logo - only markings the real item carries. LABEL RULE FOR THIS RENDER: show the product FORM and its stamped size/type markings only. Do NOT invent readable label text - no brand wordmarks, no batch numbers, no expiry dates. The MyGear card carries the exact name; the picture only has to be unmistakably this kind of thing.","Lamp visibly ON; mount/stand type matches the name ; stamped/labelled sizes readable: 1500lm ; house style holds (dark floor, orange rim glow, item fills ~75%, no text/people/price) ; no invented label text (brand/batch/expiry) anywhere in the image"
343,PLANT_AND_TAGGED,LIGHTSMITHINTSAFE,LIGHTSMITHINTSAFE.jpg,Battery Light 12V LED (Intrinsically Safe) - Greener Choice,Lighting,4,Road 1 real-unit hold,RENDER_FROM_DESCRIPTION,"THE ITEM: Battery Light 12V LED (Intrinsically Safe) - Greener Choice. The light standing lit, beam catching haze faintly above. Three-quarter hero angle from slightly above, the working end toward the camera. THE MARKINGS THAT MUST BE READABLE: 12v. HOUSE STYLE (identical for every picture): studio product photograph on a near-black charcoal floor and backdrop (#14181F). One warm orange rim light raking in low from the left, a soft white top fill, and a gentle pool of orange glow on the floor under the item. Deep soft shadows, pin-sharp focus, high detail. The item is centred, filling about 75% of a square 800x800 frame. Nothing else in shot: no hands, no people, no props, no added text or watermark, no price, no other brand's logo - only markings the real item carries. LABEL RULE FOR THIS RENDER: show the product FORM and its stamped size/type markings only. Do NOT invent readable label text - no brand wordmarks, no batch numbers, no expiry dates. The MyGear card carries the exact name; the picture only has to be unmistakably this kind of thing.","Lamp visibly ON; mount/stand type matches the name ; stamped/labelled sizes readable: 12v ; house style holds (dark floor, orange rim glow, item fills ~75%, no text/people/price) ; no invented label text (brand/batch/expiry) anywhere in the image"
344,PLANT_AND_TAGGED,LIGHTTELE4HLED27KLM3MHYB,LIGHTTELE4HLED27KLM3MHYB.jpg,Light Telescopic 4 Head LED 27000lm (3m) - Hybrid,Lighting,3,Road 1 real-unit hold,RENDER_FROM_DESCRIPTION,"THE ITEM: Light Telescopic 4 Head LED 27000lm (3m) - Hybrid. The light standing lit, beam catching haze faintly above. Three-quarter hero angle from slightly above, the working end toward the camera. THE MARKINGS THAT MUST BE READABLE: 3m | 27000lm. HOUSE STYLE (identical for every picture): studio product photograph on a near-black charcoal floor and backdrop (#14181F). One warm orange rim light raking in low from the left, a soft white top fill, and a gentle pool of orange glow on the floor under the item. Deep soft shadows, pin-sharp focus, high detail. The item is centred, filling about 75% of a square 800x800 frame. Nothing else in shot: no hands, no people, no props, no added text or watermark, no price, no other brand's logo - only markings the real item carries. LABEL RULE FOR THIS RENDER: show the product FORM and its stamped size/type markings only. Do NOT invent readable label text - no brand wordmarks, no batch numbers, no expiry dates. The MyGear card carries the exact name; the picture only has to be unmistakably this kind of thing.","Lamp visibly ON; mount/stand type matches the name ; stamped/labelled sizes readable: 3m, 27000lm ; house style holds (dark floor, orange rim glow, item fills ~75%, no text/people/price) ; no invented label text (brand/batch/expiry) anywhere in the image"
345,PLANT_AND_TAGGED,LIGHTTELELED2500LMBAT,LIGHTTELELED2500LMBAT.jpg,Light Telescopic LED 2500lm (2.10m) Battery - Greener Choice,Lighting,14,Road 1 real-unit hold,RENDER_FROM_DESCRIPTION,"THE ITEM: Light Telescopic LED 2500lm (2.10m) Battery - Greener Choice. The light standing lit, beam catching haze faintly above. Three-quarter hero angle from slightly above, the working end toward the camera. THE MARKINGS THAT MUST BE READABLE: 2.10m | 2500lm. HOUSE STYLE (identical for every picture): studio product photograph on a near-black charcoal floor and backdrop (#14181F). One warm orange rim light raking in low from the left, a soft white top fill, and a gentle pool of orange glow on the floor under the item. Deep soft shadows, pin-sharp focus, high detail. The item is centred, filling about 75% of a square 800x800 frame. Nothing else in shot: no hands, no people, no props, no added text or watermark, no price, no other brand's logo - only markings the real item carries. LABEL RULE FOR THIS RENDER: show the product FORM and its stamped size/type markings only. Do NOT invent readable label text - no brand wordmarks, no batch numbers, no expiry dates. The MyGear card carries the exact name; the picture only has to be unmistakably this kind of thing.","Lamp visibly ON; mount/stand type matches the name ; stamped/labelled sizes readable: 2.10m, 2500lm ; house style holds (dark floor, orange rim glow, item fills ~75%, no text/people/price) ; no invented label text (brand/batch/expiry) anywhere in the image"
346,PLANT_AND_TAGGED,LIGHTTELELED3000LMBAT,LIGHTTELELED3000LMBAT.jpg,Light Telescopic LED 3000lm (2.10m): Battery - Greener Choice,Lighting,4,Road 1 real-unit hold,RENDER_FROM_DESCRIPTION,"THE ITEM: Light Telescopic LED 3000lm (2.10m): Battery - Greener Choice. The light standing lit, beam catching haze faintly above. Three-quarter hero angle from slightly above, the working end toward the camera. THE MARKINGS THAT MUST BE READABLE: 2.10m | 3000lm. HOUSE STYLE (identical for every picture): studio product photograph on a near-black charcoal floor and backdrop (#14181F). One warm orange rim light raking in low from the left, a soft white top fill, and a gentle pool of orange glow on the floor under the item. Deep soft shadows, pin-sharp focus, high detail. The item is centred, filling about 75% of a square 800x800 frame. Nothing else in shot: no hands, no people, no props, no added text or watermark, no price, no other brand's logo - only markings the real item carries. LABEL RULE FOR THIS RENDER: show the product FORM and its stamped size/type markings only. Do NOT invent readable label text - no brand wordmarks, no batch numbers, no expiry dates. The MyGear card carries the exact name; the picture only has to be unmistakably this kind of thing.","Lamp visibly ON; mount/stand type matches the name ; stamped/labelled sizes readable: 2.10m, 3000lm ; house style holds (dark floor, orange rim glow, item fills ~75%, no text/people/price) ; no invented label text (brand/batch/expiry) anywhere in the image"
347,PLANT_AND_TAGGED,LIGHTTELELED5400LM1.65BAT,LIGHTTELELED5400LM1.65BAT.jpg,Light Telescopic LED 5400lm (1.65m) Battery - Greener Choice,Lighting,13,Road 1 real-unit hold,RENDER_FROM_DESCRIPTION,"THE ITEM: Light Telescopic LED 5400lm (1.65m) Battery - Greener Choice. The light standing lit, beam catching haze faintly above. Three-quarter hero angle from slightly above, the working end toward the camera. THE MARKINGS THAT MUST BE READABLE: 1.65m | 5400lm. HOUSE STYLE (identical for every picture): studio product photograph on a near-black charcoal floor and backdrop (#14181F). One warm orange rim light raking in low from the left, a soft white top fill, and a gentle pool of orange glow on the floor under the item. Deep soft shadows, pin-sharp focus, high detail. The item is centred, filling about 75% of a square 800x800 frame. Nothing else in shot: no hands, no people, no props, no added text or watermark, no price, no other brand's logo - only markings the real item carries. LABEL RULE FOR THIS RENDER: show the product FORM and its stamped size/type markings only. Do NOT invent readable label text - no brand wordmarks, no batch numbers, no expiry dates. The MyGear card carries the exact name; the picture only has to be unmistakably this kind of thing.","Lamp visibly ON; mount/stand type matches the name ; stamped/labelled sizes readable: 1.65m, 5400lm ; house style holds (dark floor, orange rim glow, item fills ~75%, no text/people/price) ; no invented label text (brand/batch/expiry) anywhere in the image"
348,PLANT_AND_TAGGED,LIGHTTLEDVRTMETRO,LIGHTTLEDVRTMETRO.jpg,Lighting Tower LED Metro,Lighting,2,Road 1 real-unit hold,RENDER_FROM_DESCRIPTION,"THE ITEM: Lighting Tower LED Metro. The tower on its trailer, mast up, all heads lit warm against the dark. Three-quarter hero angle from slightly above, the working end toward the camera. HOUSE STYLE (identical for every picture): studio product photograph on a near-black charcoal floor and backdrop (#14181F). One warm orange rim light raking in low from the left, a soft white top fill, and a gentle pool of orange glow on the floor under the item. Deep soft shadows, pin-sharp focus, high detail. The item is centred, filling about 75% of a square 800x800 frame. Nothing else in shot: no hands, no people, no props, no added text or watermark, no price, no other brand's logo - only markings the real item carries. LABEL RULE FOR THIS RENDER: show the product FORM and its stamped size/type markings only. Do NOT invent readable label text - no brand wordmarks, no batch numbers, no expiry dates. The MyGear card carries the exact name; the picture only has to be unmistakably this kind of thing.","Mast extended; light heads ON; trailer visible ; house style holds (dark floor, orange rim glow, item fills ~75%, no text/people/price) ; no invented label text (brand/batch/expiry) anywhere in the image"
349,PLANT_AND_TAGGED,LIGHTTOWERLED176KLMS,LIGHTTOWERLED176KLMS.jpg,Lighting Tower LED 170-240k Lumens Mine Spec,Lighting,4,Road 1 real-unit hold,RENDER_FROM_DESCRIPTION,"THE ITEM: Lighting Tower LED 170-240k Lumens Mine Spec. The tower on its trailer, mast up, all heads lit warm against the dark. Three-quarter hero angle from slightly above, the working end toward the camera. HOUSE STYLE (identical for every picture): studio product photograph on a near-black charcoal floor and backdrop (#14181F). One warm orange rim light raking in low from the left, a soft white top fill, and a gentle pool of orange glow on the floor under the item. Deep soft shadows, pin-sharp focus, high detail. The item is centred, filling about 75% of a square 800x800 frame. Nothing else in shot: no hands, no people, no props, no added text or watermark, no price, no other brand's logo - only markings the real item carries. LABEL RULE FOR THIS RENDER: show the product FORM and its stamped size/type markings only. Do NOT invent readable label text - no brand wordmarks, no batch numbers, no expiry dates. The MyGear card carries the exact name; the picture only has to be unmistakably this kind of thing.","Mast extended; light heads ON; trailer visible ; house style holds (dark floor, orange rim glow, item fills ~75%, no text/people/price) ; no invented label text (brand/batch/expiry) anywhere in the image"
350,PLANT_AND_TAGGED,LIGHTTOWERLEDCUBE154KLD,LIGHTTOWERLEDCUBE154KLD.jpg,Lighting Tower LED Cube Diesel,Lighting,1,Road 1 real-unit hold,RENDER_FROM_DESCRIPTION,"THE ITEM: Lighting Tower LED Cube Diesel. The tower on its trailer, mast up, all heads lit warm against the dark. Three-quarter hero angle from slightly above, the working end toward the camera. HOUSE STYLE (identical for every picture): studio product photograph on a near-black charcoal floor and backdrop (#14181F). One warm orange rim light raking in low from the left, a soft white top fill, and a gentle pool of orange glow on the floor under the item. Deep soft shadows, pin-sharp focus, high detail. The item is centred, filling about 75% of a square 800x800 frame. Nothing else in shot: no hands, no people, no props, no added text or watermark, no price, no other brand's logo - only markings the real item carries. LABEL RULE FOR THIS RENDER: show the product FORM and its stamped size/type markings only. Do NOT invent readable label text - no brand wordmarks, no batch numbers, no expiry dates. The MyGear card carries the exact name; the picture only has to be unmistakably this kind of thing.","Mast extended; light heads ON; trailer visible ; house style holds (dark floor, orange rim glow, item fills ~75%, no text/people/price) ; no invented label text (brand/batch/expiry) anywhere in the image"
351,PLANT_AND_TAGGED,LIGHTTOWERPODTRI,LIGHTTOWERPODTRI.jpg,Lighting Tower POD Metro,Lighting,1,Road 1 real-unit hold,RENDER_FROM_DESCRIPTION,"THE ITEM: Lighting Tower POD Metro. The tower on its trailer, mast up, all heads lit warm against the dark. Three-quarter hero angle from slightly above, the working end toward the camera. HOUSE STYLE (identical for every picture): studio product photograph on a near-black charcoal floor and backdrop (#14181F). One warm orange rim light raking in low from the left, a soft white top fill, and a gentle pool of orange glow on the floor under the item. Deep soft shadows, pin-sharp focus, high detail. The item is centred, filling about 75% of a square 800x800 frame. Nothing else in shot: no hands, no people, no props, no added text or watermark, no price, no other brand's logo - only markings the real item carries. LABEL RULE FOR THIS RENDER: show the product FORM and its stamped size/type markings only. Do NOT invent readable label text - no brand wordmarks, no batch numbers, no expiry dates. The MyGear card carries the exact name; the picture only has to be unmistakably this kind of thing.","Mast extended; light heads ON; trailer visible ; house style holds (dark floor, orange rim glow, item fills ~75%, no text/people/price) ; no invented label text (brand/batch/expiry) anywhere in the image"
352,HELD_TOOLING,LPGGAUGE,LPGGAUGE.jpg,LPG Gauge,Welding,11,Gas connection and regulator geometry is safety-relevant,RENDER_FROM_DESCRIPTION,"THE ITEM: LPG Gauge. The item at a three-quarter hero angle on the dark floor, working side toward the camera. Three-quarter hero angle from slightly above, the working end toward the camera. HOUSE STYLE (identical for every picture): studio product photograph on a near-black charcoal floor and backdrop (#14181F). One warm orange rim light raking in low from the left, a soft white top fill, and a gentle pool of orange glow on the floor under the item. Deep soft shadows, pin-sharp focus, high detail. The item is centred, filling about 75% of a square 800x800 frame. Nothing else in shot: no hands, no people, no props, no added text or watermark, no price, no other brand's logo - only markings the real item carries. LABEL RULE FOR THIS RENDER: show the product FORM and its stamped size/type markings only. Do NOT invent readable label text - no brand wordmarks, no batch numbers, no expiry dates. The MyGear card carries the exact name; the picture only has to be unmistakably this kind of thing.","Item type unmistakably matches the register name ; house style holds (dark floor, orange rim glow, item fills ~75%, no text/people/price) ; no invented label text (brand/batch/expiry) anywhere in the image"
353,HELD_TOOLING,M12EYEBOLT,M12EYEBOLT.jpg,"Eye Bolt Din Standard 580, M12, Pitch , 1.75mm, WLL 0.34t",Coates Equipment,4,Lifting/fall-protection gear,RENDER_FROM_DESCRIPTION,"THE ITEM: Eye Bolt Din Standard 580, M12, Pitch , 1.75mm, WLL 0.34t. One eye bolt standing on its thread collar, eye to the camera. Standing upright on the floor, camera at item height, three-quarter view so two faces show. THE MARKINGS THAT MUST BE READABLE: 1.75mm | 0.34t. HOUSE STYLE (identical for every picture): studio product photograph on a near-black charcoal floor and backdrop (#14181F). One warm orange rim light raking in low from the left, a soft white top fill, and a gentle pool of orange glow on the floor under the item. Deep soft shadows, pin-sharp focus, high detail. The item is centred, filling about 75% of a square 800x800 frame. Nothing else in shot: no hands, no people, no props, no added text or watermark, no price, no other brand's logo - only markings the real item carries. LABEL RULE FOR THIS RENDER: show the product FORM and its stamped size/type markings only. Do NOT invent readable label text - no brand wordmarks, no batch numbers, no expiry dates. The MyGear card carries the exact name; the picture only has to be unmistakably this kind of thing.","Forged eye and thread both visible; WLL stamp toward camera ; stamped/labelled sizes readable: 1.75mm, 0.34t ; house style holds (dark floor, orange rim glow, item fills ~75%, no text/people/price) ; no invented label text (brand/batch/expiry) anywhere in the image"
354,HELD_TOOLING,M16EYEBOLT,M16EYEBOLT.jpg,"Eye Bolt Din Standard 580, M16, Pitch , 2mm, WLL 0.7t",Coates Equipment,4,Lifting/fall-protection gear,RENDER_FROM_DESCRIPTION,"THE ITEM: Eye Bolt Din Standard 580, M16, Pitch , 2mm, WLL 0.7t. One eye bolt standing on its thread collar, eye to the camera. Standing upright on the floor, camera at item height, three-quarter view so two faces show. THE MARKINGS THAT MUST BE READABLE: 2mm | 0.7t. HOUSE STYLE (identical for every picture): studio product photograph on a near-black charcoal floor and backdrop (#14181F). One warm orange rim light raking in low from the left, a soft white top fill, and a gentle pool of orange glow on the floor under the item. Deep soft shadows, pin-sharp focus, high detail. The item is centred, filling about 75% of a square 800x800 frame. Nothing else in shot: no hands, no people, no props, no added text or watermark, no price, no other brand's logo - only markings the real item carries. LABEL RULE FOR THIS RENDER: show the product FORM and its stamped size/type markings only. Do NOT invent readable label text - no brand wordmarks, no batch numbers, no expiry dates. The MyGear card carries the exact name; the picture only has to be unmistakably this kind of thing.","Forged eye and thread both visible; WLL stamp toward camera ; stamped/labelled sizes readable: 2mm, 0.7t ; house style holds (dark floor, orange rim glow, item fills ~75%, no text/people/price) ; no invented label text (brand/batch/expiry) anywhere in the image"
355,HELD_TOOLING,M20EYEBOLT,M20EYEBOLT.jpg,"Eye Bolt Din Standard 580, M20, Pitch , 2.5mm, WLL 1.2t",Coates Equipment,4,Lifting/fall-protection gear,RENDER_FROM_DESCRIPTION,"THE ITEM: Eye Bolt Din Standard 580, M20, Pitch , 2.5mm, WLL 1.2t. One eye bolt standing on its thread collar, eye to the camera. Standing upright on the floor, camera at item height, three-quarter view so two faces show. THE MARKINGS THAT MUST BE READABLE: 2.5mm | 1.2t. HOUSE STYLE (identical for every picture): studio product photograph on a near-black charcoal floor and backdrop (#14181F). One warm orange rim light raking in low from the left, a soft white top fill, and a gentle pool of orange glow on the floor under the item. Deep soft shadows, pin-sharp focus, high detail. The item is centred, filling about 75% of a square 800x800 frame. Nothing else in shot: no hands, no people, no props, no added text or watermark, no price, no other brand's logo - only markings the real item carries. LABEL RULE FOR THIS RENDER: show the product FORM and its stamped size/type markings only. Do NOT invent readable label text - no brand wordmarks, no batch numbers, no expiry dates. The MyGear card carries the exact name; the picture only has to be unmistakably this kind of thing.","Forged eye and thread both visible; WLL stamp toward camera ; stamped/labelled sizes readable: 2.5mm, 1.2t ; house style holds (dark floor, orange rim glow, item fills ~75%, no text/people/price) ; no invented label text (brand/batch/expiry) anywhere in the image"
356,HELD_TOOLING,M24EYEBOLT,M24EYEBOLT.jpg,"Eye Bolt Din Standard 580, M24, Pitch , 3mm, WLL 1.8t",Coates Equipment,4,Lifting/fall-protection gear,RENDER_FROM_DESCRIPTION,"THE ITEM: Eye Bolt Din Standard 580, M24, Pitch , 3mm, WLL 1.8t. One eye bolt standing on its thread collar, eye to the camera. Standing upright on the floor, camera at item height, three-quarter view so two faces show. THE MARKINGS THAT MUST BE READABLE: 3mm | 1.8t. HOUSE STYLE (identical for every picture): studio product photograph on a near-black charcoal floor and backdrop (#14181F). One warm orange rim light raking in low from the left, a soft white top fill, and a gentle pool of orange glow on the floor under the item. Deep soft shadows, pin-sharp focus, high detail. The item is centred, filling about 75% of a square 800x800 frame. Nothing else in shot: no hands, no people, no props, no added text or watermark, no price, no other brand's logo - only markings the real item carries. LABEL RULE FOR THIS RENDER: show the product FORM and its stamped size/type markings only. Do NOT invent readable label text - no brand wordmarks, no batch numbers, no expiry dates. The MyGear card carries the exact name; the picture only has to be unmistakably this kind of thing.","Forged eye and thread both visible; WLL stamp toward camera ; stamped/labelled sizes readable: 3mm, 1.8t ; house style holds (dark floor, orange rim glow, item fills ~75%, no text/people/price) ; no invented label text (brand/batch/expiry) anywhere in the image"
357,HELD_TOOLING,M8EYEBOLT,M8EYEBOLT.jpg,"Eye Bolt Din Standard 580, M8, Pitch , 1.25mm, WLL 0.14t",Coates Equipment,4,Lifting/fall-protection gear,RENDER_FROM_DESCRIPTION,"THE ITEM: Eye Bolt Din Standard 580, M8, Pitch , 1.25mm, WLL 0.14t. One eye bolt standing on its thread collar, eye to the camera. Standing upright on the floor, camera at item height, three-quarter view so two faces show. THE MARKINGS THAT MUST BE READABLE: 1.25mm | 0.14t. HOUSE STYLE (identical for every picture): studio product photograph on a near-black charcoal floor and backdrop (#14181F). One warm orange rim light raking in low from the left, a soft white top fill, and a gentle pool of orange glow on the floor under the item. Deep soft shadows, pin-sharp focus, high detail. The item is centred, filling about 75% of a square 800x800 frame. Nothing else in shot: no hands, no people, no props, no added text or watermark, no price, no other brand's logo - only markings the real item carries. LABEL RULE FOR THIS RENDER: show the product FORM and its stamped size/type markings only. Do NOT invent readable label text - no brand wordmarks, no batch numbers, no expiry dates. The MyGear card carries the exact name; the picture only has to be unmistakably this kind of thing.","Forged eye and thread both visible; WLL stamp toward camera ; stamped/labelled sizes readable: 1.25mm, 0.14t ; house style holds (dark floor, orange rim glow, item fills ~75%, no text/people/price) ; no invented label text (brand/batch/expiry) anywhere in the image"
358,PLANT_AND_TAGGED,MAGNETICBASEDRILL38MMBAT,MAGNETICBASEDRILL38MMBAT.jpg,Drill Magnetic Base 38mm  Battery,Tools & Equipment,2,Road 1 real-unit hold,RENDER_FROM_DESCRIPTION,"THE ITEM: Drill Magnetic Base 38mm  Battery. The mag-base drill upright on its magnet, motor and feed handles toward the camera. Three-quarter hero angle from slightly above, the working end toward the camera. THE MARKINGS THAT MUST BE READABLE: 38mm. HOUSE STYLE (identical for every picture): studio product photograph on a near-black charcoal floor and backdrop (#14181F). One warm orange rim light raking in low from the left, a soft white top fill, and a gentle pool of orange glow on the floor under the item. Deep soft shadows, pin-sharp focus, high detail. The item is centred, filling about 75% of a square 800x800 frame. Nothing else in shot: no hands, no people, no props, no added text or watermark, no price, no other brand's logo - only markings the real item carries. LABEL RULE FOR THIS RENDER: show the product FORM and its stamped size/type markings only. Do NOT invent readable label text - no brand wordmarks, no batch numbers, no expiry dates. The MyGear card carries the exact name; the picture only has to be unmistakably this kind of thing.","Magnet base, column and cutter visible; power type correct ; stamped/labelled sizes readable: 38mm ; house style holds (dark floor, orange rim glow, item fills ~75%, no text/people/price) ; no invented label text (brand/batch/expiry) anywhere in the image"
359,PLANT_AND_TAGGED,MAGNETICBDRILLLOW36MM240V,MAGNETICBDRILLLOW36MM240V.jpg,Drill Magnetic Base Low Profile 36mm Electric,Tools & Equipment,1,Road 1 real-unit hold,RENDER_FROM_DESCRIPTION,"THE ITEM: Drill Magnetic Base Low Profile 36mm Electric. The mag-base drill upright on its magnet, motor and feed handles toward the camera. Three-quarter hero angle from slightly above, the working end toward the camera. THE MARKINGS THAT MUST BE READABLE: 36mm. HOUSE STYLE (identical for every picture): studio product photograph on a near-black charcoal floor and backdrop (#14181F). One warm orange rim light raking in low from the left, a soft white top fill, and a gentle pool of orange glow on the floor under the item. Deep soft shadows, pin-sharp focus, high detail. The item is centred, filling about 75% of a square 800x800 frame. Nothing else in shot: no hands, no people, no props, no added text or watermark, no price, no other brand's logo - only markings the real item carries. LABEL RULE FOR THIS RENDER: show the product FORM and its stamped size/type markings only. Do NOT invent readable label text - no brand wordmarks, no batch numbers, no expiry dates. The MyGear card carries the exact name; the picture only has to be unmistakably this kind of thing.","Magnet base, column and cutter visible; power type correct ; stamped/labelled sizes readable: 36mm ; house style holds (dark floor, orange rim glow, item fills ~75%, no text/people/price) ; no invented label text (brand/batch/expiry) anywhere in the image"
360,HELD_TOOLING,MANIFOLDAIR19MM6OUTLETS,MANIFOLDAIR19MM6OUTLETS.jpg,Manifold - Air - 19mm,Air & Air Accessories,6,Minsup/Nitto/Thor and hose-end geometry must be exact,RENDER_FROM_DESCRIPTION,"THE ITEM: Manifold - Air - 19mm. The item at a three-quarter hero angle on the dark floor, working side toward the camera. Three-quarter hero angle from slightly above, the working end toward the camera. THE MARKINGS THAT MUST BE READABLE: 19mm. HOUSE STYLE (identical for every picture): studio product photograph on a near-black charcoal floor and backdrop (#14181F). One warm orange rim light raking in low from the left, a soft white top fill, and a gentle pool of orange glow on the floor under the item. Deep soft shadows, pin-sharp focus, high detail. The item is centred, filling about 75% of a square 800x800 frame. Nothing else in shot: no hands, no people, no props, no added text or watermark, no price, no other brand's logo - only markings the real item carries. LABEL RULE FOR THIS RENDER: show the product FORM and its stamped size/type markings only. Do NOT invent readable label text - no brand wordmarks, no batch numbers, no expiry dates. The MyGear card carries the exact name; the picture only has to be unmistakably this kind of thing.","Item type unmistakably matches the register name ; stamped/labelled sizes readable: 19mm ; house style holds (dark floor, orange rim glow, item fills ~75%, no text/people/price) ; no invented label text (brand/batch/expiry) anywhere in the image"
361,PLANT_AND_TAGGED,MILWAUKEE10MMANGLEDRILL,MILWAUKEE10MMANGLEDRILL.jpg,Battery Angle Drill 10MM Bare 20NM,Coates Tooling,1,Road 1 real-unit hold,RENDER_FROM_DESCRIPTION,"THE ITEM: Battery Angle Drill 10MM Bare 20NM. The drill standing on its battery or rested on its side handle, chuck toward the camera. Three-quarter hero angle from slightly above, the working end toward the camera. THE MARKINGS THAT MUST BE READABLE: 10mm. HOUSE STYLE (identical for every picture): studio product photograph on a near-black charcoal floor and backdrop (#14181F). One warm orange rim light raking in low from the left, a soft white top fill, and a gentle pool of orange glow on the floor under the item. Deep soft shadows, pin-sharp focus, high detail. The item is centred, filling about 75% of a square 800x800 frame. Nothing else in shot: no hands, no people, no props, no added text or watermark, no price, no other brand's logo - only markings the real item carries. LABEL RULE FOR THIS RENDER: show the product FORM and its stamped size/type markings only. Do NOT invent readable label text - no brand wordmarks, no batch numbers, no expiry dates. The MyGear card carries the exact name; the picture only has to be unmistakably this kind of thing.","Chuck toward camera; battery fitted if cordless ; stamped/labelled sizes readable: 10mm ; house style holds (dark floor, orange rim glow, item fills ~75%, no text/people/price) ; no invented label text (brand/batch/expiry) anywhere in the image"
362,PLANT_AND_TAGGED,MILWAUKEE460MMBATTERYFAN,MILWAUKEE460MMBATTERYFAN.jpg,Milwaukee Battery Fan,Coates Equipment,1,Road 1 real-unit hold,RENDER_FROM_DESCRIPTION,"THE ITEM: Milwaukee Battery Fan. The fan face-on at slight angle so the cage depth reads, duct collar visible if it has one. Three-quarter hero angle from slightly above, the working end toward the camera. HOUSE STYLE (identical for every picture): studio product photograph on a near-black charcoal floor and backdrop (#14181F). One warm orange rim light raking in low from the left, a soft white top fill, and a gentle pool of orange glow on the floor under the item. Deep soft shadows, pin-sharp focus, high detail. The item is centred, filling about 75% of a square 800x800 frame. Nothing else in shot: no hands, no people, no props, no added text or watermark, no price, no other brand's logo - only markings the real item carries. LABEL RULE FOR THIS RENDER: show the product FORM and its stamped size/type markings only. Do NOT invent readable label text - no brand wordmarks, no batch numbers, no expiry dates. The MyGear card carries the exact name; the picture only has to be unmistakably this kind of thing.","Blade cage sharp; diameter reads right; power type correct ; house style holds (dark floor, orange rim glow, item fills ~75%, no text/people/price) ; no invented label text (brand/batch/expiry) anywhere in the image"
363,PLANT_AND_TAGGED,MILWAUKEEBATTERYFAN,MILWAUKEEBATTERYFAN.jpg,Milwaukee Battery Fan,Coates Equipment,1,Road 1 real-unit hold,RENDER_FROM_DESCRIPTION,"THE ITEM: Milwaukee Battery Fan. The fan face-on at slight angle so the cage depth reads, duct collar visible if it has one. Three-quarter hero angle from slightly above, the working end toward the camera. HOUSE STYLE (identical for every picture): studio product photograph on a near-black charcoal floor and backdrop (#14181F). One warm orange rim light raking in low from the left, a soft white top fill, and a gentle pool of orange glow on the floor under the item. Deep soft shadows, pin-sharp focus, high detail. The item is centred, filling about 75% of a square 800x800 frame. Nothing else in shot: no hands, no people, no props, no added text or watermark, no price, no other brand's logo - only markings the real item carries. LABEL RULE FOR THIS RENDER: show the product FORM and its stamped size/type markings only. Do NOT invent readable label text - no brand wordmarks, no batch numbers, no expiry dates. The MyGear card carries the exact name; the picture only has to be unmistakably this kind of thing.","Blade cage sharp; diameter reads right; power type correct ; house style holds (dark floor, orange rim glow, item fills ~75%, no text/people/price) ; no invented label text (brand/batch/expiry) anywhere in the image"
364,PLANT_AND_TAGGED,MILWAUKEEMXFXC406BATTERY,MILWAUKEEMXFXC406BATTERY.jpg,MX Battery MXF XC406,Customer Equipment,4,Road 1 real-unit hold,RENDER_FROM_DESCRIPTION,"THE ITEM: MX Battery MXF XC406. The battery pack standing upright, contacts toward the camera, charge-gauge face visible. Standing upright on the floor, camera at item height, three-quarter view so two faces show. HOUSE STYLE (identical for every picture): studio product photograph on a near-black charcoal floor and backdrop (#14181F). One warm orange rim light raking in low from the left, a soft white top fill, and a gentle pool of orange glow on the floor under the item. Deep soft shadows, pin-sharp focus, high detail. The item is centred, filling about 75% of a square 800x800 frame. Nothing else in shot: no hands, no people, no props, no added text or watermark, no price, no other brand's logo - only markings the real item carries. LABEL RULE FOR THIS RENDER: show the product FORM and its stamped size/type markings only. Do NOT invent readable label text - no brand wordmarks, no batch numbers, no expiry dates. The MyGear card carries the exact name; the picture only has to be unmistakably this kind of thing.","Voltage class legible; contact end visible ; house style holds (dark floor, orange rim glow, item fills ~75%, no text/people/price) ; no invented label text (brand/batch/expiry) anywhere in the image"
365,PLANT_AND_TAGGED,MOTOROLADP4801ETWOWAYRADIO,MOTOROLADP4801ETWOWAYRADIO.jpg,Motorola DP4801e Two-Way Radio 871TNK7668,Coates Equipment,72,Road 1 real-unit hold,RENDER_FROM_DESCRIPTION,"THE ITEM: Motorola DP4801e Two-Way Radio 871TNK7668. The handheld radio upright, screen and keys toward the camera, antenna up. Standing upright on the floor, camera at item height, three-quarter view so two faces show. HOUSE STYLE (identical for every picture): studio product photograph on a near-black charcoal floor and backdrop (#14181F). One warm orange rim light raking in low from the left, a soft white top fill, and a gentle pool of orange glow on the floor under the item. Deep soft shadows, pin-sharp focus, high detail. The item is centred, filling about 75% of a square 800x800 frame. Nothing else in shot: no hands, no people, no props, no added text or watermark, no price, no other brand's logo - only markings the real item carries. LABEL RULE FOR THIS RENDER: show the product FORM and its stamped size/type markings only. Do NOT invent readable label text - no brand wordmarks, no batch numbers, no expiry dates. The MyGear card carries the exact name; the picture only has to be unmistakably this kind of thing.","Screen face legible; antenna fitted; belt clip visible ; house style holds (dark floor, orange rim glow, item fills ~75%, no text/people/price) ; no invented label text (brand/batch/expiry) anywhere in the image"
366,PLANT_AND_TAGGED,MOTOROLAMULTIBANKCHARGERCEM25,MOTOROLAMULTIBANKCHARGERCEM25.jpg,Motorola Multibank Charger CEM25,Coates Equipment,7,Road 1 real-unit hold,RENDER_FROM_DESCRIPTION,"THE ITEM: Motorola Multibank Charger CEM25. The charger face-on at slight angle, bay(s) empty and visible. Standing upright on the floor, camera at item height, three-quarter view so two faces show. HOUSE STYLE (identical for every picture): studio product photograph on a near-black charcoal floor and backdrop (#14181F). One warm orange rim light raking in low from the left, a soft white top fill, and a gentle pool of orange glow on the floor under the item. Deep soft shadows, pin-sharp focus, high detail. The item is centred, filling about 75% of a square 800x800 frame. Nothing else in shot: no hands, no people, no props, no added text or watermark, no price, no other brand's logo - only markings the real item carries. LABEL RULE FOR THIS RENDER: show the product FORM and its stamped size/type markings only. Do NOT invent readable label text - no brand wordmarks, no batch numbers, no expiry dates. The MyGear card carries the exact name; the picture only has to be unmistakably this kind of thing.","Charge bays and indicator lights visible ; house style holds (dark floor, orange rim glow, item fills ~75%, no text/people/price) ; no invented label text (brand/batch/expiry) anywhere in the image"
367,PLANT_AND_TAGGED,MOTOROLANNTN8129IMPRESBATTERY,MOTOROLANNTN8129IMPRESBATTERY.jpg,Motorola NNTN8129 IMPRES Battery,Coates Equipment,104,Road 1 real-unit hold,RENDER_FROM_DESCRIPTION,"THE ITEM: Motorola NNTN8129 IMPRES Battery. The battery pack standing upright, contacts toward the camera, charge-gauge face visible. Standing upright on the floor, camera at item height, three-quarter view so two faces show. HOUSE STYLE (identical for every picture): studio product photograph on a near-black charcoal floor and backdrop (#14181F). One warm orange rim light raking in low from the left, a soft white top fill, and a gentle pool of orange glow on the floor under the item. Deep soft shadows, pin-sharp focus, high detail. The item is centred, filling about 75% of a square 800x800 frame. Nothing else in shot: no hands, no people, no props, no added text or watermark, no price, no other brand's logo - only markings the real item carries. LABEL RULE FOR THIS RENDER: show the product FORM and its stamped size/type markings only. Do NOT invent readable label text - no brand wordmarks, no batch numbers, no expiry dates. The MyGear card carries the exact name; the picture only has to be unmistakably this kind of thing.","Voltage class legible; contact end visible ; house style holds (dark floor, orange rim glow, item fills ~75%, no text/people/price) ; no invented label text (brand/batch/expiry) anywhere in the image"
368,PLANT_AND_TAGGED,MULTIGASDETECTORHONEYWELLBWFLEX,MULTIGASDETECTORHONEYWELLBWFLEX.jpg,Honeywell BW Flex Multi-Gas Detector,Coates Equipment,30,Road 1 real-unit hold,RENDER_FROM_DESCRIPTION,"THE ITEM: Honeywell BW Flex Multi-Gas Detector. The monitor upright, screen lit toward the camera. Standing upright on the floor, camera at item height, three-quarter view so two faces show. HOUSE STYLE (identical for every picture): studio product photograph on a near-black charcoal floor and backdrop (#14181F). One warm orange rim light raking in low from the left, a soft white top fill, and a gentle pool of orange glow on the floor under the item. Deep soft shadows, pin-sharp focus, high detail. The item is centred, filling about 75% of a square 800x800 frame. Nothing else in shot: no hands, no people, no props, no added text or watermark, no price, no other brand's logo - only markings the real item carries. LABEL RULE FOR THIS RENDER: show the product FORM and its stamped size/type markings only. Do NOT invent readable label text - no brand wordmarks, no batch numbers, no expiry dates. The MyGear card carries the exact name; the picture only has to be unmistakably this kind of thing.","Screen visibly lit; sensor ports visible; clip visible ; house style holds (dark floor, orange rim glow, item fills ~75%, no text/people/price) ; no invented label text (brand/batch/expiry) anywhere in the image"
369,PLANT_AND_TAGGED,MXBATTERYMXFXC406,MXBATTERYMXFXC406.jpg,MX Battery MXF XC406,Customer Equipment,4,Road 1 real-unit hold,RENDER_FROM_DESCRIPTION,"THE ITEM: MX Battery MXF XC406. The battery pack standing upright, contacts toward the camera, charge-gauge face visible. Standing upright on the floor, camera at item height, three-quarter view so two faces show. HOUSE STYLE (identical for every picture): studio product photograph on a near-black charcoal floor and backdrop (#14181F). One warm orange rim light raking in low from the left, a soft white top fill, and a gentle pool of orange glow on the floor under the item. Deep soft shadows, pin-sharp focus, high detail. The item is centred, filling about 75% of a square 800x800 frame. Nothing else in shot: no hands, no people, no props, no added text or watermark, no price, no other brand's logo - only markings the real item carries. LABEL RULE FOR THIS RENDER: show the product FORM and its stamped size/type markings only. Do NOT invent readable label text - no brand wordmarks, no batch numbers, no expiry dates. The MyGear card carries the exact name; the picture only has to be unmistakably this kind of thing.","Voltage class legible; contact end visible ; house style holds (dark floor, orange rim glow, item fills ~75%, no text/people/price) ; no invented label text (brand/batch/expiry) anywhere in the image"
370,HELD_TOOLING,NEEDLEGUNAIR,NEEDLEGUNAIR.jpg,Needlegun – Air,Air & Air Accessories,7,"Second pass: powered, pneumatic, plant, lifting or model-specific equipment",RENDER_FROM_DESCRIPTION,"THE ITEM: Needlegun – Air. The item at a three-quarter hero angle on the dark floor, working side toward the camera. Three-quarter hero angle from slightly above, the working end toward the camera. HOUSE STYLE (identical for every picture): studio product photograph on a near-black charcoal floor and backdrop (#14181F). One warm orange rim light raking in low from the left, a soft white top fill, and a gentle pool of orange glow on the floor under the item. Deep soft shadows, pin-sharp focus, high detail. The item is centred, filling about 75% of a square 800x800 frame. Nothing else in shot: no hands, no people, no props, no added text or watermark, no price, no other brand's logo - only markings the real item carries. LABEL RULE FOR THIS RENDER: show the product FORM and its stamped size/type markings only. Do NOT invent readable label text - no brand wordmarks, no batch numbers, no expiry dates. The MyGear card carries the exact name; the picture only has to be unmistakably this kind of thing.","Item type unmistakably matches the register name ; house style holds (dark floor, orange rim glow, item fills ~75%, no text/people/price) ; no invented label text (brand/batch/expiry) anywhere in the image"
371,HELD_TOOLING,NEEDLESCALERSGAIR,NEEDLESCALERSGAIR.jpg,Needle Scaler Straight Grip Pneumatic,Air & Air Accessories,3,"Second pass: powered, pneumatic, plant, lifting or model-specific equipment",RENDER_FROM_DESCRIPTION,"THE ITEM: Needle Scaler Straight Grip Pneumatic. The item at a three-quarter hero angle on the dark floor, working side toward the camera. Three-quarter hero angle from slightly above, the working end toward the camera. HOUSE STYLE (identical for every picture): studio product photograph on a near-black charcoal floor and backdrop (#14181F). One warm orange rim light raking in low from the left, a soft white top fill, and a gentle pool of orange glow on the floor under the item. Deep soft shadows, pin-sharp focus, high detail. The item is centred, filling about 75% of a square 800x800 frame. Nothing else in shot: no hands, no people, no props, no added text or watermark, no price, no other brand's logo - only markings the real item carries. LABEL RULE FOR THIS RENDER: show the product FORM and its stamped size/type markings only. Do NOT invent readable label text - no brand wordmarks, no batch numbers, no expiry dates. The MyGear card carries the exact name; the picture only has to be unmistakably this kind of thing.","Item type unmistakably matches the register name ; house style holds (dark floor, orange rim glow, item fills ~75%, no text/people/price) ; no invented label text (brand/batch/expiry) anywhere in the image"
372,PLANT_AND_TAGGED,NIBBLER2MMBAT,NIBBLER2MMBAT.jpg,Nibbler 2mm Battery,Tools & Equipment,2,Road 1 real-unit hold,RENDER_FROM_DESCRIPTION,"THE ITEM: Nibbler 2mm Battery. The battery pack standing upright, contacts toward the camera, charge-gauge face visible. Standing upright on the floor, camera at item height, three-quarter view so two faces show. THE MARKINGS THAT MUST BE READABLE: 2mm. HOUSE STYLE (identical for every picture): studio product photograph on a near-black charcoal floor and backdrop (#14181F). One warm orange rim light raking in low from the left, a soft white top fill, and a gentle pool of orange glow on the floor under the item. Deep soft shadows, pin-sharp focus, high detail. The item is centred, filling about 75% of a square 800x800 frame. Nothing else in shot: no hands, no people, no props, no added text or watermark, no price, no other brand's logo - only markings the real item carries. LABEL RULE FOR THIS RENDER: show the product FORM and its stamped size/type markings only. Do NOT invent readable label text - no brand wordmarks, no batch numbers, no expiry dates. The MyGear card carries the exact name; the picture only has to be unmistakably this kind of thing.","Voltage class legible; contact end visible ; stamped/labelled sizes readable: 2mm ; house style holds (dark floor, orange rim glow, item fills ~75%, no text/people/price) ; no invented label text (brand/batch/expiry) anywhere in the image"
373,HELD_TOOLING,OXY/ACETHANDPIECE,OXY_ACETHANDPIECE.jpg,Welding - Oxy/Acetylene Hand Piece,Welding,1,"Second pass: powered, pneumatic, plant, lifting or model-specific equipment",RENDER_FROM_DESCRIPTION,"THE ITEM: Welding - Oxy/Acetylene Hand Piece. The item at a three-quarter hero angle on the dark floor, working side toward the camera. Three-quarter hero angle from slightly above, the working end toward the camera. HOUSE STYLE (identical for every picture): studio product photograph on a near-black charcoal floor and backdrop (#14181F). One warm orange rim light raking in low from the left, a soft white top fill, and a gentle pool of orange glow on the floor under the item. Deep soft shadows, pin-sharp focus, high detail. The item is centred, filling about 75% of a square 800x800 frame. Nothing else in shot: no hands, no people, no props, no added text or watermark, no price, no other brand's logo - only markings the real item carries. LABEL RULE FOR THIS RENDER: show the product FORM and its stamped size/type markings only. Do NOT invent readable label text - no brand wordmarks, no batch numbers, no expiry dates. The MyGear card carries the exact name; the picture only has to be unmistakably this kind of thing.","Item type unmistakably matches the register name ; house style holds (dark floor, orange rim glow, item fills ~75%, no text/people/price) ; no invented label text (brand/batch/expiry) anywhere in the image"
374,HELD_TOOLING,OXY/ACETSET,OXY_ACETSET.jpg,Oxy/Acetylene Welding Kit,Welding,4,"Second pass: powered, pneumatic, plant, lifting or model-specific equipment",RENDER_FROM_DESCRIPTION,"THE ITEM: Oxy/Acetylene Welding Kit. The item at a three-quarter hero angle on the dark floor, working side toward the camera. Three-quarter hero angle from slightly above, the working end toward the camera. HOUSE STYLE (identical for every picture): studio product photograph on a near-black charcoal floor and backdrop (#14181F). One warm orange rim light raking in low from the left, a soft white top fill, and a gentle pool of orange glow on the floor under the item. Deep soft shadows, pin-sharp focus, high detail. The item is centred, filling about 75% of a square 800x800 frame. Nothing else in shot: no hands, no people, no props, no added text or watermark, no price, no other brand's logo - only markings the real item carries. LABEL RULE FOR THIS RENDER: show the product FORM and its stamped size/type markings only. Do NOT invent readable label text - no brand wordmarks, no batch numbers, no expiry dates. The MyGear card carries the exact name; the picture only has to be unmistakably this kind of thing.","Item type unmistakably matches the register name ; house style holds (dark floor, orange rim glow, item fills ~75%, no text/people/price) ; no invented label text (brand/batch/expiry) anywhere in the image"
375,HELD_TOOLING,OXYACETYLENEWELDINGKIT,OXYACETYLENEWELDINGKIT.jpg,KIT GAS OXY / ACET CIGWELD BLUEJET TRADESMAN,Customer Equipment,1,"Second pass: powered, pneumatic, plant, lifting or model-specific equipment",RENDER_FROM_DESCRIPTION,"THE ITEM: KIT GAS OXY / ACET CIGWELD BLUEJET TRADESMAN. The item at a three-quarter hero angle on the dark floor, working side toward the camera. Three-quarter hero angle from slightly above, the working end toward the camera. HOUSE STYLE (identical for every picture): studio product photograph on a near-black charcoal floor and backdrop (#14181F). One warm orange rim light raking in low from the left, a soft white top fill, and a gentle pool of orange glow on the floor under the item. Deep soft shadows, pin-sharp focus, high detail. The item is centred, filling about 75% of a square 800x800 frame. Nothing else in shot: no hands, no people, no props, no added text or watermark, no price, no other brand's logo - only markings the real item carries. LABEL RULE FOR THIS RENDER: show the product FORM and its stamped size/type markings only. Do NOT invent readable label text - no brand wordmarks, no batch numbers, no expiry dates. The MyGear card carries the exact name; the picture only has to be unmistakably this kind of thing.","Item type unmistakably matches the register name ; house style holds (dark floor, orange rim glow, item fills ~75%, no text/people/price) ; no invented label text (brand/batch/expiry) anywhere in the image"
376,HELD_TOOLING,OXYEXTHOSE,OXYEXTHOSE.jpg,Oxy Extension Hose,Welding,9,Gas connection and regulator geometry is safety-relevant,RENDER_FROM_DESCRIPTION,"THE ITEM: Oxy Extension Hose. The item at a three-quarter hero angle on the dark floor, working side toward the camera. Three-quarter hero angle from slightly above, the working end toward the camera. HOUSE STYLE (identical for every picture): studio product photograph on a near-black charcoal floor and backdrop (#14181F). One warm orange rim light raking in low from the left, a soft white top fill, and a gentle pool of orange glow on the floor under the item. Deep soft shadows, pin-sharp focus, high detail. The item is centred, filling about 75% of a square 800x800 frame. Nothing else in shot: no hands, no people, no props, no added text or watermark, no price, no other brand's logo - only markings the real item carries. LABEL RULE FOR THIS RENDER: show the product FORM and its stamped size/type markings only. Do NOT invent readable label text - no brand wordmarks, no batch numbers, no expiry dates. The MyGear card carries the exact name; the picture only has to be unmistakably this kind of thing.","Item type unmistakably matches the register name ; house style holds (dark floor, orange rim glow, item fills ~75%, no text/people/price) ; no invented label text (brand/batch/expiry) anywhere in the image"
377,HELD_TOOLING,OXYTROLLEYLARGE,OXYTROLLEYLARGE.jpg,G-Size Large Oxy Trolley,Welding,4,Gas connection and regulator geometry is safety-relevant,RENDER_FROM_DESCRIPTION,"THE ITEM: G-Size Large Oxy Trolley. The item at a three-quarter hero angle on the dark floor, working side toward the camera. Three-quarter hero angle from slightly above, the working end toward the camera. HOUSE STYLE (identical for every picture): studio product photograph on a near-black charcoal floor and backdrop (#14181F). One warm orange rim light raking in low from the left, a soft white top fill, and a gentle pool of orange glow on the floor under the item. Deep soft shadows, pin-sharp focus, high detail. The item is centred, filling about 75% of a square 800x800 frame. Nothing else in shot: no hands, no people, no props, no added text or watermark, no price, no other brand's logo - only markings the real item carries. LABEL RULE FOR THIS RENDER: show the product FORM and its stamped size/type markings only. Do NOT invent readable label text - no brand wordmarks, no batch numbers, no expiry dates. The MyGear card carries the exact name; the picture only has to be unmistakably this kind of thing.","Item type unmistakably matches the register name ; house style holds (dark floor, orange rim glow, item fills ~75%, no text/people/price) ; no invented label text (brand/batch/expiry) anywhere in the image"
378,HELD_TOOLING,PALLETTR1.8TELEC,PALLETTR1.8TELEC.jpg,Pallet Truck 1.8t Electric,Materials Handling,5,"Second pass: powered, pneumatic, plant, lifting or model-specific equipment",RENDER_FROM_DESCRIPTION,"THE ITEM: Pallet Truck 1.8t Electric. The item at a three-quarter hero angle on the dark floor, working side toward the camera. Three-quarter hero angle from slightly above, the working end toward the camera. THE MARKINGS THAT MUST BE READABLE: 1.8t. HOUSE STYLE (identical for every picture): studio product photograph on a near-black charcoal floor and backdrop (#14181F). One warm orange rim light raking in low from the left, a soft white top fill, and a gentle pool of orange glow on the floor under the item. Deep soft shadows, pin-sharp focus, high detail. The item is centred, filling about 75% of a square 800x800 frame. Nothing else in shot: no hands, no people, no props, no added text or watermark, no price, no other brand's logo - only markings the real item carries. LABEL RULE FOR THIS RENDER: show the product FORM and its stamped size/type markings only. Do NOT invent readable label text - no brand wordmarks, no batch numbers, no expiry dates. The MyGear card carries the exact name; the picture only has to be unmistakably this kind of thing.","Item type unmistakably matches the register name ; stamped/labelled sizes readable: 1.8t ; house style holds (dark floor, orange rim glow, item fills ~75%, no text/people/price) ; no invented label text (brand/batch/expiry) anywhere in the image"
379,HELD_TOOLING,PALLETTRUCK,PALLETTRUCK.jpg,Pallet Truck,"Lift, Shift & Propping",1,"Second pass: powered, pneumatic, plant, lifting or model-specific equipment",RENDER_FROM_DESCRIPTION,"THE ITEM: Pallet Truck. The item at a three-quarter hero angle on the dark floor, working side toward the camera. Three-quarter hero angle from slightly above, the working end toward the camera. HOUSE STYLE (identical for every picture): studio product photograph on a near-black charcoal floor and backdrop (#14181F). One warm orange rim light raking in low from the left, a soft white top fill, and a gentle pool of orange glow on the floor under the item. Deep soft shadows, pin-sharp focus, high detail. The item is centred, filling about 75% of a square 800x800 frame. Nothing else in shot: no hands, no people, no props, no added text or watermark, no price, no other brand's logo - only markings the real item carries. LABEL RULE FOR THIS RENDER: show the product FORM and its stamped size/type markings only. Do NOT invent readable label text - no brand wordmarks, no batch numbers, no expiry dates. The MyGear card carries the exact name; the picture only has to be unmistakably this kind of thing.","Item type unmistakably matches the register name ; house style holds (dark floor, orange rim glow, item fills ~75%, no text/people/price) ; no invented label text (brand/batch/expiry) anywhere in the image"
380,HELD_TOOLING,PARAMOUNTSAFETYBOLLARDBOLLARDBASES6KG,PARAMOUNTSAFETYBOLLARDBOLLARDBASES6KG.jpg,Paramount Safety Bollard & Bollard Bases 6KG,Cutomer Equipment,24,Specialised safety/accessory product shape is not generic,RENDER_FROM_DESCRIPTION,"THE ITEM: Paramount Safety Bollard & Bollard Bases 6KG. The item at a three-quarter hero angle on the dark floor, working side toward the camera. Three-quarter hero angle from slightly above, the working end toward the camera. THE MARKINGS THAT MUST BE READABLE: 6kg. HOUSE STYLE (identical for every picture): studio product photograph on a near-black charcoal floor and backdrop (#14181F). One warm orange rim light raking in low from the left, a soft white top fill, and a gentle pool of orange glow on the floor under the item. Deep soft shadows, pin-sharp focus, high detail. The item is centred, filling about 75% of a square 800x800 frame. Nothing else in shot: no hands, no people, no props, no added text or watermark, no price, no other brand's logo - only markings the real item carries. LABEL RULE FOR THIS RENDER: show the product FORM and its stamped size/type markings only. Do NOT invent readable label text - no brand wordmarks, no batch numbers, no expiry dates. The MyGear card carries the exact name; the picture only has to be unmistakably this kind of thing.","Item type unmistakably matches the register name ; stamped/labelled sizes readable: 6kg ; house style holds (dark floor, orange rim glow, item fills ~75%, no text/people/price) ; no invented label text (brand/batch/expiry) anywhere in the image"
381,HELD_TOOLING,PICKUPTOOLMAGNETICCLAWFLEXIBLETOLEDO,PICKUPTOOLMAGNETICCLAWFLEXIBLETOLEDO.jpg,PICK UP TOOL MAGNETIC CLAW FLEXIBLE TOLEDO,Coates Equipment,1,Claw/magnet head and rated pickup form vary materially,RENDER_FROM_DESCRIPTION,"THE ITEM: PICK UP TOOL MAGNETIC CLAW FLEXIBLE TOLEDO. The item at a three-quarter hero angle on the dark floor, working side toward the camera. Three-quarter hero angle from slightly above, the working end toward the camera. HOUSE STYLE (identical for every picture): studio product photograph on a near-black charcoal floor and backdrop (#14181F). One warm orange rim light raking in low from the left, a soft white top fill, and a gentle pool of orange glow on the floor under the item. Deep soft shadows, pin-sharp focus, high detail. The item is centred, filling about 75% of a square 800x800 frame. Nothing else in shot: no hands, no people, no props, no added text or watermark, no price, no other brand's logo - only markings the real item carries. LABEL RULE FOR THIS RENDER: show the product FORM and its stamped size/type markings only. Do NOT invent readable label text - no brand wordmarks, no batch numbers, no expiry dates. The MyGear card carries the exact name; the picture only has to be unmistakably this kind of thing.","Item type unmistakably matches the register name ; house style holds (dark floor, orange rim glow, item fills ~75%, no text/people/price) ; no invented label text (brand/batch/expiry) anywhere in the image"
382,HELD_TOOLING,PICKUPTOOLMAGNETICTELESCOPIC,PICKUPTOOLMAGNETICTELESCOPIC.jpg,PICK UP TOOL MAGNETIC TELESCOPIC 125-635MM,Coates Equipment,4,Claw/magnet head and rated pickup form vary materially,RENDER_FROM_DESCRIPTION,"THE ITEM: PICK UP TOOL MAGNETIC TELESCOPIC 125-635MM. The item at a three-quarter hero angle on the dark floor, working side toward the camera. Three-quarter hero angle from slightly above, the working end toward the camera. THE MARKINGS THAT MUST BE READABLE: 635mm. HOUSE STYLE (identical for every picture): studio product photograph on a near-black charcoal floor and backdrop (#14181F). One warm orange rim light raking in low from the left, a soft white top fill, and a gentle pool of orange glow on the floor under the item. Deep soft shadows, pin-sharp focus, high detail. The item is centred, filling about 75% of a square 800x800 frame. Nothing else in shot: no hands, no people, no props, no added text or watermark, no price, no other brand's logo - only markings the real item carries. LABEL RULE FOR THIS RENDER: show the product FORM and its stamped size/type markings only. Do NOT invent readable label text - no brand wordmarks, no batch numbers, no expiry dates. The MyGear card carries the exact name; the picture only has to be unmistakably this kind of thing.","Item type unmistakably matches the register name ; stamped/labelled sizes readable: 635mm ; house style holds (dark floor, orange rim glow, item fills ~75%, no text/people/price) ; no invented label text (brand/batch/expiry) anywhere in the image"
383,HELD_TOOLING,PICKUPTOOLMAGNETICTELESCOPIC100760MM07KG,PICKUPTOOLMAGNETICTELESCOPIC100760MM07KG.jpg,PICK UP TOOL MAGNETIC TELESCOPIC 100-760MM 0.7KG,Coates Equipment,2,Claw/magnet head and rated pickup form vary materially,RENDER_FROM_DESCRIPTION,"THE ITEM: PICK UP TOOL MAGNETIC TELESCOPIC 100-760MM 0.7KG. The item at a three-quarter hero angle on the dark floor, working side toward the camera. Three-quarter hero angle from slightly above, the working end toward the camera. THE MARKINGS THAT MUST BE READABLE: 760mm | 0.7kg. HOUSE STYLE (identical for every picture): studio product photograph on a near-black charcoal floor and backdrop (#14181F). One warm orange rim light raking in low from the left, a soft white top fill, and a gentle pool of orange glow on the floor under the item. Deep soft shadows, pin-sharp focus, high detail. The item is centred, filling about 75% of a square 800x800 frame. Nothing else in shot: no hands, no people, no props, no added text or watermark, no price, no other brand's logo - only markings the real item carries. LABEL RULE FOR THIS RENDER: show the product FORM and its stamped size/type markings only. Do NOT invent readable label text - no brand wordmarks, no batch numbers, no expiry dates. The MyGear card carries the exact name; the picture only has to be unmistakably this kind of thing.","Item type unmistakably matches the register name ; stamped/labelled sizes readable: 760mm, 0.7kg ; house style holds (dark floor, orange rim glow, item fills ~75%, no text/people/price) ; no invented label text (brand/batch/expiry) anywhere in the image"
384,HELD_TOOLING,PICKUPTOOLMAGNETICTELESCOPIC100760MM36KG,PICKUPTOOLMAGNETICTELESCOPIC100760MM36KG.jpg,PICK UP TOOL MAGNETIC TELESCOPIC 100-760MM 3.6KG,Coates Equipment,2,Claw/magnet head and rated pickup form vary materially,RENDER_FROM_DESCRIPTION,"THE ITEM: PICK UP TOOL MAGNETIC TELESCOPIC 100-760MM 3.6KG. The item at a three-quarter hero angle on the dark floor, working side toward the camera. Three-quarter hero angle from slightly above, the working end toward the camera. THE MARKINGS THAT MUST BE READABLE: 760mm | 3.6kg. HOUSE STYLE (identical for every picture): studio product photograph on a near-black charcoal floor and backdrop (#14181F). One warm orange rim light raking in low from the left, a soft white top fill, and a gentle pool of orange glow on the floor under the item. Deep soft shadows, pin-sharp focus, high detail. The item is centred, filling about 75% of a square 800x800 frame. Nothing else in shot: no hands, no people, no props, no added text or watermark, no price, no other brand's logo - only markings the real item carries. LABEL RULE FOR THIS RENDER: show the product FORM and its stamped size/type markings only. Do NOT invent readable label text - no brand wordmarks, no batch numbers, no expiry dates. The MyGear card carries the exact name; the picture only has to be unmistakably this kind of thing.","Item type unmistakably matches the register name ; stamped/labelled sizes readable: 760mm, 3.6kg ; house style holds (dark floor, orange rim glow, item fills ~75%, no text/people/price) ; no invented label text (brand/batch/expiry) anywhere in the image"
385,HELD_TOOLING,PICKUPTOOLMAGNETICTELESCOPIC125635MM,PICKUPTOOLMAGNETICTELESCOPIC125635MM.jpg,PICK UP TOOL MAGNETIC TELESCOPIC 125-635MM,Coates Equipment,2,Claw/magnet head and rated pickup form vary materially,RENDER_FROM_DESCRIPTION,"THE ITEM: PICK UP TOOL MAGNETIC TELESCOPIC 125-635MM. The item at a three-quarter hero angle on the dark floor, working side toward the camera. Three-quarter hero angle from slightly above, the working end toward the camera. THE MARKINGS THAT MUST BE READABLE: 635mm. HOUSE STYLE (identical for every picture): studio product photograph on a near-black charcoal floor and backdrop (#14181F). One warm orange rim light raking in low from the left, a soft white top fill, and a gentle pool of orange glow on the floor under the item. Deep soft shadows, pin-sharp focus, high detail. The item is centred, filling about 75% of a square 800x800 frame. Nothing else in shot: no hands, no people, no props, no added text or watermark, no price, no other brand's logo - only markings the real item carries. LABEL RULE FOR THIS RENDER: show the product FORM and its stamped size/type markings only. Do NOT invent readable label text - no brand wordmarks, no batch numbers, no expiry dates. The MyGear card carries the exact name; the picture only has to be unmistakably this kind of thing.","Item type unmistakably matches the register name ; stamped/labelled sizes readable: 635mm ; house style holds (dark floor, orange rim glow, item fills ~75%, no text/people/price) ; no invented label text (brand/batch/expiry) anywhere in the image"
386,HELD_TOOLING,PICKUPTOOLMAGNETICTELESCOPIC150670MM,PICKUPTOOLMAGNETICTELESCOPIC150670MM.jpg,PICK UP TOOL MAGNETIC TELESCOPIC 125-635MM,Coates Equipment,2,Claw/magnet head and rated pickup form vary materially,RENDER_FROM_DESCRIPTION,"THE ITEM: PICK UP TOOL MAGNETIC TELESCOPIC 125-635MM. The item at a three-quarter hero angle on the dark floor, working side toward the camera. Three-quarter hero angle from slightly above, the working end toward the camera. THE MARKINGS THAT MUST BE READABLE: 635mm. HOUSE STYLE (identical for every picture): studio product photograph on a near-black charcoal floor and backdrop (#14181F). One warm orange rim light raking in low from the left, a soft white top fill, and a gentle pool of orange glow on the floor under the item. Deep soft shadows, pin-sharp focus, high detail. The item is centred, filling about 75% of a square 800x800 frame. Nothing else in shot: no hands, no people, no props, no added text or watermark, no price, no other brand's logo - only markings the real item carries. LABEL RULE FOR THIS RENDER: show the product FORM and its stamped size/type markings only. Do NOT invent readable label text - no brand wordmarks, no batch numbers, no expiry dates. The MyGear card carries the exact name; the picture only has to be unmistakably this kind of thing.","Item type unmistakably matches the register name ; stamped/labelled sizes readable: 635mm ; house style holds (dark floor, orange rim glow, item fills ~75%, no text/people/price) ; no invented label text (brand/batch/expiry) anywhere in the image"
387,HELD_TOOLING,PIPECLAMP1IN-2IN,PIPECLAMP1IN-2IN.jpg,Pipe Clamp 1in - 2in,Industrial Tools & Equipment,1,The description does not uniquely determine the clamp/cutter mechanism,RENDER_FROM_DESCRIPTION,"THE ITEM: Pipe Clamp 1in - 2in. The pipe clamp at three-quarter angle, chain or yoke open. Three-quarter hero angle from slightly above, the working end toward the camera. THE MARKINGS THAT MUST BE READABLE: 1in | 2in. HOUSE STYLE (identical for every picture): studio product photograph on a near-black charcoal floor and backdrop (#14181F). One warm orange rim light raking in low from the left, a soft white top fill, and a gentle pool of orange glow on the floor under the item. Deep soft shadows, pin-sharp focus, high detail. The item is centred, filling about 75% of a square 800x800 frame. Nothing else in shot: no hands, no people, no props, no added text or watermark, no price, no other brand's logo - only markings the real item carries. LABEL RULE FOR THIS RENDER: show the product FORM and its stamped size/type markings only. Do NOT invent readable label text - no brand wordmarks, no batch numbers, no expiry dates. The MyGear card carries the exact name; the picture only has to be unmistakably this kind of thing.","Clamping range hardware visible; stainless finish if named ; stamped/labelled sizes readable: 1in, 2in ; house style holds (dark floor, orange rim glow, item fills ~75%, no text/people/price) ; no invented label text (brand/batch/expiry) anywhere in the image"
388,HELD_TOOLING,PIPECLAMP1IN-3IN,PIPECLAMP1IN-3IN.jpg,Pipe Clamp 1in - 3in,Industrial Tools & Equipment,1,The description does not uniquely determine the clamp/cutter mechanism,RENDER_FROM_DESCRIPTION,"THE ITEM: Pipe Clamp 1in - 3in. The pipe clamp at three-quarter angle, chain or yoke open. Three-quarter hero angle from slightly above, the working end toward the camera. THE MARKINGS THAT MUST BE READABLE: 1in | 3in. HOUSE STYLE (identical for every picture): studio product photograph on a near-black charcoal floor and backdrop (#14181F). One warm orange rim light raking in low from the left, a soft white top fill, and a gentle pool of orange glow on the floor under the item. Deep soft shadows, pin-sharp focus, high detail. The item is centred, filling about 75% of a square 800x800 frame. Nothing else in shot: no hands, no people, no props, no added text or watermark, no price, no other brand's logo - only markings the real item carries. LABEL RULE FOR THIS RENDER: show the product FORM and its stamped size/type markings only. Do NOT invent readable label text - no brand wordmarks, no batch numbers, no expiry dates. The MyGear card carries the exact name; the picture only has to be unmistakably this kind of thing.","Clamping range hardware visible; stainless finish if named ; stamped/labelled sizes readable: 1in, 3in ; house style holds (dark floor, orange rim glow, item fills ~75%, no text/people/price) ; no invented label text (brand/batch/expiry) anywhere in the image"
389,HELD_TOOLING,PIPECLAMP254TO915MMSS,PIPECLAMP254TO915MMSS.jpg,Pipe Clamp Stainless - 254mm - 915mm - Dearmon,Tools & Equipment,3,The description does not uniquely determine the clamp/cutter mechanism,RENDER_FROM_DESCRIPTION,"THE ITEM: Pipe Clamp Stainless - 254mm - 915mm - Dearmon. The pipe clamp at three-quarter angle, chain or yoke open. Three-quarter hero angle from slightly above, the working end toward the camera. THE MARKINGS THAT MUST BE READABLE: 254mm | 915mm. HOUSE STYLE (identical for every picture): studio product photograph on a near-black charcoal floor and backdrop (#14181F). One warm orange rim light raking in low from the left, a soft white top fill, and a gentle pool of orange glow on the floor under the item. Deep soft shadows, pin-sharp focus, high detail. The item is centred, filling about 75% of a square 800x800 frame. Nothing else in shot: no hands, no people, no props, no added text or watermark, no price, no other brand's logo - only markings the real item carries. LABEL RULE FOR THIS RENDER: show the product FORM and its stamped size/type markings only. Do NOT invent readable label text - no brand wordmarks, no batch numbers, no expiry dates. The MyGear card carries the exact name; the picture only has to be unmistakably this kind of thing.","Clamping range hardware visible; stainless finish if named ; stamped/labelled sizes readable: 254mm, 915mm ; house style holds (dark floor, orange rim glow, item fills ~75%, no text/people/price) ; no invented label text (brand/batch/expiry) anywhere in the image"
390,HELD_TOOLING,PIPECLAMP2IN-6IN,PIPECLAMP2IN-6IN.jpg,Pipe Clamp 2in - 6in,Industrial Tools & Equipment,1,The description does not uniquely determine the clamp/cutter mechanism,RENDER_FROM_DESCRIPTION,"THE ITEM: Pipe Clamp 2in - 6in. The pipe clamp at three-quarter angle, chain or yoke open. Three-quarter hero angle from slightly above, the working end toward the camera. THE MARKINGS THAT MUST BE READABLE: 2in | 6in. HOUSE STYLE (identical for every picture): studio product photograph on a near-black charcoal floor and backdrop (#14181F). One warm orange rim light raking in low from the left, a soft white top fill, and a gentle pool of orange glow on the floor under the item. Deep soft shadows, pin-sharp focus, high detail. The item is centred, filling about 75% of a square 800x800 frame. Nothing else in shot: no hands, no people, no props, no added text or watermark, no price, no other brand's logo - only markings the real item carries. LABEL RULE FOR THIS RENDER: show the product FORM and its stamped size/type markings only. Do NOT invent readable label text - no brand wordmarks, no batch numbers, no expiry dates. The MyGear card carries the exact name; the picture only has to be unmistakably this kind of thing.","Clamping range hardware visible; stainless finish if named ; stamped/labelled sizes readable: 2in, 6in ; house style holds (dark floor, orange rim glow, item fills ~75%, no text/people/price) ; no invented label text (brand/batch/expiry) anywhere in the image"
391,HELD_TOOLING,PIPECUTTER4-6IN,PIPECUTTER4-6IN.jpg,Pipe Cutter 4in-6in,Industrial Tools & Equipment,1,The description does not uniquely determine the clamp/cutter mechanism,RENDER_FROM_DESCRIPTION,"THE ITEM: Pipe Cutter 4in-6in. The item at a three-quarter hero angle on the dark floor, working side toward the camera. Three-quarter hero angle from slightly above, the working end toward the camera. THE MARKINGS THAT MUST BE READABLE: 4in | 6in. HOUSE STYLE (identical for every picture): studio product photograph on a near-black charcoal floor and backdrop (#14181F). One warm orange rim light raking in low from the left, a soft white top fill, and a gentle pool of orange glow on the floor under the item. Deep soft shadows, pin-sharp focus, high detail. The item is centred, filling about 75% of a square 800x800 frame. Nothing else in shot: no hands, no people, no props, no added text or watermark, no price, no other brand's logo - only markings the real item carries. LABEL RULE FOR THIS RENDER: show the product FORM and its stamped size/type markings only. Do NOT invent readable label text - no brand wordmarks, no batch numbers, no expiry dates. The MyGear card carries the exact name; the picture only has to be unmistakably this kind of thing.","Item type unmistakably matches the register name ; stamped/labelled sizes readable: 4in, 6in ; house style holds (dark floor, orange rim glow, item fills ~75%, no text/people/price) ; no invented label text (brand/batch/expiry) anywhere in the image"
392,HELD_TOOLING,PLASMACUT10MM240V,PLASMACUT10MM240V.jpg,Plasma Cutter 10mm Electric,Welding,1,Welder or powered welding equipment,RENDER_FROM_DESCRIPTION,"THE ITEM: Plasma Cutter 10mm Electric. The item at a three-quarter hero angle on the dark floor, working side toward the camera. Three-quarter hero angle from slightly above, the working end toward the camera. THE MARKINGS THAT MUST BE READABLE: 10mm. HOUSE STYLE (identical for every picture): studio product photograph on a near-black charcoal floor and backdrop (#14181F). One warm orange rim light raking in low from the left, a soft white top fill, and a gentle pool of orange glow on the floor under the item. Deep soft shadows, pin-sharp focus, high detail. The item is centred, filling about 75% of a square 800x800 frame. Nothing else in shot: no hands, no people, no props, no added text or watermark, no price, no other brand's logo - only markings the real item carries. LABEL RULE FOR THIS RENDER: show the product FORM and its stamped size/type markings only. Do NOT invent readable label text - no brand wordmarks, no batch numbers, no expiry dates. The MyGear card carries the exact name; the picture only has to be unmistakably this kind of thing.","Item type unmistakably matches the register name ; stamped/labelled sizes readable: 10mm ; house style holds (dark floor, orange rim glow, item fills ~75%, no text/people/price) ; no invented label text (brand/batch/expiry) anywhere in the image"
393,HELD_TOOLING,PLASMACUTTER25,PLASMACUTTER25.jpg,"Plasma Cutter 25mm cutting capacity, 415V x 32amp plug",Welding,1,Welder or powered welding equipment,RENDER_FROM_DESCRIPTION,"THE ITEM: Plasma Cutter 25mm cutting capacity, 415V x 32amp plug. The item at a three-quarter hero angle on the dark floor, working side toward the camera. Three-quarter hero angle from slightly above, the working end toward the camera. THE MARKINGS THAT MUST BE READABLE: 25mm | 415v. HOUSE STYLE (identical for every picture): studio product photograph on a near-black charcoal floor and backdrop (#14181F). One warm orange rim light raking in low from the left, a soft white top fill, and a gentle pool of orange glow on the floor under the item. Deep soft shadows, pin-sharp focus, high detail. The item is centred, filling about 75% of a square 800x800 frame. Nothing else in shot: no hands, no people, no props, no added text or watermark, no price, no other brand's logo - only markings the real item carries. LABEL RULE FOR THIS RENDER: show the product FORM and its stamped size/type markings only. Do NOT invent readable label text - no brand wordmarks, no batch numbers, no expiry dates. The MyGear card carries the exact name; the picture only has to be unmistakably this kind of thing.","Item type unmistakably matches the register name ; stamped/labelled sizes readable: 25mm, 415v ; house style holds (dark floor, orange rim glow, item fills ~75%, no text/people/price) ; no invented label text (brand/batch/expiry) anywhere in the image"
394,HELD_TOOLING,PLASMACUTTER40,PLASMACUTTER40.jpg,"Plasma Cutter 40mm cutting capacity, 415V x 32amp plug",Welding,3,Welder or powered welding equipment,RENDER_FROM_DESCRIPTION,"THE ITEM: Plasma Cutter 40mm cutting capacity, 415V x 32amp plug. The item at a three-quarter hero angle on the dark floor, working side toward the camera. Three-quarter hero angle from slightly above, the working end toward the camera. THE MARKINGS THAT MUST BE READABLE: 40mm | 415v. HOUSE STYLE (identical for every picture): studio product photograph on a near-black charcoal floor and backdrop (#14181F). One warm orange rim light raking in low from the left, a soft white top fill, and a gentle pool of orange glow on the floor under the item. Deep soft shadows, pin-sharp focus, high detail. The item is centred, filling about 75% of a square 800x800 frame. Nothing else in shot: no hands, no people, no props, no added text or watermark, no price, no other brand's logo - only markings the real item carries. LABEL RULE FOR THIS RENDER: show the product FORM and its stamped size/type markings only. Do NOT invent readable label text - no brand wordmarks, no batch numbers, no expiry dates. The MyGear card carries the exact name; the picture only has to be unmistakably this kind of thing.","Item type unmistakably matches the register name ; stamped/labelled sizes readable: 40mm, 415v ; house style holds (dark floor, orange rim glow, item fills ~75%, no text/people/price) ; no invented label text (brand/batch/expiry) anywhere in the image"
395,HELD_TOOLING,PLASMAHANDPIECE,PLASMAHANDPIECE.jpg,Plasma Handpiece,Welding,2,"Second pass: powered, pneumatic, plant, lifting or model-specific equipment",RENDER_FROM_DESCRIPTION,"THE ITEM: Plasma Handpiece. The item at a three-quarter hero angle on the dark floor, working side toward the camera. Three-quarter hero angle from slightly above, the working end toward the camera. HOUSE STYLE (identical for every picture): studio product photograph on a near-black charcoal floor and backdrop (#14181F). One warm orange rim light raking in low from the left, a soft white top fill, and a gentle pool of orange glow on the floor under the item. Deep soft shadows, pin-sharp focus, high detail. The item is centred, filling about 75% of a square 800x800 frame. Nothing else in shot: no hands, no people, no props, no added text or watermark, no price, no other brand's logo - only markings the real item carries. LABEL RULE FOR THIS RENDER: show the product FORM and its stamped size/type markings only. Do NOT invent readable label text - no brand wordmarks, no batch numbers, no expiry dates. The MyGear card carries the exact name; the picture only has to be unmistakably this kind of thing.","Item type unmistakably matches the register name ; house style holds (dark floor, orange rim glow, item fills ~75%, no text/people/price) ; no invented label text (brand/batch/expiry) anywhere in the image"
396,PLANT_AND_TAGGED,POPRIVETERBAT,POPRIVETERBAT.jpg,Pop Riveter - Battery - Greener Choice,Tools & Equipment,2,Road 1 real-unit hold,RENDER_FROM_DESCRIPTION,"THE ITEM: Pop Riveter - Battery - Greener Choice. The battery pack standing upright, contacts toward the camera, charge-gauge face visible. Standing upright on the floor, camera at item height, three-quarter view so two faces show. HOUSE STYLE (identical for every picture): studio product photograph on a near-black charcoal floor and backdrop (#14181F). One warm orange rim light raking in low from the left, a soft white top fill, and a gentle pool of orange glow on the floor under the item. Deep soft shadows, pin-sharp focus, high detail. The item is centred, filling about 75% of a square 800x800 frame. Nothing else in shot: no hands, no people, no props, no added text or watermark, no price, no other brand's logo - only markings the real item carries. LABEL RULE FOR THIS RENDER: show the product FORM and its stamped size/type markings only. Do NOT invent readable label text - no brand wordmarks, no batch numbers, no expiry dates. The MyGear card carries the exact name; the picture only has to be unmistakably this kind of thing.","Voltage class legible; contact end visible ; house style holds (dark floor, orange rim glow, item fills ~75%, no text/people/price) ; no invented label text (brand/batch/expiry) anywhere in the image"
397,PLANT_AND_TAGGED,POWERSUPPLY3.6KWBAT,POWERSUPPLY3.6KWBAT.jpg,Power Supply 3.6kW Battery,Tools & Equipment,3,Road 1 real-unit hold,RENDER_FROM_DESCRIPTION,"THE ITEM: Power Supply 3.6kW Battery. The battery pack standing upright, contacts toward the camera, charge-gauge face visible. Standing upright on the floor, camera at item height, three-quarter view so two faces show. HOUSE STYLE (identical for every picture): studio product photograph on a near-black charcoal floor and backdrop (#14181F). One warm orange rim light raking in low from the left, a soft white top fill, and a gentle pool of orange glow on the floor under the item. Deep soft shadows, pin-sharp focus, high detail. The item is centred, filling about 75% of a square 800x800 frame. Nothing else in shot: no hands, no people, no props, no added text or watermark, no price, no other brand's logo - only markings the real item carries. LABEL RULE FOR THIS RENDER: show the product FORM and its stamped size/type markings only. Do NOT invent readable label text - no brand wordmarks, no batch numbers, no expiry dates. The MyGear card carries the exact name; the picture only has to be unmistakably this kind of thing.","Voltage class legible; contact end visible ; house style holds (dark floor, orange rim glow, item fills ~75%, no text/people/price) ; no invented label text (brand/batch/expiry) anywhere in the image"
398,HELD_TOOLING,PROPANETORCH,PROPANETORCH.jpg,Propane Torch,Welding,13,Gas connection and regulator geometry is safety-relevant,RENDER_FROM_DESCRIPTION,"THE ITEM: Propane Torch. The item at a three-quarter hero angle on the dark floor, working side toward the camera. Three-quarter hero angle from slightly above, the working end toward the camera. HOUSE STYLE (identical for every picture): studio product photograph on a near-black charcoal floor and backdrop (#14181F). One warm orange rim light raking in low from the left, a soft white top fill, and a gentle pool of orange glow on the floor under the item. Deep soft shadows, pin-sharp focus, high detail. The item is centred, filling about 75% of a square 800x800 frame. Nothing else in shot: no hands, no people, no props, no added text or watermark, no price, no other brand's logo - only markings the real item carries. LABEL RULE FOR THIS RENDER: show the product FORM and its stamped size/type markings only. Do NOT invent readable label text - no brand wordmarks, no batch numbers, no expiry dates. The MyGear card carries the exact name; the picture only has to be unmistakably this kind of thing.","Item type unmistakably matches the register name ; house style holds (dark floor, orange rim glow, item fills ~75%, no text/people/price) ; no invented label text (brand/batch/expiry) anywhere in the image"
399,PLANT_AND_TAGGED,RADIOBATTERYMOTOROLANNTN8129IMPRES,RADIOBATTERYMOTOROLANNTN8129IMPRES.jpg,Motorola NNTN8129 IMPRES Battery,Coates Equipment,104,Road 1 real-unit hold,RENDER_FROM_DESCRIPTION,"THE ITEM: Motorola NNTN8129 IMPRES Battery. The battery pack standing upright, contacts toward the camera, charge-gauge face visible. Standing upright on the floor, camera at item height, three-quarter view so two faces show. HOUSE STYLE (identical for every picture): studio product photograph on a near-black charcoal floor and backdrop (#14181F). One warm orange rim light raking in low from the left, a soft white top fill, and a gentle pool of orange glow on the floor under the item. Deep soft shadows, pin-sharp focus, high detail. The item is centred, filling about 75% of a square 800x800 frame. Nothing else in shot: no hands, no people, no props, no added text or watermark, no price, no other brand's logo - only markings the real item carries. LABEL RULE FOR THIS RENDER: show the product FORM and its stamped size/type markings only. Do NOT invent readable label text - no brand wordmarks, no batch numbers, no expiry dates. The MyGear card carries the exact name; the picture only has to be unmistakably this kind of thing.","Voltage class legible; contact end visible ; house style holds (dark floor, orange rim glow, item fills ~75%, no text/people/price) ; no invented label text (brand/batch/expiry) anywhere in the image"
400,PLANT_AND_TAGGED,RADIOCOVER,RADIOCOVER.jpg,Radio Cover,Tools & Equipment,37,Road 1 real-unit hold,RENDER_FROM_DESCRIPTION,"THE ITEM: Radio Cover. The handheld radio upright, screen and keys toward the camera, antenna up. Standing upright on the floor, camera at item height, three-quarter view so two faces show. HOUSE STYLE (identical for every picture): studio product photograph on a near-black charcoal floor and backdrop (#14181F). One warm orange rim light raking in low from the left, a soft white top fill, and a gentle pool of orange glow on the floor under the item. Deep soft shadows, pin-sharp focus, high detail. The item is centred, filling about 75% of a square 800x800 frame. Nothing else in shot: no hands, no people, no props, no added text or watermark, no price, no other brand's logo - only markings the real item carries. LABEL RULE FOR THIS RENDER: show the product FORM and its stamped size/type markings only. Do NOT invent readable label text - no brand wordmarks, no batch numbers, no expiry dates. The MyGear card carries the exact name; the picture only has to be unmistakably this kind of thing.","Screen face legible; antenna fitted; belt clip visible ; house style holds (dark floor, orange rim glow, item fills ~75%, no text/people/price) ; no invented label text (brand/batch/expiry) anywhere in the image"
401,HELD_TOOLING,REINFORCEDDUCTING300MM,REINFORCEDDUCTING300MM.jpg,Ducting - 300mm Reinforced (Per Metre),Tools & Equipment,46,Generic render could show the wrong construction or fittings,RENDER_FROM_DESCRIPTION,"THE ITEM: Ducting - 300mm Reinforced (Per Metre). The flexible duct in a short S-curve, one open end toward the camera. Coiled in a neat single loop, connectors/ends crossed to the front so both fittings are visible. THE MARKINGS THAT MUST BE READABLE: 300mm. HOUSE STYLE (identical for every picture): studio product photograph on a near-black charcoal floor and backdrop (#14181F). One warm orange rim light raking in low from the left, a soft white top fill, and a gentle pool of orange glow on the floor under the item. Deep soft shadows, pin-sharp focus, high detail. The item is centred, filling about 75% of a square 800x800 frame. Nothing else in shot: no hands, no people, no props, no added text or watermark, no price, no other brand's logo - only markings the real item carries. LABEL RULE FOR THIS RENDER: show the product FORM and its stamped size/type markings only. Do NOT invent readable label text - no brand wordmarks, no batch numbers, no expiry dates. The MyGear card carries the exact name; the picture only has to be unmistakably this kind of thing.","Diameter reads right; spiral flex structure visible ; stamped/labelled sizes readable: 300mm ; house style holds (dark floor, orange rim glow, item fills ~75%, no text/people/price) ; no invented label text (brand/batch/expiry) anywhere in the image"
402,HELD_TOOLING,RIDGIDPIPECUTTER666MM,RIDGIDPIPECUTTER666MM.jpg,Ridgid Pipe Cutter 6-66MM,Coates Tooling,2,The description does not uniquely determine the clamp/cutter mechanism,RENDER_FROM_DESCRIPTION,"THE ITEM: Ridgid Pipe Cutter 6-66MM. The item at a three-quarter hero angle on the dark floor, working side toward the camera. Three-quarter hero angle from slightly above, the working end toward the camera. THE MARKINGS THAT MUST BE READABLE: 66mm. HOUSE STYLE (identical for every picture): studio product photograph on a near-black charcoal floor and backdrop (#14181F). One warm orange rim light raking in low from the left, a soft white top fill, and a gentle pool of orange glow on the floor under the item. Deep soft shadows, pin-sharp focus, high detail. The item is centred, filling about 75% of a square 800x800 frame. Nothing else in shot: no hands, no people, no props, no added text or watermark, no price, no other brand's logo - only markings the real item carries. LABEL RULE FOR THIS RENDER: show the product FORM and its stamped size/type markings only. Do NOT invent readable label text - no brand wordmarks, no batch numbers, no expiry dates. The MyGear card carries the exact name; the picture only has to be unmistakably this kind of thing.","Item type unmistakably matches the register name ; stamped/labelled sizes readable: 66mm ; house style holds (dark floor, orange rim glow, item fills ~75%, no text/people/price) ; no invented label text (brand/batch/expiry) anywhere in the image"
403,HELD_TOOLING,RIVETBUSTERAIR,RIVETBUSTERAIR.jpg,Rivet Buster – Air,Air & Air Accessories,2,"Second pass: powered, pneumatic, plant, lifting or model-specific equipment",RENDER_FROM_DESCRIPTION,"THE ITEM: Rivet Buster – Air. The item at a three-quarter hero angle on the dark floor, working side toward the camera. Three-quarter hero angle from slightly above, the working end toward the camera. HOUSE STYLE (identical for every picture): studio product photograph on a near-black charcoal floor and backdrop (#14181F). One warm orange rim light raking in low from the left, a soft white top fill, and a gentle pool of orange glow on the floor under the item. Deep soft shadows, pin-sharp focus, high detail. The item is centred, filling about 75% of a square 800x800 frame. Nothing else in shot: no hands, no people, no props, no added text or watermark, no price, no other brand's logo - only markings the real item carries. LABEL RULE FOR THIS RENDER: show the product FORM and its stamped size/type markings only. Do NOT invent readable label text - no brand wordmarks, no batch numbers, no expiry dates. The MyGear card carries the exact name; the picture only has to be unmistakably this kind of thing.","Item type unmistakably matches the register name ; house style holds (dark floor, orange rim glow, item fills ~75%, no text/people/price) ; no invented label text (brand/batch/expiry) anywhere in the image"
404,HELD_TOOLING,ROPELANSINGTAIL,ROPELANSINGTAIL.jpg,Rope Lanyard - Single Tail,Tools & Equipment,10,Lifting/fall-protection gear,RENDER_FROM_DESCRIPTION,"THE ITEM: Rope Lanyard - Single Tail. The rope in a neat coil, one tail crossed to the front. Coiled in a neat single loop, connectors/ends crossed to the front so both fittings are visible. HOUSE STYLE (identical for every picture): studio product photograph on a near-black charcoal floor and backdrop (#14181F). One warm orange rim light raking in low from the left, a soft white top fill, and a gentle pool of orange glow on the floor under the item. Deep soft shadows, pin-sharp focus, high detail. The item is centred, filling about 75% of a square 800x800 frame. Nothing else in shot: no hands, no people, no props, no added text or watermark, no price, no other brand's logo - only markings the real item carries. LABEL RULE FOR THIS RENDER: show the product FORM and its stamped size/type markings only. Do NOT invent readable label text - no brand wordmarks, no batch numbers, no expiry dates. The MyGear card carries the exact name; the picture only has to be unmistakably this kind of thing.","Diameter reads right; fibre type reads correctly ; house style holds (dark floor, orange rim glow, item fills ~75%, no text/people/price) ; no invented label text (brand/batch/expiry) anywhere in the image"
405,PLANT_AND_TAGGED,ROUNDSLINGWLL1T1M,ROUNDSLINGWLL1T1M.jpg,"Round , Sling , WLL 1t, 1m","Lift, Shift & Propping",18,Road 1 real-unit hold,RENDER_FROM_DESCRIPTION,"THE ITEM: Round , Sling , WLL 1t, 1m. Neatly coiled, both end fittings crossed to the front. Coiled in a neat single loop, connectors/ends crossed to the front so both fittings are visible. THE MARKINGS THAT MUST BE READABLE: 1t | 1m. HOUSE STYLE (identical for every picture): studio product photograph on a near-black charcoal floor and backdrop (#14181F). One warm orange rim light raking in low from the left, a soft white top fill, and a gentle pool of orange glow on the floor under the item. Deep soft shadows, pin-sharp focus, high detail. The item is centred, filling about 75% of a square 800x800 frame. Nothing else in shot: no hands, no people, no props, no added text or watermark, no price, no other brand's logo - only markings the real item carries. LABEL RULE FOR THIS RENDER: show the product FORM and its stamped size/type markings only. Do NOT invent readable label text - no brand wordmarks, no batch numbers, no expiry dates. The MyGear card carries the exact name; the picture only has to be unmistakably this kind of thing.","Both end fittings visible; rated tag legible and flat ; stamped/labelled sizes readable: 1t, 1m ; house style holds (dark floor, orange rim glow, item fills ~75%, no text/people/price) ; no invented label text (brand/batch/expiry) anywhere in the image"
406,PLANT_AND_TAGGED,ROUNDSLINGWLL1T2M,ROUNDSLINGWLL1T2M.jpg,"Round , Sling , WLL 1t, 2m","Lift, Shift & Propping",14,Road 1 real-unit hold,RENDER_FROM_DESCRIPTION,"THE ITEM: Round , Sling , WLL 1t, 2m. Neatly coiled, both end fittings crossed to the front. Coiled in a neat single loop, connectors/ends crossed to the front so both fittings are visible. THE MARKINGS THAT MUST BE READABLE: 1t | 2m. HOUSE STYLE (identical for every picture): studio product photograph on a near-black charcoal floor and backdrop (#14181F). One warm orange rim light raking in low from the left, a soft white top fill, and a gentle pool of orange glow on the floor under the item. Deep soft shadows, pin-sharp focus, high detail. The item is centred, filling about 75% of a square 800x800 frame. Nothing else in shot: no hands, no people, no props, no added text or watermark, no price, no other brand's logo - only markings the real item carries. LABEL RULE FOR THIS RENDER: show the product FORM and its stamped size/type markings only. Do NOT invent readable label text - no brand wordmarks, no batch numbers, no expiry dates. The MyGear card carries the exact name; the picture only has to be unmistakably this kind of thing.","Both end fittings visible; rated tag legible and flat ; stamped/labelled sizes readable: 1t, 2m ; house style holds (dark floor, orange rim glow, item fills ~75%, no text/people/price) ; no invented label text (brand/batch/expiry) anywhere in the image"
407,PLANT_AND_TAGGED,ROUNDSLINGWLL1T3M,ROUNDSLINGWLL1T3M.jpg,"Round , Sling , WLL 1t, 3m","Lift, Shift & Propping",9,Road 1 real-unit hold,RENDER_FROM_DESCRIPTION,"THE ITEM: Round , Sling , WLL 1t, 3m. Neatly coiled, both end fittings crossed to the front. Coiled in a neat single loop, connectors/ends crossed to the front so both fittings are visible. THE MARKINGS THAT MUST BE READABLE: 1t | 3m. HOUSE STYLE (identical for every picture): studio product photograph on a near-black charcoal floor and backdrop (#14181F). One warm orange rim light raking in low from the left, a soft white top fill, and a gentle pool of orange glow on the floor under the item. Deep soft shadows, pin-sharp focus, high detail. The item is centred, filling about 75% of a square 800x800 frame. Nothing else in shot: no hands, no people, no props, no added text or watermark, no price, no other brand's logo - only markings the real item carries. LABEL RULE FOR THIS RENDER: show the product FORM and its stamped size/type markings only. Do NOT invent readable label text - no brand wordmarks, no batch numbers, no expiry dates. The MyGear card carries the exact name; the picture only has to be unmistakably this kind of thing.","Both end fittings visible; rated tag legible and flat ; stamped/labelled sizes readable: 1t, 3m ; house style holds (dark floor, orange rim glow, item fills ~75%, no text/people/price) ; no invented label text (brand/batch/expiry) anywhere in the image"
408,PLANT_AND_TAGGED,ROUNDSLINGWLL1T4M,ROUNDSLINGWLL1T4M.jpg,"Round , Sling , WLL 1t, 4m","Lift, Shift & Propping",8,Road 1 real-unit hold,RENDER_FROM_DESCRIPTION,"THE ITEM: Round , Sling , WLL 1t, 4m. Neatly coiled, both end fittings crossed to the front. Coiled in a neat single loop, connectors/ends crossed to the front so both fittings are visible. THE MARKINGS THAT MUST BE READABLE: 1t | 4m. HOUSE STYLE (identical for every picture): studio product photograph on a near-black charcoal floor and backdrop (#14181F). One warm orange rim light raking in low from the left, a soft white top fill, and a gentle pool of orange glow on the floor under the item. Deep soft shadows, pin-sharp focus, high detail. The item is centred, filling about 75% of a square 800x800 frame. Nothing else in shot: no hands, no people, no props, no added text or watermark, no price, no other brand's logo - only markings the real item carries. LABEL RULE FOR THIS RENDER: show the product FORM and its stamped size/type markings only. Do NOT invent readable label text - no brand wordmarks, no batch numbers, no expiry dates. The MyGear card carries the exact name; the picture only has to be unmistakably this kind of thing.","Both end fittings visible; rated tag legible and flat ; stamped/labelled sizes readable: 1t, 4m ; house style holds (dark floor, orange rim glow, item fills ~75%, no text/people/price) ; no invented label text (brand/batch/expiry) anywhere in the image"
409,PLANT_AND_TAGGED,ROUNDSLINGWLL2T1M,ROUNDSLINGWLL2T1M.jpg,"Round , Sling , WLL 2t, 1m","Lift, Shift & Propping",13,Road 1 real-unit hold,RENDER_FROM_DESCRIPTION,"THE ITEM: Round , Sling , WLL 2t, 1m. Neatly coiled, both end fittings crossed to the front. Coiled in a neat single loop, connectors/ends crossed to the front so both fittings are visible. THE MARKINGS THAT MUST BE READABLE: 2t | 1m. HOUSE STYLE (identical for every picture): studio product photograph on a near-black charcoal floor and backdrop (#14181F). One warm orange rim light raking in low from the left, a soft white top fill, and a gentle pool of orange glow on the floor under the item. Deep soft shadows, pin-sharp focus, high detail. The item is centred, filling about 75% of a square 800x800 frame. Nothing else in shot: no hands, no people, no props, no added text or watermark, no price, no other brand's logo - only markings the real item carries. LABEL RULE FOR THIS RENDER: show the product FORM and its stamped size/type markings only. Do NOT invent readable label text - no brand wordmarks, no batch numbers, no expiry dates. The MyGear card carries the exact name; the picture only has to be unmistakably this kind of thing.","Both end fittings visible; rated tag legible and flat ; stamped/labelled sizes readable: 2t, 1m ; house style holds (dark floor, orange rim glow, item fills ~75%, no text/people/price) ; no invented label text (brand/batch/expiry) anywhere in the image"
410,PLANT_AND_TAGGED,ROUNDSLINGWLL2T2M,ROUNDSLINGWLL2T2M.jpg,"Round , Sling , WLL 2t, 2m","Lift, Shift & Propping",4,Road 1 real-unit hold,RENDER_FROM_DESCRIPTION,"THE ITEM: Round , Sling , WLL 2t, 2m. Neatly coiled, both end fittings crossed to the front. Coiled in a neat single loop, connectors/ends crossed to the front so both fittings are visible. THE MARKINGS THAT MUST BE READABLE: 2t | 2m. HOUSE STYLE (identical for every picture): studio product photograph on a near-black charcoal floor and backdrop (#14181F). One warm orange rim light raking in low from the left, a soft white top fill, and a gentle pool of orange glow on the floor under the item. Deep soft shadows, pin-sharp focus, high detail. The item is centred, filling about 75% of a square 800x800 frame. Nothing else in shot: no hands, no people, no props, no added text or watermark, no price, no other brand's logo - only markings the real item carries. LABEL RULE FOR THIS RENDER: show the product FORM and its stamped size/type markings only. Do NOT invent readable label text - no brand wordmarks, no batch numbers, no expiry dates. The MyGear card carries the exact name; the picture only has to be unmistakably this kind of thing.","Both end fittings visible; rated tag legible and flat ; stamped/labelled sizes readable: 2t, 2m ; house style holds (dark floor, orange rim glow, item fills ~75%, no text/people/price) ; no invented label text (brand/batch/expiry) anywhere in the image"
411,PLANT_AND_TAGGED,ROUNDSLINGWLL2T3M,ROUNDSLINGWLL2T3M.jpg,"Round , Sling , WLL 2t, 3m","Lift, Shift & Propping",8,Road 1 real-unit hold,RENDER_FROM_DESCRIPTION,"THE ITEM: Round , Sling , WLL 2t, 3m. Neatly coiled, both end fittings crossed to the front. Coiled in a neat single loop, connectors/ends crossed to the front so both fittings are visible. THE MARKINGS THAT MUST BE READABLE: 2t | 3m. HOUSE STYLE (identical for every picture): studio product photograph on a near-black charcoal floor and backdrop (#14181F). One warm orange rim light raking in low from the left, a soft white top fill, and a gentle pool of orange glow on the floor under the item. Deep soft shadows, pin-sharp focus, high detail. The item is centred, filling about 75% of a square 800x800 frame. Nothing else in shot: no hands, no people, no props, no added text or watermark, no price, no other brand's logo - only markings the real item carries. LABEL RULE FOR THIS RENDER: show the product FORM and its stamped size/type markings only. Do NOT invent readable label text - no brand wordmarks, no batch numbers, no expiry dates. The MyGear card carries the exact name; the picture only has to be unmistakably this kind of thing.","Both end fittings visible; rated tag legible and flat ; stamped/labelled sizes readable: 2t, 3m ; house style holds (dark floor, orange rim glow, item fills ~75%, no text/people/price) ; no invented label text (brand/batch/expiry) anywhere in the image"
412,PLANT_AND_TAGGED,ROUNDSLINGWLL2T4M,ROUNDSLINGWLL2T4M.jpg,"Round , Sling , WLL 2t, 4m","Lift, Shift & Propping",7,Road 1 real-unit hold,RENDER_FROM_DESCRIPTION,"THE ITEM: Round , Sling , WLL 2t, 4m. Neatly coiled, both end fittings crossed to the front. Coiled in a neat single loop, connectors/ends crossed to the front so both fittings are visible. THE MARKINGS THAT MUST BE READABLE: 2t | 4m. HOUSE STYLE (identical for every picture): studio product photograph on a near-black charcoal floor and backdrop (#14181F). One warm orange rim light raking in low from the left, a soft white top fill, and a gentle pool of orange glow on the floor under the item. Deep soft shadows, pin-sharp focus, high detail. The item is centred, filling about 75% of a square 800x800 frame. Nothing else in shot: no hands, no people, no props, no added text or watermark, no price, no other brand's logo - only markings the real item carries. LABEL RULE FOR THIS RENDER: show the product FORM and its stamped size/type markings only. Do NOT invent readable label text - no brand wordmarks, no batch numbers, no expiry dates. The MyGear card carries the exact name; the picture only has to be unmistakably this kind of thing.","Both end fittings visible; rated tag legible and flat ; stamped/labelled sizes readable: 2t, 4m ; house style holds (dark floor, orange rim glow, item fills ~75%, no text/people/price) ; no invented label text (brand/batch/expiry) anywhere in the image"
413,PLANT_AND_TAGGED,ROUNDSLINGWLL3T1M,ROUNDSLINGWLL3T1M.jpg,"Round , Sling , WLL 3t, 1m","Lift, Shift & Propping",14,Road 1 real-unit hold,RENDER_FROM_DESCRIPTION,"THE ITEM: Round , Sling , WLL 3t, 1m. Neatly coiled, both end fittings crossed to the front. Coiled in a neat single loop, connectors/ends crossed to the front so both fittings are visible. THE MARKINGS THAT MUST BE READABLE: 3t | 1m. HOUSE STYLE (identical for every picture): studio product photograph on a near-black charcoal floor and backdrop (#14181F). One warm orange rim light raking in low from the left, a soft white top fill, and a gentle pool of orange glow on the floor under the item. Deep soft shadows, pin-sharp focus, high detail. The item is centred, filling about 75% of a square 800x800 frame. Nothing else in shot: no hands, no people, no props, no added text or watermark, no price, no other brand's logo - only markings the real item carries. LABEL RULE FOR THIS RENDER: show the product FORM and its stamped size/type markings only. Do NOT invent readable label text - no brand wordmarks, no batch numbers, no expiry dates. The MyGear card carries the exact name; the picture only has to be unmistakably this kind of thing.","Both end fittings visible; rated tag legible and flat ; stamped/labelled sizes readable: 3t, 1m ; house style holds (dark floor, orange rim glow, item fills ~75%, no text/people/price) ; no invented label text (brand/batch/expiry) anywhere in the image"
414,PLANT_AND_TAGGED,ROUNDSLINGWLL3T2M,ROUNDSLINGWLL3T2M.jpg,"Round , Sling , WLL 3t, 2m","Lift, Shift & Propping",8,Road 1 real-unit hold,RENDER_FROM_DESCRIPTION,"THE ITEM: Round , Sling , WLL 3t, 2m. Neatly coiled, both end fittings crossed to the front. Coiled in a neat single loop, connectors/ends crossed to the front so both fittings are visible. THE MARKINGS THAT MUST BE READABLE: 3t | 2m. HOUSE STYLE (identical for every picture): studio product photograph on a near-black charcoal floor and backdrop (#14181F). One warm orange rim light raking in low from the left, a soft white top fill, and a gentle pool of orange glow on the floor under the item. Deep soft shadows, pin-sharp focus, high detail. The item is centred, filling about 75% of a square 800x800 frame. Nothing else in shot: no hands, no people, no props, no added text or watermark, no price, no other brand's logo - only markings the real item carries. LABEL RULE FOR THIS RENDER: show the product FORM and its stamped size/type markings only. Do NOT invent readable label text - no brand wordmarks, no batch numbers, no expiry dates. The MyGear card carries the exact name; the picture only has to be unmistakably this kind of thing.","Both end fittings visible; rated tag legible and flat ; stamped/labelled sizes readable: 3t, 2m ; house style holds (dark floor, orange rim glow, item fills ~75%, no text/people/price) ; no invented label text (brand/batch/expiry) anywhere in the image"
415,PLANT_AND_TAGGED,ROUNDSLINGWLL3T3M,ROUNDSLINGWLL3T3M.jpg,"Round , Sling , WLL 3t, 3m","Lift, Shift & Propping",10,Road 1 real-unit hold,RENDER_FROM_DESCRIPTION,"THE ITEM: Round , Sling , WLL 3t, 3m. Neatly coiled, both end fittings crossed to the front. Coiled in a neat single loop, connectors/ends crossed to the front so both fittings are visible. THE MARKINGS THAT MUST BE READABLE: 3t | 3m. HOUSE STYLE (identical for every picture): studio product photograph on a near-black charcoal floor and backdrop (#14181F). One warm orange rim light raking in low from the left, a soft white top fill, and a gentle pool of orange glow on the floor under the item. Deep soft shadows, pin-sharp focus, high detail. The item is centred, filling about 75% of a square 800x800 frame. Nothing else in shot: no hands, no people, no props, no added text or watermark, no price, no other brand's logo - only markings the real item carries. LABEL RULE FOR THIS RENDER: show the product FORM and its stamped size/type markings only. Do NOT invent readable label text - no brand wordmarks, no batch numbers, no expiry dates. The MyGear card carries the exact name; the picture only has to be unmistakably this kind of thing.","Both end fittings visible; rated tag legible and flat ; stamped/labelled sizes readable: 3t, 3m ; house style holds (dark floor, orange rim glow, item fills ~75%, no text/people/price) ; no invented label text (brand/batch/expiry) anywhere in the image"
416,PLANT_AND_TAGGED,ROUNDSLINGWLL3T4M,ROUNDSLINGWLL3T4M.jpg,"Round , Sling , WLL 3t, 4m","Lift, Shift & Propping",7,Road 1 real-unit hold,RENDER_FROM_DESCRIPTION,"THE ITEM: Round , Sling , WLL 3t, 4m. Neatly coiled, both end fittings crossed to the front. Coiled in a neat single loop, connectors/ends crossed to the front so both fittings are visible. THE MARKINGS THAT MUST BE READABLE: 3t | 4m. HOUSE STYLE (identical for every picture): studio product photograph on a near-black charcoal floor and backdrop (#14181F). One warm orange rim light raking in low from the left, a soft white top fill, and a gentle pool of orange glow on the floor under the item. Deep soft shadows, pin-sharp focus, high detail. The item is centred, filling about 75% of a square 800x800 frame. Nothing else in shot: no hands, no people, no props, no added text or watermark, no price, no other brand's logo - only markings the real item carries. LABEL RULE FOR THIS RENDER: show the product FORM and its stamped size/type markings only. Do NOT invent readable label text - no brand wordmarks, no batch numbers, no expiry dates. The MyGear card carries the exact name; the picture only has to be unmistakably this kind of thing.","Both end fittings visible; rated tag legible and flat ; stamped/labelled sizes readable: 3t, 4m ; house style holds (dark floor, orange rim glow, item fills ~75%, no text/people/price) ; no invented label text (brand/batch/expiry) anywhere in the image"
417,PLANT_AND_TAGGED,ROUNDSLINGWLL3T6M,ROUNDSLINGWLL3T6M.jpg,"Round , Sling , WLL 3t, 6m","Lift, Shift & Propping",7,Road 1 real-unit hold,RENDER_FROM_DESCRIPTION,"THE ITEM: Round , Sling , WLL 3t, 6m. Neatly coiled, both end fittings crossed to the front. Coiled in a neat single loop, connectors/ends crossed to the front so both fittings are visible. THE MARKINGS THAT MUST BE READABLE: 3t | 6m. HOUSE STYLE (identical for every picture): studio product photograph on a near-black charcoal floor and backdrop (#14181F). One warm orange rim light raking in low from the left, a soft white top fill, and a gentle pool of orange glow on the floor under the item. Deep soft shadows, pin-sharp focus, high detail. The item is centred, filling about 75% of a square 800x800 frame. Nothing else in shot: no hands, no people, no props, no added text or watermark, no price, no other brand's logo - only markings the real item carries. LABEL RULE FOR THIS RENDER: show the product FORM and its stamped size/type markings only. Do NOT invent readable label text - no brand wordmarks, no batch numbers, no expiry dates. The MyGear card carries the exact name; the picture only has to be unmistakably this kind of thing.","Both end fittings visible; rated tag legible and flat ; stamped/labelled sizes readable: 3t, 6m ; house style holds (dark floor, orange rim glow, item fills ~75%, no text/people/price) ; no invented label text (brand/batch/expiry) anywhere in the image"
418,HELD_TOOLING,RUBCHUTE1M,RUBCHUTE1M.jpg,Rubbish Chute 1M,"Lift, Shift & Propping",70,"Second pass: powered, pneumatic, plant, lifting or model-specific equipment",RENDER_FROM_DESCRIPTION,"THE ITEM: Rubbish Chute 1M. The item at a three-quarter hero angle on the dark floor, working side toward the camera. Three-quarter hero angle from slightly above, the working end toward the camera. THE MARKINGS THAT MUST BE READABLE: 1m. HOUSE STYLE (identical for every picture): studio product photograph on a near-black charcoal floor and backdrop (#14181F). One warm orange rim light raking in low from the left, a soft white top fill, and a gentle pool of orange glow on the floor under the item. Deep soft shadows, pin-sharp focus, high detail. The item is centred, filling about 75% of a square 800x800 frame. Nothing else in shot: no hands, no people, no props, no added text or watermark, no price, no other brand's logo - only markings the real item carries. LABEL RULE FOR THIS RENDER: show the product FORM and its stamped size/type markings only. Do NOT invent readable label text - no brand wordmarks, no batch numbers, no expiry dates. The MyGear card carries the exact name; the picture only has to be unmistakably this kind of thing.","Item type unmistakably matches the register name ; stamped/labelled sizes readable: 1m ; house style holds (dark floor, orange rim glow, item fills ~75%, no text/people/price) ; no invented label text (brand/batch/expiry) anywhere in the image"
419,HELD_TOOLING,RUBCHUTETOPHOPPER,RUBCHUTETOPHOPPER.jpg,Rubbish Chute Top Hopper,"Lift, Shift & Propping",8,"Second pass: powered, pneumatic, plant, lifting or model-specific equipment",RENDER_FROM_DESCRIPTION,"THE ITEM: Rubbish Chute Top Hopper. The item at a three-quarter hero angle on the dark floor, working side toward the camera. Three-quarter hero angle from slightly above, the working end toward the camera. HOUSE STYLE (identical for every picture): studio product photograph on a near-black charcoal floor and backdrop (#14181F). One warm orange rim light raking in low from the left, a soft white top fill, and a gentle pool of orange glow on the floor under the item. Deep soft shadows, pin-sharp focus, high detail. The item is centred, filling about 75% of a square 800x800 frame. Nothing else in shot: no hands, no people, no props, no added text or watermark, no price, no other brand's logo - only markings the real item carries. LABEL RULE FOR THIS RENDER: show the product FORM and its stamped size/type markings only. Do NOT invent readable label text - no brand wordmarks, no batch numbers, no expiry dates. The MyGear card carries the exact name; the picture only has to be unmistakably this kind of thing.","Item type unmistakably matches the register name ; house style holds (dark floor, orange rim glow, item fills ~75%, no text/people/price) ; no invented label text (brand/batch/expiry) anywhere in the image"
420,PLANT_AND_TAGGED,SAFEHARNESSCS,SAFEHARNESSCS.jpg,Safety Harness Confined Space,Tools & Equipment,19,Road 1 real-unit hold,RENDER_FROM_DESCRIPTION,"THE ITEM: Safety Harness Confined Space. The harness hung open on an invisible support so the strap layout reads like worn. Standing upright on the floor, camera at item height, three-quarter view so two faces show. HOUSE STYLE (identical for every picture): studio product photograph on a near-black charcoal floor and backdrop (#14181F). One warm orange rim light raking in low from the left, a soft white top fill, and a gentle pool of orange glow on the floor under the item. Deep soft shadows, pin-sharp focus, high detail. The item is centred, filling about 75% of a square 800x800 frame. Nothing else in shot: no hands, no people, no props, no added text or watermark, no price, no other brand's logo - only markings the real item carries. LABEL RULE FOR THIS RENDER: show the product FORM and its stamped size/type markings only. Do NOT invent readable label text - no brand wordmarks, no batch numbers, no expiry dates. The MyGear card carries the exact name; the picture only has to be unmistakably this kind of thing.","Dorsal D-ring visible; leg loops hang correctly ; house style holds (dark floor, orange rim glow, item fills ~75%, no text/people/price) ; no invented label text (brand/batch/expiry) anywhere in the image"
421,HELD_TOOLING,SAFETYANCHORSTRAP,SAFETYANCHORSTRAP.jpg,Safety Anchor Strap,Industrial Tools & Equipment,23,Specialised safety/accessory product shape is not generic,RENDER_FROM_DESCRIPTION,"THE ITEM: Safety Anchor Strap. The item at a three-quarter hero angle on the dark floor, working side toward the camera. Three-quarter hero angle from slightly above, the working end toward the camera. HOUSE STYLE (identical for every picture): studio product photograph on a near-black charcoal floor and backdrop (#14181F). One warm orange rim light raking in low from the left, a soft white top fill, and a gentle pool of orange glow on the floor under the item. Deep soft shadows, pin-sharp focus, high detail. The item is centred, filling about 75% of a square 800x800 frame. Nothing else in shot: no hands, no people, no props, no added text or watermark, no price, no other brand's logo - only markings the real item carries. LABEL RULE FOR THIS RENDER: show the product FORM and its stamped size/type markings only. Do NOT invent readable label text - no brand wordmarks, no batch numbers, no expiry dates. The MyGear card carries the exact name; the picture only has to be unmistakably this kind of thing.","Item type unmistakably matches the register name ; house style holds (dark floor, orange rim glow, item fills ~75%, no text/people/price) ; no invented label text (brand/batch/expiry) anywhere in the image"
422,HELD_TOOLING,SAFETYHOOKFLOGG,SAFETYHOOKFLOGG.jpg,Safety Holder - Flogger,Tools & Equipment,14,Specialised safety/accessory product shape is not generic,RENDER_FROM_DESCRIPTION,"THE ITEM: Safety Holder - Flogger. The item at a three-quarter hero angle on the dark floor, working side toward the camera. Three-quarter hero angle from slightly above, the working end toward the camera. HOUSE STYLE (identical for every picture): studio product photograph on a near-black charcoal floor and backdrop (#14181F). One warm orange rim light raking in low from the left, a soft white top fill, and a gentle pool of orange glow on the floor under the item. Deep soft shadows, pin-sharp focus, high detail. The item is centred, filling about 75% of a square 800x800 frame. Nothing else in shot: no hands, no people, no props, no added text or watermark, no price, no other brand's logo - only markings the real item carries. LABEL RULE FOR THIS RENDER: show the product FORM and its stamped size/type markings only. Do NOT invent readable label text - no brand wordmarks, no batch numbers, no expiry dates. The MyGear card carries the exact name; the picture only has to be unmistakably this kind of thing.","Item type unmistakably matches the register name ; house style holds (dark floor, orange rim glow, item fills ~75%, no text/people/price) ; no invented label text (brand/batch/expiry) anywhere in the image"
423,HELD_TOOLING,SAFETYLANYARD2M,SAFETYLANYARD2M.jpg,Safety Lanyard - 2m,Industrial Tools & Equipment,2,Lifting/fall-protection gear,RENDER_FROM_DESCRIPTION,"THE ITEM: Safety Lanyard - 2m. The item at a three-quarter hero angle on the dark floor, working side toward the camera. Three-quarter hero angle from slightly above, the working end toward the camera. THE MARKINGS THAT MUST BE READABLE: 2m. HOUSE STYLE (identical for every picture): studio product photograph on a near-black charcoal floor and backdrop (#14181F). One warm orange rim light raking in low from the left, a soft white top fill, and a gentle pool of orange glow on the floor under the item. Deep soft shadows, pin-sharp focus, high detail. The item is centred, filling about 75% of a square 800x800 frame. Nothing else in shot: no hands, no people, no props, no added text or watermark, no price, no other brand's logo - only markings the real item carries. LABEL RULE FOR THIS RENDER: show the product FORM and its stamped size/type markings only. Do NOT invent readable label text - no brand wordmarks, no batch numbers, no expiry dates. The MyGear card carries the exact name; the picture only has to be unmistakably this kind of thing.","Item type unmistakably matches the register name ; stamped/labelled sizes readable: 2m ; house style holds (dark floor, orange rim glow, item fills ~75%, no text/people/price) ; no invented label text (brand/batch/expiry) anywhere in the image"
424,HELD_TOOLING,SAFETYLANYARDTWIN,SAFETYLANYARDTWIN.jpg,Safety Lanyard - Twin,Tools & Equipment,9,Lifting/fall-protection gear,RENDER_FROM_DESCRIPTION,"THE ITEM: Safety Lanyard - Twin. The item at a three-quarter hero angle on the dark floor, working side toward the camera. Three-quarter hero angle from slightly above, the working end toward the camera. HOUSE STYLE (identical for every picture): studio product photograph on a near-black charcoal floor and backdrop (#14181F). One warm orange rim light raking in low from the left, a soft white top fill, and a gentle pool of orange glow on the floor under the item. Deep soft shadows, pin-sharp focus, high detail. The item is centred, filling about 75% of a square 800x800 frame. Nothing else in shot: no hands, no people, no props, no added text or watermark, no price, no other brand's logo - only markings the real item carries. LABEL RULE FOR THIS RENDER: show the product FORM and its stamped size/type markings only. Do NOT invent readable label text - no brand wordmarks, no batch numbers, no expiry dates. The MyGear card carries the exact name; the picture only has to be unmistakably this kind of thing.","Item type unmistakably matches the register name ; house style holds (dark floor, orange rim glow, item fills ~75%, no text/people/price) ; no invented label text (brand/batch/expiry) anywhere in the image"
425,HELD_TOOLING,SAFETYSTEP,SAFETYSTEP.jpg,Safety Step,Tools & Equipment,19,Specialised safety/accessory product shape is not generic,RENDER_FROM_DESCRIPTION,"THE ITEM: Safety Step. The item at a three-quarter hero angle on the dark floor, working side toward the camera. Three-quarter hero angle from slightly above, the working end toward the camera. HOUSE STYLE (identical for every picture): studio product photograph on a near-black charcoal floor and backdrop (#14181F). One warm orange rim light raking in low from the left, a soft white top fill, and a gentle pool of orange glow on the floor under the item. Deep soft shadows, pin-sharp focus, high detail. The item is centred, filling about 75% of a square 800x800 frame. Nothing else in shot: no hands, no people, no props, no added text or watermark, no price, no other brand's logo - only markings the real item carries. LABEL RULE FOR THIS RENDER: show the product FORM and its stamped size/type markings only. Do NOT invent readable label text - no brand wordmarks, no batch numbers, no expiry dates. The MyGear card carries the exact name; the picture only has to be unmistakably this kind of thing.","Item type unmistakably matches the register name ; house style holds (dark floor, orange rim glow, item fills ~75%, no text/people/price) ; no invented label text (brand/batch/expiry) anywhere in the image"
426,PLANT_AND_TAGGED,SAWCIRC165MMBAT,SAWCIRC165MMBAT.jpg,Saw Circular 165mm  Battery,Tools & Equipment,1,Road 1 real-unit hold,RENDER_FROM_DESCRIPTION,"THE ITEM: Saw Circular 165mm  Battery. The battery pack standing upright, contacts toward the camera, charge-gauge face visible. Standing upright on the floor, camera at item height, three-quarter view so two faces show. THE MARKINGS THAT MUST BE READABLE: 165mm. HOUSE STYLE (identical for every picture): studio product photograph on a near-black charcoal floor and backdrop (#14181F). One warm orange rim light raking in low from the left, a soft white top fill, and a gentle pool of orange glow on the floor under the item. Deep soft shadows, pin-sharp focus, high detail. The item is centred, filling about 75% of a square 800x800 frame. Nothing else in shot: no hands, no people, no props, no added text or watermark, no price, no other brand's logo - only markings the real item carries. LABEL RULE FOR THIS RENDER: show the product FORM and its stamped size/type markings only. Do NOT invent readable label text - no brand wordmarks, no batch numbers, no expiry dates. The MyGear card carries the exact name; the picture only has to be unmistakably this kind of thing.","Voltage class legible; contact end visible ; stamped/labelled sizes readable: 165mm ; house style holds (dark floor, orange rim glow, item fills ~75%, no text/people/price) ; no invented label text (brand/batch/expiry) anywhere in the image"
427,PLANT_AND_TAGGED,SAWCIRC184MMBAT,SAWCIRC184MMBAT.jpg,Saw Circular 184mm Battery,Tools & Equipment,6,Road 1 real-unit hold,RENDER_FROM_DESCRIPTION,"THE ITEM: Saw Circular 184mm Battery. The battery pack standing upright, contacts toward the camera, charge-gauge face visible. Standing upright on the floor, camera at item height, three-quarter view so two faces show. THE MARKINGS THAT MUST BE READABLE: 184mm. HOUSE STYLE (identical for every picture): studio product photograph on a near-black charcoal floor and backdrop (#14181F). One warm orange rim light raking in low from the left, a soft white top fill, and a gentle pool of orange glow on the floor under the item. Deep soft shadows, pin-sharp focus, high detail. The item is centred, filling about 75% of a square 800x800 frame. Nothing else in shot: no hands, no people, no props, no added text or watermark, no price, no other brand's logo - only markings the real item carries. LABEL RULE FOR THIS RENDER: show the product FORM and its stamped size/type markings only. Do NOT invent readable label text - no brand wordmarks, no batch numbers, no expiry dates. The MyGear card carries the exact name; the picture only has to be unmistakably this kind of thing.","Voltage class legible; contact end visible ; stamped/labelled sizes readable: 184mm ; house style holds (dark floor, orange rim glow, item fills ~75%, no text/people/price) ; no invented label text (brand/batch/expiry) anywhere in the image"
428,HELD_TOOLING,SAWCIRCULAR240V185MM,SAWCIRCULAR240V185MM.jpg,Saw - Circular- 185mm - 240V,Tools & Equipment,1,"Second pass: powered, pneumatic, plant, lifting or model-specific equipment",RENDER_FROM_DESCRIPTION,"THE ITEM: Saw - Circular- 185mm - 240V. The item at a three-quarter hero angle on the dark floor, working side toward the camera. Three-quarter hero angle from slightly above, the working end toward the camera. THE MARKINGS THAT MUST BE READABLE: 185mm | 240v. HOUSE STYLE (identical for every picture): studio product photograph on a near-black charcoal floor and backdrop (#14181F). One warm orange rim light raking in low from the left, a soft white top fill, and a gentle pool of orange glow on the floor under the item. Deep soft shadows, pin-sharp focus, high detail. The item is centred, filling about 75% of a square 800x800 frame. Nothing else in shot: no hands, no people, no props, no added text or watermark, no price, no other brand's logo - only markings the real item carries. LABEL RULE FOR THIS RENDER: show the product FORM and its stamped size/type markings only. Do NOT invent readable label text - no brand wordmarks, no batch numbers, no expiry dates. The MyGear card carries the exact name; the picture only has to be unmistakably this kind of thing.","Item type unmistakably matches the register name ; stamped/labelled sizes readable: 185mm, 240v ; house style holds (dark floor, orange rim glow, item fills ~75%, no text/people/price) ; no invented label text (brand/batch/expiry) anywhere in the image"
429,HELD_TOOLING,SAWCIRCULAR240V235MM,SAWCIRCULAR240V235MM.jpg,Saw - Circular- 235mm - 240V,Tools & Equipment,1,"Second pass: powered, pneumatic, plant, lifting or model-specific equipment",RENDER_FROM_DESCRIPTION,"THE ITEM: Saw - Circular- 235mm - 240V. The item at a three-quarter hero angle on the dark floor, working side toward the camera. Three-quarter hero angle from slightly above, the working end toward the camera. THE MARKINGS THAT MUST BE READABLE: 235mm | 240v. HOUSE STYLE (identical for every picture): studio product photograph on a near-black charcoal floor and backdrop (#14181F). One warm orange rim light raking in low from the left, a soft white top fill, and a gentle pool of orange glow on the floor under the item. Deep soft shadows, pin-sharp focus, high detail. The item is centred, filling about 75% of a square 800x800 frame. Nothing else in shot: no hands, no people, no props, no added text or watermark, no price, no other brand's logo - only markings the real item carries. LABEL RULE FOR THIS RENDER: show the product FORM and its stamped size/type markings only. Do NOT invent readable label text - no brand wordmarks, no batch numbers, no expiry dates. The MyGear card carries the exact name; the picture only has to be unmistakably this kind of thing.","Item type unmistakably matches the register name ; stamped/labelled sizes readable: 235mm, 240v ; house style holds (dark floor, orange rim glow, item fills ~75%, no text/people/price) ; no invented label text (brand/batch/expiry) anywhere in the image"
430,HELD_TOOLING,SAWMETCUT355MM240V,SAWMETCUT355MM240V.jpg,Saw Metal Cut Off 355mm Electric,Tools & Equipment,1,"Second pass: powered, pneumatic, plant, lifting or model-specific equipment",RENDER_FROM_DESCRIPTION,"THE ITEM: Saw Metal Cut Off 355mm Electric. The item at a three-quarter hero angle on the dark floor, working side toward the camera. Three-quarter hero angle from slightly above, the working end toward the camera. THE MARKINGS THAT MUST BE READABLE: 355mm. HOUSE STYLE (identical for every picture): studio product photograph on a near-black charcoal floor and backdrop (#14181F). One warm orange rim light raking in low from the left, a soft white top fill, and a gentle pool of orange glow on the floor under the item. Deep soft shadows, pin-sharp focus, high detail. The item is centred, filling about 75% of a square 800x800 frame. Nothing else in shot: no hands, no people, no props, no added text or watermark, no price, no other brand's logo - only markings the real item carries. LABEL RULE FOR THIS RENDER: show the product FORM and its stamped size/type markings only. Do NOT invent readable label text - no brand wordmarks, no batch numbers, no expiry dates. The MyGear card carries the exact name; the picture only has to be unmistakably this kind of thing.","Item type unmistakably matches the register name ; stamped/labelled sizes readable: 355mm ; house style holds (dark floor, orange rim glow, item fills ~75%, no text/people/price) ; no invented label text (brand/batch/expiry) anywhere in the image"
431,HELD_TOOLING,SAWRECCORDLESS18V,SAWRECCORDLESS18V.jpg,Saw - Reciprocating Cordless 18V - Greener Choice,Tools & Equipment,4,"Second pass: powered, pneumatic, plant, lifting or model-specific equipment",RENDER_FROM_DESCRIPTION,"THE ITEM: Saw - Reciprocating Cordless 18V - Greener Choice. The item at a three-quarter hero angle on the dark floor, working side toward the camera. Three-quarter hero angle from slightly above, the working end toward the camera. THE MARKINGS THAT MUST BE READABLE: 18v. HOUSE STYLE (identical for every picture): studio product photograph on a near-black charcoal floor and backdrop (#14181F). One warm orange rim light raking in low from the left, a soft white top fill, and a gentle pool of orange glow on the floor under the item. Deep soft shadows, pin-sharp focus, high detail. The item is centred, filling about 75% of a square 800x800 frame. Nothing else in shot: no hands, no people, no props, no added text or watermark, no price, no other brand's logo - only markings the real item carries. LABEL RULE FOR THIS RENDER: show the product FORM and its stamped size/type markings only. Do NOT invent readable label text - no brand wordmarks, no batch numbers, no expiry dates. The MyGear card carries the exact name; the picture only has to be unmistakably this kind of thing.","Item type unmistakably matches the register name ; stamped/labelled sizes readable: 18v ; house style holds (dark floor, orange rim glow, item fills ~75%, no text/people/price) ; no invented label text (brand/batch/expiry) anywhere in the image"
432,HELD_TOOLING,SAWSABRE240V,SAWSABRE240V.jpg,Saw - Sabre (240V),Tools & Equipment,1,"Second pass: powered, pneumatic, plant, lifting or model-specific equipment",RENDER_FROM_DESCRIPTION,"THE ITEM: Saw - Sabre (240V). The item at a three-quarter hero angle on the dark floor, working side toward the camera. Three-quarter hero angle from slightly above, the working end toward the camera. THE MARKINGS THAT MUST BE READABLE: 240v. HOUSE STYLE (identical for every picture): studio product photograph on a near-black charcoal floor and backdrop (#14181F). One warm orange rim light raking in low from the left, a soft white top fill, and a gentle pool of orange glow on the floor under the item. Deep soft shadows, pin-sharp focus, high detail. The item is centred, filling about 75% of a square 800x800 frame. Nothing else in shot: no hands, no people, no props, no added text or watermark, no price, no other brand's logo - only markings the real item carries. LABEL RULE FOR THIS RENDER: show the product FORM and its stamped size/type markings only. Do NOT invent readable label text - no brand wordmarks, no batch numbers, no expiry dates. The MyGear card carries the exact name; the picture only has to be unmistakably this kind of thing.","Item type unmistakably matches the register name ; stamped/labelled sizes readable: 240v ; house style holds (dark floor, orange rim glow, item fills ~75%, no text/people/price) ; no invented label text (brand/batch/expiry) anywhere in the image"
433,HELD_TOOLING,SCABBLERAIR3HEAD,SCABBLERAIR3HEAD.jpg,Scabbler - Air - 3 Head,Air & Air Accessories,3,"Second pass: powered, pneumatic, plant, lifting or model-specific equipment",RENDER_FROM_DESCRIPTION,"THE ITEM: Scabbler - Air - 3 Head. The item at a three-quarter hero angle on the dark floor, working side toward the camera. Three-quarter hero angle from slightly above, the working end toward the camera. HOUSE STYLE (identical for every picture): studio product photograph on a near-black charcoal floor and backdrop (#14181F). One warm orange rim light raking in low from the left, a soft white top fill, and a gentle pool of orange glow on the floor under the item. Deep soft shadows, pin-sharp focus, high detail. The item is centred, filling about 75% of a square 800x800 frame. Nothing else in shot: no hands, no people, no props, no added text or watermark, no price, no other brand's logo - only markings the real item carries. LABEL RULE FOR THIS RENDER: show the product FORM and its stamped size/type markings only. Do NOT invent readable label text - no brand wordmarks, no batch numbers, no expiry dates. The MyGear card carries the exact name; the picture only has to be unmistakably this kind of thing.","Item type unmistakably matches the register name ; house style holds (dark floor, orange rim glow, item fills ~75%, no text/people/price) ; no invented label text (brand/batch/expiry) anywhere in the image"
434,PLANT_AND_TAGGED,SCISSOR19EOP,SCISSOR19EOP.jpg,Scissor Lift With Operator Protection 19ft (5.7m)  Electric - Greener Choice,Access,3,Road 1 real-unit hold,RENDER_FROM_DESCRIPTION,"THE ITEM: Scissor Lift With Operator Protection 19ft (5.7m)  Electric - Greener Choice. The machine at three-quarter angle, platform slightly raised. Three-quarter hero angle from slightly above, the working end toward the camera. THE MARKINGS THAT MUST BE READABLE: 5.7m | 19ft. HOUSE STYLE (identical for every picture): studio product photograph on a near-black charcoal floor and backdrop (#14181F). One warm orange rim light raking in low from the left, a soft white top fill, and a gentle pool of orange glow on the floor under the item. Deep soft shadows, pin-sharp focus, high detail. The item is centred, filling about 75% of a square 800x800 frame. Nothing else in shot: no hands, no people, no props, no added text or watermark, no price, no other brand's logo - only markings the real item carries. LABEL RULE FOR THIS RENDER: show the product FORM and its stamped size/type markings only. Do NOT invent readable label text - no brand wordmarks, no batch numbers, no expiry dates. The MyGear card carries the exact name; the picture only has to be unmistakably this kind of thing.","Platform, rails and controls visible; electric class reads right ; stamped/labelled sizes readable: 5.7m, 19ft ; house style holds (dark floor, orange rim glow, item fills ~75%, no text/people/price) ; no invented label text (brand/batch/expiry) anywhere in the image"
435,PLANT_AND_TAGGED,SCISSOR32EOP,SCISSOR32EOP.jpg,Scissor Lift With Operator Protection 32ft (9.7m)  Electric,Access,1,Road 1 real-unit hold,RENDER_FROM_DESCRIPTION,"THE ITEM: Scissor Lift With Operator Protection 32ft (9.7m)  Electric. The machine at three-quarter angle, platform slightly raised. Three-quarter hero angle from slightly above, the working end toward the camera. THE MARKINGS THAT MUST BE READABLE: 9.7m | 32ft. HOUSE STYLE (identical for every picture): studio product photograph on a near-black charcoal floor and backdrop (#14181F). One warm orange rim light raking in low from the left, a soft white top fill, and a gentle pool of orange glow on the floor under the item. Deep soft shadows, pin-sharp focus, high detail. The item is centred, filling about 75% of a square 800x800 frame. Nothing else in shot: no hands, no people, no props, no added text or watermark, no price, no other brand's logo - only markings the real item carries. LABEL RULE FOR THIS RENDER: show the product FORM and its stamped size/type markings only. Do NOT invent readable label text - no brand wordmarks, no batch numbers, no expiry dates. The MyGear card carries the exact name; the picture only has to be unmistakably this kind of thing.","Platform, rails and controls visible; electric class reads right ; stamped/labelled sizes readable: 9.7m, 32ft ; house style holds (dark floor, orange rim glow, item fills ~75%, no text/people/price) ; no invented label text (brand/batch/expiry) anywhere in the image"
436,HELD_TOOLING,SCKSET3/8DAM,SCKSET3_8DAM.jpg,Socket Set - 3/8in Drive - Af/Met,Industrial Tools & Equipment,1,Set contents/case layout are not uniquely specified,RENDER_FROM_DESCRIPTION,"THE ITEM: Socket Set - 3/8in Drive - Af/Met. The full set open in its blow-mould case, sockets in size order. Laid flat on the floor at a 30-45 degree diagonal, camera high at about 40 degrees so the whole length is in frame. THE MARKINGS THAT MUST BE READABLE: 3/8in. HOUSE STYLE (identical for every picture): studio product photograph on a near-black charcoal floor and backdrop (#14181F). One warm orange rim light raking in low from the left, a soft white top fill, and a gentle pool of orange glow on the floor under the item. Deep soft shadows, pin-sharp focus, high detail. The item is centred, filling about 75% of a square 800x800 frame. Nothing else in shot: no hands, no people, no props, no added text or watermark, no price, no other brand's logo - only markings the real item carries. LABEL RULE FOR THIS RENDER: show the product FORM and its stamped size/type markings only. Do NOT invent readable label text - no brand wordmarks, no batch numbers, no expiry dates. The MyGear card carries the exact name; the picture only has to be unmistakably this kind of thing.","Open case with every socket seated; drive size correct; sizes ascend left to right ; stamped/labelled sizes readable: 3/8in ; house style holds (dark floor, orange rim glow, item fills ~75%, no text/people/price) ; no invented label text (brand/batch/expiry) anywhere in the image"
437,HELD_TOOLING,SCREWDRIVERSET,SCREWDRIVERSET.jpg,Screw Driver Set,Tools & Equipment,5,Set contents/case layout are not uniquely specified,RENDER_FROM_DESCRIPTION,"THE ITEM: Screw Driver Set. The item at a three-quarter hero angle on the dark floor, working side toward the camera. Three-quarter hero angle from slightly above, the working end toward the camera. HOUSE STYLE (identical for every picture): studio product photograph on a near-black charcoal floor and backdrop (#14181F). One warm orange rim light raking in low from the left, a soft white top fill, and a gentle pool of orange glow on the floor under the item. Deep soft shadows, pin-sharp focus, high detail. The item is centred, filling about 75% of a square 800x800 frame. Nothing else in shot: no hands, no people, no props, no added text or watermark, no price, no other brand's logo - only markings the real item carries. LABEL RULE FOR THIS RENDER: show the product FORM and its stamped size/type markings only. Do NOT invent readable label text - no brand wordmarks, no batch numbers, no expiry dates. The MyGear card carries the exact name; the picture only has to be unmistakably this kind of thing.","Item type unmistakably matches the register name ; house style holds (dark floor, orange rim glow, item fills ~75%, no text/people/price) ; no invented label text (brand/batch/expiry) anywhere in the image"
438,HELD_TOOLING,SCREWGUNCORDLESS,SCREWGUNCORDLESS.jpg,Screw Driver Cordless - Greener Choice,Tools & Equipment,3,"Second pass: powered, pneumatic, plant, lifting or model-specific equipment",RENDER_FROM_DESCRIPTION,"THE ITEM: Screw Driver Cordless - Greener Choice. The item at a three-quarter hero angle on the dark floor, working side toward the camera. Three-quarter hero angle from slightly above, the working end toward the camera. HOUSE STYLE (identical for every picture): studio product photograph on a near-black charcoal floor and backdrop (#14181F). One warm orange rim light raking in low from the left, a soft white top fill, and a gentle pool of orange glow on the floor under the item. Deep soft shadows, pin-sharp focus, high detail. The item is centred, filling about 75% of a square 800x800 frame. Nothing else in shot: no hands, no people, no props, no added text or watermark, no price, no other brand's logo - only markings the real item carries. LABEL RULE FOR THIS RENDER: show the product FORM and its stamped size/type markings only. Do NOT invent readable label text - no brand wordmarks, no batch numbers, no expiry dates. The MyGear card carries the exact name; the picture only has to be unmistakably this kind of thing.","Item type unmistakably matches the register name ; house style holds (dark floor, orange rim glow, item fills ~75%, no text/people/price) ; no invented label text (brand/batch/expiry) anywhere in the image"
439,PLANT_AND_TAGGED,SHACKBWSP3.25,SHACKBWSP3.25.jpg,Shackle - Bow - Safety Pin 3.25t,"Lift, Shift & Propping",1,Road 1 real-unit hold,RENDER_FROM_DESCRIPTION,"THE ITEM: Shackle - Bow - Safety Pin 3.25t. One shackle standing on its bow, pin toward the camera. Standing upright on the floor, camera at item height, three-quarter view so two faces show. THE MARKINGS THAT MUST BE READABLE: 3.25t. HOUSE STYLE (identical for every picture): studio product photograph on a near-black charcoal floor and backdrop (#14181F). One warm orange rim light raking in low from the left, a soft white top fill, and a gentle pool of orange glow on the floor under the item. Deep soft shadows, pin-sharp focus, high detail. The item is centred, filling about 75% of a square 800x800 frame. Nothing else in shot: no hands, no people, no props, no added text or watermark, no price, no other brand's logo - only markings the real item carries. LABEL RULE FOR THIS RENDER: show the product FORM and its stamped size/type markings only. Do NOT invent readable label text - no brand wordmarks, no batch numbers, no expiry dates. The MyGear card carries the exact name; the picture only has to be unmistakably this kind of thing.","Pin and bow both visible; rated stamp toward camera ; stamped/labelled sizes readable: 3.25t ; house style holds (dark floor, orange rim glow, item fills ~75%, no text/people/price) ; no invented label text (brand/batch/expiry) anywhere in the image"
440,HELD_TOOLING,SHEARSCORDLESS,SHEARSCORDLESS.jpg,Shears Metal – Cordless (18V) - Greener Choice,Tools & Equipment,1,"Second pass: powered, pneumatic, plant, lifting or model-specific equipment",RENDER_FROM_DESCRIPTION,"THE ITEM: Shears Metal – Cordless (18V) - Greener Choice. The item at a three-quarter hero angle on the dark floor, working side toward the camera. Three-quarter hero angle from slightly above, the working end toward the camera. THE MARKINGS THAT MUST BE READABLE: 18v. HOUSE STYLE (identical for every picture): studio product photograph on a near-black charcoal floor and backdrop (#14181F). One warm orange rim light raking in low from the left, a soft white top fill, and a gentle pool of orange glow on the floor under the item. Deep soft shadows, pin-sharp focus, high detail. The item is centred, filling about 75% of a square 800x800 frame. Nothing else in shot: no hands, no people, no props, no added text or watermark, no price, no other brand's logo - only markings the real item carries. LABEL RULE FOR THIS RENDER: show the product FORM and its stamped size/type markings only. Do NOT invent readable label text - no brand wordmarks, no batch numbers, no expiry dates. The MyGear card carries the exact name; the picture only has to be unmistakably this kind of thing.","Item type unmistakably matches the register name ; stamped/labelled sizes readable: 18v ; house style holds (dark floor, orange rim glow, item fills ~75%, no text/people/price) ; no invented label text (brand/batch/expiry) anywhere in the image"
441,HELD_TOOLING,SITESTORAGEBOX1.2M,SITESTORAGEBOX1.2M.jpg,Site Storage Box - 1.2M (1200mm x 750mm x 850mm),Site Accommodation,7,"Second pass: powered, pneumatic, plant, lifting or model-specific equipment",RENDER_FROM_DESCRIPTION,"THE ITEM: Site Storage Box - 1.2M (1200mm x 750mm x 850mm). The item at a three-quarter hero angle on the dark floor, working side toward the camera. Three-quarter hero angle from slightly above, the working end toward the camera. THE MARKINGS THAT MUST BE READABLE: 1200mm | 750mm | 850mm | 1.2m. HOUSE STYLE (identical for every picture): studio product photograph on a near-black charcoal floor and backdrop (#14181F). One warm orange rim light raking in low from the left, a soft white top fill, and a gentle pool of orange glow on the floor under the item. Deep soft shadows, pin-sharp focus, high detail. The item is centred, filling about 75% of a square 800x800 frame. Nothing else in shot: no hands, no people, no props, no added text or watermark, no price, no other brand's logo - only markings the real item carries. LABEL RULE FOR THIS RENDER: show the product FORM and its stamped size/type markings only. Do NOT invent readable label text - no brand wordmarks, no batch numbers, no expiry dates. The MyGear card carries the exact name; the picture only has to be unmistakably this kind of thing.","Item type unmistakably matches the register name ; stamped/labelled sizes readable: 1200mm, 750mm, 850mm, 1.2m ; house style holds (dark floor, orange rim glow, item fills ~75%, no text/people/price) ; no invented label text (brand/batch/expiry) anywhere in the image"
442,HELD_TOOLING,SLIDEHAMPUL18P,SLIDEHAMPUL18P.jpg,Slide Hammer Puller Set 18 Piece,Industrial Tools & Equipment,1,Set contents/case layout are not uniquely specified,RENDER_FROM_DESCRIPTION,"THE ITEM: Slide Hammer Puller Set 18 Piece. One hammer laid diagonal, head to the upper left catching the light. Laid flat on the floor at a 30-45 degree diagonal, camera high at about 40 degrees so the whole length is in frame. HOUSE STYLE (identical for every picture): studio product photograph on a near-black charcoal floor and backdrop (#14181F). One warm orange rim light raking in low from the left, a soft white top fill, and a gentle pool of orange glow on the floor under the item. Deep soft shadows, pin-sharp focus, high detail. The item is centred, filling about 75% of a square 800x800 frame. Nothing else in shot: no hands, no people, no props, no added text or watermark, no price, no other brand's logo - only markings the real item carries. LABEL RULE FOR THIS RENDER: show the product FORM and its stamped size/type markings only. Do NOT invent readable label text - no brand wordmarks, no batch numbers, no expiry dates. The MyGear card carries the exact name; the picture only has to be unmistakably this kind of thing.","Head material reads right (copper glows warm); handle type matches the name ; house style holds (dark floor, orange rim glow, item fills ~75%, no text/people/price) ; no invented label text (brand/batch/expiry) anywhere in the image"
443,PLANT_AND_TAGGED,SLINGROUND1T1.5M,SLINGROUND1T1.5M.jpg,Sling Round - 1t - 1.5M,"Lift, Shift & Propping",4,Road 1 real-unit hold,RENDER_FROM_DESCRIPTION,"THE ITEM: Sling Round - 1t - 1.5M. Neatly coiled, both end fittings crossed to the front. Coiled in a neat single loop, connectors/ends crossed to the front so both fittings are visible. THE MARKINGS THAT MUST BE READABLE: 1t | 1.5m. HOUSE STYLE (identical for every picture): studio product photograph on a near-black charcoal floor and backdrop (#14181F). One warm orange rim light raking in low from the left, a soft white top fill, and a gentle pool of orange glow on the floor under the item. Deep soft shadows, pin-sharp focus, high detail. The item is centred, filling about 75% of a square 800x800 frame. Nothing else in shot: no hands, no people, no props, no added text or watermark, no price, no other brand's logo - only markings the real item carries. LABEL RULE FOR THIS RENDER: show the product FORM and its stamped size/type markings only. Do NOT invent readable label text - no brand wordmarks, no batch numbers, no expiry dates. The MyGear card carries the exact name; the picture only has to be unmistakably this kind of thing.","Both end fittings visible; rated tag legible and flat ; stamped/labelled sizes readable: 1t, 1.5m ; house style holds (dark floor, orange rim glow, item fills ~75%, no text/people/price) ; no invented label text (brand/batch/expiry) anywhere in the image"
444,PLANT_AND_TAGGED,SLINGROUND1T1M,SLINGROUND1T1M.jpg,Sling Round - 1t - 1M,"Lift, Shift & Propping",34,Road 1 real-unit hold,RENDER_FROM_DESCRIPTION,"THE ITEM: Sling Round - 1t - 1M. Neatly coiled, both end fittings crossed to the front. Coiled in a neat single loop, connectors/ends crossed to the front so both fittings are visible. THE MARKINGS THAT MUST BE READABLE: 1t | 1m. HOUSE STYLE (identical for every picture): studio product photograph on a near-black charcoal floor and backdrop (#14181F). One warm orange rim light raking in low from the left, a soft white top fill, and a gentle pool of orange glow on the floor under the item. Deep soft shadows, pin-sharp focus, high detail. The item is centred, filling about 75% of a square 800x800 frame. Nothing else in shot: no hands, no people, no props, no added text or watermark, no price, no other brand's logo - only markings the real item carries. LABEL RULE FOR THIS RENDER: show the product FORM and its stamped size/type markings only. Do NOT invent readable label text - no brand wordmarks, no batch numbers, no expiry dates. The MyGear card carries the exact name; the picture only has to be unmistakably this kind of thing.","Both end fittings visible; rated tag legible and flat ; stamped/labelled sizes readable: 1t, 1m ; house style holds (dark floor, orange rim glow, item fills ~75%, no text/people/price) ; no invented label text (brand/batch/expiry) anywhere in the image"
445,PLANT_AND_TAGGED,SLINGROUND1T2M,SLINGROUND1T2M.jpg,Sling Round - 1t - 2M,"Lift, Shift & Propping",18,Road 1 real-unit hold,RENDER_FROM_DESCRIPTION,"THE ITEM: Sling Round - 1t - 2M. Neatly coiled, both end fittings crossed to the front. Coiled in a neat single loop, connectors/ends crossed to the front so both fittings are visible. THE MARKINGS THAT MUST BE READABLE: 1t | 2m. HOUSE STYLE (identical for every picture): studio product photograph on a near-black charcoal floor and backdrop (#14181F). One warm orange rim light raking in low from the left, a soft white top fill, and a gentle pool of orange glow on the floor under the item. Deep soft shadows, pin-sharp focus, high detail. The item is centred, filling about 75% of a square 800x800 frame. Nothing else in shot: no hands, no people, no props, no added text or watermark, no price, no other brand's logo - only markings the real item carries. LABEL RULE FOR THIS RENDER: show the product FORM and its stamped size/type markings only. Do NOT invent readable label text - no brand wordmarks, no batch numbers, no expiry dates. The MyGear card carries the exact name; the picture only has to be unmistakably this kind of thing.","Both end fittings visible; rated tag legible and flat ; stamped/labelled sizes readable: 1t, 2m ; house style holds (dark floor, orange rim glow, item fills ~75%, no text/people/price) ; no invented label text (brand/batch/expiry) anywhere in the image"
446,PLANT_AND_TAGGED,SLINGROUND1T3M,SLINGROUND1T3M.jpg,Sling Round - 1t - 3M,"Lift, Shift & Propping",10,Road 1 real-unit hold,RENDER_FROM_DESCRIPTION,"THE ITEM: Sling Round - 1t - 3M. Neatly coiled, both end fittings crossed to the front. Coiled in a neat single loop, connectors/ends crossed to the front so both fittings are visible. THE MARKINGS THAT MUST BE READABLE: 1t | 3m. HOUSE STYLE (identical for every picture): studio product photograph on a near-black charcoal floor and backdrop (#14181F). One warm orange rim light raking in low from the left, a soft white top fill, and a gentle pool of orange glow on the floor under the item. Deep soft shadows, pin-sharp focus, high detail. The item is centred, filling about 75% of a square 800x800 frame. Nothing else in shot: no hands, no people, no props, no added text or watermark, no price, no other brand's logo - only markings the real item carries. LABEL RULE FOR THIS RENDER: show the product FORM and its stamped size/type markings only. Do NOT invent readable label text - no brand wordmarks, no batch numbers, no expiry dates. The MyGear card carries the exact name; the picture only has to be unmistakably this kind of thing.","Both end fittings visible; rated tag legible and flat ; stamped/labelled sizes readable: 1t, 3m ; house style holds (dark floor, orange rim glow, item fills ~75%, no text/people/price) ; no invented label text (brand/batch/expiry) anywhere in the image"
447,PLANT_AND_TAGGED,SLINGROUND1T4M,SLINGROUND1T4M.jpg,"Round , Sling , WLL 1t, 4m","Lift, Shift & Propping",8,Road 1 real-unit hold,RENDER_FROM_DESCRIPTION,"THE ITEM: Round , Sling , WLL 1t, 4m. Neatly coiled, both end fittings crossed to the front. Coiled in a neat single loop, connectors/ends crossed to the front so both fittings are visible. THE MARKINGS THAT MUST BE READABLE: 1t | 4m. HOUSE STYLE (identical for every picture): studio product photograph on a near-black charcoal floor and backdrop (#14181F). One warm orange rim light raking in low from the left, a soft white top fill, and a gentle pool of orange glow on the floor under the item. Deep soft shadows, pin-sharp focus, high detail. The item is centred, filling about 75% of a square 800x800 frame. Nothing else in shot: no hands, no people, no props, no added text or watermark, no price, no other brand's logo - only markings the real item carries. LABEL RULE FOR THIS RENDER: show the product FORM and its stamped size/type markings only. Do NOT invent readable label text - no brand wordmarks, no batch numbers, no expiry dates. The MyGear card carries the exact name; the picture only has to be unmistakably this kind of thing.","Both end fittings visible; rated tag legible and flat ; stamped/labelled sizes readable: 1t, 4m ; house style holds (dark floor, orange rim glow, item fills ~75%, no text/people/price) ; no invented label text (brand/batch/expiry) anywhere in the image"
448,PLANT_AND_TAGGED,SLINGROUND2T(0.5M),SLINGROUND2T(0.5M).jpg,Sling-Round 2t (0.5m),"Lift, Shift & Propping",6,Road 1 real-unit hold,RENDER_FROM_DESCRIPTION,"THE ITEM: Sling-Round 2t (0.5m). Neatly coiled, both end fittings crossed to the front. Coiled in a neat single loop, connectors/ends crossed to the front so both fittings are visible. THE MARKINGS THAT MUST BE READABLE: 2t | 0.5m. HOUSE STYLE (identical for every picture): studio product photograph on a near-black charcoal floor and backdrop (#14181F). One warm orange rim light raking in low from the left, a soft white top fill, and a gentle pool of orange glow on the floor under the item. Deep soft shadows, pin-sharp focus, high detail. The item is centred, filling about 75% of a square 800x800 frame. Nothing else in shot: no hands, no people, no props, no added text or watermark, no price, no other brand's logo - only markings the real item carries. LABEL RULE FOR THIS RENDER: show the product FORM and its stamped size/type markings only. Do NOT invent readable label text - no brand wordmarks, no batch numbers, no expiry dates. The MyGear card carries the exact name; the picture only has to be unmistakably this kind of thing.","Both end fittings visible; rated tag legible and flat ; stamped/labelled sizes readable: 2t, 0.5m ; house style holds (dark floor, orange rim glow, item fills ~75%, no text/people/price) ; no invented label text (brand/batch/expiry) anywhere in the image"
449,PLANT_AND_TAGGED,SLINGROUND2T1M,SLINGROUND2T1M.jpg,Sling Round - 2t - 1M,"Lift, Shift & Propping",21,Road 1 real-unit hold,RENDER_FROM_DESCRIPTION,"THE ITEM: Sling Round - 2t - 1M. Neatly coiled, both end fittings crossed to the front. Coiled in a neat single loop, connectors/ends crossed to the front so both fittings are visible. THE MARKINGS THAT MUST BE READABLE: 2t | 1m. HOUSE STYLE (identical for every picture): studio product photograph on a near-black charcoal floor and backdrop (#14181F). One warm orange rim light raking in low from the left, a soft white top fill, and a gentle pool of orange glow on the floor under the item. Deep soft shadows, pin-sharp focus, high detail. The item is centred, filling about 75% of a square 800x800 frame. Nothing else in shot: no hands, no people, no props, no added text or watermark, no price, no other brand's logo - only markings the real item carries. LABEL RULE FOR THIS RENDER: show the product FORM and its stamped size/type markings only. Do NOT invent readable label text - no brand wordmarks, no batch numbers, no expiry dates. The MyGear card carries the exact name; the picture only has to be unmistakably this kind of thing.","Both end fittings visible; rated tag legible and flat ; stamped/labelled sizes readable: 2t, 1m ; house style holds (dark floor, orange rim glow, item fills ~75%, no text/people/price) ; no invented label text (brand/batch/expiry) anywhere in the image"
450,PLANT_AND_TAGGED,SLINGROUND2T2M,SLINGROUND2T2M.jpg,"Round , Sling , WLL 2t, 2m","Lift, Shift & Propping",4,Road 1 real-unit hold,RENDER_FROM_DESCRIPTION,"THE ITEM: Round , Sling , WLL 2t, 2m. Neatly coiled, both end fittings crossed to the front. Coiled in a neat single loop, connectors/ends crossed to the front so both fittings are visible. THE MARKINGS THAT MUST BE READABLE: 2t | 2m. HOUSE STYLE (identical for every picture): studio product photograph on a near-black charcoal floor and backdrop (#14181F). One warm orange rim light raking in low from the left, a soft white top fill, and a gentle pool of orange glow on the floor under the item. Deep soft shadows, pin-sharp focus, high detail. The item is centred, filling about 75% of a square 800x800 frame. Nothing else in shot: no hands, no people, no props, no added text or watermark, no price, no other brand's logo - only markings the real item carries. LABEL RULE FOR THIS RENDER: show the product FORM and its stamped size/type markings only. Do NOT invent readable label text - no brand wordmarks, no batch numbers, no expiry dates. The MyGear card carries the exact name; the picture only has to be unmistakably this kind of thing.","Both end fittings visible; rated tag legible and flat ; stamped/labelled sizes readable: 2t, 2m ; house style holds (dark floor, orange rim glow, item fills ~75%, no text/people/price) ; no invented label text (brand/batch/expiry) anywhere in the image"
451,PLANT_AND_TAGGED,SLINGROUND2T3M,SLINGROUND2T3M.jpg,"Round , Sling , WLL 2t, 3m","Lift, Shift & Propping",8,Road 1 real-unit hold,RENDER_FROM_DESCRIPTION,"THE ITEM: Round , Sling , WLL 2t, 3m. Neatly coiled, both end fittings crossed to the front. Coiled in a neat single loop, connectors/ends crossed to the front so both fittings are visible. THE MARKINGS THAT MUST BE READABLE: 2t | 3m. HOUSE STYLE (identical for every picture): studio product photograph on a near-black charcoal floor and backdrop (#14181F). One warm orange rim light raking in low from the left, a soft white top fill, and a gentle pool of orange glow on the floor under the item. Deep soft shadows, pin-sharp focus, high detail. The item is centred, filling about 75% of a square 800x800 frame. Nothing else in shot: no hands, no people, no props, no added text or watermark, no price, no other brand's logo - only markings the real item carries. LABEL RULE FOR THIS RENDER: show the product FORM and its stamped size/type markings only. Do NOT invent readable label text - no brand wordmarks, no batch numbers, no expiry dates. The MyGear card carries the exact name; the picture only has to be unmistakably this kind of thing.","Both end fittings visible; rated tag legible and flat ; stamped/labelled sizes readable: 2t, 3m ; house style holds (dark floor, orange rim glow, item fills ~75%, no text/people/price) ; no invented label text (brand/batch/expiry) anywhere in the image"
452,PLANT_AND_TAGGED,SLINGROUND2T4M,SLINGROUND2T4M.jpg,"Round , Sling , WLL 2t, 4m","Lift, Shift & Propping",7,Road 1 real-unit hold,RENDER_FROM_DESCRIPTION,"THE ITEM: Round , Sling , WLL 2t, 4m. Neatly coiled, both end fittings crossed to the front. Coiled in a neat single loop, connectors/ends crossed to the front so both fittings are visible. THE MARKINGS THAT MUST BE READABLE: 2t | 4m. HOUSE STYLE (identical for every picture): studio product photograph on a near-black charcoal floor and backdrop (#14181F). One warm orange rim light raking in low from the left, a soft white top fill, and a gentle pool of orange glow on the floor under the item. Deep soft shadows, pin-sharp focus, high detail. The item is centred, filling about 75% of a square 800x800 frame. Nothing else in shot: no hands, no people, no props, no added text or watermark, no price, no other brand's logo - only markings the real item carries. LABEL RULE FOR THIS RENDER: show the product FORM and its stamped size/type markings only. Do NOT invent readable label text - no brand wordmarks, no batch numbers, no expiry dates. The MyGear card carries the exact name; the picture only has to be unmistakably this kind of thing.","Both end fittings visible; rated tag legible and flat ; stamped/labelled sizes readable: 2t, 4m ; house style holds (dark floor, orange rim glow, item fills ~75%, no text/people/price) ; no invented label text (brand/batch/expiry) anywhere in the image"
453,PLANT_AND_TAGGED,SLINGROUND3T1M,SLINGROUND3T1M.jpg,"Round , Sling , WLL 3t, 1m","Lift, Shift & Propping",14,Road 1 real-unit hold,RENDER_FROM_DESCRIPTION,"THE ITEM: Round , Sling , WLL 3t, 1m. Neatly coiled, both end fittings crossed to the front. Coiled in a neat single loop, connectors/ends crossed to the front so both fittings are visible. THE MARKINGS THAT MUST BE READABLE: 3t | 1m. HOUSE STYLE (identical for every picture): studio product photograph on a near-black charcoal floor and backdrop (#14181F). One warm orange rim light raking in low from the left, a soft white top fill, and a gentle pool of orange glow on the floor under the item. Deep soft shadows, pin-sharp focus, high detail. The item is centred, filling about 75% of a square 800x800 frame. Nothing else in shot: no hands, no people, no props, no added text or watermark, no price, no other brand's logo - only markings the real item carries. LABEL RULE FOR THIS RENDER: show the product FORM and its stamped size/type markings only. Do NOT invent readable label text - no brand wordmarks, no batch numbers, no expiry dates. The MyGear card carries the exact name; the picture only has to be unmistakably this kind of thing.","Both end fittings visible; rated tag legible and flat ; stamped/labelled sizes readable: 3t, 1m ; house style holds (dark floor, orange rim glow, item fills ~75%, no text/people/price) ; no invented label text (brand/batch/expiry) anywhere in the image"
454,PLANT_AND_TAGGED,SLINGROUND3T2M,SLINGROUND3T2M.jpg,"Round , Sling , WLL 3t, 2m","Lift, Shift & Propping",8,Road 1 real-unit hold,RENDER_FROM_DESCRIPTION,"THE ITEM: Round , Sling , WLL 3t, 2m. Neatly coiled, both end fittings crossed to the front. Coiled in a neat single loop, connectors/ends crossed to the front so both fittings are visible. THE MARKINGS THAT MUST BE READABLE: 3t | 2m. HOUSE STYLE (identical for every picture): studio product photograph on a near-black charcoal floor and backdrop (#14181F). One warm orange rim light raking in low from the left, a soft white top fill, and a gentle pool of orange glow on the floor under the item. Deep soft shadows, pin-sharp focus, high detail. The item is centred, filling about 75% of a square 800x800 frame. Nothing else in shot: no hands, no people, no props, no added text or watermark, no price, no other brand's logo - only markings the real item carries. LABEL RULE FOR THIS RENDER: show the product FORM and its stamped size/type markings only. Do NOT invent readable label text - no brand wordmarks, no batch numbers, no expiry dates. The MyGear card carries the exact name; the picture only has to be unmistakably this kind of thing.","Both end fittings visible; rated tag legible and flat ; stamped/labelled sizes readable: 3t, 2m ; house style holds (dark floor, orange rim glow, item fills ~75%, no text/people/price) ; no invented label text (brand/batch/expiry) anywhere in the image"
455,PLANT_AND_TAGGED,SLINGROUND3T3M,SLINGROUND3T3M.jpg,"Round , Sling , WLL 3t, 3m","Lift, Shift & Propping",10,Road 1 real-unit hold,RENDER_FROM_DESCRIPTION,"THE ITEM: Round , Sling , WLL 3t, 3m. Neatly coiled, both end fittings crossed to the front. Coiled in a neat single loop, connectors/ends crossed to the front so both fittings are visible. THE MARKINGS THAT MUST BE READABLE: 3t | 3m. HOUSE STYLE (identical for every picture): studio product photograph on a near-black charcoal floor and backdrop (#14181F). One warm orange rim light raking in low from the left, a soft white top fill, and a gentle pool of orange glow on the floor under the item. Deep soft shadows, pin-sharp focus, high detail. The item is centred, filling about 75% of a square 800x800 frame. Nothing else in shot: no hands, no people, no props, no added text or watermark, no price, no other brand's logo - only markings the real item carries. LABEL RULE FOR THIS RENDER: show the product FORM and its stamped size/type markings only. Do NOT invent readable label text - no brand wordmarks, no batch numbers, no expiry dates. The MyGear card carries the exact name; the picture only has to be unmistakably this kind of thing.","Both end fittings visible; rated tag legible and flat ; stamped/labelled sizes readable: 3t, 3m ; house style holds (dark floor, orange rim glow, item fills ~75%, no text/people/price) ; no invented label text (brand/batch/expiry) anywhere in the image"
456,PLANT_AND_TAGGED,SLINGROUND3T4M,SLINGROUND3T4M.jpg,"Round , Sling , WLL 3t, 4m","Lift, Shift & Propping",7,Road 1 real-unit hold,RENDER_FROM_DESCRIPTION,"THE ITEM: Round , Sling , WLL 3t, 4m. Neatly coiled, both end fittings crossed to the front. Coiled in a neat single loop, connectors/ends crossed to the front so both fittings are visible. THE MARKINGS THAT MUST BE READABLE: 3t | 4m. HOUSE STYLE (identical for every picture): studio product photograph on a near-black charcoal floor and backdrop (#14181F). One warm orange rim light raking in low from the left, a soft white top fill, and a gentle pool of orange glow on the floor under the item. Deep soft shadows, pin-sharp focus, high detail. The item is centred, filling about 75% of a square 800x800 frame. Nothing else in shot: no hands, no people, no props, no added text or watermark, no price, no other brand's logo - only markings the real item carries. LABEL RULE FOR THIS RENDER: show the product FORM and its stamped size/type markings only. Do NOT invent readable label text - no brand wordmarks, no batch numbers, no expiry dates. The MyGear card carries the exact name; the picture only has to be unmistakably this kind of thing.","Both end fittings visible; rated tag legible and flat ; stamped/labelled sizes readable: 3t, 4m ; house style holds (dark floor, orange rim glow, item fills ~75%, no text/people/price) ; no invented label text (brand/batch/expiry) anywhere in the image"
457,PLANT_AND_TAGGED,SLINGROUND3T6M,SLINGROUND3T6M.jpg,"Round , Sling , WLL 3t, 6m","Lift, Shift & Propping",7,Road 1 real-unit hold,RENDER_FROM_DESCRIPTION,"THE ITEM: Round , Sling , WLL 3t, 6m. Neatly coiled, both end fittings crossed to the front. Coiled in a neat single loop, connectors/ends crossed to the front so both fittings are visible. THE MARKINGS THAT MUST BE READABLE: 3t | 6m. HOUSE STYLE (identical for every picture): studio product photograph on a near-black charcoal floor and backdrop (#14181F). One warm orange rim light raking in low from the left, a soft white top fill, and a gentle pool of orange glow on the floor under the item. Deep soft shadows, pin-sharp focus, high detail. The item is centred, filling about 75% of a square 800x800 frame. Nothing else in shot: no hands, no people, no props, no added text or watermark, no price, no other brand's logo - only markings the real item carries. LABEL RULE FOR THIS RENDER: show the product FORM and its stamped size/type markings only. Do NOT invent readable label text - no brand wordmarks, no batch numbers, no expiry dates. The MyGear card carries the exact name; the picture only has to be unmistakably this kind of thing.","Both end fittings visible; rated tag legible and flat ; stamped/labelled sizes readable: 3t, 6m ; house style holds (dark floor, orange rim glow, item fills ~75%, no text/people/price) ; no invented label text (brand/batch/expiry) anywhere in the image"
458,HELD_TOOLING,SOCKSET1/2DMET,SOCKSET1_2DMET.jpg,Socket Set - 1/2in Drive - Met,Industrial Tools & Equipment,6,Set contents/case layout are not uniquely specified,RENDER_FROM_DESCRIPTION,"THE ITEM: Socket Set - 1/2in Drive - Met. The full set open in its blow-mould case, sockets in size order. Laid flat on the floor at a 30-45 degree diagonal, camera high at about 40 degrees so the whole length is in frame. THE MARKINGS THAT MUST BE READABLE: 1/2in. HOUSE STYLE (identical for every picture): studio product photograph on a near-black charcoal floor and backdrop (#14181F). One warm orange rim light raking in low from the left, a soft white top fill, and a gentle pool of orange glow on the floor under the item. Deep soft shadows, pin-sharp focus, high detail. The item is centred, filling about 75% of a square 800x800 frame. Nothing else in shot: no hands, no people, no props, no added text or watermark, no price, no other brand's logo - only markings the real item carries. LABEL RULE FOR THIS RENDER: show the product FORM and its stamped size/type markings only. Do NOT invent readable label text - no brand wordmarks, no batch numbers, no expiry dates. The MyGear card carries the exact name; the picture only has to be unmistakably this kind of thing.","Open case with every socket seated; drive size correct; sizes ascend left to right ; stamped/labelled sizes readable: 1/2in ; house style holds (dark floor, orange rim glow, item fills ~75%, no text/people/price) ; no invented label text (brand/batch/expiry) anywhere in the image"
459,HELD_TOOLING,SOCKSET1/4DAFMET,SOCKSET1_4DAFMET.jpg,Socket Set - 1/4in Drive - Af/Met,Industrial Tools & Equipment,3,Set contents/case layout are not uniquely specified,RENDER_FROM_DESCRIPTION,"THE ITEM: Socket Set - 1/4in Drive - Af/Met. The full set open in its blow-mould case, sockets in size order. Laid flat on the floor at a 30-45 degree diagonal, camera high at about 40 degrees so the whole length is in frame. THE MARKINGS THAT MUST BE READABLE: 1/4in. HOUSE STYLE (identical for every picture): studio product photograph on a near-black charcoal floor and backdrop (#14181F). One warm orange rim light raking in low from the left, a soft white top fill, and a gentle pool of orange glow on the floor under the item. Deep soft shadows, pin-sharp focus, high detail. The item is centred, filling about 75% of a square 800x800 frame. Nothing else in shot: no hands, no people, no props, no added text or watermark, no price, no other brand's logo - only markings the real item carries. LABEL RULE FOR THIS RENDER: show the product FORM and its stamped size/type markings only. Do NOT invent readable label text - no brand wordmarks, no batch numbers, no expiry dates. The MyGear card carries the exact name; the picture only has to be unmistakably this kind of thing.","Open case with every socket seated; drive size correct; sizes ascend left to right ; stamped/labelled sizes readable: 1/4in ; house style holds (dark floor, orange rim glow, item fills ~75%, no text/people/price) ; no invented label text (brand/batch/expiry) anywhere in the image"
460,HELD_TOOLING,SOCKSET3/4DAF,SOCKSET3_4DAF.jpg,Socket Set - 3/4in Drive - Af,Industrial Tools & Equipment,1,Set contents/case layout are not uniquely specified,RENDER_FROM_DESCRIPTION,"THE ITEM: Socket Set - 3/4in Drive - Af. The full set open in its blow-mould case, sockets in size order. Laid flat on the floor at a 30-45 degree diagonal, camera high at about 40 degrees so the whole length is in frame. THE MARKINGS THAT MUST BE READABLE: 3/4in. HOUSE STYLE (identical for every picture): studio product photograph on a near-black charcoal floor and backdrop (#14181F). One warm orange rim light raking in low from the left, a soft white top fill, and a gentle pool of orange glow on the floor under the item. Deep soft shadows, pin-sharp focus, high detail. The item is centred, filling about 75% of a square 800x800 frame. Nothing else in shot: no hands, no people, no props, no added text or watermark, no price, no other brand's logo - only markings the real item carries. LABEL RULE FOR THIS RENDER: show the product FORM and its stamped size/type markings only. Do NOT invent readable label text - no brand wordmarks, no batch numbers, no expiry dates. The MyGear card carries the exact name; the picture only has to be unmistakably this kind of thing.","Open case with every socket seated; drive size correct; sizes ascend left to right ; stamped/labelled sizes readable: 3/4in ; house style holds (dark floor, orange rim glow, item fills ~75%, no text/people/price) ; no invented label text (brand/batch/expiry) anywhere in the image"
461,HELD_TOOLING,SOCKSET3/4DMET,SOCKSET3_4DMET.jpg,Socket Set - 3/4in Drive - Met,Industrial Tools & Equipment,1,Set contents/case layout are not uniquely specified,RENDER_FROM_DESCRIPTION,"THE ITEM: Socket Set - 3/4in Drive - Met. The full set open in its blow-mould case, sockets in size order. Laid flat on the floor at a 30-45 degree diagonal, camera high at about 40 degrees so the whole length is in frame. THE MARKINGS THAT MUST BE READABLE: 3/4in. HOUSE STYLE (identical for every picture): studio product photograph on a near-black charcoal floor and backdrop (#14181F). One warm orange rim light raking in low from the left, a soft white top fill, and a gentle pool of orange glow on the floor under the item. Deep soft shadows, pin-sharp focus, high detail. The item is centred, filling about 75% of a square 800x800 frame. Nothing else in shot: no hands, no people, no props, no added text or watermark, no price, no other brand's logo - only markings the real item carries. LABEL RULE FOR THIS RENDER: show the product FORM and its stamped size/type markings only. Do NOT invent readable label text - no brand wordmarks, no batch numbers, no expiry dates. The MyGear card carries the exact name; the picture only has to be unmistakably this kind of thing.","Open case with every socket seated; drive size correct; sizes ascend left to right ; stamped/labelled sizes readable: 3/4in ; house style holds (dark floor, orange rim glow, item fills ~75%, no text/people/price) ; no invented label text (brand/batch/expiry) anywhere in the image"
462,HELD_TOOLING,SOCKSETIM1/2DAF,SOCKSETIM1_2DAF.jpg,Socket Set - Impact - 1/2in Drive - Af,Industrial Tools & Equipment,1,Set contents/case layout are not uniquely specified,RENDER_FROM_DESCRIPTION,"THE ITEM: Socket Set - Impact - 1/2in Drive - Af. The full set open in its blow-mould case, sockets in size order. Laid flat on the floor at a 30-45 degree diagonal, camera high at about 40 degrees so the whole length is in frame. THE MARKINGS THAT MUST BE READABLE: 1/2in. HOUSE STYLE (identical for every picture): studio product photograph on a near-black charcoal floor and backdrop (#14181F). One warm orange rim light raking in low from the left, a soft white top fill, and a gentle pool of orange glow on the floor under the item. Deep soft shadows, pin-sharp focus, high detail. The item is centred, filling about 75% of a square 800x800 frame. Nothing else in shot: no hands, no people, no props, no added text or watermark, no price, no other brand's logo - only markings the real item carries. LABEL RULE FOR THIS RENDER: show the product FORM and its stamped size/type markings only. Do NOT invent readable label text - no brand wordmarks, no batch numbers, no expiry dates. The MyGear card carries the exact name; the picture only has to be unmistakably this kind of thing.","Open case with every socket seated; drive size correct; sizes ascend left to right ; stamped/labelled sizes readable: 1/2in ; house style holds (dark floor, orange rim glow, item fills ~75%, no text/people/price) ; no invented label text (brand/batch/expiry) anywhere in the image"
463,HELD_TOOLING,SPIRITLEVEL600MM(ELEC),SPIRITLEVEL600MM(ELEC).jpg,Level - Electronic - 600mm,Ground Equipment,2,"Electronic level body, display and controls are model-specific",RENDER_FROM_DESCRIPTION,"THE ITEM: Level - Electronic - 600mm. The item at a three-quarter hero angle on the dark floor, working side toward the camera. Three-quarter hero angle from slightly above, the working end toward the camera. THE MARKINGS THAT MUST BE READABLE: 600mm. HOUSE STYLE (identical for every picture): studio product photograph on a near-black charcoal floor and backdrop (#14181F). One warm orange rim light raking in low from the left, a soft white top fill, and a gentle pool of orange glow on the floor under the item. Deep soft shadows, pin-sharp focus, high detail. The item is centred, filling about 75% of a square 800x800 frame. Nothing else in shot: no hands, no people, no props, no added text or watermark, no price, no other brand's logo - only markings the real item carries. LABEL RULE FOR THIS RENDER: show the product FORM and its stamped size/type markings only. Do NOT invent readable label text - no brand wordmarks, no batch numbers, no expiry dates. The MyGear card carries the exact name; the picture only has to be unmistakably this kind of thing.","Item type unmistakably matches the register name ; stamped/labelled sizes readable: 600mm ; house style holds (dark floor, orange rim glow, item fills ~75%, no text/people/price) ; no invented label text (brand/batch/expiry) anywhere in the image"
464,HELD_TOOLING,SPRAYGUNAIR20MM1LSUCTIONFEEDSTAR,SPRAYGUNAIR20MM1LSUCTIONFEEDSTAR.jpg,AIR SPRAY GUN 2.0MM 1L SUCTION FEED STAR,Coates Tooling,1,Minsup/Nitto/Thor and hose-end geometry must be exact,RENDER_FROM_DESCRIPTION,"THE ITEM: AIR SPRAY GUN 2.0MM 1L SUCTION FEED STAR. The item at a three-quarter hero angle on the dark floor, working side toward the camera. Three-quarter hero angle from slightly above, the working end toward the camera. THE MARKINGS THAT MUST BE READABLE: 2.0mm. HOUSE STYLE (identical for every picture): studio product photograph on a near-black charcoal floor and backdrop (#14181F). One warm orange rim light raking in low from the left, a soft white top fill, and a gentle pool of orange glow on the floor under the item. Deep soft shadows, pin-sharp focus, high detail. The item is centred, filling about 75% of a square 800x800 frame. Nothing else in shot: no hands, no people, no props, no added text or watermark, no price, no other brand's logo - only markings the real item carries. LABEL RULE FOR THIS RENDER: show the product FORM and its stamped size/type markings only. Do NOT invent readable label text - no brand wordmarks, no batch numbers, no expiry dates. The MyGear card carries the exact name; the picture only has to be unmistakably this kind of thing.","Item type unmistakably matches the register name ; stamped/labelled sizes readable: 2.0mm ; house style holds (dark floor, orange rim glow, item fills ~75%, no text/people/price) ; no invented label text (brand/batch/expiry) anywhere in the image"
465,HELD_TOOLING,TAPANDDIESETMETRIC,TAPANDDIESETMETRIC.jpg,Tap And Die - Set - Metric,Industrial Tools & Equipment,1,Set contents/case layout are not uniquely specified,RENDER_FROM_DESCRIPTION,"THE ITEM: Tap And Die - Set - Metric. The item at a three-quarter hero angle on the dark floor, working side toward the camera. Three-quarter hero angle from slightly above, the working end toward the camera. HOUSE STYLE (identical for every picture): studio product photograph on a near-black charcoal floor and backdrop (#14181F). One warm orange rim light raking in low from the left, a soft white top fill, and a gentle pool of orange glow on the floor under the item. Deep soft shadows, pin-sharp focus, high detail. The item is centred, filling about 75% of a square 800x800 frame. Nothing else in shot: no hands, no people, no props, no added text or watermark, no price, no other brand's logo - only markings the real item carries. LABEL RULE FOR THIS RENDER: show the product FORM and its stamped size/type markings only. Do NOT invent readable label text - no brand wordmarks, no batch numbers, no expiry dates. The MyGear card carries the exact name; the picture only has to be unmistakably this kind of thing.","Item type unmistakably matches the register name ; house style holds (dark floor, orange rim glow, item fills ~75%, no text/people/price) ; no invented label text (brand/batch/expiry) anywhere in the image"
466,HELD_TOOLING,TAPDIESETIMPMET,TAPDIESETIMPMET.jpg,Tap And Die Set - Imperial/Metric,Industrial Tools & Equipment,1,Set contents/case layout are not uniquely specified,RENDER_FROM_DESCRIPTION,"THE ITEM: Tap And Die Set - Imperial/Metric. The item at a three-quarter hero angle on the dark floor, working side toward the camera. Three-quarter hero angle from slightly above, the working end toward the camera. HOUSE STYLE (identical for every picture): studio product photograph on a near-black charcoal floor and backdrop (#14181F). One warm orange rim light raking in low from the left, a soft white top fill, and a gentle pool of orange glow on the floor under the item. Deep soft shadows, pin-sharp focus, high detail. The item is centred, filling about 75% of a square 800x800 frame. Nothing else in shot: no hands, no people, no props, no added text or watermark, no price, no other brand's logo - only markings the real item carries. LABEL RULE FOR THIS RENDER: show the product FORM and its stamped size/type markings only. Do NOT invent readable label text - no brand wordmarks, no batch numbers, no expiry dates. The MyGear card carries the exact name; the picture only has to be unmistakably this kind of thing.","Item type unmistakably matches the register name ; house style holds (dark floor, orange rim glow, item fills ~75%, no text/people/price) ; no invented label text (brand/batch/expiry) anywhere in the image"
467,HELD_TOOLING,TAPDIESETUNCUNF52P,TAPDIESETUNCUNF52P.jpg,Tap And Die Set - Unc/Unf - 52 Piece,Industrial Tools & Equipment,1,Set contents/case layout are not uniquely specified,RENDER_FROM_DESCRIPTION,"THE ITEM: Tap And Die Set - Unc/Unf - 52 Piece. The item at a three-quarter hero angle on the dark floor, working side toward the camera. Three-quarter hero angle from slightly above, the working end toward the camera. HOUSE STYLE (identical for every picture): studio product photograph on a near-black charcoal floor and backdrop (#14181F). One warm orange rim light raking in low from the left, a soft white top fill, and a gentle pool of orange glow on the floor under the item. Deep soft shadows, pin-sharp focus, high detail. The item is centred, filling about 75% of a square 800x800 frame. Nothing else in shot: no hands, no people, no props, no added text or watermark, no price, no other brand's logo - only markings the real item carries. LABEL RULE FOR THIS RENDER: show the product FORM and its stamped size/type markings only. Do NOT invent readable label text - no brand wordmarks, no batch numbers, no expiry dates. The MyGear card carries the exact name; the picture only has to be unmistakably this kind of thing.","Item type unmistakably matches the register name ; house style holds (dark floor, orange rim glow, item fills ~75%, no text/people/price) ; no invented label text (brand/batch/expiry) anywhere in the image"
468,PLANT_AND_TAGGED,TIRFORWINCH3.2T,TIRFORWINCH3.2T.jpg,Tirfor Winch - 3.2t,Materials Handling,2,Road 1 real-unit hold,RENDER_FROM_DESCRIPTION,"THE ITEM: Tirfor Winch - 3.2t. The winch body at three-quarter angle, wire rope entering and leaving, operating handle socket visible. Three-quarter hero angle from slightly above, the working end toward the camera. THE MARKINGS THAT MUST BE READABLE: 3.2t. HOUSE STYLE (identical for every picture): studio product photograph on a near-black charcoal floor and backdrop (#14181F). One warm orange rim light raking in low from the left, a soft white top fill, and a gentle pool of orange glow on the floor under the item. Deep soft shadows, pin-sharp focus, high detail. The item is centred, filling about 75% of a square 800x800 frame. Nothing else in shot: no hands, no people, no props, no added text or watermark, no price, no other brand's logo - only markings the real item carries. LABEL RULE FOR THIS RENDER: show the product FORM and its stamped size/type markings only. Do NOT invent readable label text - no brand wordmarks, no batch numbers, no expiry dates. The MyGear card carries the exact name; the picture only has to be unmistakably this kind of thing.","Wire-rope winch body (not chain); tonnage marking legible ; stamped/labelled sizes readable: 3.2t ; house style holds (dark floor, orange rim glow, item fills ~75%, no text/people/price) ; no invented label text (brand/batch/expiry) anywhere in the image"
469,HELD_TOOLING,TOILETFWF,TOILETFWF.jpg,Toilet Portable - Fresh Water Flush,Site Accommodation,2,"Second pass: powered, pneumatic, plant, lifting or model-specific equipment",RENDER_FROM_DESCRIPTION,"THE ITEM: Toilet Portable - Fresh Water Flush. The item at a three-quarter hero angle on the dark floor, working side toward the camera. Three-quarter hero angle from slightly above, the working end toward the camera. HOUSE STYLE (identical for every picture): studio product photograph on a near-black charcoal floor and backdrop (#14181F). One warm orange rim light raking in low from the left, a soft white top fill, and a gentle pool of orange glow on the floor under the item. Deep soft shadows, pin-sharp focus, high detail. The item is centred, filling about 75% of a square 800x800 frame. Nothing else in shot: no hands, no people, no props, no added text or watermark, no price, no other brand's logo - only markings the real item carries. LABEL RULE FOR THIS RENDER: show the product FORM and its stamped size/type markings only. Do NOT invent readable label text - no brand wordmarks, no batch numbers, no expiry dates. The MyGear card carries the exact name; the picture only has to be unmistakably this kind of thing.","Item type unmistakably matches the register name ; house style holds (dark floor, orange rim glow, item fills ~75%, no text/people/price) ; no invented label text (brand/batch/expiry) anywhere in the image"
470,HELD_TOOLING,TOOLLANYBUNSWL2.5KGTEC,TOOLLANYBUNSWL2.5KGTEC.jpg,Tool Lanyard Bungee Swl2.5Kg Technique,Industrial Tools & Equipment,39,Lifting/fall-protection gear,RENDER_FROM_DESCRIPTION,"THE ITEM: Tool Lanyard Bungee Swl2.5Kg Technique. The item at a three-quarter hero angle on the dark floor, working side toward the camera. Three-quarter hero angle from slightly above, the working end toward the camera. THE MARKINGS THAT MUST BE READABLE: 2.5kg. HOUSE STYLE (identical for every picture): studio product photograph on a near-black charcoal floor and backdrop (#14181F). One warm orange rim light raking in low from the left, a soft white top fill, and a gentle pool of orange glow on the floor under the item. Deep soft shadows, pin-sharp focus, high detail. The item is centred, filling about 75% of a square 800x800 frame. Nothing else in shot: no hands, no people, no props, no added text or watermark, no price, no other brand's logo - only markings the real item carries. LABEL RULE FOR THIS RENDER: show the product FORM and its stamped size/type markings only. Do NOT invent readable label text - no brand wordmarks, no batch numbers, no expiry dates. The MyGear card carries the exact name; the picture only has to be unmistakably this kind of thing.","Item type unmistakably matches the register name ; stamped/labelled sizes readable: 2.5kg ; house style holds (dark floor, orange rim glow, item fills ~75%, no text/people/price) ; no invented label text (brand/batch/expiry) anywhere in the image"
471,HELD_TOOLING,TOOLLANYSWL7KGTEC,TOOLLANYSWL7KGTEC.jpg,Tool Lanyard Swl 7Kg Technique,Industrial Tools & Equipment,220,Lifting/fall-protection gear,RENDER_FROM_DESCRIPTION,"THE ITEM: Tool Lanyard Swl 7Kg Technique. The item at a three-quarter hero angle on the dark floor, working side toward the camera. Three-quarter hero angle from slightly above, the working end toward the camera. THE MARKINGS THAT MUST BE READABLE: 7kg. HOUSE STYLE (identical for every picture): studio product photograph on a near-black charcoal floor and backdrop (#14181F). One warm orange rim light raking in low from the left, a soft white top fill, and a gentle pool of orange glow on the floor under the item. Deep soft shadows, pin-sharp focus, high detail. The item is centred, filling about 75% of a square 800x800 frame. Nothing else in shot: no hands, no people, no props, no added text or watermark, no price, no other brand's logo - only markings the real item carries. LABEL RULE FOR THIS RENDER: show the product FORM and its stamped size/type markings only. Do NOT invent readable label text - no brand wordmarks, no batch numbers, no expiry dates. The MyGear card carries the exact name; the picture only has to be unmistakably this kind of thing.","Item type unmistakably matches the register name ; stamped/labelled sizes readable: 7kg ; house style holds (dark floor, orange rim glow, item fills ~75%, no text/people/price) ; no invented label text (brand/batch/expiry) anywhere in the image"
472,HELD_TOOLING,TORQUE/TENSIONWRENCH12MM,TORQUE_TENSIONWRENCH12MM.jpg,Torque/Tension Wrench - 12mm  - 1/2inch Drive,Industrial Tools & Equipment,2,"Second pass: powered, pneumatic, plant, lifting or model-specific equipment",RENDER_FROM_DESCRIPTION,"THE ITEM: Torque/Tension Wrench - 12mm  - 1/2inch Drive. The item at a three-quarter hero angle on the dark floor, working side toward the camera. Three-quarter hero angle from slightly above, the working end toward the camera. THE MARKINGS THAT MUST BE READABLE: 1/2inch | 12mm. HOUSE STYLE (identical for every picture): studio product photograph on a near-black charcoal floor and backdrop (#14181F). One warm orange rim light raking in low from the left, a soft white top fill, and a gentle pool of orange glow on the floor under the item. Deep soft shadows, pin-sharp focus, high detail. The item is centred, filling about 75% of a square 800x800 frame. Nothing else in shot: no hands, no people, no props, no added text or watermark, no price, no other brand's logo - only markings the real item carries. LABEL RULE FOR THIS RENDER: show the product FORM and its stamped size/type markings only. Do NOT invent readable label text - no brand wordmarks, no batch numbers, no expiry dates. The MyGear card carries the exact name; the picture only has to be unmistakably this kind of thing.","Item type unmistakably matches the register name ; stamped/labelled sizes readable: 1/2inch, 12mm ; house style holds (dark floor, orange rim glow, item fills ~75%, no text/people/price) ; no invented label text (brand/batch/expiry) anywhere in the image"
473,PLANT_AND_TAGGED,TORQUEWRMAN250FTLB1/2DR,TORQUEWRMAN250FTLB1_2DR.jpg,Torque Wrench - Manual - 30 - 250ftlb - 1/2inch Drive,Industrial Tools & Equipment,2,Road 1 real-unit hold,RENDER_FROM_DESCRIPTION,"THE ITEM: Torque Wrench - Manual - 30 - 250ftlb - 1/2inch Drive. The torque wrench laid diagonally, scale window toward the camera. Laid flat on the floor at a 30-45 degree diagonal, camera high at about 40 degrees so the whole length is in frame. THE MARKINGS THAT MUST BE READABLE: 1/2inch. HOUSE STYLE (identical for every picture): studio product photograph on a near-black charcoal floor and backdrop (#14181F). One warm orange rim light raking in low from the left, a soft white top fill, and a gentle pool of orange glow on the floor under the item. Deep soft shadows, pin-sharp focus, high detail. The item is centred, filling about 75% of a square 800x800 frame. Nothing else in shot: no hands, no people, no props, no added text or watermark, no price, no other brand's logo - only markings the real item carries. LABEL RULE FOR THIS RENDER: show the product FORM and its stamped size/type markings only. Do NOT invent readable label text - no brand wordmarks, no batch numbers, no expiry dates. The MyGear card carries the exact name; the picture only has to be unmistakably this kind of thing.","Adjustment scale visible; drive size correct ; stamped/labelled sizes readable: 1/2inch ; house style holds (dark floor, orange rim glow, item fills ~75%, no text/people/price) ; no invented label text (brand/batch/expiry) anywhere in the image"
474,PLANT_AND_TAGGED,TORQUEWRMAN3/4-1DR,TORQUEWRMAN3_4-1DR.jpg,Torque Wrench - Manual - 500 - 1000ftlb - 1inch Drive,Industrial Tools & Equipment,1,Road 1 real-unit hold,RENDER_FROM_DESCRIPTION,"THE ITEM: Torque Wrench - Manual - 500 - 1000ftlb - 1inch Drive. The torque wrench laid diagonally, scale window toward the camera. Laid flat on the floor at a 30-45 degree diagonal, camera high at about 40 degrees so the whole length is in frame. THE MARKINGS THAT MUST BE READABLE: 1inch. HOUSE STYLE (identical for every picture): studio product photograph on a near-black charcoal floor and backdrop (#14181F). One warm orange rim light raking in low from the left, a soft white top fill, and a gentle pool of orange glow on the floor under the item. Deep soft shadows, pin-sharp focus, high detail. The item is centred, filling about 75% of a square 800x800 frame. Nothing else in shot: no hands, no people, no props, no added text or watermark, no price, no other brand's logo - only markings the real item carries. LABEL RULE FOR THIS RENDER: show the product FORM and its stamped size/type markings only. Do NOT invent readable label text - no brand wordmarks, no batch numbers, no expiry dates. The MyGear card carries the exact name; the picture only has to be unmistakably this kind of thing.","Adjustment scale visible; drive size correct ; stamped/labelled sizes readable: 1inch ; house style holds (dark floor, orange rim glow, item fills ~75%, no text/people/price) ; no invented label text (brand/batch/expiry) anywhere in the image"
475,PLANT_AND_TAGGED,TORQUEWRMAN3/4DR,TORQUEWRMAN3_4DR.jpg,Torque Wrench - Manual - 19mm (3/4inch) Drive,Industrial Tools & Equipment,2,Road 1 real-unit hold,RENDER_FROM_DESCRIPTION,"THE ITEM: Torque Wrench - Manual - 19mm (3/4inch) Drive. The torque wrench laid diagonally, scale window toward the camera. Laid flat on the floor at a 30-45 degree diagonal, camera high at about 40 degrees so the whole length is in frame. THE MARKINGS THAT MUST BE READABLE: 3/4inch | 19mm. HOUSE STYLE (identical for every picture): studio product photograph on a near-black charcoal floor and backdrop (#14181F). One warm orange rim light raking in low from the left, a soft white top fill, and a gentle pool of orange glow on the floor under the item. Deep soft shadows, pin-sharp focus, high detail. The item is centred, filling about 75% of a square 800x800 frame. Nothing else in shot: no hands, no people, no props, no added text or watermark, no price, no other brand's logo - only markings the real item carries. LABEL RULE FOR THIS RENDER: show the product FORM and its stamped size/type markings only. Do NOT invent readable label text - no brand wordmarks, no batch numbers, no expiry dates. The MyGear card carries the exact name; the picture only has to be unmistakably this kind of thing.","Adjustment scale visible; drive size correct ; stamped/labelled sizes readable: 3/4inch, 19mm ; house style holds (dark floor, orange rim glow, item fills ~75%, no text/people/price) ; no invented label text (brand/batch/expiry) anywhere in the image"
476,PLANT_AND_TAGGED,TRAILERMOUNTEDBOOM10MDE,TRAILERMOUNTEDBOOM10MDE.jpg,Trailer Mounted Boom 10.2m Diesel/Electric,Access,1,Road 1 real-unit hold,RENDER_FROM_DESCRIPTION,"THE ITEM: Trailer Mounted Boom 10.2m Diesel/Electric. The item at a three-quarter hero angle on the dark floor, working side toward the camera. Three-quarter hero angle from slightly above, the working end toward the camera. THE MARKINGS THAT MUST BE READABLE: 10.2m. HOUSE STYLE (identical for every picture): studio product photograph on a near-black charcoal floor and backdrop (#14181F). One warm orange rim light raking in low from the left, a soft white top fill, and a gentle pool of orange glow on the floor under the item. Deep soft shadows, pin-sharp focus, high detail. The item is centred, filling about 75% of a square 800x800 frame. Nothing else in shot: no hands, no people, no props, no added text or watermark, no price, no other brand's logo - only markings the real item carries. LABEL RULE FOR THIS RENDER: show the product FORM and its stamped size/type markings only. Do NOT invent readable label text - no brand wordmarks, no batch numbers, no expiry dates. The MyGear card carries the exact name; the picture only has to be unmistakably this kind of thing.","Item type unmistakably matches the register name ; stamped/labelled sizes readable: 10.2m ; house style holds (dark floor, orange rim glow, item fills ~75%, no text/people/price) ; no invented label text (brand/batch/expiry) anywhere in the image"
477,HELD_TOOLING,TRANSFORMER32V,TRANSFORMER32V.jpg,Transformer 32V,Tools & Equipment,7,Electrical equipment likely to carry a test tag,RENDER_FROM_DESCRIPTION,"THE ITEM: Transformer 32V. The item at a three-quarter hero angle on the dark floor, working side toward the camera. Three-quarter hero angle from slightly above, the working end toward the camera. THE MARKINGS THAT MUST BE READABLE: 32v. HOUSE STYLE (identical for every picture): studio product photograph on a near-black charcoal floor and backdrop (#14181F). One warm orange rim light raking in low from the left, a soft white top fill, and a gentle pool of orange glow on the floor under the item. Deep soft shadows, pin-sharp focus, high detail. The item is centred, filling about 75% of a square 800x800 frame. Nothing else in shot: no hands, no people, no props, no added text or watermark, no price, no other brand's logo - only markings the real item carries. LABEL RULE FOR THIS RENDER: show the product FORM and its stamped size/type markings only. Do NOT invent readable label text - no brand wordmarks, no batch numbers, no expiry dates. The MyGear card carries the exact name; the picture only has to be unmistakably this kind of thing.","Item type unmistakably matches the register name ; stamped/labelled sizes readable: 32v ; house style holds (dark floor, orange rim glow, item fills ~75%, no text/people/price) ; no invented label text (brand/batch/expiry) anywhere in the image"
478,HELD_TOOLING,TROLLEYHAND,TROLLEYHAND.jpg,Multi Purpose Trolley,"Lift, Shift & Propping",1,Generic render could show the wrong construction or fittings,RENDER_FROM_DESCRIPTION,"THE ITEM: Multi Purpose Trolley. The item at a three-quarter hero angle on the dark floor, working side toward the camera. Three-quarter hero angle from slightly above, the working end toward the camera. HOUSE STYLE (identical for every picture): studio product photograph on a near-black charcoal floor and backdrop (#14181F). One warm orange rim light raking in low from the left, a soft white top fill, and a gentle pool of orange glow on the floor under the item. Deep soft shadows, pin-sharp focus, high detail. The item is centred, filling about 75% of a square 800x800 frame. Nothing else in shot: no hands, no people, no props, no added text or watermark, no price, no other brand's logo - only markings the real item carries. LABEL RULE FOR THIS RENDER: show the product FORM and its stamped size/type markings only. Do NOT invent readable label text - no brand wordmarks, no batch numbers, no expiry dates. The MyGear card carries the exact name; the picture only has to be unmistakably this kind of thing.","Item type unmistakably matches the register name ; house style holds (dark floor, orange rim glow, item fills ~75%, no text/people/price) ; no invented label text (brand/batch/expiry) anywhere in the image"
479,HELD_TOOLING,TROLLEYMULTIPUR,TROLLEYMULTIPUR.jpg,Trolley - Multi Purpose,Materials Handling,1,Generic render could show the wrong construction or fittings,RENDER_FROM_DESCRIPTION,"THE ITEM: Trolley - Multi Purpose. The item at a three-quarter hero angle on the dark floor, working side toward the camera. Three-quarter hero angle from slightly above, the working end toward the camera. HOUSE STYLE (identical for every picture): studio product photograph on a near-black charcoal floor and backdrop (#14181F). One warm orange rim light raking in low from the left, a soft white top fill, and a gentle pool of orange glow on the floor under the item. Deep soft shadows, pin-sharp focus, high detail. The item is centred, filling about 75% of a square 800x800 frame. Nothing else in shot: no hands, no people, no props, no added text or watermark, no price, no other brand's logo - only markings the real item carries. LABEL RULE FOR THIS RENDER: show the product FORM and its stamped size/type markings only. Do NOT invent readable label text - no brand wordmarks, no batch numbers, no expiry dates. The MyGear card carries the exact name; the picture only has to be unmistakably this kind of thing.","Item type unmistakably matches the register name ; house style holds (dark floor, orange rim glow, item fills ~75%, no text/people/price) ; no invented label text (brand/batch/expiry) anywhere in the image"
480,HELD_TOOLING,VACUUMCLEANER30L240V,VACUUMCLEANER30L240V.jpg,Vacuum Cleaner 30L Electric,Floor & Cleaning Equipment,3,Plant or powered equipment,RENDER_FROM_DESCRIPTION,"THE ITEM: Vacuum Cleaner 30L Electric. The item at a three-quarter hero angle on the dark floor, working side toward the camera. Three-quarter hero angle from slightly above, the working end toward the camera. HOUSE STYLE (identical for every picture): studio product photograph on a near-black charcoal floor and backdrop (#14181F). One warm orange rim light raking in low from the left, a soft white top fill, and a gentle pool of orange glow on the floor under the item. Deep soft shadows, pin-sharp focus, high detail. The item is centred, filling about 75% of a square 800x800 frame. Nothing else in shot: no hands, no people, no props, no added text or watermark, no price, no other brand's logo - only markings the real item carries. LABEL RULE FOR THIS RENDER: show the product FORM and its stamped size/type markings only. Do NOT invent readable label text - no brand wordmarks, no batch numbers, no expiry dates. The MyGear card carries the exact name; the picture only has to be unmistakably this kind of thing.","Item type unmistakably matches the register name ; house style holds (dark floor, orange rim glow, item fills ~75%, no text/people/price) ; no invented label text (brand/batch/expiry) anywhere in the image"
481,HELD_TOOLING,VACUUMCLEANER90L240V,VACUUMCLEANER90L240V.jpg,Vacuum Cleaner 90L Electric,Floor & Cleaning Equipment,2,Plant or powered equipment,RENDER_FROM_DESCRIPTION,"THE ITEM: Vacuum Cleaner 90L Electric. The item at a three-quarter hero angle on the dark floor, working side toward the camera. Three-quarter hero angle from slightly above, the working end toward the camera. HOUSE STYLE (identical for every picture): studio product photograph on a near-black charcoal floor and backdrop (#14181F). One warm orange rim light raking in low from the left, a soft white top fill, and a gentle pool of orange glow on the floor under the item. Deep soft shadows, pin-sharp focus, high detail. The item is centred, filling about 75% of a square 800x800 frame. Nothing else in shot: no hands, no people, no props, no added text or watermark, no price, no other brand's logo - only markings the real item carries. LABEL RULE FOR THIS RENDER: show the product FORM and its stamped size/type markings only. Do NOT invent readable label text - no brand wordmarks, no batch numbers, no expiry dates. The MyGear card carries the exact name; the picture only has to be unmistakably this kind of thing.","Item type unmistakably matches the register name ; house style holds (dark floor, orange rim glow, item fills ~75%, no text/people/price) ; no invented label text (brand/batch/expiry) anywhere in the image"
482,HELD_TOOLING,VALVEV66,VALVEV66.jpg,Load Holding Valve – V66,"Lift, Shift & Propping",1,"Second pass: powered, pneumatic, plant, lifting or model-specific equipment",RENDER_FROM_DESCRIPTION,"THE ITEM: Load Holding Valve – V66. The item at a three-quarter hero angle on the dark floor, working side toward the camera. Three-quarter hero angle from slightly above, the working end toward the camera. HOUSE STYLE (identical for every picture): studio product photograph on a near-black charcoal floor and backdrop (#14181F). One warm orange rim light raking in low from the left, a soft white top fill, and a gentle pool of orange glow on the floor under the item. Deep soft shadows, pin-sharp focus, high detail. The item is centred, filling about 75% of a square 800x800 frame. Nothing else in shot: no hands, no people, no props, no added text or watermark, no price, no other brand's logo - only markings the real item carries. LABEL RULE FOR THIS RENDER: show the product FORM and its stamped size/type markings only. Do NOT invent readable label text - no brand wordmarks, no batch numbers, no expiry dates. The MyGear card carries the exact name; the picture only has to be unmistakably this kind of thing.","Item type unmistakably matches the register name ; house style holds (dark floor, orange rim glow, item fills ~75%, no text/people/price) ; no invented label text (brand/batch/expiry) anywhere in the image"
483,HELD_TOOLING,VERNIERCALIPER300MM,VERNIERCALIPER300MM.jpg,Vernier Callipers - 300mm,Industrial Tools & Equipment,1,"Precision range, dial layout or component form could be misrepresented",RENDER_FROM_DESCRIPTION,"THE ITEM: Vernier Callipers - 300mm. The instrument laid diagonal on the dark floor, scale or dial toward the camera. Laid flat on the floor at a 30-45 degree diagonal, camera high at about 40 degrees so the whole length is in frame. THE MARKINGS THAT MUST BE READABLE: 300mm. HOUSE STYLE (identical for every picture): studio product photograph on a near-black charcoal floor and backdrop (#14181F). One warm orange rim light raking in low from the left, a soft white top fill, and a gentle pool of orange glow on the floor under the item. Deep soft shadows, pin-sharp focus, high detail. The item is centred, filling about 75% of a square 800x800 frame. Nothing else in shot: no hands, no people, no props, no added text or watermark, no price, no other brand's logo - only markings the real item carries. LABEL RULE FOR THIS RENDER: show the product FORM and its stamped size/type markings only. Do NOT invent readable label text - no brand wordmarks, no batch numbers, no expiry dates. The MyGear card carries the exact name; the picture only has to be unmistakably this kind of thing.","Scale/dial legible; measuring faces visible ; stamped/labelled sizes readable: 300mm ; house style holds (dark floor, orange rim glow, item fills ~75%, no text/people/price) ; no invented label text (brand/batch/expiry) anywhere in the image"
484,HELD_TOOLING,VERNIERCALIPERDIG150MM,VERNIERCALIPERDIG150MM.jpg,Vernier Caliper - Digital - 150mm,Industrial Tools & Equipment,1,"Precision range, dial layout or component form could be misrepresented",RENDER_FROM_DESCRIPTION,"THE ITEM: Vernier Caliper - Digital - 150mm. The instrument laid diagonal on the dark floor, scale or dial toward the camera. Laid flat on the floor at a 30-45 degree diagonal, camera high at about 40 degrees so the whole length is in frame. THE MARKINGS THAT MUST BE READABLE: 150mm. HOUSE STYLE (identical for every picture): studio product photograph on a near-black charcoal floor and backdrop (#14181F). One warm orange rim light raking in low from the left, a soft white top fill, and a gentle pool of orange glow on the floor under the item. Deep soft shadows, pin-sharp focus, high detail. The item is centred, filling about 75% of a square 800x800 frame. Nothing else in shot: no hands, no people, no props, no added text or watermark, no price, no other brand's logo - only markings the real item carries. LABEL RULE FOR THIS RENDER: show the product FORM and its stamped size/type markings only. Do NOT invent readable label text - no brand wordmarks, no batch numbers, no expiry dates. The MyGear card carries the exact name; the picture only has to be unmistakably this kind of thing.","Scale/dial legible; measuring faces visible ; stamped/labelled sizes readable: 150mm ; house style holds (dark floor, orange rim glow, item fills ~75%, no text/people/price) ; no invented label text (brand/batch/expiry) anywhere in the image"
485,HELD_TOOLING,WADPUNCHSET14-19MM,WADPUNCHSET14-19MM.jpg,Wad Punch - 14 - 19mm,Industrial Tools & Equipment,4,Set contents/case layout are not uniquely specified,RENDER_FROM_DESCRIPTION,"THE ITEM: Wad Punch - 14 - 19mm. The tool laid diagonally on the dark floor, working end toward the camera. Laid flat on the floor at a 30-45 degree diagonal, camera high at about 40 degrees so the whole length is in frame. THE MARKINGS THAT MUST BE READABLE: 19mm. HOUSE STYLE (identical for every picture): studio product photograph on a near-black charcoal floor and backdrop (#14181F). One warm orange rim light raking in low from the left, a soft white top fill, and a gentle pool of orange glow on the floor under the item. Deep soft shadows, pin-sharp focus, high detail. The item is centred, filling about 75% of a square 800x800 frame. Nothing else in shot: no hands, no people, no props, no added text or watermark, no price, no other brand's logo - only markings the real item carries. LABEL RULE FOR THIS RENDER: show the product FORM and its stamped size/type markings only. Do NOT invent readable label text - no brand wordmarks, no batch numbers, no expiry dates. The MyGear card carries the exact name; the picture only has to be unmistakably this kind of thing.","Tool type unmistakable; working end sharp in the light ; stamped/labelled sizes readable: 19mm ; house style holds (dark floor, orange rim glow, item fills ~75%, no text/people/price) ; no invented label text (brand/batch/expiry) anywhere in the image"
486,HELD_TOOLING,WATERBLAST3000PSIDH/CTRLR,WATERBLAST3000PSIDH_CTRLR.jpg,Water Blaster - 3000 PSI Hot / Cold on Trailer (Diesel),Floor & Cleaning Equipment,1,Plant or powered equipment,RENDER_FROM_DESCRIPTION,"THE ITEM: Water Blaster - 3000 PSI Hot / Cold on Trailer (Diesel). The item at a three-quarter hero angle on the dark floor, working side toward the camera. Three-quarter hero angle from slightly above, the working end toward the camera. HOUSE STYLE (identical for every picture): studio product photograph on a near-black charcoal floor and backdrop (#14181F). One warm orange rim light raking in low from the left, a soft white top fill, and a gentle pool of orange glow on the floor under the item. Deep soft shadows, pin-sharp focus, high detail. The item is centred, filling about 75% of a square 800x800 frame. Nothing else in shot: no hands, no people, no props, no added text or watermark, no price, no other brand's logo - only markings the real item carries. LABEL RULE FOR THIS RENDER: show the product FORM and its stamped size/type markings only. Do NOT invent readable label text - no brand wordmarks, no batch numbers, no expiry dates. The MyGear card carries the exact name; the picture only has to be unmistakably this kind of thing.","Item type unmistakably matches the register name ; house style holds (dark floor, orange rim glow, item fills ~75%, no text/people/price) ; no invented label text (brand/batch/expiry) anywhere in the image"
487,HELD_TOOLING,WATERBLAST3000PSIDTRAILER,WATERBLAST3000PSIDTRAILER.jpg,Water Blaster - 3000 PSI Mobile On Trailer (Diesel),Floor & Cleaning Equipment,1,Plant or powered equipment,RENDER_FROM_DESCRIPTION,"THE ITEM: Water Blaster - 3000 PSI Mobile On Trailer (Diesel). The item at a three-quarter hero angle on the dark floor, working side toward the camera. Three-quarter hero angle from slightly above, the working end toward the camera. HOUSE STYLE (identical for every picture): studio product photograph on a near-black charcoal floor and backdrop (#14181F). One warm orange rim light raking in low from the left, a soft white top fill, and a gentle pool of orange glow on the floor under the item. Deep soft shadows, pin-sharp focus, high detail. The item is centred, filling about 75% of a square 800x800 frame. Nothing else in shot: no hands, no people, no props, no added text or watermark, no price, no other brand's logo - only markings the real item carries. LABEL RULE FOR THIS RENDER: show the product FORM and its stamped size/type markings only. Do NOT invent readable label text - no brand wordmarks, no batch numbers, no expiry dates. The MyGear card carries the exact name; the picture only has to be unmistakably this kind of thing.","Item type unmistakably matches the register name ; house style holds (dark floor, orange rim glow, item fills ~75%, no text/people/price) ; no invented label text (brand/batch/expiry) anywhere in the image"
488,HELD_TOOLING,WATERBLAST3000PSIPCOLD,WATERBLAST3000PSIPCOLD.jpg,Water Blaster - 3000 PSI Cold - Petrol,Floor & Cleaning Equipment,1,Plant or powered equipment,RENDER_FROM_DESCRIPTION,"THE ITEM: Water Blaster - 3000 PSI Cold - Petrol. The item at a three-quarter hero angle on the dark floor, working side toward the camera. Three-quarter hero angle from slightly above, the working end toward the camera. HOUSE STYLE (identical for every picture): studio product photograph on a near-black charcoal floor and backdrop (#14181F). One warm orange rim light raking in low from the left, a soft white top fill, and a gentle pool of orange glow on the floor under the item. Deep soft shadows, pin-sharp focus, high detail. The item is centred, filling about 75% of a square 800x800 frame. Nothing else in shot: no hands, no people, no props, no added text or watermark, no price, no other brand's logo - only markings the real item carries. LABEL RULE FOR THIS RENDER: show the product FORM and its stamped size/type markings only. Do NOT invent readable label text - no brand wordmarks, no batch numbers, no expiry dates. The MyGear card carries the exact name; the picture only has to be unmistakably this kind of thing.","Item type unmistakably matches the register name ; house style holds (dark floor, orange rim glow, item fills ~75%, no text/people/price) ; no invented label text (brand/batch/expiry) anywhere in the image"
489,PLANT_AND_TAGGED,WATERCARTTRAILER950LTR,WATERCARTTRAILER950LTR.jpg,Trailer - Water Cartage 950L With Pump,"Trucks, Vehicles & Trailers",1,Road 1 real-unit hold,RENDER_FROM_DESCRIPTION,"THE ITEM: Trailer - Water Cartage 950L With Pump. The pump at three-quarter angle, inlet and outlet toward the camera. Three-quarter hero angle from slightly above, the working end toward the camera. HOUSE STYLE (identical for every picture): studio product photograph on a near-black charcoal floor and backdrop (#14181F). One warm orange rim light raking in low from the left, a soft white top fill, and a gentle pool of orange glow on the floor under the item. Deep soft shadows, pin-sharp focus, high detail. The item is centred, filling about 75% of a square 800x800 frame. Nothing else in shot: no hands, no people, no props, no added text or watermark, no price, no other brand's logo - only markings the real item carries. LABEL RULE FOR THIS RENDER: show the product FORM and its stamped size/type markings only. Do NOT invent readable label text - no brand wordmarks, no batch numbers, no expiry dates. The MyGear card carries the exact name; the picture only has to be unmistakably this kind of thing.","Ports visible; power type correct ; house style holds (dark floor, orange rim glow, item fills ~75%, no text/people/price) ; no invented label text (brand/batch/expiry) anywhere in the image"
490,HELD_TOOLING,WATERHOSE20MMX20MM,WATERHOSE20MMX20MM.jpg,Water Hose 20mm x 20M,Landscaping,1,Generic render could show the wrong construction or fittings,RENDER_FROM_DESCRIPTION,"THE ITEM: Water Hose 20mm x 20M. The item at a three-quarter hero angle on the dark floor, working side toward the camera. Three-quarter hero angle from slightly above, the working end toward the camera. THE MARKINGS THAT MUST BE READABLE: 20mm | 20m. HOUSE STYLE (identical for every picture): studio product photograph on a near-black charcoal floor and backdrop (#14181F). One warm orange rim light raking in low from the left, a soft white top fill, and a gentle pool of orange glow on the floor under the item. Deep soft shadows, pin-sharp focus, high detail. The item is centred, filling about 75% of a square 800x800 frame. Nothing else in shot: no hands, no people, no props, no added text or watermark, no price, no other brand's logo - only markings the real item carries. LABEL RULE FOR THIS RENDER: show the product FORM and its stamped size/type markings only. Do NOT invent readable label text - no brand wordmarks, no batch numbers, no expiry dates. The MyGear card carries the exact name; the picture only has to be unmistakably this kind of thing.","Item type unmistakably matches the register name ; stamped/labelled sizes readable: 20mm, 20m ; house style holds (dark floor, orange rim glow, item fills ~75%, no text/people/price) ; no invented label text (brand/batch/expiry) anywhere in the image"
491,HELD_TOOLING,WEDGEFOX100258MMMUMME,WEDGEFOX100258MMMUMME.jpg,WEDGE FOX 100 X 25 X 8MM MUMME,Coates Equipment,1,Mumme fox-wedge profile is product-specific,RENDER_FROM_DESCRIPTION,"THE ITEM: WEDGE FOX 100 X 25 X 8MM MUMME. The item at a three-quarter hero angle on the dark floor, working side toward the camera. Three-quarter hero angle from slightly above, the working end toward the camera. THE MARKINGS THAT MUST BE READABLE: 8mm. HOUSE STYLE (identical for every picture): studio product photograph on a near-black charcoal floor and backdrop (#14181F). One warm orange rim light raking in low from the left, a soft white top fill, and a gentle pool of orange glow on the floor under the item. Deep soft shadows, pin-sharp focus, high detail. The item is centred, filling about 75% of a square 800x800 frame. Nothing else in shot: no hands, no people, no props, no added text or watermark, no price, no other brand's logo - only markings the real item carries. LABEL RULE FOR THIS RENDER: show the product FORM and its stamped size/type markings only. Do NOT invent readable label text - no brand wordmarks, no batch numbers, no expiry dates. The MyGear card carries the exact name; the picture only has to be unmistakably this kind of thing.","Item type unmistakably matches the register name ; stamped/labelled sizes readable: 8mm ; house style holds (dark floor, orange rim glow, item fills ~75%, no text/people/price) ; no invented label text (brand/batch/expiry) anywhere in the image"
492,HELD_TOOLING,WEDGEFOX100X25X8MMMUMME,WEDGEFOX100X25X8MMMUMME.jpg,WEDGE FOX 100 X 25 X 8MM MUMME,Coates Equipment,1,Mumme fox-wedge profile is product-specific,RENDER_FROM_DESCRIPTION,"THE ITEM: WEDGE FOX 100 X 25 X 8MM MUMME. The item at a three-quarter hero angle on the dark floor, working side toward the camera. Three-quarter hero angle from slightly above, the working end toward the camera. THE MARKINGS THAT MUST BE READABLE: 8mm. HOUSE STYLE (identical for every picture): studio product photograph on a near-black charcoal floor and backdrop (#14181F). One warm orange rim light raking in low from the left, a soft white top fill, and a gentle pool of orange glow on the floor under the item. Deep soft shadows, pin-sharp focus, high detail. The item is centred, filling about 75% of a square 800x800 frame. Nothing else in shot: no hands, no people, no props, no added text or watermark, no price, no other brand's logo - only markings the real item carries. LABEL RULE FOR THIS RENDER: show the product FORM and its stamped size/type markings only. Do NOT invent readable label text - no brand wordmarks, no batch numbers, no expiry dates. The MyGear card carries the exact name; the picture only has to be unmistakably this kind of thing.","Item type unmistakably matches the register name ; stamped/labelled sizes readable: 8mm ; house style holds (dark floor, orange rim glow, item fills ~75%, no text/people/price) ; no invented label text (brand/batch/expiry) anywhere in the image"
493,HELD_TOOLING,WEDGEFOX753813MMMUMME,WEDGEFOX753813MMMUMME.jpg,WEDGE FOX 75 X 38 X 13MM MUMME,Coates Equipment,1,Mumme fox-wedge profile is product-specific,RENDER_FROM_DESCRIPTION,"THE ITEM: WEDGE FOX 75 X 38 X 13MM MUMME. The item at a three-quarter hero angle on the dark floor, working side toward the camera. Three-quarter hero angle from slightly above, the working end toward the camera. THE MARKINGS THAT MUST BE READABLE: 13mm. HOUSE STYLE (identical for every picture): studio product photograph on a near-black charcoal floor and backdrop (#14181F). One warm orange rim light raking in low from the left, a soft white top fill, and a gentle pool of orange glow on the floor under the item. Deep soft shadows, pin-sharp focus, high detail. The item is centred, filling about 75% of a square 800x800 frame. Nothing else in shot: no hands, no people, no props, no added text or watermark, no price, no other brand's logo - only markings the real item carries. LABEL RULE FOR THIS RENDER: show the product FORM and its stamped size/type markings only. Do NOT invent readable label text - no brand wordmarks, no batch numbers, no expiry dates. The MyGear card carries the exact name; the picture only has to be unmistakably this kind of thing.","Item type unmistakably matches the register name ; stamped/labelled sizes readable: 13mm ; house style holds (dark floor, orange rim glow, item fills ~75%, no text/people/price) ; no invented label text (brand/batch/expiry) anywhere in the image"
494,HELD_TOOLING,WEDGEFOX75X38X13MMMUMME,WEDGEFOX75X38X13MMMUMME.jpg,WEDGE FOX 75 X 38 X 13MM MUMME,Coates Equipment,1,Mumme fox-wedge profile is product-specific,RENDER_FROM_DESCRIPTION,"THE ITEM: WEDGE FOX 75 X 38 X 13MM MUMME. The item at a three-quarter hero angle on the dark floor, working side toward the camera. Three-quarter hero angle from slightly above, the working end toward the camera. THE MARKINGS THAT MUST BE READABLE: 13mm. HOUSE STYLE (identical for every picture): studio product photograph on a near-black charcoal floor and backdrop (#14181F). One warm orange rim light raking in low from the left, a soft white top fill, and a gentle pool of orange glow on the floor under the item. Deep soft shadows, pin-sharp focus, high detail. The item is centred, filling about 75% of a square 800x800 frame. Nothing else in shot: no hands, no people, no props, no added text or watermark, no price, no other brand's logo - only markings the real item carries. LABEL RULE FOR THIS RENDER: show the product FORM and its stamped size/type markings only. Do NOT invent readable label text - no brand wordmarks, no batch numbers, no expiry dates. The MyGear card carries the exact name; the picture only has to be unmistakably this kind of thing.","Item type unmistakably matches the register name ; stamped/labelled sizes readable: 13mm ; house style holds (dark floor, orange rim glow, item fills ~75%, no text/people/price) ; no invented label text (brand/batch/expiry) anywhere in the image"
495,CONSUMABLE,WEL802-L50PIN,WEL802-L50PIN.jpg,LOCH 6mm Pin suits 50mm Cutter,Consumables,0,IDENTIFIED,RENDER_FROM_DESCRIPTION,"THE ITEM: LOCH 6mm Pin suits 50mm Cutter. The item exactly as handed over the counter - packet, tin, pair or spool - upright, label face square to the camera. Camera straight on at label height, the item turned a few degrees so it still has depth. THE MARKINGS THAT MUST BE READABLE: 6mm | 50mm. HOUSE STYLE (identical for every picture): studio product photograph on a near-black charcoal floor and backdrop (#14181F). One warm orange rim light raking in low from the left, a soft white top fill, and a gentle pool of orange glow on the floor under the item. Deep soft shadows, pin-sharp focus, high detail. The item is centred, filling about 75% of a square 800x800 frame. Nothing else in shot: no hands, no people, no props, no added text or watermark, no price, no other brand's logo - only markings the real item carries. LABEL RULE FOR THIS RENDER: show the product FORM and its stamped size/type markings only. Do NOT invent readable label text - no brand wordmarks, no batch numbers, no expiry dates. The MyGear card carries the exact name; the picture only has to be unmistakably this kind of thing.","Label brand/size legible; quantity form matches how the store issues it (pair/pack/roll/tin) ; stamped/labelled sizes readable: 6mm, 50mm ; house style holds (dark floor, orange rim glow, item fills ~75%, no text/people/price) ; no invented label text (brand/batch/expiry) anywhere in the image"
496,PLANT_AND_TAGGED,WELD140AE,WELD140AE.jpg,Welder Electric 140A (240V),Welding,18,Road 1 real-unit hold,RENDER_FROM_DESCRIPTION,"THE ITEM: Welder Electric 140A (240V). The welder set at three-quarter angle on the dark floor, control panel angled to the camera, leads coiled once in front. Three-quarter hero angle from slightly above, the working end toward the camera. THE MARKINGS THAT MUST BE READABLE: 240v | 140a. HOUSE STYLE (identical for every picture): studio product photograph on a near-black charcoal floor and backdrop (#14181F). One warm orange rim light raking in low from the left, a soft white top fill, and a gentle pool of orange glow on the floor under the item. Deep soft shadows, pin-sharp focus, high detail. The item is centred, filling about 75% of a square 800x800 frame. Nothing else in shot: no hands, no people, no props, no added text or watermark, no price, no other brand's logo - only markings the real item carries. LABEL RULE FOR THIS RENDER: show the product FORM and its stamped size/type markings only. Do NOT invent readable label text - no brand wordmarks, no batch numbers, no expiry dates. The MyGear card carries the exact name; the picture only has to be unmistakably this kind of thing.","Control panel legible; amperage class reads right; diesel units show their frame/tank ; stamped/labelled sizes readable: 240v, 140a ; house style holds (dark floor, orange rim glow, item fills ~75%, no text/people/price) ; no invented label text (brand/batch/expiry) anywhere in the image"
497,PLANT_AND_TAGGED,WELD500A-DIESEL,WELD500A-DIESEL.jpg,Welder Diesel 500A,Welding,1,Road 1 real-unit hold,RENDER_FROM_DESCRIPTION,"THE ITEM: Welder Diesel 500A. The welder set at three-quarter angle on the dark floor, control panel angled to the camera, leads coiled once in front. Three-quarter hero angle from slightly above, the working end toward the camera. THE MARKINGS THAT MUST BE READABLE: 500a. HOUSE STYLE (identical for every picture): studio product photograph on a near-black charcoal floor and backdrop (#14181F). One warm orange rim light raking in low from the left, a soft white top fill, and a gentle pool of orange glow on the floor under the item. Deep soft shadows, pin-sharp focus, high detail. The item is centred, filling about 75% of a square 800x800 frame. Nothing else in shot: no hands, no people, no props, no added text or watermark, no price, no other brand's logo - only markings the real item carries. LABEL RULE FOR THIS RENDER: show the product FORM and its stamped size/type markings only. Do NOT invent readable label text - no brand wordmarks, no batch numbers, no expiry dates. The MyGear card carries the exact name; the picture only has to be unmistakably this kind of thing.","Control panel legible; amperage class reads right; diesel units show their frame/tank ; stamped/labelled sizes readable: 500a ; house style holds (dark floor, orange rim glow, item fills ~75%, no text/people/price) ; no invented label text (brand/batch/expiry) anywhere in the image"
498,PLANT_AND_TAGGED,WELD580D,WELD580D.jpg,Welder - Motorized - Diesel - Vantage 580,Welding,1,Road 1 real-unit hold,RENDER_FROM_DESCRIPTION,"THE ITEM: Welder - Motorized - Diesel - Vantage 580. The welder set at three-quarter angle on the dark floor, control panel angled to the camera, leads coiled once in front. Three-quarter hero angle from slightly above, the working end toward the camera. HOUSE STYLE (identical for every picture): studio product photograph on a near-black charcoal floor and backdrop (#14181F). One warm orange rim light raking in low from the left, a soft white top fill, and a gentle pool of orange glow on the floor under the item. Deep soft shadows, pin-sharp focus, high detail. The item is centred, filling about 75% of a square 800x800 frame. Nothing else in shot: no hands, no people, no props, no added text or watermark, no price, no other brand's logo - only markings the real item carries. LABEL RULE FOR THIS RENDER: show the product FORM and its stamped size/type markings only. Do NOT invent readable label text - no brand wordmarks, no batch numbers, no expiry dates. The MyGear card carries the exact name; the picture only has to be unmistakably this kind of thing.","Control panel legible; amperage class reads right; diesel units show their frame/tank ; house style holds (dark floor, orange rim glow, item fills ~75%, no text/people/price) ; no invented label text (brand/batch/expiry) anywhere in the image"
499,HELD_TOOLING,WELDARGONGAUGE,WELDARGONGAUGE.jpg,Argon Flow Gauge,Welding,28,Gas connection and regulator geometry is safety-relevant,RENDER_FROM_DESCRIPTION,"THE ITEM: Argon Flow Gauge. The item at a three-quarter hero angle on the dark floor, working side toward the camera. Three-quarter hero angle from slightly above, the working end toward the camera. HOUSE STYLE (identical for every picture): studio product photograph on a near-black charcoal floor and backdrop (#14181F). One warm orange rim light raking in low from the left, a soft white top fill, and a gentle pool of orange glow on the floor under the item. Deep soft shadows, pin-sharp focus, high detail. The item is centred, filling about 75% of a square 800x800 frame. Nothing else in shot: no hands, no people, no props, no added text or watermark, no price, no other brand's logo - only markings the real item carries. LABEL RULE FOR THIS RENDER: show the product FORM and its stamped size/type markings only. Do NOT invent readable label text - no brand wordmarks, no batch numbers, no expiry dates. The MyGear card carries the exact name; the picture only has to be unmistakably this kind of thing.","Item type unmistakably matches the register name ; house style holds (dark floor, orange rim glow, item fills ~75%, no text/people/price) ; no invented label text (brand/batch/expiry) anywhere in the image"
500,HELD_TOOLING,WELDEARTHCLAMP,WELDEARTHCLAMP.jpg,Welding Earth Clamp,Welding,39,"Second pass: powered, pneumatic, plant, lifting or model-specific equipment",RENDER_FROM_DESCRIPTION,"THE ITEM: Welding Earth Clamp. The light standing lit, beam catching haze faintly above. Three-quarter hero angle from slightly above, the working end toward the camera. HOUSE STYLE (identical for every picture): studio product photograph on a near-black charcoal floor and backdrop (#14181F). One warm orange rim light raking in low from the left, a soft white top fill, and a gentle pool of orange glow on the floor under the item. Deep soft shadows, pin-sharp focus, high detail. The item is centred, filling about 75% of a square 800x800 frame. Nothing else in shot: no hands, no people, no props, no added text or watermark, no price, no other brand's logo - only markings the real item carries. LABEL RULE FOR THIS RENDER: show the product FORM and its stamped size/type markings only. Do NOT invent readable label text - no brand wordmarks, no batch numbers, no expiry dates. The MyGear card carries the exact name; the picture only has to be unmistakably this kind of thing.","Lamp visibly ON; mount/stand type matches the name ; house style holds (dark floor, orange rim glow, item fills ~75%, no text/people/price) ; no invented label text (brand/batch/expiry) anywhere in the image"
501,HELD_TOOLING,WELDEARTHCLAMPCADDY,WELDEARTHCLAMPCADDY.jpg,Welding Earth Clamp - Caddy,Welding,19,"Second pass: powered, pneumatic, plant, lifting or model-specific equipment",RENDER_FROM_DESCRIPTION,"THE ITEM: Welding Earth Clamp - Caddy. The light standing lit, beam catching haze faintly above. Three-quarter hero angle from slightly above, the working end toward the camera. HOUSE STYLE (identical for every picture): studio product photograph on a near-black charcoal floor and backdrop (#14181F). One warm orange rim light raking in low from the left, a soft white top fill, and a gentle pool of orange glow on the floor under the item. Deep soft shadows, pin-sharp focus, high detail. The item is centred, filling about 75% of a square 800x800 frame. Nothing else in shot: no hands, no people, no props, no added text or watermark, no price, no other brand's logo - only markings the real item carries. LABEL RULE FOR THIS RENDER: show the product FORM and its stamped size/type markings only. Do NOT invent readable label text - no brand wordmarks, no batch numbers, no expiry dates. The MyGear card carries the exact name; the picture only has to be unmistakably this kind of thing.","Lamp visibly ON; mount/stand type matches the name ; house style holds (dark floor, orange rim glow, item fills ~75%, no text/people/price) ; no invented label text (brand/batch/expiry) anywhere in the image"
502,HELD_TOOLING,WELDEARTHLD16MM,WELDEARTHLD16MM.jpg,Welding Earth Lead 16MM,Welding,9,"Second pass: powered, pneumatic, plant, lifting or model-specific equipment",RENDER_FROM_DESCRIPTION,"THE ITEM: Welding Earth Lead 16MM. The lead in a neat coil, both plugs crossed to the front. Coiled in a neat single loop, connectors/ends crossed to the front so both fittings are visible. THE MARKINGS THAT MUST BE READABLE: 16mm. HOUSE STYLE (identical for every picture): studio product photograph on a near-black charcoal floor and backdrop (#14181F). One warm orange rim light raking in low from the left, a soft white top fill, and a gentle pool of orange glow on the floor under the item. Deep soft shadows, pin-sharp focus, high detail. The item is centred, filling about 75% of a square 800x800 frame. Nothing else in shot: no hands, no people, no props, no added text or watermark, no price, no other brand's logo - only markings the real item carries. LABEL RULE FOR THIS RENDER: show the product FORM and its stamped size/type markings only. Do NOT invent readable label text - no brand wordmarks, no batch numbers, no expiry dates. The MyGear card carries the exact name; the picture only has to be unmistakably this kind of thing.","Both plug ends visible; phase/amp rating reads correctly ; stamped/labelled sizes readable: 16mm ; house style holds (dark floor, orange rim glow, item fills ~75%, no text/people/price) ; no invented label text (brand/batch/expiry) anywhere in the image"
503,HELD_TOOLING,WELDELECTRODEHOLER,WELDELECTRODEHOLER.jpg,Welding Electrode Holder,Welding,28,"Second pass: powered, pneumatic, plant, lifting or model-specific equipment",RENDER_FROM_DESCRIPTION,"THE ITEM: Welding Electrode Holder. The sealed packet laid diagonal with three rods fanned in front. Laid flat on the floor at a 30-45 degree diagonal, camera high at about 40 degrees so the whole length is in frame. HOUSE STYLE (identical for every picture): studio product photograph on a near-black charcoal floor and backdrop (#14181F). One warm orange rim light raking in low from the left, a soft white top fill, and a gentle pool of orange glow on the floor under the item. Deep soft shadows, pin-sharp focus, high detail. The item is centred, filling about 75% of a square 800x800 frame. Nothing else in shot: no hands, no people, no props, no added text or watermark, no price, no other brand's logo - only markings the real item carries. LABEL RULE FOR THIS RENDER: show the product FORM and its stamped size/type markings only. Do NOT invent readable label text - no brand wordmarks, no batch numbers, no expiry dates. The MyGear card carries the exact name; the picture only has to be unmistakably this kind of thing.","Packet label legible; rod type/size readable ; house style holds (dark floor, orange rim glow, item fills ~75%, no text/people/price) ; no invented label text (brand/batch/expiry) anywhere in the image"
504,PLANT_AND_TAGGED,WELDELECTRODEOVEN5KG240V,WELDELECTRODEOVEN5KG240V.jpg,Welding Electrode Oven 5kg Electric,Welding,1,Road 1 real-unit hold,RENDER_FROM_DESCRIPTION,"THE ITEM: Welding Electrode Oven 5kg Electric. The oven upright, door ajar just enough to read as an oven. Standing upright on the floor, camera at item height, three-quarter view so two faces show. THE MARKINGS THAT MUST BE READABLE: 5kg. HOUSE STYLE (identical for every picture): studio product photograph on a near-black charcoal floor and backdrop (#14181F). One warm orange rim light raking in low from the left, a soft white top fill, and a gentle pool of orange glow on the floor under the item. Deep soft shadows, pin-sharp focus, high detail. The item is centred, filling about 75% of a square 800x800 frame. Nothing else in shot: no hands, no people, no props, no added text or watermark, no price, no other brand's logo - only markings the real item carries. LABEL RULE FOR THIS RENDER: show the product FORM and its stamped size/type markings only. Do NOT invent readable label text - no brand wordmarks, no batch numbers, no expiry dates. The MyGear card carries the exact name; the picture only has to be unmistakably this kind of thing.","Door, latch and capacity read correctly ; stamped/labelled sizes readable: 5kg ; house style holds (dark floor, orange rim glow, item fills ~75%, no text/people/price) ; no invented label text (brand/batch/expiry) anywhere in the image"
505,PLANT_AND_TAGGED,WELDERAIRVANTAGE600A,WELDERAIRVANTAGE600A.jpg,Welder - Motorised - Diesel - 600A Air Vantage,Welding,4,Road 1 real-unit hold,RENDER_FROM_DESCRIPTION,"THE ITEM: Welder - Motorised - Diesel - 600A Air Vantage. The welder set at three-quarter angle on the dark floor, control panel angled to the camera, leads coiled once in front. Three-quarter hero angle from slightly above, the working end toward the camera. THE MARKINGS THAT MUST BE READABLE: 600a. HOUSE STYLE (identical for every picture): studio product photograph on a near-black charcoal floor and backdrop (#14181F). One warm orange rim light raking in low from the left, a soft white top fill, and a gentle pool of orange glow on the floor under the item. Deep soft shadows, pin-sharp focus, high detail. The item is centred, filling about 75% of a square 800x800 frame. Nothing else in shot: no hands, no people, no props, no added text or watermark, no price, no other brand's logo - only markings the real item carries. LABEL RULE FOR THIS RENDER: show the product FORM and its stamped size/type markings only. Do NOT invent readable label text - no brand wordmarks, no batch numbers, no expiry dates. The MyGear card carries the exact name; the picture only has to be unmistakably this kind of thing.","Control panel legible; amperage class reads right; diesel units show their frame/tank ; stamped/labelled sizes readable: 600a ; house style holds (dark floor, orange rim glow, item fills ~75%, no text/people/price) ; no invented label text (brand/batch/expiry) anywhere in the image"
506,HELD_TOOLING,WELDERLEADHANDPIECE,WELDERLEADHANDPIECE.jpg,Welding - Lead Hand Piece,Welding,23,"Second pass: powered, pneumatic, plant, lifting or model-specific equipment",RENDER_FROM_DESCRIPTION,"THE ITEM: Welding - Lead Hand Piece. The lead in a neat coil, both plugs crossed to the front. Coiled in a neat single loop, connectors/ends crossed to the front so both fittings are visible. HOUSE STYLE (identical for every picture): studio product photograph on a near-black charcoal floor and backdrop (#14181F). One warm orange rim light raking in low from the left, a soft white top fill, and a gentle pool of orange glow on the floor under the item. Deep soft shadows, pin-sharp focus, high detail. The item is centred, filling about 75% of a square 800x800 frame. Nothing else in shot: no hands, no people, no props, no added text or watermark, no price, no other brand's logo - only markings the real item carries. LABEL RULE FOR THIS RENDER: show the product FORM and its stamped size/type markings only. Do NOT invent readable label text - no brand wordmarks, no batch numbers, no expiry dates. The MyGear card carries the exact name; the picture only has to be unmistakably this kind of thing.","Both plug ends visible; phase/amp rating reads correctly ; house style holds (dark floor, orange rim glow, item fills ~75%, no text/people/price) ; no invented label text (brand/batch/expiry) anywhere in the image"
507,HELD_TOOLING,WELDHANDPIECECADDY,WELDHANDPIECECADDY.jpg,Welding Hand Piece - Caddy,Welding,45,"Second pass: powered, pneumatic, plant, lifting or model-specific equipment",RENDER_FROM_DESCRIPTION,"THE ITEM: Welding Hand Piece - Caddy. The item at a three-quarter hero angle on the dark floor, working side toward the camera. Three-quarter hero angle from slightly above, the working end toward the camera. HOUSE STYLE (identical for every picture): studio product photograph on a near-black charcoal floor and backdrop (#14181F). One warm orange rim light raking in low from the left, a soft white top fill, and a gentle pool of orange glow on the floor under the item. Deep soft shadows, pin-sharp focus, high detail. The item is centred, filling about 75% of a square 800x800 frame. Nothing else in shot: no hands, no people, no props, no added text or watermark, no price, no other brand's logo - only markings the real item carries. LABEL RULE FOR THIS RENDER: show the product FORM and its stamped size/type markings only. Do NOT invent readable label text - no brand wordmarks, no batch numbers, no expiry dates. The MyGear card carries the exact name; the picture only has to be unmistakably this kind of thing.","Item type unmistakably matches the register name ; house style holds (dark floor, orange rim glow, item fills ~75%, no text/people/price) ; no invented label text (brand/batch/expiry) anywhere in the image"
508,HELD_TOOLING,WELDHANDPIECEMIGWF,WELDHANDPIECEMIGWF.jpg,Welding Hand Piece - Mig Wire Feeder,Welding,16,"Second pass: powered, pneumatic, plant, lifting or model-specific equipment",RENDER_FROM_DESCRIPTION,"THE ITEM: Welding Hand Piece - Mig Wire Feeder. The item at a three-quarter hero angle on the dark floor, working side toward the camera. Three-quarter hero angle from slightly above, the working end toward the camera. HOUSE STYLE (identical for every picture): studio product photograph on a near-black charcoal floor and backdrop (#14181F). One warm orange rim light raking in low from the left, a soft white top fill, and a gentle pool of orange glow on the floor under the item. Deep soft shadows, pin-sharp focus, high detail. The item is centred, filling about 75% of a square 800x800 frame. Nothing else in shot: no hands, no people, no props, no added text or watermark, no price, no other brand's logo - only markings the real item carries. LABEL RULE FOR THIS RENDER: show the product FORM and its stamped size/type markings only. Do NOT invent readable label text - no brand wordmarks, no batch numbers, no expiry dates. The MyGear card carries the exact name; the picture only has to be unmistakably this kind of thing.","Item type unmistakably matches the register name ; house style holds (dark floor, orange rim glow, item fills ~75%, no text/people/price) ; no invented label text (brand/batch/expiry) anywhere in the image"
509,HELD_TOOLING,WELDHOSEARGON,WELDHOSEARGON.jpg,Welding Hose - Argon,Industrial Tools & Equipment,23,"Second pass: powered, pneumatic, plant, lifting or model-specific equipment",RENDER_FROM_DESCRIPTION,"THE ITEM: Welding Hose - Argon. Neatly coiled, both end fittings crossed to the front. Coiled in a neat single loop, connectors/ends crossed to the front so both fittings are visible. HOUSE STYLE (identical for every picture): studio product photograph on a near-black charcoal floor and backdrop (#14181F). One warm orange rim light raking in low from the left, a soft white top fill, and a gentle pool of orange glow on the floor under the item. Deep soft shadows, pin-sharp focus, high detail. The item is centred, filling about 75% of a square 800x800 frame. Nothing else in shot: no hands, no people, no props, no added text or watermark, no price, no other brand's logo - only markings the real item carries. LABEL RULE FOR THIS RENDER: show the product FORM and its stamped size/type markings only. Do NOT invent readable label text - no brand wordmarks, no batch numbers, no expiry dates. The MyGear card carries the exact name; the picture only has to be unmistakably this kind of thing.","End fittings visible; lead/hose type reads correctly ; house style holds (dark floor, orange rim glow, item fills ~75%, no text/people/price) ; no invented label text (brand/batch/expiry) anywhere in the image"
510,HELD_TOOLING,WELDINGAIRVANTAGEDIESEL,WELDINGAIRVANTAGEDIESEL.jpg,Welding Air Vantage Diesel 500(HGA014),Welderairvantage500A,2,"Second pass: powered, pneumatic, plant, lifting or model-specific equipment",RENDER_FROM_DESCRIPTION,"THE ITEM: Welding Air Vantage Diesel 500(HGA014). The item at a three-quarter hero angle on the dark floor, working side toward the camera. Three-quarter hero angle from slightly above, the working end toward the camera. HOUSE STYLE (identical for every picture): studio product photograph on a near-black charcoal floor and backdrop (#14181F). One warm orange rim light raking in low from the left, a soft white top fill, and a gentle pool of orange glow on the floor under the item. Deep soft shadows, pin-sharp focus, high detail. The item is centred, filling about 75% of a square 800x800 frame. Nothing else in shot: no hands, no people, no props, no added text or watermark, no price, no other brand's logo - only markings the real item carries. LABEL RULE FOR THIS RENDER: show the product FORM and its stamped size/type markings only. Do NOT invent readable label text - no brand wordmarks, no batch numbers, no expiry dates. The MyGear card carries the exact name; the picture only has to be unmistakably this kind of thing.","Item type unmistakably matches the register name ; house style holds (dark floor, orange rim glow, item fills ~75%, no text/people/price) ; no invented label text (brand/batch/expiry) anywhere in the image"
511,HELD_TOOLING,WELDINGELECTRODEHOTBOX,WELDINGELECTRODEHOTBOX.jpg,Welding Electrode Hotbox,Welding,2,"Second pass: powered, pneumatic, plant, lifting or model-specific equipment",RENDER_FROM_DESCRIPTION,"THE ITEM: Welding Electrode Hotbox. The sealed packet laid diagonal with three rods fanned in front. Laid flat on the floor at a 30-45 degree diagonal, camera high at about 40 degrees so the whole length is in frame. HOUSE STYLE (identical for every picture): studio product photograph on a near-black charcoal floor and backdrop (#14181F). One warm orange rim light raking in low from the left, a soft white top fill, and a gentle pool of orange glow on the floor under the item. Deep soft shadows, pin-sharp focus, high detail. The item is centred, filling about 75% of a square 800x800 frame. Nothing else in shot: no hands, no people, no props, no added text or watermark, no price, no other brand's logo - only markings the real item carries. LABEL RULE FOR THIS RENDER: show the product FORM and its stamped size/type markings only. Do NOT invent readable label text - no brand wordmarks, no batch numbers, no expiry dates. The MyGear card carries the exact name; the picture only has to be unmistakably this kind of thing.","Packet label legible; rod type/size readable ; house style holds (dark floor, orange rim glow, item fills ~75%, no text/people/price) ; no invented label text (brand/batch/expiry) anywhere in the image"
512,HELD_TOOLING,WELDINGVANTAGEDIESEL,WELDINGVANTAGEDIESEL.jpg,Welding Vantage Diesel 500(HGA009),Welderairvantage500A,5,Welder or powered welding equipment,RENDER_FROM_DESCRIPTION,"THE ITEM: Welding Vantage Diesel 500(HGA009). The item at a three-quarter hero angle on the dark floor, working side toward the camera. Three-quarter hero angle from slightly above, the working end toward the camera. HOUSE STYLE (identical for every picture): studio product photograph on a near-black charcoal floor and backdrop (#14181F). One warm orange rim light raking in low from the left, a soft white top fill, and a gentle pool of orange glow on the floor under the item. Deep soft shadows, pin-sharp focus, high detail. The item is centred, filling about 75% of a square 800x800 frame. Nothing else in shot: no hands, no people, no props, no added text or watermark, no price, no other brand's logo - only markings the real item carries. LABEL RULE FOR THIS RENDER: show the product FORM and its stamped size/type markings only. Do NOT invent readable label text - no brand wordmarks, no batch numbers, no expiry dates. The MyGear card carries the exact name; the picture only has to be unmistakably this kind of thing.","Item type unmistakably matches the register name ; house style holds (dark floor, orange rim glow, item fills ~75%, no text/people/price) ; no invented label text (brand/batch/expiry) anywhere in the image"
513,HELD_TOOLING,WELDINGVANTAGEDIESEL580HGA047,WELDINGVANTAGEDIESEL580HGA047.jpg,Welding Vantage Diesel 580 (HGA047),Welderairvantage580A,1,Welder or powered welding equipment,RENDER_FROM_DESCRIPTION,"THE ITEM: Welding Vantage Diesel 580 (HGA047). The item at a three-quarter hero angle on the dark floor, working side toward the camera. Three-quarter hero angle from slightly above, the working end toward the camera. HOUSE STYLE (identical for every picture): studio product photograph on a near-black charcoal floor and backdrop (#14181F). One warm orange rim light raking in low from the left, a soft white top fill, and a gentle pool of orange glow on the floor under the item. Deep soft shadows, pin-sharp focus, high detail. The item is centred, filling about 75% of a square 800x800 frame. Nothing else in shot: no hands, no people, no props, no added text or watermark, no price, no other brand's logo - only markings the real item carries. LABEL RULE FOR THIS RENDER: show the product FORM and its stamped size/type markings only. Do NOT invent readable label text - no brand wordmarks, no batch numbers, no expiry dates. The MyGear card carries the exact name; the picture only has to be unmistakably this kind of thing.","Item type unmistakably matches the register name ; house style holds (dark floor, orange rim glow, item fills ~75%, no text/people/price) ; no invented label text (brand/batch/expiry) anywhere in the image"
514,HELD_TOOLING,WELDLEAD50MM,WELDLEAD50MM.jpg,Welding Lead Extension 50mm2,Welding,52,"Second pass: powered, pneumatic, plant, lifting or model-specific equipment",RENDER_FROM_DESCRIPTION,"THE ITEM: Welding Lead Extension 50mm2. Neatly coiled, both end fittings crossed to the front. Coiled in a neat single loop, connectors/ends crossed to the front so both fittings are visible. THE MARKINGS THAT MUST BE READABLE: 50mm. HOUSE STYLE (identical for every picture): studio product photograph on a near-black charcoal floor and backdrop (#14181F). One warm orange rim light raking in low from the left, a soft white top fill, and a gentle pool of orange glow on the floor under the item. Deep soft shadows, pin-sharp focus, high detail. The item is centred, filling about 75% of a square 800x800 frame. Nothing else in shot: no hands, no people, no props, no added text or watermark, no price, no other brand's logo - only markings the real item carries. LABEL RULE FOR THIS RENDER: show the product FORM and its stamped size/type markings only. Do NOT invent readable label text - no brand wordmarks, no batch numbers, no expiry dates. The MyGear card carries the exact name; the picture only has to be unmistakably this kind of thing.","End fittings visible; lead/hose type reads correctly ; stamped/labelled sizes readable: 50mm ; house style holds (dark floor, orange rim glow, item fills ~75%, no text/people/price) ; no invented label text (brand/batch/expiry) anywhere in the image"
515,HELD_TOOLING,WELDLEAD70MM,WELDLEAD70MM.jpg,Welding Lead Extension 70mm2,Welding,35,"Second pass: powered, pneumatic, plant, lifting or model-specific equipment",RENDER_FROM_DESCRIPTION,"THE ITEM: Welding Lead Extension 70mm2. Neatly coiled, both end fittings crossed to the front. Coiled in a neat single loop, connectors/ends crossed to the front so both fittings are visible. THE MARKINGS THAT MUST BE READABLE: 70mm. HOUSE STYLE (identical for every picture): studio product photograph on a near-black charcoal floor and backdrop (#14181F). One warm orange rim light raking in low from the left, a soft white top fill, and a gentle pool of orange glow on the floor under the item. Deep soft shadows, pin-sharp focus, high detail. The item is centred, filling about 75% of a square 800x800 frame. Nothing else in shot: no hands, no people, no props, no added text or watermark, no price, no other brand's logo - only markings the real item carries. LABEL RULE FOR THIS RENDER: show the product FORM and its stamped size/type markings only. Do NOT invent readable label text - no brand wordmarks, no batch numbers, no expiry dates. The MyGear card carries the exact name; the picture only has to be unmistakably this kind of thing.","End fittings visible; lead/hose type reads correctly ; stamped/labelled sizes readable: 70mm ; house style holds (dark floor, orange rim glow, item fills ~75%, no text/people/price) ; no invented label text (brand/batch/expiry) anywhere in the image"
516,HELD_TOOLING,WELDLEADTAIL,WELDLEADTAIL.jpg,Welding Lead Tail,Welding,14,"Second pass: powered, pneumatic, plant, lifting or model-specific equipment",RENDER_FROM_DESCRIPTION,"THE ITEM: Welding Lead Tail. Neatly coiled, both end fittings crossed to the front. Coiled in a neat single loop, connectors/ends crossed to the front so both fittings are visible. HOUSE STYLE (identical for every picture): studio product photograph on a near-black charcoal floor and backdrop (#14181F). One warm orange rim light raking in low from the left, a soft white top fill, and a gentle pool of orange glow on the floor under the item. Deep soft shadows, pin-sharp focus, high detail. The item is centred, filling about 75% of a square 800x800 frame. Nothing else in shot: no hands, no people, no props, no added text or watermark, no price, no other brand's logo - only markings the real item carries. LABEL RULE FOR THIS RENDER: show the product FORM and its stamped size/type markings only. Do NOT invent readable label text - no brand wordmarks, no batch numbers, no expiry dates. The MyGear card carries the exact name; the picture only has to be unmistakably this kind of thing.","End fittings visible; lead/hose type reads correctly ; house style holds (dark floor, orange rim glow, item fills ~75%, no text/people/price) ; no invented label text (brand/batch/expiry) anywhere in the image"
517,HELD_TOOLING,WELDLPGHOSE,WELDLPGHOSE.jpg,LPG Hose,Welding,1,Gas connection and regulator geometry is safety-relevant,RENDER_FROM_DESCRIPTION,"THE ITEM: LPG Hose. The item at a three-quarter hero angle on the dark floor, working side toward the camera. Three-quarter hero angle from slightly above, the working end toward the camera. HOUSE STYLE (identical for every picture): studio product photograph on a near-black charcoal floor and backdrop (#14181F). One warm orange rim light raking in low from the left, a soft white top fill, and a gentle pool of orange glow on the floor under the item. Deep soft shadows, pin-sharp focus, high detail. The item is centred, filling about 75% of a square 800x800 frame. Nothing else in shot: no hands, no people, no props, no added text or watermark, no price, no other brand's logo - only markings the real item carries. LABEL RULE FOR THIS RENDER: show the product FORM and its stamped size/type markings only. Do NOT invent readable label text - no brand wordmarks, no batch numbers, no expiry dates. The MyGear card carries the exact name; the picture only has to be unmistakably this kind of thing.","Item type unmistakably matches the register name ; house style holds (dark floor, orange rim glow, item fills ~75%, no text/people/price) ; no invented label text (brand/batch/expiry) anywhere in the image"
518,HELD_TOOLING,WELDPIPEWRAP,WELDPIPEWRAP.jpg,Welding - Pipe Wrap,Welding,1,"Second pass: powered, pneumatic, plant, lifting or model-specific equipment",RENDER_FROM_DESCRIPTION,"THE ITEM: Welding - Pipe Wrap. The item at a three-quarter hero angle on the dark floor, working side toward the camera. Three-quarter hero angle from slightly above, the working end toward the camera. HOUSE STYLE (identical for every picture): studio product photograph on a near-black charcoal floor and backdrop (#14181F). One warm orange rim light raking in low from the left, a soft white top fill, and a gentle pool of orange glow on the floor under the item. Deep soft shadows, pin-sharp focus, high detail. The item is centred, filling about 75% of a square 800x800 frame. Nothing else in shot: no hands, no people, no props, no added text or watermark, no price, no other brand's logo - only markings the real item carries. LABEL RULE FOR THIS RENDER: show the product FORM and its stamped size/type markings only. Do NOT invent readable label text - no brand wordmarks, no batch numbers, no expiry dates. The MyGear card carries the exact name; the picture only has to be unmistakably this kind of thing.","Item type unmistakably matches the register name ; house style holds (dark floor, orange rim glow, item fills ~75%, no text/people/price) ; no invented label text (brand/batch/expiry) anywhere in the image"
519,PLANT_AND_TAGGED,WELDTIG220A240V,WELDTIG220A240V.jpg,Welder Tig 220A  Electric,Welding,10,Road 1 real-unit hold,RENDER_FROM_DESCRIPTION,"THE ITEM: Welder Tig 220A  Electric. The welder set at three-quarter angle on the dark floor, control panel angled to the camera, leads coiled once in front. Three-quarter hero angle from slightly above, the working end toward the camera. THE MARKINGS THAT MUST BE READABLE: 220a. HOUSE STYLE (identical for every picture): studio product photograph on a near-black charcoal floor and backdrop (#14181F). One warm orange rim light raking in low from the left, a soft white top fill, and a gentle pool of orange glow on the floor under the item. Deep soft shadows, pin-sharp focus, high detail. The item is centred, filling about 75% of a square 800x800 frame. Nothing else in shot: no hands, no people, no props, no added text or watermark, no price, no other brand's logo - only markings the real item carries. LABEL RULE FOR THIS RENDER: show the product FORM and its stamped size/type markings only. Do NOT invent readable label text - no brand wordmarks, no batch numbers, no expiry dates. The MyGear card carries the exact name; the picture only has to be unmistakably this kind of thing.","Control panel legible; amperage class reads right; diesel units show their frame/tank ; stamped/labelled sizes readable: 220a ; house style holds (dark floor, orange rim glow, item fills ~75%, no text/people/price) ; no invented label text (brand/batch/expiry) anywhere in the image"
520,HELD_TOOLING,WHEELBARROWHD,WHEELBARROWHD.jpg,Wheel Barrow - Heavy Duty,Concrete & Masonry,14,"Second pass: powered, pneumatic, plant, lifting or model-specific equipment",RENDER_FROM_DESCRIPTION,"THE ITEM: Wheel Barrow - Heavy Duty. The item at a three-quarter hero angle on the dark floor, working side toward the camera. Three-quarter hero angle from slightly above, the working end toward the camera. HOUSE STYLE (identical for every picture): studio product photograph on a near-black charcoal floor and backdrop (#14181F). One warm orange rim light raking in low from the left, a soft white top fill, and a gentle pool of orange glow on the floor under the item. Deep soft shadows, pin-sharp focus, high detail. The item is centred, filling about 75% of a square 800x800 frame. Nothing else in shot: no hands, no people, no props, no added text or watermark, no price, no other brand's logo - only markings the real item carries. LABEL RULE FOR THIS RENDER: show the product FORM and its stamped size/type markings only. Do NOT invent readable label text - no brand wordmarks, no batch numbers, no expiry dates. The MyGear card carries the exact name; the picture only has to be unmistakably this kind of thing.","Item type unmistakably matches the register name ; house style holds (dark floor, orange rim glow, item fills ~75%, no text/people/price) ; no invented label text (brand/batch/expiry) anywhere in the image"
521,HELD_TOOLING,WHEELBARROWHEAVYDUTY1217092,WHEELBARROWHEAVYDUTY1217092.jpg,Wheel Barrow - Heavy Duty (1217092),Coates Equipment,1,"Second pass: powered, pneumatic, plant, lifting or model-specific equipment",RENDER_FROM_DESCRIPTION,"THE ITEM: Wheel Barrow - Heavy Duty (1217092). The item at a three-quarter hero angle on the dark floor, working side toward the camera. Three-quarter hero angle from slightly above, the working end toward the camera. HOUSE STYLE (identical for every picture): studio product photograph on a near-black charcoal floor and backdrop (#14181F). One warm orange rim light raking in low from the left, a soft white top fill, and a gentle pool of orange glow on the floor under the item. Deep soft shadows, pin-sharp focus, high detail. The item is centred, filling about 75% of a square 800x800 frame. Nothing else in shot: no hands, no people, no props, no added text or watermark, no price, no other brand's logo - only markings the real item carries. LABEL RULE FOR THIS RENDER: show the product FORM and its stamped size/type markings only. Do NOT invent readable label text - no brand wordmarks, no batch numbers, no expiry dates. The MyGear card carries the exact name; the picture only has to be unmistakably this kind of thing.","Item type unmistakably matches the register name ; house style holds (dark floor, orange rim glow, item fills ~75%, no text/people/price) ; no invented label text (brand/batch/expiry) anywhere in the image"
522,HELD_TOOLING,WIREFEEDLN25,WIREFEEDLN25.jpg,Wire Feeder LN25,Welding,15,"Second pass: powered, pneumatic, plant, lifting or model-specific equipment",RENDER_FROM_DESCRIPTION,"THE ITEM: Wire Feeder LN25. The item at a three-quarter hero angle on the dark floor, working side toward the camera. Three-quarter hero angle from slightly above, the working end toward the camera. HOUSE STYLE (identical for every picture): studio product photograph on a near-black charcoal floor and backdrop (#14181F). One warm orange rim light raking in low from the left, a soft white top fill, and a gentle pool of orange glow on the floor under the item. Deep soft shadows, pin-sharp focus, high detail. The item is centred, filling about 75% of a square 800x800 frame. Nothing else in shot: no hands, no people, no props, no added text or watermark, no price, no other brand's logo - only markings the real item carries. LABEL RULE FOR THIS RENDER: show the product FORM and its stamped size/type markings only. Do NOT invent readable label text - no brand wordmarks, no batch numbers, no expiry dates. The MyGear card carries the exact name; the picture only has to be unmistakably this kind of thing.","Item type unmistakably matches the register name ; house style holds (dark floor, orange rim glow, item fills ~75%, no text/people/price) ; no invented label text (brand/batch/expiry) anywhere in the image"
